filename,class_label,source_file,split,window_idx,window_start_sample
284_2_00000.png,BF007,284_2.mat,train,0,0
284_2_00001.png,BF007,284_2.mat,train,1,1024
284_2_00002.png,BF007,284_2.mat,train,2,2048
284_2_00003.png,BF007,284_2.mat,train,3,3072
284_2_00004.png,BF007,284_2.mat,train,4,4096
284_2_00005.png,BF007,284_2.mat,train,5,5120
284_2_00006.png,BF007,284_2.mat,train,6,6144
284_2_00007.png,BF007,284_2.mat,train,7,7168
284_2_00008.png,BF007,284_2.mat,train,8,8192
284_2_00009.png,BF007,284_2.mat,train,9,9216
284_2_00010.png,BF007,284_2.mat,train,10,10240
284_2_00011.png,BF007,284_2.mat,train,11,11264
284_2_00012.png,BF007,284_2.mat,train,12,12288
284_2_00013.png,BF007,284_2.mat,train,13,13312
284_2_00014.png,BF007,284_2.mat,train,14,14336
284_2_00015.png,BF007,284_2.mat,train,15,15360
284_2_00016.png,BF007,284_2.mat,train,16,16384
284_2_00017.png,BF007,284_2.mat,train,17,17408
284_2_00018.png,BF007,284_2.mat,train,18,18432
284_2_00019.png,BF007,284_2.mat,train,19,19456
284_2_00020.png,BF007,284_2.mat,train,20,20480
284_2_00021.png,BF007,284_2.mat,train,21,21504
284_2_00022.png,BF007,284_2.mat,train,22,22528
284_2_00023.png,BF007,284_2.mat,train,23,23552
284_2_00024.png,BF007,284_2.mat,train,24,24576
284_2_00025.png,BF007,284_2.mat,train,25,25600
284_2_00026.png,BF007,284_2.mat,train,26,26624
284_2_00027.png,BF007,284_2.mat,train,27,27648
284_2_00028.png,BF007,284_2.mat,train,28,28672
284_2_00029.png,BF007,284_2.mat,train,29,29696
284_2_00030.png,BF007,284_2.mat,train,30,30720
284_2_00031.png,BF007,284_2.mat,train,31,31744
284_2_00032.png,BF007,284_2.mat,train,32,32768
284_2_00033.png,BF007,284_2.mat,train,33,33792
284_2_00034.png,BF007,284_2.mat,train,34,34816
284_2_00035.png,BF007,284_2.mat,train,35,35840
284_2_00036.png,BF007,284_2.mat,train,36,36864
284_2_00037.png,BF007,284_2.mat,train,37,37888
284_2_00038.png,BF007,284_2.mat,train,38,38912
284_2_00039.png,BF007,284_2.mat,train,39,39936
284_2_00040.png,BF007,284_2.mat,train,40,40960
284_2_00041.png,BF007,284_2.mat,train,41,41984
284_2_00042.png,BF007,284_2.mat,train,42,43008
284_2_00043.png,BF007,284_2.mat,train,43,44032
284_2_00044.png,BF007,284_2.mat,train,44,45056
284_2_00045.png,BF007,284_2.mat,train,45,46080
284_2_00046.png,BF007,284_2.mat,train,46,47104
284_2_00047.png,BF007,284_2.mat,train,47,48128
284_2_00048.png,BF007,284_2.mat,train,48,49152
284_2_00049.png,BF007,284_2.mat,train,49,50176
284_2_00050.png,BF007,284_2.mat,train,50,51200
284_2_00051.png,BF007,284_2.mat,train,51,52224
284_2_00052.png,BF007,284_2.mat,train,52,53248
284_2_00053.png,BF007,284_2.mat,train,53,54272
284_2_00054.png,BF007,284_2.mat,train,54,55296
284_2_00055.png,BF007,284_2.mat,train,55,56320
284_2_00056.png,BF007,284_2.mat,train,56,57344
284_2_00057.png,BF007,284_2.mat,train,57,58368
284_2_00058.png,BF007,284_2.mat,train,58,59392
284_2_00059.png,BF007,284_2.mat,train,59,60416
284_2_00060.png,BF007,284_2.mat,train,60,61440
284_2_00061.png,BF007,284_2.mat,train,61,62464
284_2_00062.png,BF007,284_2.mat,train,62,63488
284_2_00063.png,BF007,284_2.mat,train,63,64512
284_2_00064.png,BF007,284_2.mat,train,64,65536
284_2_00065.png,BF007,284_2.mat,train,65,66560
284_2_00066.png,BF007,284_2.mat,train,66,67584
284_2_00067.png,BF007,284_2.mat,train,67,68608
284_2_00068.png,BF007,284_2.mat,train,68,69632
284_2_00069.png,BF007,284_2.mat,train,69,70656
284_2_00070.png,BF007,284_2.mat,train,70,71680
284_2_00071.png,BF007,284_2.mat,train,71,72704
284_2_00072.png,BF007,284_2.mat,train,72,73728
284_2_00073.png,BF007,284_2.mat,train,73,74752
284_2_00074.png,BF007,284_2.mat,train,74,75776
284_2_00075.png,BF007,284_2.mat,train,75,76800
284_2_00076.png,BF007,284_2.mat,train,76,77824
284_2_00077.png,BF007,284_2.mat,train,77,78848
284_2_00078.png,BF007,284_2.mat,train,78,79872
284_2_00079.png,BF007,284_2.mat,train,79,80896
284_2_00080.png,BF007,284_2.mat,train,80,81920
284_2_00081.png,BF007,284_2.mat,train,81,82944
284_2_00082.png,BF007,284_2.mat,train,82,83968
284_2_00083.png,BF007,284_2.mat,train,83,84992
284_2_00084.png,BF007,284_2.mat,train,84,86016
284_2_00085.png,BF007,284_2.mat,train,85,87040
284_2_00086.png,BF007,284_2.mat,train,86,88064
284_2_00087.png,BF007,284_2.mat,train,87,89088
284_2_00088.png,BF007,284_2.mat,train,88,90112
284_2_00089.png,BF007,284_2.mat,train,89,91136
284_2_00090.png,BF007,284_2.mat,train,90,92160
284_2_00091.png,BF007,284_2.mat,train,91,93184
284_2_00092.png,BF007,284_2.mat,train,92,94208
284_2_00093.png,BF007,284_2.mat,train,93,95232
284_2_00094.png,BF007,284_2.mat,train,94,96256
284_2_00095.png,BF007,284_2.mat,train,95,97280
284_2_00096.png,BF007,284_2.mat,train,96,98304
284_2_00097.png,BF007,284_2.mat,train,97,99328
284_2_00098.png,BF007,284_2.mat,train,98,100352
284_2_00099.png,BF007,284_2.mat,train,99,101376
284_2_00100.png,BF007,284_2.mat,train,100,102400
284_2_00101.png,BF007,284_2.mat,train,101,103424
284_2_00102.png,BF007,284_2.mat,train,102,104448
284_2_00103.png,BF007,284_2.mat,train,103,105472
284_2_00104.png,BF007,284_2.mat,train,104,106496
284_2_00105.png,BF007,284_2.mat,train,105,107520
284_2_00106.png,BF007,284_2.mat,train,106,108544
284_2_00107.png,BF007,284_2.mat,train,107,109568
284_2_00108.png,BF007,284_2.mat,train,108,110592
284_2_00109.png,BF007,284_2.mat,train,109,111616
284_2_00110.png,BF007,284_2.mat,train,110,112640
284_2_00111.png,BF007,284_2.mat,train,111,113664
284_2_00112.png,BF007,284_2.mat,train,112,114688
284_2_00113.png,BF007,284_2.mat,train,113,115712
284_2_00114.png,BF007,284_2.mat,train,114,116736
284_2_00115.png,BF007,284_2.mat,train,115,117760
284_2_00116.png,BF007,284_2.mat,train,116,118784
283_1_00000.png,BF007,283_1.mat,train,0,0
283_1_00001.png,BF007,283_1.mat,train,1,1024
283_1_00002.png,BF007,283_1.mat,train,2,2048
283_1_00003.png,BF007,283_1.mat,train,3,3072
283_1_00004.png,BF007,283_1.mat,train,4,4096
283_1_00005.png,BF007,283_1.mat,train,5,5120
283_1_00006.png,BF007,283_1.mat,train,6,6144
283_1_00007.png,BF007,283_1.mat,train,7,7168
283_1_00008.png,BF007,283_1.mat,train,8,8192
283_1_00009.png,BF007,283_1.mat,train,9,9216
283_1_00010.png,BF007,283_1.mat,train,10,10240
283_1_00011.png,BF007,283_1.mat,train,11,11264
283_1_00012.png,BF007,283_1.mat,train,12,12288
283_1_00013.png,BF007,283_1.mat,train,13,13312
283_1_00014.png,BF007,283_1.mat,train,14,14336
283_1_00015.png,BF007,283_1.mat,train,15,15360
283_1_00016.png,BF007,283_1.mat,train,16,16384
283_1_00017.png,BF007,283_1.mat,train,17,17408
283_1_00018.png,BF007,283_1.mat,train,18,18432
283_1_00019.png,BF007,283_1.mat,train,19,19456
283_1_00020.png,BF007,283_1.mat,train,20,20480
283_1_00021.png,BF007,283_1.mat,train,21,21504
283_1_00022.png,BF007,283_1.mat,train,22,22528
283_1_00023.png,BF007,283_1.mat,train,23,23552
283_1_00024.png,BF007,283_1.mat,train,24,24576
283_1_00025.png,BF007,283_1.mat,train,25,25600
283_1_00026.png,BF007,283_1.mat,train,26,26624
283_1_00027.png,BF007,283_1.mat,train,27,27648
283_1_00028.png,BF007,283_1.mat,train,28,28672
283_1_00029.png,BF007,283_1.mat,train,29,29696
283_1_00030.png,BF007,283_1.mat,train,30,30720
283_1_00031.png,BF007,283_1.mat,train,31,31744
283_1_00032.png,BF007,283_1.mat,train,32,32768
283_1_00033.png,BF007,283_1.mat,train,33,33792
283_1_00034.png,BF007,283_1.mat,train,34,34816
283_1_00035.png,BF007,283_1.mat,train,35,35840
283_1_00036.png,BF007,283_1.mat,train,36,36864
283_1_00037.png,BF007,283_1.mat,train,37,37888
283_1_00038.png,BF007,283_1.mat,train,38,38912
283_1_00039.png,BF007,283_1.mat,train,39,39936
283_1_00040.png,BF007,283_1.mat,train,40,40960
283_1_00041.png,BF007,283_1.mat,train,41,41984
283_1_00042.png,BF007,283_1.mat,train,42,43008
283_1_00043.png,BF007,283_1.mat,train,43,44032
283_1_00044.png,BF007,283_1.mat,train,44,45056
283_1_00045.png,BF007,283_1.mat,train,45,46080
283_1_00046.png,BF007,283_1.mat,train,46,47104
283_1_00047.png,BF007,283_1.mat,train,47,48128
283_1_00048.png,BF007,283_1.mat,train,48,49152
283_1_00049.png,BF007,283_1.mat,train,49,50176
283_1_00050.png,BF007,283_1.mat,train,50,51200
283_1_00051.png,BF007,283_1.mat,train,51,52224
283_1_00052.png,BF007,283_1.mat,train,52,53248
283_1_00053.png,BF007,283_1.mat,train,53,54272
283_1_00054.png,BF007,283_1.mat,train,54,55296
283_1_00055.png,BF007,283_1.mat,train,55,56320
283_1_00056.png,BF007,283_1.mat,train,56,57344
283_1_00057.png,BF007,283_1.mat,train,57,58368
283_1_00058.png,BF007,283_1.mat,train,58,59392
283_1_00059.png,BF007,283_1.mat,train,59,60416
283_1_00060.png,BF007,283_1.mat,train,60,61440
283_1_00061.png,BF007,283_1.mat,train,61,62464
283_1_00062.png,BF007,283_1.mat,train,62,63488
283_1_00063.png,BF007,283_1.mat,train,63,64512
283_1_00064.png,BF007,283_1.mat,train,64,65536
283_1_00065.png,BF007,283_1.mat,train,65,66560
283_1_00066.png,BF007,283_1.mat,train,66,67584
283_1_00067.png,BF007,283_1.mat,train,67,68608
283_1_00068.png,BF007,283_1.mat,train,68,69632
283_1_00069.png,BF007,283_1.mat,train,69,70656
283_1_00070.png,BF007,283_1.mat,train,70,71680
283_1_00071.png,BF007,283_1.mat,train,71,72704
283_1_00072.png,BF007,283_1.mat,train,72,73728
283_1_00073.png,BF007,283_1.mat,train,73,74752
283_1_00074.png,BF007,283_1.mat,train,74,75776
283_1_00075.png,BF007,283_1.mat,train,75,76800
283_1_00076.png,BF007,283_1.mat,train,76,77824
283_1_00077.png,BF007,283_1.mat,train,77,78848
283_1_00078.png,BF007,283_1.mat,train,78,79872
283_1_00079.png,BF007,283_1.mat,train,79,80896
283_1_00080.png,BF007,283_1.mat,train,80,81920
283_1_00081.png,BF007,283_1.mat,train,81,82944
283_1_00082.png,BF007,283_1.mat,train,82,83968
283_1_00083.png,BF007,283_1.mat,train,83,84992
283_1_00084.png,BF007,283_1.mat,train,84,86016
283_1_00085.png,BF007,283_1.mat,train,85,87040
283_1_00086.png,BF007,283_1.mat,train,86,88064
283_1_00087.png,BF007,283_1.mat,train,87,89088
283_1_00088.png,BF007,283_1.mat,train,88,90112
283_1_00089.png,BF007,283_1.mat,train,89,91136
283_1_00090.png,BF007,283_1.mat,train,90,92160
283_1_00091.png,BF007,283_1.mat,train,91,93184
283_1_00092.png,BF007,283_1.mat,train,92,94208
283_1_00093.png,BF007,283_1.mat,train,93,95232
283_1_00094.png,BF007,283_1.mat,train,94,96256
283_1_00095.png,BF007,283_1.mat,train,95,97280
283_1_00096.png,BF007,283_1.mat,train,96,98304
283_1_00097.png,BF007,283_1.mat,train,97,99328
283_1_00098.png,BF007,283_1.mat,train,98,100352
283_1_00099.png,BF007,283_1.mat,train,99,101376
283_1_00100.png,BF007,283_1.mat,train,100,102400
283_1_00101.png,BF007,283_1.mat,train,101,103424
283_1_00102.png,BF007,283_1.mat,train,102,104448
283_1_00103.png,BF007,283_1.mat,train,103,105472
283_1_00104.png,BF007,283_1.mat,train,104,106496
283_1_00105.png,BF007,283_1.mat,train,105,107520
283_1_00106.png,BF007,283_1.mat,train,106,108544
283_1_00107.png,BF007,283_1.mat,train,107,109568
283_1_00108.png,BF007,283_1.mat,train,108,110592
283_1_00109.png,BF007,283_1.mat,train,109,111616
283_1_00110.png,BF007,283_1.mat,train,110,112640
283_1_00111.png,BF007,283_1.mat,train,111,113664
283_1_00112.png,BF007,283_1.mat,train,112,114688
283_1_00113.png,BF007,283_1.mat,train,113,115712
283_1_00114.png,BF007,283_1.mat,train,114,116736
283_1_00115.png,BF007,283_1.mat,train,115,117760
289_3_00000.png,BF014,289_3.mat,train,0,0
289_3_00001.png,BF014,289_3.mat,train,1,1024
289_3_00002.png,BF014,289_3.mat,train,2,2048
289_3_00003.png,BF014,289_3.mat,train,3,3072
289_3_00004.png,BF014,289_3.mat,train,4,4096
289_3_00005.png,BF014,289_3.mat,train,5,5120
289_3_00006.png,BF014,289_3.mat,train,6,6144
289_3_00007.png,BF014,289_3.mat,train,7,7168
289_3_00008.png,BF014,289_3.mat,train,8,8192
289_3_00009.png,BF014,289_3.mat,train,9,9216
289_3_00010.png,BF014,289_3.mat,train,10,10240
289_3_00011.png,BF014,289_3.mat,train,11,11264
289_3_00012.png,BF014,289_3.mat,train,12,12288
289_3_00013.png,BF014,289_3.mat,train,13,13312
289_3_00014.png,BF014,289_3.mat,train,14,14336
289_3_00015.png,BF014,289_3.mat,train,15,15360
289_3_00016.png,BF014,289_3.mat,train,16,16384
289_3_00017.png,BF014,289_3.mat,train,17,17408
289_3_00018.png,BF014,289_3.mat,train,18,18432
289_3_00019.png,BF014,289_3.mat,train,19,19456
289_3_00020.png,BF014,289_3.mat,train,20,20480
289_3_00021.png,BF014,289_3.mat,train,21,21504
289_3_00022.png,BF014,289_3.mat,train,22,22528
289_3_00023.png,BF014,289_3.mat,train,23,23552
289_3_00024.png,BF014,289_3.mat,train,24,24576
289_3_00025.png,BF014,289_3.mat,train,25,25600
289_3_00026.png,BF014,289_3.mat,train,26,26624
289_3_00027.png,BF014,289_3.mat,train,27,27648
289_3_00028.png,BF014,289_3.mat,train,28,28672
289_3_00029.png,BF014,289_3.mat,train,29,29696
289_3_00030.png,BF014,289_3.mat,train,30,30720
289_3_00031.png,BF014,289_3.mat,train,31,31744
289_3_00032.png,BF014,289_3.mat,train,32,32768
289_3_00033.png,BF014,289_3.mat,train,33,33792
289_3_00034.png,BF014,289_3.mat,train,34,34816
289_3_00035.png,BF014,289_3.mat,train,35,35840
289_3_00036.png,BF014,289_3.mat,train,36,36864
289_3_00037.png,BF014,289_3.mat,train,37,37888
289_3_00038.png,BF014,289_3.mat,train,38,38912
289_3_00039.png,BF014,289_3.mat,train,39,39936
289_3_00040.png,BF014,289_3.mat,train,40,40960
289_3_00041.png,BF014,289_3.mat,train,41,41984
289_3_00042.png,BF014,289_3.mat,train,42,43008
289_3_00043.png,BF014,289_3.mat,train,43,44032
289_3_00044.png,BF014,289_3.mat,train,44,45056
289_3_00045.png,BF014,289_3.mat,train,45,46080
289_3_00046.png,BF014,289_3.mat,train,46,47104
289_3_00047.png,BF014,289_3.mat,train,47,48128
289_3_00048.png,BF014,289_3.mat,train,48,49152
289_3_00049.png,BF014,289_3.mat,train,49,50176
289_3_00050.png,BF014,289_3.mat,train,50,51200
289_3_00051.png,BF014,289_3.mat,train,51,52224
289_3_00052.png,BF014,289_3.mat,train,52,53248
289_3_00053.png,BF014,289_3.mat,train,53,54272
289_3_00054.png,BF014,289_3.mat,train,54,55296
289_3_00055.png,BF014,289_3.mat,train,55,56320
289_3_00056.png,BF014,289_3.mat,train,56,57344
289_3_00057.png,BF014,289_3.mat,train,57,58368
289_3_00058.png,BF014,289_3.mat,train,58,59392
289_3_00059.png,BF014,289_3.mat,train,59,60416
289_3_00060.png,BF014,289_3.mat,train,60,61440
289_3_00061.png,BF014,289_3.mat,train,61,62464
289_3_00062.png,BF014,289_3.mat,train,62,63488
289_3_00063.png,BF014,289_3.mat,train,63,64512
289_3_00064.png,BF014,289_3.mat,train,64,65536
289_3_00065.png,BF014,289_3.mat,train,65,66560
289_3_00066.png,BF014,289_3.mat,train,66,67584
289_3_00067.png,BF014,289_3.mat,train,67,68608
289_3_00068.png,BF014,289_3.mat,train,68,69632
289_3_00069.png,BF014,289_3.mat,train,69,70656
289_3_00070.png,BF014,289_3.mat,train,70,71680
289_3_00071.png,BF014,289_3.mat,train,71,72704
289_3_00072.png,BF014,289_3.mat,train,72,73728
289_3_00073.png,BF014,289_3.mat,train,73,74752
289_3_00074.png,BF014,289_3.mat,train,74,75776
289_3_00075.png,BF014,289_3.mat,train,75,76800
289_3_00076.png,BF014,289_3.mat,train,76,77824
289_3_00077.png,BF014,289_3.mat,train,77,78848
289_3_00078.png,BF014,289_3.mat,train,78,79872
289_3_00079.png,BF014,289_3.mat,train,79,80896
289_3_00080.png,BF014,289_3.mat,train,80,81920
289_3_00081.png,BF014,289_3.mat,train,81,82944
289_3_00082.png,BF014,289_3.mat,train,82,83968
289_3_00083.png,BF014,289_3.mat,train,83,84992
289_3_00084.png,BF014,289_3.mat,train,84,86016
289_3_00085.png,BF014,289_3.mat,train,85,87040
289_3_00086.png,BF014,289_3.mat,train,86,88064
289_3_00087.png,BF014,289_3.mat,train,87,89088
289_3_00088.png,BF014,289_3.mat,train,88,90112
289_3_00089.png,BF014,289_3.mat,train,89,91136
289_3_00090.png,BF014,289_3.mat,train,90,92160
289_3_00091.png,BF014,289_3.mat,train,91,93184
289_3_00092.png,BF014,289_3.mat,train,92,94208
289_3_00093.png,BF014,289_3.mat,train,93,95232
289_3_00094.png,BF014,289_3.mat,train,94,96256
289_3_00095.png,BF014,289_3.mat,train,95,97280
289_3_00096.png,BF014,289_3.mat,train,96,98304
289_3_00097.png,BF014,289_3.mat,train,97,99328
289_3_00098.png,BF014,289_3.mat,train,98,100352
289_3_00099.png,BF014,289_3.mat,train,99,101376
289_3_00100.png,BF014,289_3.mat,train,100,102400
289_3_00101.png,BF014,289_3.mat,train,101,103424
289_3_00102.png,BF014,289_3.mat,train,102,104448
289_3_00103.png,BF014,289_3.mat,train,103,105472
289_3_00104.png,BF014,289_3.mat,train,104,106496
289_3_00105.png,BF014,289_3.mat,train,105,107520
289_3_00106.png,BF014,289_3.mat,train,106,108544
289_3_00107.png,BF014,289_3.mat,train,107,109568
289_3_00108.png,BF014,289_3.mat,train,108,110592
289_3_00109.png,BF014,289_3.mat,train,109,111616
289_3_00110.png,BF014,289_3.mat,train,110,112640
289_3_00111.png,BF014,289_3.mat,train,111,113664
289_3_00112.png,BF014,289_3.mat,train,112,114688
289_3_00113.png,BF014,289_3.mat,train,113,115712
289_3_00114.png,BF014,289_3.mat,train,114,116736
289_3_00115.png,BF014,289_3.mat,train,115,117760
289_3_00116.png,BF014,289_3.mat,train,116,118784
288_2_00000.png,BF014,288_2.mat,train,0,0
288_2_00001.png,BF014,288_2.mat,train,1,1024
288_2_00002.png,BF014,288_2.mat,train,2,2048
288_2_00003.png,BF014,288_2.mat,train,3,3072
288_2_00004.png,BF014,288_2.mat,train,4,4096
288_2_00005.png,BF014,288_2.mat,train,5,5120
288_2_00006.png,BF014,288_2.mat,train,6,6144
288_2_00007.png,BF014,288_2.mat,train,7,7168
288_2_00008.png,BF014,288_2.mat,train,8,8192
288_2_00009.png,BF014,288_2.mat,train,9,9216
288_2_00010.png,BF014,288_2.mat,train,10,10240
288_2_00011.png,BF014,288_2.mat,train,11,11264
288_2_00012.png,BF014,288_2.mat,train,12,12288
288_2_00013.png,BF014,288_2.mat,train,13,13312
288_2_00014.png,BF014,288_2.mat,train,14,14336
288_2_00015.png,BF014,288_2.mat,train,15,15360
288_2_00016.png,BF014,288_2.mat,train,16,16384
288_2_00017.png,BF014,288_2.mat,train,17,17408
288_2_00018.png,BF014,288_2.mat,train,18,18432
288_2_00019.png,BF014,288_2.mat,train,19,19456
288_2_00020.png,BF014,288_2.mat,train,20,20480
288_2_00021.png,BF014,288_2.mat,train,21,21504
288_2_00022.png,BF014,288_2.mat,train,22,22528
288_2_00023.png,BF014,288_2.mat,train,23,23552
288_2_00024.png,BF014,288_2.mat,train,24,24576
288_2_00025.png,BF014,288_2.mat,train,25,25600
288_2_00026.png,BF014,288_2.mat,train,26,26624
288_2_00027.png,BF014,288_2.mat,train,27,27648
288_2_00028.png,BF014,288_2.mat,train,28,28672
288_2_00029.png,BF014,288_2.mat,train,29,29696
288_2_00030.png,BF014,288_2.mat,train,30,30720
288_2_00031.png,BF014,288_2.mat,train,31,31744
288_2_00032.png,BF014,288_2.mat,train,32,32768
288_2_00033.png,BF014,288_2.mat,train,33,33792
288_2_00034.png,BF014,288_2.mat,train,34,34816
288_2_00035.png,BF014,288_2.mat,train,35,35840
288_2_00036.png,BF014,288_2.mat,train,36,36864
288_2_00037.png,BF014,288_2.mat,train,37,37888
288_2_00038.png,BF014,288_2.mat,train,38,38912
288_2_00039.png,BF014,288_2.mat,train,39,39936
288_2_00040.png,BF014,288_2.mat,train,40,40960
288_2_00041.png,BF014,288_2.mat,train,41,41984
288_2_00042.png,BF014,288_2.mat,train,42,43008
288_2_00043.png,BF014,288_2.mat,train,43,44032
288_2_00044.png,BF014,288_2.mat,train,44,45056
288_2_00045.png,BF014,288_2.mat,train,45,46080
288_2_00046.png,BF014,288_2.mat,train,46,47104
288_2_00047.png,BF014,288_2.mat,train,47,48128
288_2_00048.png,BF014,288_2.mat,train,48,49152
288_2_00049.png,BF014,288_2.mat,train,49,50176
288_2_00050.png,BF014,288_2.mat,train,50,51200
288_2_00051.png,BF014,288_2.mat,train,51,52224
288_2_00052.png,BF014,288_2.mat,train,52,53248
288_2_00053.png,BF014,288_2.mat,train,53,54272
288_2_00054.png,BF014,288_2.mat,train,54,55296
288_2_00055.png,BF014,288_2.mat,train,55,56320
288_2_00056.png,BF014,288_2.mat,train,56,57344
288_2_00057.png,BF014,288_2.mat,train,57,58368
288_2_00058.png,BF014,288_2.mat,train,58,59392
288_2_00059.png,BF014,288_2.mat,train,59,60416
288_2_00060.png,BF014,288_2.mat,train,60,61440
288_2_00061.png,BF014,288_2.mat,train,61,62464
288_2_00062.png,BF014,288_2.mat,train,62,63488
288_2_00063.png,BF014,288_2.mat,train,63,64512
288_2_00064.png,BF014,288_2.mat,train,64,65536
288_2_00065.png,BF014,288_2.mat,train,65,66560
288_2_00066.png,BF014,288_2.mat,train,66,67584
288_2_00067.png,BF014,288_2.mat,train,67,68608
288_2_00068.png,BF014,288_2.mat,train,68,69632
288_2_00069.png,BF014,288_2.mat,train,69,70656
288_2_00070.png,BF014,288_2.mat,train,70,71680
288_2_00071.png,BF014,288_2.mat,train,71,72704
288_2_00072.png,BF014,288_2.mat,train,72,73728
288_2_00073.png,BF014,288_2.mat,train,73,74752
288_2_00074.png,BF014,288_2.mat,train,74,75776
288_2_00075.png,BF014,288_2.mat,train,75,76800
288_2_00076.png,BF014,288_2.mat,train,76,77824
288_2_00077.png,BF014,288_2.mat,train,77,78848
288_2_00078.png,BF014,288_2.mat,train,78,79872
288_2_00079.png,BF014,288_2.mat,train,79,80896
288_2_00080.png,BF014,288_2.mat,train,80,81920
288_2_00081.png,BF014,288_2.mat,train,81,82944
288_2_00082.png,BF014,288_2.mat,train,82,83968
288_2_00083.png,BF014,288_2.mat,train,83,84992
288_2_00084.png,BF014,288_2.mat,train,84,86016
288_2_00085.png,BF014,288_2.mat,train,85,87040
288_2_00086.png,BF014,288_2.mat,train,86,88064
288_2_00087.png,BF014,288_2.mat,train,87,89088
288_2_00088.png,BF014,288_2.mat,train,88,90112
288_2_00089.png,BF014,288_2.mat,train,89,91136
288_2_00090.png,BF014,288_2.mat,train,90,92160
288_2_00091.png,BF014,288_2.mat,train,91,93184
288_2_00092.png,BF014,288_2.mat,train,92,94208
288_2_00093.png,BF014,288_2.mat,train,93,95232
288_2_00094.png,BF014,288_2.mat,train,94,96256
288_2_00095.png,BF014,288_2.mat,train,95,97280
288_2_00096.png,BF014,288_2.mat,train,96,98304
288_2_00097.png,BF014,288_2.mat,train,97,99328
288_2_00098.png,BF014,288_2.mat,train,98,100352
288_2_00099.png,BF014,288_2.mat,train,99,101376
288_2_00100.png,BF014,288_2.mat,train,100,102400
288_2_00101.png,BF014,288_2.mat,train,101,103424
288_2_00102.png,BF014,288_2.mat,train,102,104448
288_2_00103.png,BF014,288_2.mat,train,103,105472
288_2_00104.png,BF014,288_2.mat,train,104,106496
288_2_00105.png,BF014,288_2.mat,train,105,107520
288_2_00106.png,BF014,288_2.mat,train,106,108544
288_2_00107.png,BF014,288_2.mat,train,107,109568
288_2_00108.png,BF014,288_2.mat,train,108,110592
288_2_00109.png,BF014,288_2.mat,train,109,111616
288_2_00110.png,BF014,288_2.mat,train,110,112640
288_2_00111.png,BF014,288_2.mat,train,111,113664
288_2_00112.png,BF014,288_2.mat,train,112,114688
288_2_00113.png,BF014,288_2.mat,train,113,115712
288_2_00114.png,BF014,288_2.mat,train,114,116736
288_2_00115.png,BF014,288_2.mat,train,115,117760
288_2_00116.png,BF014,288_2.mat,train,116,118784
288_2_00117.png,BF014,288_2.mat,train,117,119808
291_1_00000.png,BF021,291_1.mat,train,0,0
291_1_00001.png,BF021,291_1.mat,train,1,1024
291_1_00002.png,BF021,291_1.mat,train,2,2048
291_1_00003.png,BF021,291_1.mat,train,3,3072
291_1_00004.png,BF021,291_1.mat,train,4,4096
291_1_00005.png,BF021,291_1.mat,train,5,5120
291_1_00006.png,BF021,291_1.mat,train,6,6144
291_1_00007.png,BF021,291_1.mat,train,7,7168
291_1_00008.png,BF021,291_1.mat,train,8,8192
291_1_00009.png,BF021,291_1.mat,train,9,9216
291_1_00010.png,BF021,291_1.mat,train,10,10240
291_1_00011.png,BF021,291_1.mat,train,11,11264
291_1_00012.png,BF021,291_1.mat,train,12,12288
291_1_00013.png,BF021,291_1.mat,train,13,13312
291_1_00014.png,BF021,291_1.mat,train,14,14336
291_1_00015.png,BF021,291_1.mat,train,15,15360
291_1_00016.png,BF021,291_1.mat,train,16,16384
291_1_00017.png,BF021,291_1.mat,train,17,17408
291_1_00018.png,BF021,291_1.mat,train,18,18432
291_1_00019.png,BF021,291_1.mat,train,19,19456
291_1_00020.png,BF021,291_1.mat,train,20,20480
291_1_00021.png,BF021,291_1.mat,train,21,21504
291_1_00022.png,BF021,291_1.mat,train,22,22528
291_1_00023.png,BF021,291_1.mat,train,23,23552
291_1_00024.png,BF021,291_1.mat,train,24,24576
291_1_00025.png,BF021,291_1.mat,train,25,25600
291_1_00026.png,BF021,291_1.mat,train,26,26624
291_1_00027.png,BF021,291_1.mat,train,27,27648
291_1_00028.png,BF021,291_1.mat,train,28,28672
291_1_00029.png,BF021,291_1.mat,train,29,29696
291_1_00030.png,BF021,291_1.mat,train,30,30720
291_1_00031.png,BF021,291_1.mat,train,31,31744
291_1_00032.png,BF021,291_1.mat,train,32,32768
291_1_00033.png,BF021,291_1.mat,train,33,33792
291_1_00034.png,BF021,291_1.mat,train,34,34816
291_1_00035.png,BF021,291_1.mat,train,35,35840
291_1_00036.png,BF021,291_1.mat,train,36,36864
291_1_00037.png,BF021,291_1.mat,train,37,37888
291_1_00038.png,BF021,291_1.mat,train,38,38912
291_1_00039.png,BF021,291_1.mat,train,39,39936
291_1_00040.png,BF021,291_1.mat,train,40,40960
291_1_00041.png,BF021,291_1.mat,train,41,41984
291_1_00042.png,BF021,291_1.mat,train,42,43008
291_1_00043.png,BF021,291_1.mat,train,43,44032
291_1_00044.png,BF021,291_1.mat,train,44,45056
291_1_00045.png,BF021,291_1.mat,train,45,46080
291_1_00046.png,BF021,291_1.mat,train,46,47104
291_1_00047.png,BF021,291_1.mat,train,47,48128
291_1_00048.png,BF021,291_1.mat,train,48,49152
291_1_00049.png,BF021,291_1.mat,train,49,50176
291_1_00050.png,BF021,291_1.mat,train,50,51200
291_1_00051.png,BF021,291_1.mat,train,51,52224
291_1_00052.png,BF021,291_1.mat,train,52,53248
291_1_00053.png,BF021,291_1.mat,train,53,54272
291_1_00054.png,BF021,291_1.mat,train,54,55296
291_1_00055.png,BF021,291_1.mat,train,55,56320
291_1_00056.png,BF021,291_1.mat,train,56,57344
291_1_00057.png,BF021,291_1.mat,train,57,58368
291_1_00058.png,BF021,291_1.mat,train,58,59392
291_1_00059.png,BF021,291_1.mat,train,59,60416
291_1_00060.png,BF021,291_1.mat,train,60,61440
291_1_00061.png,BF021,291_1.mat,train,61,62464
291_1_00062.png,BF021,291_1.mat,train,62,63488
291_1_00063.png,BF021,291_1.mat,train,63,64512
291_1_00064.png,BF021,291_1.mat,train,64,65536
291_1_00065.png,BF021,291_1.mat,train,65,66560
291_1_00066.png,BF021,291_1.mat,train,66,67584
291_1_00067.png,BF021,291_1.mat,train,67,68608
291_1_00068.png,BF021,291_1.mat,train,68,69632
291_1_00069.png,BF021,291_1.mat,train,69,70656
291_1_00070.png,BF021,291_1.mat,train,70,71680
291_1_00071.png,BF021,291_1.mat,train,71,72704
291_1_00072.png,BF021,291_1.mat,train,72,73728
291_1_00073.png,BF021,291_1.mat,train,73,74752
291_1_00074.png,BF021,291_1.mat,train,74,75776
291_1_00075.png,BF021,291_1.mat,train,75,76800
291_1_00076.png,BF021,291_1.mat,train,76,77824
291_1_00077.png,BF021,291_1.mat,train,77,78848
291_1_00078.png,BF021,291_1.mat,train,78,79872
291_1_00079.png,BF021,291_1.mat,train,79,80896
291_1_00080.png,BF021,291_1.mat,train,80,81920
291_1_00081.png,BF021,291_1.mat,train,81,82944
291_1_00082.png,BF021,291_1.mat,train,82,83968
291_1_00083.png,BF021,291_1.mat,train,83,84992
291_1_00084.png,BF021,291_1.mat,train,84,86016
291_1_00085.png,BF021,291_1.mat,train,85,87040
291_1_00086.png,BF021,291_1.mat,train,86,88064
291_1_00087.png,BF021,291_1.mat,train,87,89088
291_1_00088.png,BF021,291_1.mat,train,88,90112
291_1_00089.png,BF021,291_1.mat,train,89,91136
291_1_00090.png,BF021,291_1.mat,train,90,92160
291_1_00091.png,BF021,291_1.mat,train,91,93184
291_1_00092.png,BF021,291_1.mat,train,92,94208
291_1_00093.png,BF021,291_1.mat,train,93,95232
291_1_00094.png,BF021,291_1.mat,train,94,96256
291_1_00095.png,BF021,291_1.mat,train,95,97280
291_1_00096.png,BF021,291_1.mat,train,96,98304
291_1_00097.png,BF021,291_1.mat,train,97,99328
291_1_00098.png,BF021,291_1.mat,train,98,100352
291_1_00099.png,BF021,291_1.mat,train,99,101376
291_1_00100.png,BF021,291_1.mat,train,100,102400
291_1_00101.png,BF021,291_1.mat,train,101,103424
291_1_00102.png,BF021,291_1.mat,train,102,104448
291_1_00103.png,BF021,291_1.mat,train,103,105472
291_1_00104.png,BF021,291_1.mat,train,104,106496
291_1_00105.png,BF021,291_1.mat,train,105,107520
291_1_00106.png,BF021,291_1.mat,train,106,108544
291_1_00107.png,BF021,291_1.mat,train,107,109568
291_1_00108.png,BF021,291_1.mat,train,108,110592
291_1_00109.png,BF021,291_1.mat,train,109,111616
291_1_00110.png,BF021,291_1.mat,train,110,112640
291_1_00111.png,BF021,291_1.mat,train,111,113664
291_1_00112.png,BF021,291_1.mat,train,112,114688
291_1_00113.png,BF021,291_1.mat,train,113,115712
291_1_00114.png,BF021,291_1.mat,train,114,116736
291_1_00115.png,BF021,291_1.mat,train,115,117760
291_1_00116.png,BF021,291_1.mat,train,116,118784
293_3_00000.png,BF021,293_3.mat,train,0,0
293_3_00001.png,BF021,293_3.mat,train,1,1024
293_3_00002.png,BF021,293_3.mat,train,2,2048
293_3_00003.png,BF021,293_3.mat,train,3,3072
293_3_00004.png,BF021,293_3.mat,train,4,4096
293_3_00005.png,BF021,293_3.mat,train,5,5120
293_3_00006.png,BF021,293_3.mat,train,6,6144
293_3_00007.png,BF021,293_3.mat,train,7,7168
293_3_00008.png,BF021,293_3.mat,train,8,8192
293_3_00009.png,BF021,293_3.mat,train,9,9216
293_3_00010.png,BF021,293_3.mat,train,10,10240
293_3_00011.png,BF021,293_3.mat,train,11,11264
293_3_00012.png,BF021,293_3.mat,train,12,12288
293_3_00013.png,BF021,293_3.mat,train,13,13312
293_3_00014.png,BF021,293_3.mat,train,14,14336
293_3_00015.png,BF021,293_3.mat,train,15,15360
293_3_00016.png,BF021,293_3.mat,train,16,16384
293_3_00017.png,BF021,293_3.mat,train,17,17408
293_3_00018.png,BF021,293_3.mat,train,18,18432
293_3_00019.png,BF021,293_3.mat,train,19,19456
293_3_00020.png,BF021,293_3.mat,train,20,20480
293_3_00021.png,BF021,293_3.mat,train,21,21504
293_3_00022.png,BF021,293_3.mat,train,22,22528
293_3_00023.png,BF021,293_3.mat,train,23,23552
293_3_00024.png,BF021,293_3.mat,train,24,24576
293_3_00025.png,BF021,293_3.mat,train,25,25600
293_3_00026.png,BF021,293_3.mat,train,26,26624
293_3_00027.png,BF021,293_3.mat,train,27,27648
293_3_00028.png,BF021,293_3.mat,train,28,28672
293_3_00029.png,BF021,293_3.mat,train,29,29696
293_3_00030.png,BF021,293_3.mat,train,30,30720
293_3_00031.png,BF021,293_3.mat,train,31,31744
293_3_00032.png,BF021,293_3.mat,train,32,32768
293_3_00033.png,BF021,293_3.mat,train,33,33792
293_3_00034.png,BF021,293_3.mat,train,34,34816
293_3_00035.png,BF021,293_3.mat,train,35,35840
293_3_00036.png,BF021,293_3.mat,train,36,36864
293_3_00037.png,BF021,293_3.mat,train,37,37888
293_3_00038.png,BF021,293_3.mat,train,38,38912
293_3_00039.png,BF021,293_3.mat,train,39,39936
293_3_00040.png,BF021,293_3.mat,train,40,40960
293_3_00041.png,BF021,293_3.mat,train,41,41984
293_3_00042.png,BF021,293_3.mat,train,42,43008
293_3_00043.png,BF021,293_3.mat,train,43,44032
293_3_00044.png,BF021,293_3.mat,train,44,45056
293_3_00045.png,BF021,293_3.mat,train,45,46080
293_3_00046.png,BF021,293_3.mat,train,46,47104
293_3_00047.png,BF021,293_3.mat,train,47,48128
293_3_00048.png,BF021,293_3.mat,train,48,49152
293_3_00049.png,BF021,293_3.mat,train,49,50176
293_3_00050.png,BF021,293_3.mat,train,50,51200
293_3_00051.png,BF021,293_3.mat,train,51,52224
293_3_00052.png,BF021,293_3.mat,train,52,53248
293_3_00053.png,BF021,293_3.mat,train,53,54272
293_3_00054.png,BF021,293_3.mat,train,54,55296
293_3_00055.png,BF021,293_3.mat,train,55,56320
293_3_00056.png,BF021,293_3.mat,train,56,57344
293_3_00057.png,BF021,293_3.mat,train,57,58368
293_3_00058.png,BF021,293_3.mat,train,58,59392
293_3_00059.png,BF021,293_3.mat,train,59,60416
293_3_00060.png,BF021,293_3.mat,train,60,61440
293_3_00061.png,BF021,293_3.mat,train,61,62464
293_3_00062.png,BF021,293_3.mat,train,62,63488
293_3_00063.png,BF021,293_3.mat,train,63,64512
293_3_00064.png,BF021,293_3.mat,train,64,65536
293_3_00065.png,BF021,293_3.mat,train,65,66560
293_3_00066.png,BF021,293_3.mat,train,66,67584
293_3_00067.png,BF021,293_3.mat,train,67,68608
293_3_00068.png,BF021,293_3.mat,train,68,69632
293_3_00069.png,BF021,293_3.mat,train,69,70656
293_3_00070.png,BF021,293_3.mat,train,70,71680
293_3_00071.png,BF021,293_3.mat,train,71,72704
293_3_00072.png,BF021,293_3.mat,train,72,73728
293_3_00073.png,BF021,293_3.mat,train,73,74752
293_3_00074.png,BF021,293_3.mat,train,74,75776
293_3_00075.png,BF021,293_3.mat,train,75,76800
293_3_00076.png,BF021,293_3.mat,train,76,77824
293_3_00077.png,BF021,293_3.mat,train,77,78848
293_3_00078.png,BF021,293_3.mat,train,78,79872
293_3_00079.png,BF021,293_3.mat,train,79,80896
293_3_00080.png,BF021,293_3.mat,train,80,81920
293_3_00081.png,BF021,293_3.mat,train,81,82944
293_3_00082.png,BF021,293_3.mat,train,82,83968
293_3_00083.png,BF021,293_3.mat,train,83,84992
293_3_00084.png,BF021,293_3.mat,train,84,86016
293_3_00085.png,BF021,293_3.mat,train,85,87040
293_3_00086.png,BF021,293_3.mat,train,86,88064
293_3_00087.png,BF021,293_3.mat,train,87,89088
293_3_00088.png,BF021,293_3.mat,train,88,90112
293_3_00089.png,BF021,293_3.mat,train,89,91136
293_3_00090.png,BF021,293_3.mat,train,90,92160
293_3_00091.png,BF021,293_3.mat,train,91,93184
293_3_00092.png,BF021,293_3.mat,train,92,94208
293_3_00093.png,BF021,293_3.mat,train,93,95232
293_3_00094.png,BF021,293_3.mat,train,94,96256
293_3_00095.png,BF021,293_3.mat,train,95,97280
293_3_00096.png,BF021,293_3.mat,train,96,98304
293_3_00097.png,BF021,293_3.mat,train,97,99328
293_3_00098.png,BF021,293_3.mat,train,98,100352
293_3_00099.png,BF021,293_3.mat,train,99,101376
293_3_00100.png,BF021,293_3.mat,train,100,102400
293_3_00101.png,BF021,293_3.mat,train,101,103424
293_3_00102.png,BF021,293_3.mat,train,102,104448
293_3_00103.png,BF021,293_3.mat,train,103,105472
293_3_00104.png,BF021,293_3.mat,train,104,106496
293_3_00105.png,BF021,293_3.mat,train,105,107520
293_3_00106.png,BF021,293_3.mat,train,106,108544
293_3_00107.png,BF021,293_3.mat,train,107,109568
293_3_00108.png,BF021,293_3.mat,train,108,110592
293_3_00109.png,BF021,293_3.mat,train,109,111616
293_3_00110.png,BF021,293_3.mat,train,110,112640
293_3_00111.png,BF021,293_3.mat,train,111,113664
293_3_00112.png,BF021,293_3.mat,train,112,114688
293_3_00113.png,BF021,293_3.mat,train,113,115712
293_3_00114.png,BF021,293_3.mat,train,114,116736
293_3_00115.png,BF021,293_3.mat,train,115,117760
279_1_00000.png,IF007,279_1.mat,train,0,0
279_1_00001.png,IF007,279_1.mat,train,1,1024
279_1_00002.png,IF007,279_1.mat,train,2,2048
279_1_00003.png,IF007,279_1.mat,train,3,3072
279_1_00004.png,IF007,279_1.mat,train,4,4096
279_1_00005.png,IF007,279_1.mat,train,5,5120
279_1_00006.png,IF007,279_1.mat,train,6,6144
279_1_00007.png,IF007,279_1.mat,train,7,7168
279_1_00008.png,IF007,279_1.mat,train,8,8192
279_1_00009.png,IF007,279_1.mat,train,9,9216
279_1_00010.png,IF007,279_1.mat,train,10,10240
279_1_00011.png,IF007,279_1.mat,train,11,11264
279_1_00012.png,IF007,279_1.mat,train,12,12288
279_1_00013.png,IF007,279_1.mat,train,13,13312
279_1_00014.png,IF007,279_1.mat,train,14,14336
279_1_00015.png,IF007,279_1.mat,train,15,15360
279_1_00016.png,IF007,279_1.mat,train,16,16384
279_1_00017.png,IF007,279_1.mat,train,17,17408
279_1_00018.png,IF007,279_1.mat,train,18,18432
279_1_00019.png,IF007,279_1.mat,train,19,19456
279_1_00020.png,IF007,279_1.mat,train,20,20480
279_1_00021.png,IF007,279_1.mat,train,21,21504
279_1_00022.png,IF007,279_1.mat,train,22,22528
279_1_00023.png,IF007,279_1.mat,train,23,23552
279_1_00024.png,IF007,279_1.mat,train,24,24576
279_1_00025.png,IF007,279_1.mat,train,25,25600
279_1_00026.png,IF007,279_1.mat,train,26,26624
279_1_00027.png,IF007,279_1.mat,train,27,27648
279_1_00028.png,IF007,279_1.mat,train,28,28672
279_1_00029.png,IF007,279_1.mat,train,29,29696
279_1_00030.png,IF007,279_1.mat,train,30,30720
279_1_00031.png,IF007,279_1.mat,train,31,31744
279_1_00032.png,IF007,279_1.mat,train,32,32768
279_1_00033.png,IF007,279_1.mat,train,33,33792
279_1_00034.png,IF007,279_1.mat,train,34,34816
279_1_00035.png,IF007,279_1.mat,train,35,35840
279_1_00036.png,IF007,279_1.mat,train,36,36864
279_1_00037.png,IF007,279_1.mat,train,37,37888
279_1_00038.png,IF007,279_1.mat,train,38,38912
279_1_00039.png,IF007,279_1.mat,train,39,39936
279_1_00040.png,IF007,279_1.mat,train,40,40960
279_1_00041.png,IF007,279_1.mat,train,41,41984
279_1_00042.png,IF007,279_1.mat,train,42,43008
279_1_00043.png,IF007,279_1.mat,train,43,44032
279_1_00044.png,IF007,279_1.mat,train,44,45056
279_1_00045.png,IF007,279_1.mat,train,45,46080
279_1_00046.png,IF007,279_1.mat,train,46,47104
279_1_00047.png,IF007,279_1.mat,train,47,48128
279_1_00048.png,IF007,279_1.mat,train,48,49152
279_1_00049.png,IF007,279_1.mat,train,49,50176
279_1_00050.png,IF007,279_1.mat,train,50,51200
279_1_00051.png,IF007,279_1.mat,train,51,52224
279_1_00052.png,IF007,279_1.mat,train,52,53248
279_1_00053.png,IF007,279_1.mat,train,53,54272
279_1_00054.png,IF007,279_1.mat,train,54,55296
279_1_00055.png,IF007,279_1.mat,train,55,56320
279_1_00056.png,IF007,279_1.mat,train,56,57344
279_1_00057.png,IF007,279_1.mat,train,57,58368
279_1_00058.png,IF007,279_1.mat,train,58,59392
279_1_00059.png,IF007,279_1.mat,train,59,60416
279_1_00060.png,IF007,279_1.mat,train,60,61440
279_1_00061.png,IF007,279_1.mat,train,61,62464
279_1_00062.png,IF007,279_1.mat,train,62,63488
279_1_00063.png,IF007,279_1.mat,train,63,64512
279_1_00064.png,IF007,279_1.mat,train,64,65536
279_1_00065.png,IF007,279_1.mat,train,65,66560
279_1_00066.png,IF007,279_1.mat,train,66,67584
279_1_00067.png,IF007,279_1.mat,train,67,68608
279_1_00068.png,IF007,279_1.mat,train,68,69632
279_1_00069.png,IF007,279_1.mat,train,69,70656
279_1_00070.png,IF007,279_1.mat,train,70,71680
279_1_00071.png,IF007,279_1.mat,train,71,72704
279_1_00072.png,IF007,279_1.mat,train,72,73728
279_1_00073.png,IF007,279_1.mat,train,73,74752
279_1_00074.png,IF007,279_1.mat,train,74,75776
279_1_00075.png,IF007,279_1.mat,train,75,76800
279_1_00076.png,IF007,279_1.mat,train,76,77824
279_1_00077.png,IF007,279_1.mat,train,77,78848
279_1_00078.png,IF007,279_1.mat,train,78,79872
279_1_00079.png,IF007,279_1.mat,train,79,80896
279_1_00080.png,IF007,279_1.mat,train,80,81920
279_1_00081.png,IF007,279_1.mat,train,81,82944
279_1_00082.png,IF007,279_1.mat,train,82,83968
279_1_00083.png,IF007,279_1.mat,train,83,84992
279_1_00084.png,IF007,279_1.mat,train,84,86016
279_1_00085.png,IF007,279_1.mat,train,85,87040
279_1_00086.png,IF007,279_1.mat,train,86,88064
279_1_00087.png,IF007,279_1.mat,train,87,89088
279_1_00088.png,IF007,279_1.mat,train,88,90112
279_1_00089.png,IF007,279_1.mat,train,89,91136
279_1_00090.png,IF007,279_1.mat,train,90,92160
279_1_00091.png,IF007,279_1.mat,train,91,93184
279_1_00092.png,IF007,279_1.mat,train,92,94208
279_1_00093.png,IF007,279_1.mat,train,93,95232
279_1_00094.png,IF007,279_1.mat,train,94,96256
279_1_00095.png,IF007,279_1.mat,train,95,97280
279_1_00096.png,IF007,279_1.mat,train,96,98304
279_1_00097.png,IF007,279_1.mat,train,97,99328
279_1_00098.png,IF007,279_1.mat,train,98,100352
279_1_00099.png,IF007,279_1.mat,train,99,101376
279_1_00100.png,IF007,279_1.mat,train,100,102400
279_1_00101.png,IF007,279_1.mat,train,101,103424
279_1_00102.png,IF007,279_1.mat,train,102,104448
279_1_00103.png,IF007,279_1.mat,train,103,105472
279_1_00104.png,IF007,279_1.mat,train,104,106496
279_1_00105.png,IF007,279_1.mat,train,105,107520
279_1_00106.png,IF007,279_1.mat,train,106,108544
279_1_00107.png,IF007,279_1.mat,train,107,109568
279_1_00108.png,IF007,279_1.mat,train,108,110592
279_1_00109.png,IF007,279_1.mat,train,109,111616
279_1_00110.png,IF007,279_1.mat,train,110,112640
279_1_00111.png,IF007,279_1.mat,train,111,113664
279_1_00112.png,IF007,279_1.mat,train,112,114688
279_1_00113.png,IF007,279_1.mat,train,113,115712
279_1_00114.png,IF007,279_1.mat,train,114,116736
279_1_00115.png,IF007,279_1.mat,train,115,117760
279_1_00116.png,IF007,279_1.mat,train,116,118784
280_2_00000.png,IF007,280_2.mat,train,0,0
280_2_00001.png,IF007,280_2.mat,train,1,1024
280_2_00002.png,IF007,280_2.mat,train,2,2048
280_2_00003.png,IF007,280_2.mat,train,3,3072
280_2_00004.png,IF007,280_2.mat,train,4,4096
280_2_00005.png,IF007,280_2.mat,train,5,5120
280_2_00006.png,IF007,280_2.mat,train,6,6144
280_2_00007.png,IF007,280_2.mat,train,7,7168
280_2_00008.png,IF007,280_2.mat,train,8,8192
280_2_00009.png,IF007,280_2.mat,train,9,9216
280_2_00010.png,IF007,280_2.mat,train,10,10240
280_2_00011.png,IF007,280_2.mat,train,11,11264
280_2_00012.png,IF007,280_2.mat,train,12,12288
280_2_00013.png,IF007,280_2.mat,train,13,13312
280_2_00014.png,IF007,280_2.mat,train,14,14336
280_2_00015.png,IF007,280_2.mat,train,15,15360
280_2_00016.png,IF007,280_2.mat,train,16,16384
280_2_00017.png,IF007,280_2.mat,train,17,17408
280_2_00018.png,IF007,280_2.mat,train,18,18432
280_2_00019.png,IF007,280_2.mat,train,19,19456
280_2_00020.png,IF007,280_2.mat,train,20,20480
280_2_00021.png,IF007,280_2.mat,train,21,21504
280_2_00022.png,IF007,280_2.mat,train,22,22528
280_2_00023.png,IF007,280_2.mat,train,23,23552
280_2_00024.png,IF007,280_2.mat,train,24,24576
280_2_00025.png,IF007,280_2.mat,train,25,25600
280_2_00026.png,IF007,280_2.mat,train,26,26624
280_2_00027.png,IF007,280_2.mat,train,27,27648
280_2_00028.png,IF007,280_2.mat,train,28,28672
280_2_00029.png,IF007,280_2.mat,train,29,29696
280_2_00030.png,IF007,280_2.mat,train,30,30720
280_2_00031.png,IF007,280_2.mat,train,31,31744
280_2_00032.png,IF007,280_2.mat,train,32,32768
280_2_00033.png,IF007,280_2.mat,train,33,33792
280_2_00034.png,IF007,280_2.mat,train,34,34816
280_2_00035.png,IF007,280_2.mat,train,35,35840
280_2_00036.png,IF007,280_2.mat,train,36,36864
280_2_00037.png,IF007,280_2.mat,train,37,37888
280_2_00038.png,IF007,280_2.mat,train,38,38912
280_2_00039.png,IF007,280_2.mat,train,39,39936
280_2_00040.png,IF007,280_2.mat,train,40,40960
280_2_00041.png,IF007,280_2.mat,train,41,41984
280_2_00042.png,IF007,280_2.mat,train,42,43008
280_2_00043.png,IF007,280_2.mat,train,43,44032
280_2_00044.png,IF007,280_2.mat,train,44,45056
280_2_00045.png,IF007,280_2.mat,train,45,46080
280_2_00046.png,IF007,280_2.mat,train,46,47104
280_2_00047.png,IF007,280_2.mat,train,47,48128
280_2_00048.png,IF007,280_2.mat,train,48,49152
280_2_00049.png,IF007,280_2.mat,train,49,50176
280_2_00050.png,IF007,280_2.mat,train,50,51200
280_2_00051.png,IF007,280_2.mat,train,51,52224
280_2_00052.png,IF007,280_2.mat,train,52,53248
280_2_00053.png,IF007,280_2.mat,train,53,54272
280_2_00054.png,IF007,280_2.mat,train,54,55296
280_2_00055.png,IF007,280_2.mat,train,55,56320
280_2_00056.png,IF007,280_2.mat,train,56,57344
280_2_00057.png,IF007,280_2.mat,train,57,58368
280_2_00058.png,IF007,280_2.mat,train,58,59392
280_2_00059.png,IF007,280_2.mat,train,59,60416
280_2_00060.png,IF007,280_2.mat,train,60,61440
280_2_00061.png,IF007,280_2.mat,train,61,62464
280_2_00062.png,IF007,280_2.mat,train,62,63488
280_2_00063.png,IF007,280_2.mat,train,63,64512
280_2_00064.png,IF007,280_2.mat,train,64,65536
280_2_00065.png,IF007,280_2.mat,train,65,66560
280_2_00066.png,IF007,280_2.mat,train,66,67584
280_2_00067.png,IF007,280_2.mat,train,67,68608
280_2_00068.png,IF007,280_2.mat,train,68,69632
280_2_00069.png,IF007,280_2.mat,train,69,70656
280_2_00070.png,IF007,280_2.mat,train,70,71680
280_2_00071.png,IF007,280_2.mat,train,71,72704
280_2_00072.png,IF007,280_2.mat,train,72,73728
280_2_00073.png,IF007,280_2.mat,train,73,74752
280_2_00074.png,IF007,280_2.mat,train,74,75776
280_2_00075.png,IF007,280_2.mat,train,75,76800
280_2_00076.png,IF007,280_2.mat,train,76,77824
280_2_00077.png,IF007,280_2.mat,train,77,78848
280_2_00078.png,IF007,280_2.mat,train,78,79872
280_2_00079.png,IF007,280_2.mat,train,79,80896
280_2_00080.png,IF007,280_2.mat,train,80,81920
280_2_00081.png,IF007,280_2.mat,train,81,82944
280_2_00082.png,IF007,280_2.mat,train,82,83968
280_2_00083.png,IF007,280_2.mat,train,83,84992
280_2_00084.png,IF007,280_2.mat,train,84,86016
280_2_00085.png,IF007,280_2.mat,train,85,87040
280_2_00086.png,IF007,280_2.mat,train,86,88064
280_2_00087.png,IF007,280_2.mat,train,87,89088
280_2_00088.png,IF007,280_2.mat,train,88,90112
280_2_00089.png,IF007,280_2.mat,train,89,91136
280_2_00090.png,IF007,280_2.mat,train,90,92160
280_2_00091.png,IF007,280_2.mat,train,91,93184
280_2_00092.png,IF007,280_2.mat,train,92,94208
280_2_00093.png,IF007,280_2.mat,train,93,95232
280_2_00094.png,IF007,280_2.mat,train,94,96256
280_2_00095.png,IF007,280_2.mat,train,95,97280
280_2_00096.png,IF007,280_2.mat,train,96,98304
280_2_00097.png,IF007,280_2.mat,train,97,99328
280_2_00098.png,IF007,280_2.mat,train,98,100352
280_2_00099.png,IF007,280_2.mat,train,99,101376
280_2_00100.png,IF007,280_2.mat,train,100,102400
280_2_00101.png,IF007,280_2.mat,train,101,103424
280_2_00102.png,IF007,280_2.mat,train,102,104448
280_2_00103.png,IF007,280_2.mat,train,103,105472
280_2_00104.png,IF007,280_2.mat,train,104,106496
280_2_00105.png,IF007,280_2.mat,train,105,107520
280_2_00106.png,IF007,280_2.mat,train,106,108544
280_2_00107.png,IF007,280_2.mat,train,107,109568
280_2_00108.png,IF007,280_2.mat,train,108,110592
280_2_00109.png,IF007,280_2.mat,train,109,111616
280_2_00110.png,IF007,280_2.mat,train,110,112640
280_2_00111.png,IF007,280_2.mat,train,111,113664
280_2_00112.png,IF007,280_2.mat,train,112,114688
280_2_00113.png,IF007,280_2.mat,train,113,115712
280_2_00114.png,IF007,280_2.mat,train,114,116736
280_2_00115.png,IF007,280_2.mat,train,115,117760
280_2_00116.png,IF007,280_2.mat,train,116,118784
275_1_00000.png,IF014,275_1.mat,train,0,0
275_1_00001.png,IF014,275_1.mat,train,1,1024
275_1_00002.png,IF014,275_1.mat,train,2,2048
275_1_00003.png,IF014,275_1.mat,train,3,3072
275_1_00004.png,IF014,275_1.mat,train,4,4096
275_1_00005.png,IF014,275_1.mat,train,5,5120
275_1_00006.png,IF014,275_1.mat,train,6,6144
275_1_00007.png,IF014,275_1.mat,train,7,7168
275_1_00008.png,IF014,275_1.mat,train,8,8192
275_1_00009.png,IF014,275_1.mat,train,9,9216
275_1_00010.png,IF014,275_1.mat,train,10,10240
275_1_00011.png,IF014,275_1.mat,train,11,11264
275_1_00012.png,IF014,275_1.mat,train,12,12288
275_1_00013.png,IF014,275_1.mat,train,13,13312
275_1_00014.png,IF014,275_1.mat,train,14,14336
275_1_00015.png,IF014,275_1.mat,train,15,15360
275_1_00016.png,IF014,275_1.mat,train,16,16384
275_1_00017.png,IF014,275_1.mat,train,17,17408
275_1_00018.png,IF014,275_1.mat,train,18,18432
275_1_00019.png,IF014,275_1.mat,train,19,19456
275_1_00020.png,IF014,275_1.mat,train,20,20480
275_1_00021.png,IF014,275_1.mat,train,21,21504
275_1_00022.png,IF014,275_1.mat,train,22,22528
275_1_00023.png,IF014,275_1.mat,train,23,23552
275_1_00024.png,IF014,275_1.mat,train,24,24576
275_1_00025.png,IF014,275_1.mat,train,25,25600
275_1_00026.png,IF014,275_1.mat,train,26,26624
275_1_00027.png,IF014,275_1.mat,train,27,27648
275_1_00028.png,IF014,275_1.mat,train,28,28672
275_1_00029.png,IF014,275_1.mat,train,29,29696
275_1_00030.png,IF014,275_1.mat,train,30,30720
275_1_00031.png,IF014,275_1.mat,train,31,31744
275_1_00032.png,IF014,275_1.mat,train,32,32768
275_1_00033.png,IF014,275_1.mat,train,33,33792
275_1_00034.png,IF014,275_1.mat,train,34,34816
275_1_00035.png,IF014,275_1.mat,train,35,35840
275_1_00036.png,IF014,275_1.mat,train,36,36864
275_1_00037.png,IF014,275_1.mat,train,37,37888
275_1_00038.png,IF014,275_1.mat,train,38,38912
275_1_00039.png,IF014,275_1.mat,train,39,39936
275_1_00040.png,IF014,275_1.mat,train,40,40960
275_1_00041.png,IF014,275_1.mat,train,41,41984
275_1_00042.png,IF014,275_1.mat,train,42,43008
275_1_00043.png,IF014,275_1.mat,train,43,44032
275_1_00044.png,IF014,275_1.mat,train,44,45056
275_1_00045.png,IF014,275_1.mat,train,45,46080
275_1_00046.png,IF014,275_1.mat,train,46,47104
275_1_00047.png,IF014,275_1.mat,train,47,48128
275_1_00048.png,IF014,275_1.mat,train,48,49152
275_1_00049.png,IF014,275_1.mat,train,49,50176
275_1_00050.png,IF014,275_1.mat,train,50,51200
275_1_00051.png,IF014,275_1.mat,train,51,52224
275_1_00052.png,IF014,275_1.mat,train,52,53248
275_1_00053.png,IF014,275_1.mat,train,53,54272
275_1_00054.png,IF014,275_1.mat,train,54,55296
275_1_00055.png,IF014,275_1.mat,train,55,56320
275_1_00056.png,IF014,275_1.mat,train,56,57344
275_1_00057.png,IF014,275_1.mat,train,57,58368
275_1_00058.png,IF014,275_1.mat,train,58,59392
275_1_00059.png,IF014,275_1.mat,train,59,60416
275_1_00060.png,IF014,275_1.mat,train,60,61440
275_1_00061.png,IF014,275_1.mat,train,61,62464
275_1_00062.png,IF014,275_1.mat,train,62,63488
275_1_00063.png,IF014,275_1.mat,train,63,64512
275_1_00064.png,IF014,275_1.mat,train,64,65536
275_1_00065.png,IF014,275_1.mat,train,65,66560
275_1_00066.png,IF014,275_1.mat,train,66,67584
275_1_00067.png,IF014,275_1.mat,train,67,68608
275_1_00068.png,IF014,275_1.mat,train,68,69632
275_1_00069.png,IF014,275_1.mat,train,69,70656
275_1_00070.png,IF014,275_1.mat,train,70,71680
275_1_00071.png,IF014,275_1.mat,train,71,72704
275_1_00072.png,IF014,275_1.mat,train,72,73728
275_1_00073.png,IF014,275_1.mat,train,73,74752
275_1_00074.png,IF014,275_1.mat,train,74,75776
275_1_00075.png,IF014,275_1.mat,train,75,76800
275_1_00076.png,IF014,275_1.mat,train,76,77824
275_1_00077.png,IF014,275_1.mat,train,77,78848
275_1_00078.png,IF014,275_1.mat,train,78,79872
275_1_00079.png,IF014,275_1.mat,train,79,80896
275_1_00080.png,IF014,275_1.mat,train,80,81920
275_1_00081.png,IF014,275_1.mat,train,81,82944
275_1_00082.png,IF014,275_1.mat,train,82,83968
275_1_00083.png,IF014,275_1.mat,train,83,84992
275_1_00084.png,IF014,275_1.mat,train,84,86016
275_1_00085.png,IF014,275_1.mat,train,85,87040
275_1_00086.png,IF014,275_1.mat,train,86,88064
275_1_00087.png,IF014,275_1.mat,train,87,89088
275_1_00088.png,IF014,275_1.mat,train,88,90112
275_1_00089.png,IF014,275_1.mat,train,89,91136
275_1_00090.png,IF014,275_1.mat,train,90,92160
275_1_00091.png,IF014,275_1.mat,train,91,93184
275_1_00092.png,IF014,275_1.mat,train,92,94208
275_1_00093.png,IF014,275_1.mat,train,93,95232
275_1_00094.png,IF014,275_1.mat,train,94,96256
275_1_00095.png,IF014,275_1.mat,train,95,97280
275_1_00096.png,IF014,275_1.mat,train,96,98304
275_1_00097.png,IF014,275_1.mat,train,97,99328
275_1_00098.png,IF014,275_1.mat,train,98,100352
275_1_00099.png,IF014,275_1.mat,train,99,101376
275_1_00100.png,IF014,275_1.mat,train,100,102400
275_1_00101.png,IF014,275_1.mat,train,101,103424
275_1_00102.png,IF014,275_1.mat,train,102,104448
275_1_00103.png,IF014,275_1.mat,train,103,105472
275_1_00104.png,IF014,275_1.mat,train,104,106496
275_1_00105.png,IF014,275_1.mat,train,105,107520
275_1_00106.png,IF014,275_1.mat,train,106,108544
275_1_00107.png,IF014,275_1.mat,train,107,109568
275_1_00108.png,IF014,275_1.mat,train,108,110592
275_1_00109.png,IF014,275_1.mat,train,109,111616
275_1_00110.png,IF014,275_1.mat,train,110,112640
275_1_00111.png,IF014,275_1.mat,train,111,113664
275_1_00112.png,IF014,275_1.mat,train,112,114688
275_1_00113.png,IF014,275_1.mat,train,113,115712
275_1_00114.png,IF014,275_1.mat,train,114,116736
275_1_00115.png,IF014,275_1.mat,train,115,117760
275_1_00116.png,IF014,275_1.mat,train,116,118784
276_2_00000.png,IF014,276_2.mat,train,0,0
276_2_00001.png,IF014,276_2.mat,train,1,1024
276_2_00002.png,IF014,276_2.mat,train,2,2048
276_2_00003.png,IF014,276_2.mat,train,3,3072
276_2_00004.png,IF014,276_2.mat,train,4,4096
276_2_00005.png,IF014,276_2.mat,train,5,5120
276_2_00006.png,IF014,276_2.mat,train,6,6144
276_2_00007.png,IF014,276_2.mat,train,7,7168
276_2_00008.png,IF014,276_2.mat,train,8,8192
276_2_00009.png,IF014,276_2.mat,train,9,9216
276_2_00010.png,IF014,276_2.mat,train,10,10240
276_2_00011.png,IF014,276_2.mat,train,11,11264
276_2_00012.png,IF014,276_2.mat,train,12,12288
276_2_00013.png,IF014,276_2.mat,train,13,13312
276_2_00014.png,IF014,276_2.mat,train,14,14336
276_2_00015.png,IF014,276_2.mat,train,15,15360
276_2_00016.png,IF014,276_2.mat,train,16,16384
276_2_00017.png,IF014,276_2.mat,train,17,17408
276_2_00018.png,IF014,276_2.mat,train,18,18432
276_2_00019.png,IF014,276_2.mat,train,19,19456
276_2_00020.png,IF014,276_2.mat,train,20,20480
276_2_00021.png,IF014,276_2.mat,train,21,21504
276_2_00022.png,IF014,276_2.mat,train,22,22528
276_2_00023.png,IF014,276_2.mat,train,23,23552
276_2_00024.png,IF014,276_2.mat,train,24,24576
276_2_00025.png,IF014,276_2.mat,train,25,25600
276_2_00026.png,IF014,276_2.mat,train,26,26624
276_2_00027.png,IF014,276_2.mat,train,27,27648
276_2_00028.png,IF014,276_2.mat,train,28,28672
276_2_00029.png,IF014,276_2.mat,train,29,29696
276_2_00030.png,IF014,276_2.mat,train,30,30720
276_2_00031.png,IF014,276_2.mat,train,31,31744
276_2_00032.png,IF014,276_2.mat,train,32,32768
276_2_00033.png,IF014,276_2.mat,train,33,33792
276_2_00034.png,IF014,276_2.mat,train,34,34816
276_2_00035.png,IF014,276_2.mat,train,35,35840
276_2_00036.png,IF014,276_2.mat,train,36,36864
276_2_00037.png,IF014,276_2.mat,train,37,37888
276_2_00038.png,IF014,276_2.mat,train,38,38912
276_2_00039.png,IF014,276_2.mat,train,39,39936
276_2_00040.png,IF014,276_2.mat,train,40,40960
276_2_00041.png,IF014,276_2.mat,train,41,41984
276_2_00042.png,IF014,276_2.mat,train,42,43008
276_2_00043.png,IF014,276_2.mat,train,43,44032
276_2_00044.png,IF014,276_2.mat,train,44,45056
276_2_00045.png,IF014,276_2.mat,train,45,46080
276_2_00046.png,IF014,276_2.mat,train,46,47104
276_2_00047.png,IF014,276_2.mat,train,47,48128
276_2_00048.png,IF014,276_2.mat,train,48,49152
276_2_00049.png,IF014,276_2.mat,train,49,50176
276_2_00050.png,IF014,276_2.mat,train,50,51200
276_2_00051.png,IF014,276_2.mat,train,51,52224
276_2_00052.png,IF014,276_2.mat,train,52,53248
276_2_00053.png,IF014,276_2.mat,train,53,54272
276_2_00054.png,IF014,276_2.mat,train,54,55296
276_2_00055.png,IF014,276_2.mat,train,55,56320
276_2_00056.png,IF014,276_2.mat,train,56,57344
276_2_00057.png,IF014,276_2.mat,train,57,58368
276_2_00058.png,IF014,276_2.mat,train,58,59392
276_2_00059.png,IF014,276_2.mat,train,59,60416
276_2_00060.png,IF014,276_2.mat,train,60,61440
276_2_00061.png,IF014,276_2.mat,train,61,62464
276_2_00062.png,IF014,276_2.mat,train,62,63488
276_2_00063.png,IF014,276_2.mat,train,63,64512
276_2_00064.png,IF014,276_2.mat,train,64,65536
276_2_00065.png,IF014,276_2.mat,train,65,66560
276_2_00066.png,IF014,276_2.mat,train,66,67584
276_2_00067.png,IF014,276_2.mat,train,67,68608
276_2_00068.png,IF014,276_2.mat,train,68,69632
276_2_00069.png,IF014,276_2.mat,train,69,70656
276_2_00070.png,IF014,276_2.mat,train,70,71680
276_2_00071.png,IF014,276_2.mat,train,71,72704
276_2_00072.png,IF014,276_2.mat,train,72,73728
276_2_00073.png,IF014,276_2.mat,train,73,74752
276_2_00074.png,IF014,276_2.mat,train,74,75776
276_2_00075.png,IF014,276_2.mat,train,75,76800
276_2_00076.png,IF014,276_2.mat,train,76,77824
276_2_00077.png,IF014,276_2.mat,train,77,78848
276_2_00078.png,IF014,276_2.mat,train,78,79872
276_2_00079.png,IF014,276_2.mat,train,79,80896
276_2_00080.png,IF014,276_2.mat,train,80,81920
276_2_00081.png,IF014,276_2.mat,train,81,82944
276_2_00082.png,IF014,276_2.mat,train,82,83968
276_2_00083.png,IF014,276_2.mat,train,83,84992
276_2_00084.png,IF014,276_2.mat,train,84,86016
276_2_00085.png,IF014,276_2.mat,train,85,87040
276_2_00086.png,IF014,276_2.mat,train,86,88064
276_2_00087.png,IF014,276_2.mat,train,87,89088
276_2_00088.png,IF014,276_2.mat,train,88,90112
276_2_00089.png,IF014,276_2.mat,train,89,91136
276_2_00090.png,IF014,276_2.mat,train,90,92160
276_2_00091.png,IF014,276_2.mat,train,91,93184
276_2_00092.png,IF014,276_2.mat,train,92,94208
276_2_00093.png,IF014,276_2.mat,train,93,95232
276_2_00094.png,IF014,276_2.mat,train,94,96256
276_2_00095.png,IF014,276_2.mat,train,95,97280
276_2_00096.png,IF014,276_2.mat,train,96,98304
276_2_00097.png,IF014,276_2.mat,train,97,99328
276_2_00098.png,IF014,276_2.mat,train,98,100352
276_2_00099.png,IF014,276_2.mat,train,99,101376
276_2_00100.png,IF014,276_2.mat,train,100,102400
276_2_00101.png,IF014,276_2.mat,train,101,103424
276_2_00102.png,IF014,276_2.mat,train,102,104448
276_2_00103.png,IF014,276_2.mat,train,103,105472
276_2_00104.png,IF014,276_2.mat,train,104,106496
276_2_00105.png,IF014,276_2.mat,train,105,107520
276_2_00106.png,IF014,276_2.mat,train,106,108544
276_2_00107.png,IF014,276_2.mat,train,107,109568
276_2_00108.png,IF014,276_2.mat,train,108,110592
276_2_00109.png,IF014,276_2.mat,train,109,111616
276_2_00110.png,IF014,276_2.mat,train,110,112640
276_2_00111.png,IF014,276_2.mat,train,111,113664
276_2_00112.png,IF014,276_2.mat,train,112,114688
276_2_00113.png,IF014,276_2.mat,train,113,115712
276_2_00114.png,IF014,276_2.mat,train,114,116736
276_2_00115.png,IF014,276_2.mat,train,115,117760
276_2_00116.png,IF014,276_2.mat,train,116,118784
271_1_00000.png,IF021,271_1.mat,train,0,0
271_1_00001.png,IF021,271_1.mat,train,1,1024
271_1_00002.png,IF021,271_1.mat,train,2,2048
271_1_00003.png,IF021,271_1.mat,train,3,3072
271_1_00004.png,IF021,271_1.mat,train,4,4096
271_1_00005.png,IF021,271_1.mat,train,5,5120
271_1_00006.png,IF021,271_1.mat,train,6,6144
271_1_00007.png,IF021,271_1.mat,train,7,7168
271_1_00008.png,IF021,271_1.mat,train,8,8192
271_1_00009.png,IF021,271_1.mat,train,9,9216
271_1_00010.png,IF021,271_1.mat,train,10,10240
271_1_00011.png,IF021,271_1.mat,train,11,11264
271_1_00012.png,IF021,271_1.mat,train,12,12288
271_1_00013.png,IF021,271_1.mat,train,13,13312
271_1_00014.png,IF021,271_1.mat,train,14,14336
271_1_00015.png,IF021,271_1.mat,train,15,15360
271_1_00016.png,IF021,271_1.mat,train,16,16384
271_1_00017.png,IF021,271_1.mat,train,17,17408
271_1_00018.png,IF021,271_1.mat,train,18,18432
271_1_00019.png,IF021,271_1.mat,train,19,19456
271_1_00020.png,IF021,271_1.mat,train,20,20480
271_1_00021.png,IF021,271_1.mat,train,21,21504
271_1_00022.png,IF021,271_1.mat,train,22,22528
271_1_00023.png,IF021,271_1.mat,train,23,23552
271_1_00024.png,IF021,271_1.mat,train,24,24576
271_1_00025.png,IF021,271_1.mat,train,25,25600
271_1_00026.png,IF021,271_1.mat,train,26,26624
271_1_00027.png,IF021,271_1.mat,train,27,27648
271_1_00028.png,IF021,271_1.mat,train,28,28672
271_1_00029.png,IF021,271_1.mat,train,29,29696
271_1_00030.png,IF021,271_1.mat,train,30,30720
271_1_00031.png,IF021,271_1.mat,train,31,31744
271_1_00032.png,IF021,271_1.mat,train,32,32768
271_1_00033.png,IF021,271_1.mat,train,33,33792
271_1_00034.png,IF021,271_1.mat,train,34,34816
271_1_00035.png,IF021,271_1.mat,train,35,35840
271_1_00036.png,IF021,271_1.mat,train,36,36864
271_1_00037.png,IF021,271_1.mat,train,37,37888
271_1_00038.png,IF021,271_1.mat,train,38,38912
271_1_00039.png,IF021,271_1.mat,train,39,39936
271_1_00040.png,IF021,271_1.mat,train,40,40960
271_1_00041.png,IF021,271_1.mat,train,41,41984
271_1_00042.png,IF021,271_1.mat,train,42,43008
271_1_00043.png,IF021,271_1.mat,train,43,44032
271_1_00044.png,IF021,271_1.mat,train,44,45056
271_1_00045.png,IF021,271_1.mat,train,45,46080
271_1_00046.png,IF021,271_1.mat,train,46,47104
271_1_00047.png,IF021,271_1.mat,train,47,48128
271_1_00048.png,IF021,271_1.mat,train,48,49152
271_1_00049.png,IF021,271_1.mat,train,49,50176
271_1_00050.png,IF021,271_1.mat,train,50,51200
271_1_00051.png,IF021,271_1.mat,train,51,52224
271_1_00052.png,IF021,271_1.mat,train,52,53248
271_1_00053.png,IF021,271_1.mat,train,53,54272
271_1_00054.png,IF021,271_1.mat,train,54,55296
271_1_00055.png,IF021,271_1.mat,train,55,56320
271_1_00056.png,IF021,271_1.mat,train,56,57344
271_1_00057.png,IF021,271_1.mat,train,57,58368
271_1_00058.png,IF021,271_1.mat,train,58,59392
271_1_00059.png,IF021,271_1.mat,train,59,60416
271_1_00060.png,IF021,271_1.mat,train,60,61440
271_1_00061.png,IF021,271_1.mat,train,61,62464
271_1_00062.png,IF021,271_1.mat,train,62,63488
271_1_00063.png,IF021,271_1.mat,train,63,64512
271_1_00064.png,IF021,271_1.mat,train,64,65536
271_1_00065.png,IF021,271_1.mat,train,65,66560
271_1_00066.png,IF021,271_1.mat,train,66,67584
271_1_00067.png,IF021,271_1.mat,train,67,68608
271_1_00068.png,IF021,271_1.mat,train,68,69632
271_1_00069.png,IF021,271_1.mat,train,69,70656
271_1_00070.png,IF021,271_1.mat,train,70,71680
271_1_00071.png,IF021,271_1.mat,train,71,72704
271_1_00072.png,IF021,271_1.mat,train,72,73728
271_1_00073.png,IF021,271_1.mat,train,73,74752
271_1_00074.png,IF021,271_1.mat,train,74,75776
271_1_00075.png,IF021,271_1.mat,train,75,76800
271_1_00076.png,IF021,271_1.mat,train,76,77824
271_1_00077.png,IF021,271_1.mat,train,77,78848
271_1_00078.png,IF021,271_1.mat,train,78,79872
271_1_00079.png,IF021,271_1.mat,train,79,80896
271_1_00080.png,IF021,271_1.mat,train,80,81920
271_1_00081.png,IF021,271_1.mat,train,81,82944
271_1_00082.png,IF021,271_1.mat,train,82,83968
271_1_00083.png,IF021,271_1.mat,train,83,84992
271_1_00084.png,IF021,271_1.mat,train,84,86016
271_1_00085.png,IF021,271_1.mat,train,85,87040
271_1_00086.png,IF021,271_1.mat,train,86,88064
271_1_00087.png,IF021,271_1.mat,train,87,89088
271_1_00088.png,IF021,271_1.mat,train,88,90112
271_1_00089.png,IF021,271_1.mat,train,89,91136
271_1_00090.png,IF021,271_1.mat,train,90,92160
271_1_00091.png,IF021,271_1.mat,train,91,93184
271_1_00092.png,IF021,271_1.mat,train,92,94208
271_1_00093.png,IF021,271_1.mat,train,93,95232
271_1_00094.png,IF021,271_1.mat,train,94,96256
271_1_00095.png,IF021,271_1.mat,train,95,97280
271_1_00096.png,IF021,271_1.mat,train,96,98304
271_1_00097.png,IF021,271_1.mat,train,97,99328
271_1_00098.png,IF021,271_1.mat,train,98,100352
271_1_00099.png,IF021,271_1.mat,train,99,101376
271_1_00100.png,IF021,271_1.mat,train,100,102400
271_1_00101.png,IF021,271_1.mat,train,101,103424
271_1_00102.png,IF021,271_1.mat,train,102,104448
271_1_00103.png,IF021,271_1.mat,train,103,105472
271_1_00104.png,IF021,271_1.mat,train,104,106496
271_1_00105.png,IF021,271_1.mat,train,105,107520
271_1_00106.png,IF021,271_1.mat,train,106,108544
271_1_00107.png,IF021,271_1.mat,train,107,109568
271_1_00108.png,IF021,271_1.mat,train,108,110592
271_1_00109.png,IF021,271_1.mat,train,109,111616
271_1_00110.png,IF021,271_1.mat,train,110,112640
271_1_00111.png,IF021,271_1.mat,train,111,113664
271_1_00112.png,IF021,271_1.mat,train,112,114688
271_1_00113.png,IF021,271_1.mat,train,113,115712
271_1_00114.png,IF021,271_1.mat,train,114,116736
271_1_00115.png,IF021,271_1.mat,train,115,117760
271_1_00116.png,IF021,271_1.mat,train,116,118784
273_3_00000.png,IF021,273_3.mat,train,0,0
273_3_00001.png,IF021,273_3.mat,train,1,1024
273_3_00002.png,IF021,273_3.mat,train,2,2048
273_3_00003.png,IF021,273_3.mat,train,3,3072
273_3_00004.png,IF021,273_3.mat,train,4,4096
273_3_00005.png,IF021,273_3.mat,train,5,5120
273_3_00006.png,IF021,273_3.mat,train,6,6144
273_3_00007.png,IF021,273_3.mat,train,7,7168
273_3_00008.png,IF021,273_3.mat,train,8,8192
273_3_00009.png,IF021,273_3.mat,train,9,9216
273_3_00010.png,IF021,273_3.mat,train,10,10240
273_3_00011.png,IF021,273_3.mat,train,11,11264
273_3_00012.png,IF021,273_3.mat,train,12,12288
273_3_00013.png,IF021,273_3.mat,train,13,13312
273_3_00014.png,IF021,273_3.mat,train,14,14336
273_3_00015.png,IF021,273_3.mat,train,15,15360
273_3_00016.png,IF021,273_3.mat,train,16,16384
273_3_00017.png,IF021,273_3.mat,train,17,17408
273_3_00018.png,IF021,273_3.mat,train,18,18432
273_3_00019.png,IF021,273_3.mat,train,19,19456
273_3_00020.png,IF021,273_3.mat,train,20,20480
273_3_00021.png,IF021,273_3.mat,train,21,21504
273_3_00022.png,IF021,273_3.mat,train,22,22528
273_3_00023.png,IF021,273_3.mat,train,23,23552
273_3_00024.png,IF021,273_3.mat,train,24,24576
273_3_00025.png,IF021,273_3.mat,train,25,25600
273_3_00026.png,IF021,273_3.mat,train,26,26624
273_3_00027.png,IF021,273_3.mat,train,27,27648
273_3_00028.png,IF021,273_3.mat,train,28,28672
273_3_00029.png,IF021,273_3.mat,train,29,29696
273_3_00030.png,IF021,273_3.mat,train,30,30720
273_3_00031.png,IF021,273_3.mat,train,31,31744
273_3_00032.png,IF021,273_3.mat,train,32,32768
273_3_00033.png,IF021,273_3.mat,train,33,33792
273_3_00034.png,IF021,273_3.mat,train,34,34816
273_3_00035.png,IF021,273_3.mat,train,35,35840
273_3_00036.png,IF021,273_3.mat,train,36,36864
273_3_00037.png,IF021,273_3.mat,train,37,37888
273_3_00038.png,IF021,273_3.mat,train,38,38912
273_3_00039.png,IF021,273_3.mat,train,39,39936
273_3_00040.png,IF021,273_3.mat,train,40,40960
273_3_00041.png,IF021,273_3.mat,train,41,41984
273_3_00042.png,IF021,273_3.mat,train,42,43008
273_3_00043.png,IF021,273_3.mat,train,43,44032
273_3_00044.png,IF021,273_3.mat,train,44,45056
273_3_00045.png,IF021,273_3.mat,train,45,46080
273_3_00046.png,IF021,273_3.mat,train,46,47104
273_3_00047.png,IF021,273_3.mat,train,47,48128
273_3_00048.png,IF021,273_3.mat,train,48,49152
273_3_00049.png,IF021,273_3.mat,train,49,50176
273_3_00050.png,IF021,273_3.mat,train,50,51200
273_3_00051.png,IF021,273_3.mat,train,51,52224
273_3_00052.png,IF021,273_3.mat,train,52,53248
273_3_00053.png,IF021,273_3.mat,train,53,54272
273_3_00054.png,IF021,273_3.mat,train,54,55296
273_3_00055.png,IF021,273_3.mat,train,55,56320
273_3_00056.png,IF021,273_3.mat,train,56,57344
273_3_00057.png,IF021,273_3.mat,train,57,58368
273_3_00058.png,IF021,273_3.mat,train,58,59392
273_3_00059.png,IF021,273_3.mat,train,59,60416
273_3_00060.png,IF021,273_3.mat,train,60,61440
273_3_00061.png,IF021,273_3.mat,train,61,62464
273_3_00062.png,IF021,273_3.mat,train,62,63488
273_3_00063.png,IF021,273_3.mat,train,63,64512
273_3_00064.png,IF021,273_3.mat,train,64,65536
273_3_00065.png,IF021,273_3.mat,train,65,66560
273_3_00066.png,IF021,273_3.mat,train,66,67584
273_3_00067.png,IF021,273_3.mat,train,67,68608
273_3_00068.png,IF021,273_3.mat,train,68,69632
273_3_00069.png,IF021,273_3.mat,train,69,70656
273_3_00070.png,IF021,273_3.mat,train,70,71680
273_3_00071.png,IF021,273_3.mat,train,71,72704
273_3_00072.png,IF021,273_3.mat,train,72,73728
273_3_00073.png,IF021,273_3.mat,train,73,74752
273_3_00074.png,IF021,273_3.mat,train,74,75776
273_3_00075.png,IF021,273_3.mat,train,75,76800
273_3_00076.png,IF021,273_3.mat,train,76,77824
273_3_00077.png,IF021,273_3.mat,train,77,78848
273_3_00078.png,IF021,273_3.mat,train,78,79872
273_3_00079.png,IF021,273_3.mat,train,79,80896
273_3_00080.png,IF021,273_3.mat,train,80,81920
273_3_00081.png,IF021,273_3.mat,train,81,82944
273_3_00082.png,IF021,273_3.mat,train,82,83968
273_3_00083.png,IF021,273_3.mat,train,83,84992
273_3_00084.png,IF021,273_3.mat,train,84,86016
273_3_00085.png,IF021,273_3.mat,train,85,87040
273_3_00086.png,IF021,273_3.mat,train,86,88064
273_3_00087.png,IF021,273_3.mat,train,87,89088
273_3_00088.png,IF021,273_3.mat,train,88,90112
273_3_00089.png,IF021,273_3.mat,train,89,91136
273_3_00090.png,IF021,273_3.mat,train,90,92160
273_3_00091.png,IF021,273_3.mat,train,91,93184
273_3_00092.png,IF021,273_3.mat,train,92,94208
273_3_00093.png,IF021,273_3.mat,train,93,95232
273_3_00094.png,IF021,273_3.mat,train,94,96256
273_3_00095.png,IF021,273_3.mat,train,95,97280
273_3_00096.png,IF021,273_3.mat,train,96,98304
273_3_00097.png,IF021,273_3.mat,train,97,99328
273_3_00098.png,IF021,273_3.mat,train,98,100352
273_3_00099.png,IF021,273_3.mat,train,99,101376
273_3_00100.png,IF021,273_3.mat,train,100,102400
273_3_00101.png,IF021,273_3.mat,train,101,103424
273_3_00102.png,IF021,273_3.mat,train,102,104448
273_3_00103.png,IF021,273_3.mat,train,103,105472
273_3_00104.png,IF021,273_3.mat,train,104,106496
273_3_00105.png,IF021,273_3.mat,train,105,107520
273_3_00106.png,IF021,273_3.mat,train,106,108544
273_3_00107.png,IF021,273_3.mat,train,107,109568
273_3_00108.png,IF021,273_3.mat,train,108,110592
273_3_00109.png,IF021,273_3.mat,train,109,111616
273_3_00110.png,IF021,273_3.mat,train,110,112640
273_3_00111.png,IF021,273_3.mat,train,111,113664
273_3_00112.png,IF021,273_3.mat,train,112,114688
273_3_00113.png,IF021,273_3.mat,train,113,115712
273_3_00114.png,IF021,273_3.mat,train,114,116736
273_3_00115.png,IF021,273_3.mat,train,115,117760
273_3_00116.png,IF021,273_3.mat,train,116,118784
98_Normal_1_00000.png,Normal,98_Normal_1.mat,train,0,0
98_Normal_1_00001.png,Normal,98_Normal_1.mat,train,1,1024
98_Normal_1_00002.png,Normal,98_Normal_1.mat,train,2,2048
98_Normal_1_00003.png,Normal,98_Normal_1.mat,train,3,3072
98_Normal_1_00004.png,Normal,98_Normal_1.mat,train,4,4096
98_Normal_1_00005.png,Normal,98_Normal_1.mat,train,5,5120
98_Normal_1_00006.png,Normal,98_Normal_1.mat,train,6,6144
98_Normal_1_00007.png,Normal,98_Normal_1.mat,train,7,7168
98_Normal_1_00008.png,Normal,98_Normal_1.mat,train,8,8192
98_Normal_1_00009.png,Normal,98_Normal_1.mat,train,9,9216
98_Normal_1_00010.png,Normal,98_Normal_1.mat,train,10,10240
98_Normal_1_00011.png,Normal,98_Normal_1.mat,train,11,11264
98_Normal_1_00012.png,Normal,98_Normal_1.mat,train,12,12288
98_Normal_1_00013.png,Normal,98_Normal_1.mat,train,13,13312
98_Normal_1_00014.png,Normal,98_Normal_1.mat,train,14,14336
98_Normal_1_00015.png,Normal,98_Normal_1.mat,train,15,15360
98_Normal_1_00016.png,Normal,98_Normal_1.mat,train,16,16384
98_Normal_1_00017.png,Normal,98_Normal_1.mat,train,17,17408
98_Normal_1_00018.png,Normal,98_Normal_1.mat,train,18,18432
98_Normal_1_00019.png,Normal,98_Normal_1.mat,train,19,19456
98_Normal_1_00020.png,Normal,98_Normal_1.mat,train,20,20480
98_Normal_1_00021.png,Normal,98_Normal_1.mat,train,21,21504
98_Normal_1_00022.png,Normal,98_Normal_1.mat,train,22,22528
98_Normal_1_00023.png,Normal,98_Normal_1.mat,train,23,23552
98_Normal_1_00024.png,Normal,98_Normal_1.mat,train,24,24576
98_Normal_1_00025.png,Normal,98_Normal_1.mat,train,25,25600
98_Normal_1_00026.png,Normal,98_Normal_1.mat,train,26,26624
98_Normal_1_00027.png,Normal,98_Normal_1.mat,train,27,27648
98_Normal_1_00028.png,Normal,98_Normal_1.mat,train,28,28672
98_Normal_1_00029.png,Normal,98_Normal_1.mat,train,29,29696
98_Normal_1_00030.png,Normal,98_Normal_1.mat,train,30,30720
98_Normal_1_00031.png,Normal,98_Normal_1.mat,train,31,31744
98_Normal_1_00032.png,Normal,98_Normal_1.mat,train,32,32768
98_Normal_1_00033.png,Normal,98_Normal_1.mat,train,33,33792
98_Normal_1_00034.png,Normal,98_Normal_1.mat,train,34,34816
98_Normal_1_00035.png,Normal,98_Normal_1.mat,train,35,35840
98_Normal_1_00036.png,Normal,98_Normal_1.mat,train,36,36864
98_Normal_1_00037.png,Normal,98_Normal_1.mat,train,37,37888
98_Normal_1_00038.png,Normal,98_Normal_1.mat,train,38,38912
98_Normal_1_00039.png,Normal,98_Normal_1.mat,train,39,39936
98_Normal_1_00040.png,Normal,98_Normal_1.mat,train,40,40960
98_Normal_1_00041.png,Normal,98_Normal_1.mat,train,41,41984
98_Normal_1_00042.png,Normal,98_Normal_1.mat,train,42,43008
98_Normal_1_00043.png,Normal,98_Normal_1.mat,train,43,44032
98_Normal_1_00044.png,Normal,98_Normal_1.mat,train,44,45056
98_Normal_1_00045.png,Normal,98_Normal_1.mat,train,45,46080
98_Normal_1_00046.png,Normal,98_Normal_1.mat,train,46,47104
98_Normal_1_00047.png,Normal,98_Normal_1.mat,train,47,48128
98_Normal_1_00048.png,Normal,98_Normal_1.mat,train,48,49152
98_Normal_1_00049.png,Normal,98_Normal_1.mat,train,49,50176
98_Normal_1_00050.png,Normal,98_Normal_1.mat,train,50,51200
98_Normal_1_00051.png,Normal,98_Normal_1.mat,train,51,52224
98_Normal_1_00052.png,Normal,98_Normal_1.mat,train,52,53248
98_Normal_1_00053.png,Normal,98_Normal_1.mat,train,53,54272
98_Normal_1_00054.png,Normal,98_Normal_1.mat,train,54,55296
98_Normal_1_00055.png,Normal,98_Normal_1.mat,train,55,56320
98_Normal_1_00056.png,Normal,98_Normal_1.mat,train,56,57344
98_Normal_1_00057.png,Normal,98_Normal_1.mat,train,57,58368
98_Normal_1_00058.png,Normal,98_Normal_1.mat,train,58,59392
98_Normal_1_00059.png,Normal,98_Normal_1.mat,train,59,60416
98_Normal_1_00060.png,Normal,98_Normal_1.mat,train,60,61440
98_Normal_1_00061.png,Normal,98_Normal_1.mat,train,61,62464
98_Normal_1_00062.png,Normal,98_Normal_1.mat,train,62,63488
98_Normal_1_00063.png,Normal,98_Normal_1.mat,train,63,64512
98_Normal_1_00064.png,Normal,98_Normal_1.mat,train,64,65536
98_Normal_1_00065.png,Normal,98_Normal_1.mat,train,65,66560
98_Normal_1_00066.png,Normal,98_Normal_1.mat,train,66,67584
98_Normal_1_00067.png,Normal,98_Normal_1.mat,train,67,68608
98_Normal_1_00068.png,Normal,98_Normal_1.mat,train,68,69632
98_Normal_1_00069.png,Normal,98_Normal_1.mat,train,69,70656
98_Normal_1_00070.png,Normal,98_Normal_1.mat,train,70,71680
98_Normal_1_00071.png,Normal,98_Normal_1.mat,train,71,72704
98_Normal_1_00072.png,Normal,98_Normal_1.mat,train,72,73728
98_Normal_1_00073.png,Normal,98_Normal_1.mat,train,73,74752
98_Normal_1_00074.png,Normal,98_Normal_1.mat,train,74,75776
98_Normal_1_00075.png,Normal,98_Normal_1.mat,train,75,76800
98_Normal_1_00076.png,Normal,98_Normal_1.mat,train,76,77824
98_Normal_1_00077.png,Normal,98_Normal_1.mat,train,77,78848
98_Normal_1_00078.png,Normal,98_Normal_1.mat,train,78,79872
98_Normal_1_00079.png,Normal,98_Normal_1.mat,train,79,80896
98_Normal_1_00080.png,Normal,98_Normal_1.mat,train,80,81920
98_Normal_1_00081.png,Normal,98_Normal_1.mat,train,81,82944
98_Normal_1_00082.png,Normal,98_Normal_1.mat,train,82,83968
98_Normal_1_00083.png,Normal,98_Normal_1.mat,train,83,84992
98_Normal_1_00084.png,Normal,98_Normal_1.mat,train,84,86016
98_Normal_1_00085.png,Normal,98_Normal_1.mat,train,85,87040
98_Normal_1_00086.png,Normal,98_Normal_1.mat,train,86,88064
98_Normal_1_00087.png,Normal,98_Normal_1.mat,train,87,89088
98_Normal_1_00088.png,Normal,98_Normal_1.mat,train,88,90112
98_Normal_1_00089.png,Normal,98_Normal_1.mat,train,89,91136
98_Normal_1_00090.png,Normal,98_Normal_1.mat,train,90,92160
98_Normal_1_00091.png,Normal,98_Normal_1.mat,train,91,93184
98_Normal_1_00092.png,Normal,98_Normal_1.mat,train,92,94208
98_Normal_1_00093.png,Normal,98_Normal_1.mat,train,93,95232
98_Normal_1_00094.png,Normal,98_Normal_1.mat,train,94,96256
98_Normal_1_00095.png,Normal,98_Normal_1.mat,train,95,97280
98_Normal_1_00096.png,Normal,98_Normal_1.mat,train,96,98304
98_Normal_1_00097.png,Normal,98_Normal_1.mat,train,97,99328
98_Normal_1_00098.png,Normal,98_Normal_1.mat,train,98,100352
98_Normal_1_00099.png,Normal,98_Normal_1.mat,train,99,101376
98_Normal_1_00100.png,Normal,98_Normal_1.mat,train,100,102400
98_Normal_1_00101.png,Normal,98_Normal_1.mat,train,101,103424
98_Normal_1_00102.png,Normal,98_Normal_1.mat,train,102,104448
98_Normal_1_00103.png,Normal,98_Normal_1.mat,train,103,105472
98_Normal_1_00104.png,Normal,98_Normal_1.mat,train,104,106496
98_Normal_1_00105.png,Normal,98_Normal_1.mat,train,105,107520
98_Normal_1_00106.png,Normal,98_Normal_1.mat,train,106,108544
98_Normal_1_00107.png,Normal,98_Normal_1.mat,train,107,109568
98_Normal_1_00108.png,Normal,98_Normal_1.mat,train,108,110592
98_Normal_1_00109.png,Normal,98_Normal_1.mat,train,109,111616
98_Normal_1_00110.png,Normal,98_Normal_1.mat,train,110,112640
98_Normal_1_00111.png,Normal,98_Normal_1.mat,train,111,113664
98_Normal_1_00112.png,Normal,98_Normal_1.mat,train,112,114688
98_Normal_1_00113.png,Normal,98_Normal_1.mat,train,113,115712
98_Normal_1_00114.png,Normal,98_Normal_1.mat,train,114,116736
98_Normal_1_00115.png,Normal,98_Normal_1.mat,train,115,117760
98_Normal_1_00116.png,Normal,98_Normal_1.mat,train,116,118784
98_Normal_1_00117.png,Normal,98_Normal_1.mat,train,117,119808
98_Normal_1_00118.png,Normal,98_Normal_1.mat,train,118,120832
98_Normal_1_00119.png,Normal,98_Normal_1.mat,train,119,121856
98_Normal_1_00120.png,Normal,98_Normal_1.mat,train,120,122880
98_Normal_1_00121.png,Normal,98_Normal_1.mat,train,121,123904
98_Normal_1_00122.png,Normal,98_Normal_1.mat,train,122,124928
98_Normal_1_00123.png,Normal,98_Normal_1.mat,train,123,125952
98_Normal_1_00124.png,Normal,98_Normal_1.mat,train,124,126976
98_Normal_1_00125.png,Normal,98_Normal_1.mat,train,125,128000
98_Normal_1_00126.png,Normal,98_Normal_1.mat,train,126,129024
98_Normal_1_00127.png,Normal,98_Normal_1.mat,train,127,130048
98_Normal_1_00128.png,Normal,98_Normal_1.mat,train,128,131072
98_Normal_1_00129.png,Normal,98_Normal_1.mat,train,129,132096
98_Normal_1_00130.png,Normal,98_Normal_1.mat,train,130,133120
98_Normal_1_00131.png,Normal,98_Normal_1.mat,train,131,134144
98_Normal_1_00132.png,Normal,98_Normal_1.mat,train,132,135168
98_Normal_1_00133.png,Normal,98_Normal_1.mat,train,133,136192
98_Normal_1_00134.png,Normal,98_Normal_1.mat,train,134,137216
98_Normal_1_00135.png,Normal,98_Normal_1.mat,train,135,138240
98_Normal_1_00136.png,Normal,98_Normal_1.mat,train,136,139264
98_Normal_1_00137.png,Normal,98_Normal_1.mat,train,137,140288
98_Normal_1_00138.png,Normal,98_Normal_1.mat,train,138,141312
98_Normal_1_00139.png,Normal,98_Normal_1.mat,train,139,142336
98_Normal_1_00140.png,Normal,98_Normal_1.mat,train,140,143360
98_Normal_1_00141.png,Normal,98_Normal_1.mat,train,141,144384
98_Normal_1_00142.png,Normal,98_Normal_1.mat,train,142,145408
98_Normal_1_00143.png,Normal,98_Normal_1.mat,train,143,146432
98_Normal_1_00144.png,Normal,98_Normal_1.mat,train,144,147456
98_Normal_1_00145.png,Normal,98_Normal_1.mat,train,145,148480
98_Normal_1_00146.png,Normal,98_Normal_1.mat,train,146,149504
98_Normal_1_00147.png,Normal,98_Normal_1.mat,train,147,150528
98_Normal_1_00148.png,Normal,98_Normal_1.mat,train,148,151552
98_Normal_1_00149.png,Normal,98_Normal_1.mat,train,149,152576
98_Normal_1_00150.png,Normal,98_Normal_1.mat,train,150,153600
98_Normal_1_00151.png,Normal,98_Normal_1.mat,train,151,154624
98_Normal_1_00152.png,Normal,98_Normal_1.mat,train,152,155648
98_Normal_1_00153.png,Normal,98_Normal_1.mat,train,153,156672
98_Normal_1_00154.png,Normal,98_Normal_1.mat,train,154,157696
98_Normal_1_00155.png,Normal,98_Normal_1.mat,train,155,158720
98_Normal_1_00156.png,Normal,98_Normal_1.mat,train,156,159744
98_Normal_1_00157.png,Normal,98_Normal_1.mat,train,157,160768
98_Normal_1_00158.png,Normal,98_Normal_1.mat,train,158,161792
98_Normal_1_00159.png,Normal,98_Normal_1.mat,train,159,162816
98_Normal_1_00160.png,Normal,98_Normal_1.mat,train,160,163840
98_Normal_1_00161.png,Normal,98_Normal_1.mat,train,161,164864
98_Normal_1_00162.png,Normal,98_Normal_1.mat,train,162,165888
98_Normal_1_00163.png,Normal,98_Normal_1.mat,train,163,166912
98_Normal_1_00164.png,Normal,98_Normal_1.mat,train,164,167936
98_Normal_1_00165.png,Normal,98_Normal_1.mat,train,165,168960
98_Normal_1_00166.png,Normal,98_Normal_1.mat,train,166,169984
98_Normal_1_00167.png,Normal,98_Normal_1.mat,train,167,171008
98_Normal_1_00168.png,Normal,98_Normal_1.mat,train,168,172032
98_Normal_1_00169.png,Normal,98_Normal_1.mat,train,169,173056
98_Normal_1_00170.png,Normal,98_Normal_1.mat,train,170,174080
98_Normal_1_00171.png,Normal,98_Normal_1.mat,train,171,175104
98_Normal_1_00172.png,Normal,98_Normal_1.mat,train,172,176128
98_Normal_1_00173.png,Normal,98_Normal_1.mat,train,173,177152
98_Normal_1_00174.png,Normal,98_Normal_1.mat,train,174,178176
98_Normal_1_00175.png,Normal,98_Normal_1.mat,train,175,179200
98_Normal_1_00176.png,Normal,98_Normal_1.mat,train,176,180224
98_Normal_1_00177.png,Normal,98_Normal_1.mat,train,177,181248
98_Normal_1_00178.png,Normal,98_Normal_1.mat,train,178,182272
98_Normal_1_00179.png,Normal,98_Normal_1.mat,train,179,183296
98_Normal_1_00180.png,Normal,98_Normal_1.mat,train,180,184320
98_Normal_1_00181.png,Normal,98_Normal_1.mat,train,181,185344
98_Normal_1_00182.png,Normal,98_Normal_1.mat,train,182,186368
98_Normal_1_00183.png,Normal,98_Normal_1.mat,train,183,187392
98_Normal_1_00184.png,Normal,98_Normal_1.mat,train,184,188416
98_Normal_1_00185.png,Normal,98_Normal_1.mat,train,185,189440
98_Normal_1_00186.png,Normal,98_Normal_1.mat,train,186,190464
98_Normal_1_00187.png,Normal,98_Normal_1.mat,train,187,191488
98_Normal_1_00188.png,Normal,98_Normal_1.mat,train,188,192512
98_Normal_1_00189.png,Normal,98_Normal_1.mat,train,189,193536
98_Normal_1_00190.png,Normal,98_Normal_1.mat,train,190,194560
98_Normal_1_00191.png,Normal,98_Normal_1.mat,train,191,195584
98_Normal_1_00192.png,Normal,98_Normal_1.mat,train,192,196608
98_Normal_1_00193.png,Normal,98_Normal_1.mat,train,193,197632
98_Normal_1_00194.png,Normal,98_Normal_1.mat,train,194,198656
98_Normal_1_00195.png,Normal,98_Normal_1.mat,train,195,199680
98_Normal_1_00196.png,Normal,98_Normal_1.mat,train,196,200704
98_Normal_1_00197.png,Normal,98_Normal_1.mat,train,197,201728
98_Normal_1_00198.png,Normal,98_Normal_1.mat,train,198,202752
98_Normal_1_00199.png,Normal,98_Normal_1.mat,train,199,203776
98_Normal_1_00200.png,Normal,98_Normal_1.mat,train,200,204800
98_Normal_1_00201.png,Normal,98_Normal_1.mat,train,201,205824
98_Normal_1_00202.png,Normal,98_Normal_1.mat,train,202,206848
98_Normal_1_00203.png,Normal,98_Normal_1.mat,train,203,207872
98_Normal_1_00204.png,Normal,98_Normal_1.mat,train,204,208896
98_Normal_1_00205.png,Normal,98_Normal_1.mat,train,205,209920
98_Normal_1_00206.png,Normal,98_Normal_1.mat,train,206,210944
98_Normal_1_00207.png,Normal,98_Normal_1.mat,train,207,211968
98_Normal_1_00208.png,Normal,98_Normal_1.mat,train,208,212992
98_Normal_1_00209.png,Normal,98_Normal_1.mat,train,209,214016
98_Normal_1_00210.png,Normal,98_Normal_1.mat,train,210,215040
98_Normal_1_00211.png,Normal,98_Normal_1.mat,train,211,216064
98_Normal_1_00212.png,Normal,98_Normal_1.mat,train,212,217088
98_Normal_1_00213.png,Normal,98_Normal_1.mat,train,213,218112
98_Normal_1_00214.png,Normal,98_Normal_1.mat,train,214,219136
98_Normal_1_00215.png,Normal,98_Normal_1.mat,train,215,220160
98_Normal_1_00216.png,Normal,98_Normal_1.mat,train,216,221184
98_Normal_1_00217.png,Normal,98_Normal_1.mat,train,217,222208
98_Normal_1_00218.png,Normal,98_Normal_1.mat,train,218,223232
98_Normal_1_00219.png,Normal,98_Normal_1.mat,train,219,224256
98_Normal_1_00220.png,Normal,98_Normal_1.mat,train,220,225280
98_Normal_1_00221.png,Normal,98_Normal_1.mat,train,221,226304
98_Normal_1_00222.png,Normal,98_Normal_1.mat,train,222,227328
98_Normal_1_00223.png,Normal,98_Normal_1.mat,train,223,228352
98_Normal_1_00224.png,Normal,98_Normal_1.mat,train,224,229376
98_Normal_1_00225.png,Normal,98_Normal_1.mat,train,225,230400
98_Normal_1_00226.png,Normal,98_Normal_1.mat,train,226,231424
98_Normal_1_00227.png,Normal,98_Normal_1.mat,train,227,232448
98_Normal_1_00228.png,Normal,98_Normal_1.mat,train,228,233472
98_Normal_1_00229.png,Normal,98_Normal_1.mat,train,229,234496
98_Normal_1_00230.png,Normal,98_Normal_1.mat,train,230,235520
98_Normal_1_00231.png,Normal,98_Normal_1.mat,train,231,236544
98_Normal_1_00232.png,Normal,98_Normal_1.mat,train,232,237568
98_Normal_1_00233.png,Normal,98_Normal_1.mat,train,233,238592
98_Normal_1_00234.png,Normal,98_Normal_1.mat,train,234,239616
98_Normal_1_00235.png,Normal,98_Normal_1.mat,train,235,240640
98_Normal_1_00236.png,Normal,98_Normal_1.mat,train,236,241664
98_Normal_1_00237.png,Normal,98_Normal_1.mat,train,237,242688
98_Normal_1_00238.png,Normal,98_Normal_1.mat,train,238,243712
98_Normal_1_00239.png,Normal,98_Normal_1.mat,train,239,244736
98_Normal_1_00240.png,Normal,98_Normal_1.mat,train,240,245760
98_Normal_1_00241.png,Normal,98_Normal_1.mat,train,241,246784
98_Normal_1_00242.png,Normal,98_Normal_1.mat,train,242,247808
98_Normal_1_00243.png,Normal,98_Normal_1.mat,train,243,248832
98_Normal_1_00244.png,Normal,98_Normal_1.mat,train,244,249856
98_Normal_1_00245.png,Normal,98_Normal_1.mat,train,245,250880
98_Normal_1_00246.png,Normal,98_Normal_1.mat,train,246,251904
98_Normal_1_00247.png,Normal,98_Normal_1.mat,train,247,252928
98_Normal_1_00248.png,Normal,98_Normal_1.mat,train,248,253952
98_Normal_1_00249.png,Normal,98_Normal_1.mat,train,249,254976
98_Normal_1_00250.png,Normal,98_Normal_1.mat,train,250,256000
98_Normal_1_00251.png,Normal,98_Normal_1.mat,train,251,257024
98_Normal_1_00252.png,Normal,98_Normal_1.mat,train,252,258048
98_Normal_1_00253.png,Normal,98_Normal_1.mat,train,253,259072
98_Normal_1_00254.png,Normal,98_Normal_1.mat,train,254,260096
98_Normal_1_00255.png,Normal,98_Normal_1.mat,train,255,261120
98_Normal_1_00256.png,Normal,98_Normal_1.mat,train,256,262144
98_Normal_1_00257.png,Normal,98_Normal_1.mat,train,257,263168
98_Normal_1_00258.png,Normal,98_Normal_1.mat,train,258,264192
98_Normal_1_00259.png,Normal,98_Normal_1.mat,train,259,265216
98_Normal_1_00260.png,Normal,98_Normal_1.mat,train,260,266240
98_Normal_1_00261.png,Normal,98_Normal_1.mat,train,261,267264
98_Normal_1_00262.png,Normal,98_Normal_1.mat,train,262,268288
98_Normal_1_00263.png,Normal,98_Normal_1.mat,train,263,269312
98_Normal_1_00264.png,Normal,98_Normal_1.mat,train,264,270336
98_Normal_1_00265.png,Normal,98_Normal_1.mat,train,265,271360
98_Normal_1_00266.png,Normal,98_Normal_1.mat,train,266,272384
98_Normal_1_00267.png,Normal,98_Normal_1.mat,train,267,273408
98_Normal_1_00268.png,Normal,98_Normal_1.mat,train,268,274432
98_Normal_1_00269.png,Normal,98_Normal_1.mat,train,269,275456
98_Normal_1_00270.png,Normal,98_Normal_1.mat,train,270,276480
98_Normal_1_00271.png,Normal,98_Normal_1.mat,train,271,277504
98_Normal_1_00272.png,Normal,98_Normal_1.mat,train,272,278528
98_Normal_1_00273.png,Normal,98_Normal_1.mat,train,273,279552
98_Normal_1_00274.png,Normal,98_Normal_1.mat,train,274,280576
98_Normal_1_00275.png,Normal,98_Normal_1.mat,train,275,281600
98_Normal_1_00276.png,Normal,98_Normal_1.mat,train,276,282624
98_Normal_1_00277.png,Normal,98_Normal_1.mat,train,277,283648
98_Normal_1_00278.png,Normal,98_Normal_1.mat,train,278,284672
98_Normal_1_00279.png,Normal,98_Normal_1.mat,train,279,285696
98_Normal_1_00280.png,Normal,98_Normal_1.mat,train,280,286720
98_Normal_1_00281.png,Normal,98_Normal_1.mat,train,281,287744
98_Normal_1_00282.png,Normal,98_Normal_1.mat,train,282,288768
98_Normal_1_00283.png,Normal,98_Normal_1.mat,train,283,289792
98_Normal_1_00284.png,Normal,98_Normal_1.mat,train,284,290816
98_Normal_1_00285.png,Normal,98_Normal_1.mat,train,285,291840
98_Normal_1_00286.png,Normal,98_Normal_1.mat,train,286,292864
98_Normal_1_00287.png,Normal,98_Normal_1.mat,train,287,293888
98_Normal_1_00288.png,Normal,98_Normal_1.mat,train,288,294912
98_Normal_1_00289.png,Normal,98_Normal_1.mat,train,289,295936
98_Normal_1_00290.png,Normal,98_Normal_1.mat,train,290,296960
98_Normal_1_00291.png,Normal,98_Normal_1.mat,train,291,297984
98_Normal_1_00292.png,Normal,98_Normal_1.mat,train,292,299008
98_Normal_1_00293.png,Normal,98_Normal_1.mat,train,293,300032
98_Normal_1_00294.png,Normal,98_Normal_1.mat,train,294,301056
98_Normal_1_00295.png,Normal,98_Normal_1.mat,train,295,302080
98_Normal_1_00296.png,Normal,98_Normal_1.mat,train,296,303104
98_Normal_1_00297.png,Normal,98_Normal_1.mat,train,297,304128
98_Normal_1_00298.png,Normal,98_Normal_1.mat,train,298,305152
98_Normal_1_00299.png,Normal,98_Normal_1.mat,train,299,306176
98_Normal_1_00300.png,Normal,98_Normal_1.mat,train,300,307200
98_Normal_1_00301.png,Normal,98_Normal_1.mat,train,301,308224
98_Normal_1_00302.png,Normal,98_Normal_1.mat,train,302,309248
98_Normal_1_00303.png,Normal,98_Normal_1.mat,train,303,310272
98_Normal_1_00304.png,Normal,98_Normal_1.mat,train,304,311296
98_Normal_1_00305.png,Normal,98_Normal_1.mat,train,305,312320
98_Normal_1_00306.png,Normal,98_Normal_1.mat,train,306,313344
98_Normal_1_00307.png,Normal,98_Normal_1.mat,train,307,314368
98_Normal_1_00308.png,Normal,98_Normal_1.mat,train,308,315392
98_Normal_1_00309.png,Normal,98_Normal_1.mat,train,309,316416
98_Normal_1_00310.png,Normal,98_Normal_1.mat,train,310,317440
98_Normal_1_00311.png,Normal,98_Normal_1.mat,train,311,318464
98_Normal_1_00312.png,Normal,98_Normal_1.mat,train,312,319488
98_Normal_1_00313.png,Normal,98_Normal_1.mat,train,313,320512
98_Normal_1_00314.png,Normal,98_Normal_1.mat,train,314,321536
98_Normal_1_00315.png,Normal,98_Normal_1.mat,train,315,322560
98_Normal_1_00316.png,Normal,98_Normal_1.mat,train,316,323584
98_Normal_1_00317.png,Normal,98_Normal_1.mat,train,317,324608
98_Normal_1_00318.png,Normal,98_Normal_1.mat,train,318,325632
98_Normal_1_00319.png,Normal,98_Normal_1.mat,train,319,326656
98_Normal_1_00320.png,Normal,98_Normal_1.mat,train,320,327680
98_Normal_1_00321.png,Normal,98_Normal_1.mat,train,321,328704
98_Normal_1_00322.png,Normal,98_Normal_1.mat,train,322,329728
98_Normal_1_00323.png,Normal,98_Normal_1.mat,train,323,330752
98_Normal_1_00324.png,Normal,98_Normal_1.mat,train,324,331776
98_Normal_1_00325.png,Normal,98_Normal_1.mat,train,325,332800
98_Normal_1_00326.png,Normal,98_Normal_1.mat,train,326,333824
98_Normal_1_00327.png,Normal,98_Normal_1.mat,train,327,334848
98_Normal_1_00328.png,Normal,98_Normal_1.mat,train,328,335872
98_Normal_1_00329.png,Normal,98_Normal_1.mat,train,329,336896
98_Normal_1_00330.png,Normal,98_Normal_1.mat,train,330,337920
98_Normal_1_00331.png,Normal,98_Normal_1.mat,train,331,338944
98_Normal_1_00332.png,Normal,98_Normal_1.mat,train,332,339968
98_Normal_1_00333.png,Normal,98_Normal_1.mat,train,333,340992
98_Normal_1_00334.png,Normal,98_Normal_1.mat,train,334,342016
98_Normal_1_00335.png,Normal,98_Normal_1.mat,train,335,343040
98_Normal_1_00336.png,Normal,98_Normal_1.mat,train,336,344064
98_Normal_1_00337.png,Normal,98_Normal_1.mat,train,337,345088
98_Normal_1_00338.png,Normal,98_Normal_1.mat,train,338,346112
98_Normal_1_00339.png,Normal,98_Normal_1.mat,train,339,347136
98_Normal_1_00340.png,Normal,98_Normal_1.mat,train,340,348160
98_Normal_1_00341.png,Normal,98_Normal_1.mat,train,341,349184
98_Normal_1_00342.png,Normal,98_Normal_1.mat,train,342,350208
98_Normal_1_00343.png,Normal,98_Normal_1.mat,train,343,351232
98_Normal_1_00344.png,Normal,98_Normal_1.mat,train,344,352256
98_Normal_1_00345.png,Normal,98_Normal_1.mat,train,345,353280
98_Normal_1_00346.png,Normal,98_Normal_1.mat,train,346,354304
98_Normal_1_00347.png,Normal,98_Normal_1.mat,train,347,355328
98_Normal_1_00348.png,Normal,98_Normal_1.mat,train,348,356352
98_Normal_1_00349.png,Normal,98_Normal_1.mat,train,349,357376
98_Normal_1_00350.png,Normal,98_Normal_1.mat,train,350,358400
98_Normal_1_00351.png,Normal,98_Normal_1.mat,train,351,359424
98_Normal_1_00352.png,Normal,98_Normal_1.mat,train,352,360448
98_Normal_1_00353.png,Normal,98_Normal_1.mat,train,353,361472
98_Normal_1_00354.png,Normal,98_Normal_1.mat,train,354,362496
98_Normal_1_00355.png,Normal,98_Normal_1.mat,train,355,363520
98_Normal_1_00356.png,Normal,98_Normal_1.mat,train,356,364544
98_Normal_1_00357.png,Normal,98_Normal_1.mat,train,357,365568
98_Normal_1_00358.png,Normal,98_Normal_1.mat,train,358,366592
98_Normal_1_00359.png,Normal,98_Normal_1.mat,train,359,367616
98_Normal_1_00360.png,Normal,98_Normal_1.mat,train,360,368640
98_Normal_1_00361.png,Normal,98_Normal_1.mat,train,361,369664
98_Normal_1_00362.png,Normal,98_Normal_1.mat,train,362,370688
98_Normal_1_00363.png,Normal,98_Normal_1.mat,train,363,371712
98_Normal_1_00364.png,Normal,98_Normal_1.mat,train,364,372736
98_Normal_1_00365.png,Normal,98_Normal_1.mat,train,365,373760
98_Normal_1_00366.png,Normal,98_Normal_1.mat,train,366,374784
98_Normal_1_00367.png,Normal,98_Normal_1.mat,train,367,375808
98_Normal_1_00368.png,Normal,98_Normal_1.mat,train,368,376832
98_Normal_1_00369.png,Normal,98_Normal_1.mat,train,369,377856
98_Normal_1_00370.png,Normal,98_Normal_1.mat,train,370,378880
98_Normal_1_00371.png,Normal,98_Normal_1.mat,train,371,379904
98_Normal_1_00372.png,Normal,98_Normal_1.mat,train,372,380928
98_Normal_1_00373.png,Normal,98_Normal_1.mat,train,373,381952
98_Normal_1_00374.png,Normal,98_Normal_1.mat,train,374,382976
98_Normal_1_00375.png,Normal,98_Normal_1.mat,train,375,384000
98_Normal_1_00376.png,Normal,98_Normal_1.mat,train,376,385024
98_Normal_1_00377.png,Normal,98_Normal_1.mat,train,377,386048
98_Normal_1_00378.png,Normal,98_Normal_1.mat,train,378,387072
98_Normal_1_00379.png,Normal,98_Normal_1.mat,train,379,388096
98_Normal_1_00380.png,Normal,98_Normal_1.mat,train,380,389120
98_Normal_1_00381.png,Normal,98_Normal_1.mat,train,381,390144
98_Normal_1_00382.png,Normal,98_Normal_1.mat,train,382,391168
98_Normal_1_00383.png,Normal,98_Normal_1.mat,train,383,392192
98_Normal_1_00384.png,Normal,98_Normal_1.mat,train,384,393216
98_Normal_1_00385.png,Normal,98_Normal_1.mat,train,385,394240
98_Normal_1_00386.png,Normal,98_Normal_1.mat,train,386,395264
98_Normal_1_00387.png,Normal,98_Normal_1.mat,train,387,396288
98_Normal_1_00388.png,Normal,98_Normal_1.mat,train,388,397312
98_Normal_1_00389.png,Normal,98_Normal_1.mat,train,389,398336
98_Normal_1_00390.png,Normal,98_Normal_1.mat,train,390,399360
98_Normal_1_00391.png,Normal,98_Normal_1.mat,train,391,400384
98_Normal_1_00392.png,Normal,98_Normal_1.mat,train,392,401408
98_Normal_1_00393.png,Normal,98_Normal_1.mat,train,393,402432
98_Normal_1_00394.png,Normal,98_Normal_1.mat,train,394,403456
98_Normal_1_00395.png,Normal,98_Normal_1.mat,train,395,404480
98_Normal_1_00396.png,Normal,98_Normal_1.mat,train,396,405504
98_Normal_1_00397.png,Normal,98_Normal_1.mat,train,397,406528
98_Normal_1_00398.png,Normal,98_Normal_1.mat,train,398,407552
98_Normal_1_00399.png,Normal,98_Normal_1.mat,train,399,408576
98_Normal_1_00400.png,Normal,98_Normal_1.mat,train,400,409600
98_Normal_1_00401.png,Normal,98_Normal_1.mat,train,401,410624
98_Normal_1_00402.png,Normal,98_Normal_1.mat,train,402,411648
98_Normal_1_00403.png,Normal,98_Normal_1.mat,train,403,412672
98_Normal_1_00404.png,Normal,98_Normal_1.mat,train,404,413696
98_Normal_1_00405.png,Normal,98_Normal_1.mat,train,405,414720
98_Normal_1_00406.png,Normal,98_Normal_1.mat,train,406,415744
98_Normal_1_00407.png,Normal,98_Normal_1.mat,train,407,416768
98_Normal_1_00408.png,Normal,98_Normal_1.mat,train,408,417792
98_Normal_1_00409.png,Normal,98_Normal_1.mat,train,409,418816
98_Normal_1_00410.png,Normal,98_Normal_1.mat,train,410,419840
98_Normal_1_00411.png,Normal,98_Normal_1.mat,train,411,420864
98_Normal_1_00412.png,Normal,98_Normal_1.mat,train,412,421888
98_Normal_1_00413.png,Normal,98_Normal_1.mat,train,413,422912
98_Normal_1_00414.png,Normal,98_Normal_1.mat,train,414,423936
98_Normal_1_00415.png,Normal,98_Normal_1.mat,train,415,424960
98_Normal_1_00416.png,Normal,98_Normal_1.mat,train,416,425984
98_Normal_1_00417.png,Normal,98_Normal_1.mat,train,417,427008
98_Normal_1_00418.png,Normal,98_Normal_1.mat,train,418,428032
98_Normal_1_00419.png,Normal,98_Normal_1.mat,train,419,429056
98_Normal_1_00420.png,Normal,98_Normal_1.mat,train,420,430080
98_Normal_1_00421.png,Normal,98_Normal_1.mat,train,421,431104
98_Normal_1_00422.png,Normal,98_Normal_1.mat,train,422,432128
98_Normal_1_00423.png,Normal,98_Normal_1.mat,train,423,433152
98_Normal_1_00424.png,Normal,98_Normal_1.mat,train,424,434176
98_Normal_1_00425.png,Normal,98_Normal_1.mat,train,425,435200
98_Normal_1_00426.png,Normal,98_Normal_1.mat,train,426,436224
98_Normal_1_00427.png,Normal,98_Normal_1.mat,train,427,437248
98_Normal_1_00428.png,Normal,98_Normal_1.mat,train,428,438272
98_Normal_1_00429.png,Normal,98_Normal_1.mat,train,429,439296
98_Normal_1_00430.png,Normal,98_Normal_1.mat,train,430,440320
98_Normal_1_00431.png,Normal,98_Normal_1.mat,train,431,441344
98_Normal_1_00432.png,Normal,98_Normal_1.mat,train,432,442368
98_Normal_1_00433.png,Normal,98_Normal_1.mat,train,433,443392
98_Normal_1_00434.png,Normal,98_Normal_1.mat,train,434,444416
98_Normal_1_00435.png,Normal,98_Normal_1.mat,train,435,445440
98_Normal_1_00436.png,Normal,98_Normal_1.mat,train,436,446464
98_Normal_1_00437.png,Normal,98_Normal_1.mat,train,437,447488
98_Normal_1_00438.png,Normal,98_Normal_1.mat,train,438,448512
98_Normal_1_00439.png,Normal,98_Normal_1.mat,train,439,449536
98_Normal_1_00440.png,Normal,98_Normal_1.mat,train,440,450560
98_Normal_1_00441.png,Normal,98_Normal_1.mat,train,441,451584
98_Normal_1_00442.png,Normal,98_Normal_1.mat,train,442,452608
98_Normal_1_00443.png,Normal,98_Normal_1.mat,train,443,453632
98_Normal_1_00444.png,Normal,98_Normal_1.mat,train,444,454656
98_Normal_1_00445.png,Normal,98_Normal_1.mat,train,445,455680
98_Normal_1_00446.png,Normal,98_Normal_1.mat,train,446,456704
98_Normal_1_00447.png,Normal,98_Normal_1.mat,train,447,457728
98_Normal_1_00448.png,Normal,98_Normal_1.mat,train,448,458752
98_Normal_1_00449.png,Normal,98_Normal_1.mat,train,449,459776
98_Normal_1_00450.png,Normal,98_Normal_1.mat,train,450,460800
98_Normal_1_00451.png,Normal,98_Normal_1.mat,train,451,461824
98_Normal_1_00452.png,Normal,98_Normal_1.mat,train,452,462848
98_Normal_1_00453.png,Normal,98_Normal_1.mat,train,453,463872
98_Normal_1_00454.png,Normal,98_Normal_1.mat,train,454,464896
98_Normal_1_00455.png,Normal,98_Normal_1.mat,train,455,465920
98_Normal_1_00456.png,Normal,98_Normal_1.mat,train,456,466944
98_Normal_1_00457.png,Normal,98_Normal_1.mat,train,457,467968
98_Normal_1_00458.png,Normal,98_Normal_1.mat,train,458,468992
98_Normal_1_00459.png,Normal,98_Normal_1.mat,train,459,470016
98_Normal_1_00460.png,Normal,98_Normal_1.mat,train,460,471040
98_Normal_1_00461.png,Normal,98_Normal_1.mat,train,461,472064
98_Normal_1_00462.png,Normal,98_Normal_1.mat,train,462,473088
98_Normal_1_00463.png,Normal,98_Normal_1.mat,train,463,474112
98_Normal_1_00464.png,Normal,98_Normal_1.mat,train,464,475136
98_Normal_1_00465.png,Normal,98_Normal_1.mat,train,465,476160
98_Normal_1_00466.png,Normal,98_Normal_1.mat,train,466,477184
98_Normal_1_00467.png,Normal,98_Normal_1.mat,train,467,478208
98_Normal_1_00468.png,Normal,98_Normal_1.mat,train,468,479232
98_Normal_1_00469.png,Normal,98_Normal_1.mat,train,469,480256
98_Normal_1_00470.png,Normal,98_Normal_1.mat,train,470,481280
97_Normal_0_00000.png,Normal,97_Normal_0.mat,train,0,0
97_Normal_0_00001.png,Normal,97_Normal_0.mat,train,1,1024
97_Normal_0_00002.png,Normal,97_Normal_0.mat,train,2,2048
97_Normal_0_00003.png,Normal,97_Normal_0.mat,train,3,3072
97_Normal_0_00004.png,Normal,97_Normal_0.mat,train,4,4096
97_Normal_0_00005.png,Normal,97_Normal_0.mat,train,5,5120
97_Normal_0_00006.png,Normal,97_Normal_0.mat,train,6,6144
97_Normal_0_00007.png,Normal,97_Normal_0.mat,train,7,7168
97_Normal_0_00008.png,Normal,97_Normal_0.mat,train,8,8192
97_Normal_0_00009.png,Normal,97_Normal_0.mat,train,9,9216
97_Normal_0_00010.png,Normal,97_Normal_0.mat,train,10,10240
97_Normal_0_00011.png,Normal,97_Normal_0.mat,train,11,11264
97_Normal_0_00012.png,Normal,97_Normal_0.mat,train,12,12288
97_Normal_0_00013.png,Normal,97_Normal_0.mat,train,13,13312
97_Normal_0_00014.png,Normal,97_Normal_0.mat,train,14,14336
97_Normal_0_00015.png,Normal,97_Normal_0.mat,train,15,15360
97_Normal_0_00016.png,Normal,97_Normal_0.mat,train,16,16384
97_Normal_0_00017.png,Normal,97_Normal_0.mat,train,17,17408
97_Normal_0_00018.png,Normal,97_Normal_0.mat,train,18,18432
97_Normal_0_00019.png,Normal,97_Normal_0.mat,train,19,19456
97_Normal_0_00020.png,Normal,97_Normal_0.mat,train,20,20480
97_Normal_0_00021.png,Normal,97_Normal_0.mat,train,21,21504
97_Normal_0_00022.png,Normal,97_Normal_0.mat,train,22,22528
97_Normal_0_00023.png,Normal,97_Normal_0.mat,train,23,23552
97_Normal_0_00024.png,Normal,97_Normal_0.mat,train,24,24576
97_Normal_0_00025.png,Normal,97_Normal_0.mat,train,25,25600
97_Normal_0_00026.png,Normal,97_Normal_0.mat,train,26,26624
97_Normal_0_00027.png,Normal,97_Normal_0.mat,train,27,27648
97_Normal_0_00028.png,Normal,97_Normal_0.mat,train,28,28672
97_Normal_0_00029.png,Normal,97_Normal_0.mat,train,29,29696
97_Normal_0_00030.png,Normal,97_Normal_0.mat,train,30,30720
97_Normal_0_00031.png,Normal,97_Normal_0.mat,train,31,31744
97_Normal_0_00032.png,Normal,97_Normal_0.mat,train,32,32768
97_Normal_0_00033.png,Normal,97_Normal_0.mat,train,33,33792
97_Normal_0_00034.png,Normal,97_Normal_0.mat,train,34,34816
97_Normal_0_00035.png,Normal,97_Normal_0.mat,train,35,35840
97_Normal_0_00036.png,Normal,97_Normal_0.mat,train,36,36864
97_Normal_0_00037.png,Normal,97_Normal_0.mat,train,37,37888
97_Normal_0_00038.png,Normal,97_Normal_0.mat,train,38,38912
97_Normal_0_00039.png,Normal,97_Normal_0.mat,train,39,39936
97_Normal_0_00040.png,Normal,97_Normal_0.mat,train,40,40960
97_Normal_0_00041.png,Normal,97_Normal_0.mat,train,41,41984
97_Normal_0_00042.png,Normal,97_Normal_0.mat,train,42,43008
97_Normal_0_00043.png,Normal,97_Normal_0.mat,train,43,44032
97_Normal_0_00044.png,Normal,97_Normal_0.mat,train,44,45056
97_Normal_0_00045.png,Normal,97_Normal_0.mat,train,45,46080
97_Normal_0_00046.png,Normal,97_Normal_0.mat,train,46,47104
97_Normal_0_00047.png,Normal,97_Normal_0.mat,train,47,48128
97_Normal_0_00048.png,Normal,97_Normal_0.mat,train,48,49152
97_Normal_0_00049.png,Normal,97_Normal_0.mat,train,49,50176
97_Normal_0_00050.png,Normal,97_Normal_0.mat,train,50,51200
97_Normal_0_00051.png,Normal,97_Normal_0.mat,train,51,52224
97_Normal_0_00052.png,Normal,97_Normal_0.mat,train,52,53248
97_Normal_0_00053.png,Normal,97_Normal_0.mat,train,53,54272
97_Normal_0_00054.png,Normal,97_Normal_0.mat,train,54,55296
97_Normal_0_00055.png,Normal,97_Normal_0.mat,train,55,56320
97_Normal_0_00056.png,Normal,97_Normal_0.mat,train,56,57344
97_Normal_0_00057.png,Normal,97_Normal_0.mat,train,57,58368
97_Normal_0_00058.png,Normal,97_Normal_0.mat,train,58,59392
97_Normal_0_00059.png,Normal,97_Normal_0.mat,train,59,60416
97_Normal_0_00060.png,Normal,97_Normal_0.mat,train,60,61440
97_Normal_0_00061.png,Normal,97_Normal_0.mat,train,61,62464
97_Normal_0_00062.png,Normal,97_Normal_0.mat,train,62,63488
97_Normal_0_00063.png,Normal,97_Normal_0.mat,train,63,64512
97_Normal_0_00064.png,Normal,97_Normal_0.mat,train,64,65536
97_Normal_0_00065.png,Normal,97_Normal_0.mat,train,65,66560
97_Normal_0_00066.png,Normal,97_Normal_0.mat,train,66,67584
97_Normal_0_00067.png,Normal,97_Normal_0.mat,train,67,68608
97_Normal_0_00068.png,Normal,97_Normal_0.mat,train,68,69632
97_Normal_0_00069.png,Normal,97_Normal_0.mat,train,69,70656
97_Normal_0_00070.png,Normal,97_Normal_0.mat,train,70,71680
97_Normal_0_00071.png,Normal,97_Normal_0.mat,train,71,72704
97_Normal_0_00072.png,Normal,97_Normal_0.mat,train,72,73728
97_Normal_0_00073.png,Normal,97_Normal_0.mat,train,73,74752
97_Normal_0_00074.png,Normal,97_Normal_0.mat,train,74,75776
97_Normal_0_00075.png,Normal,97_Normal_0.mat,train,75,76800
97_Normal_0_00076.png,Normal,97_Normal_0.mat,train,76,77824
97_Normal_0_00077.png,Normal,97_Normal_0.mat,train,77,78848
97_Normal_0_00078.png,Normal,97_Normal_0.mat,train,78,79872
97_Normal_0_00079.png,Normal,97_Normal_0.mat,train,79,80896
97_Normal_0_00080.png,Normal,97_Normal_0.mat,train,80,81920
97_Normal_0_00081.png,Normal,97_Normal_0.mat,train,81,82944
97_Normal_0_00082.png,Normal,97_Normal_0.mat,train,82,83968
97_Normal_0_00083.png,Normal,97_Normal_0.mat,train,83,84992
97_Normal_0_00084.png,Normal,97_Normal_0.mat,train,84,86016
97_Normal_0_00085.png,Normal,97_Normal_0.mat,train,85,87040
97_Normal_0_00086.png,Normal,97_Normal_0.mat,train,86,88064
97_Normal_0_00087.png,Normal,97_Normal_0.mat,train,87,89088
97_Normal_0_00088.png,Normal,97_Normal_0.mat,train,88,90112
97_Normal_0_00089.png,Normal,97_Normal_0.mat,train,89,91136
97_Normal_0_00090.png,Normal,97_Normal_0.mat,train,90,92160
97_Normal_0_00091.png,Normal,97_Normal_0.mat,train,91,93184
97_Normal_0_00092.png,Normal,97_Normal_0.mat,train,92,94208
97_Normal_0_00093.png,Normal,97_Normal_0.mat,train,93,95232
97_Normal_0_00094.png,Normal,97_Normal_0.mat,train,94,96256
97_Normal_0_00095.png,Normal,97_Normal_0.mat,train,95,97280
97_Normal_0_00096.png,Normal,97_Normal_0.mat,train,96,98304
97_Normal_0_00097.png,Normal,97_Normal_0.mat,train,97,99328
97_Normal_0_00098.png,Normal,97_Normal_0.mat,train,98,100352
97_Normal_0_00099.png,Normal,97_Normal_0.mat,train,99,101376
97_Normal_0_00100.png,Normal,97_Normal_0.mat,train,100,102400
97_Normal_0_00101.png,Normal,97_Normal_0.mat,train,101,103424
97_Normal_0_00102.png,Normal,97_Normal_0.mat,train,102,104448
97_Normal_0_00103.png,Normal,97_Normal_0.mat,train,103,105472
97_Normal_0_00104.png,Normal,97_Normal_0.mat,train,104,106496
97_Normal_0_00105.png,Normal,97_Normal_0.mat,train,105,107520
97_Normal_0_00106.png,Normal,97_Normal_0.mat,train,106,108544
97_Normal_0_00107.png,Normal,97_Normal_0.mat,train,107,109568
97_Normal_0_00108.png,Normal,97_Normal_0.mat,train,108,110592
97_Normal_0_00109.png,Normal,97_Normal_0.mat,train,109,111616
97_Normal_0_00110.png,Normal,97_Normal_0.mat,train,110,112640
97_Normal_0_00111.png,Normal,97_Normal_0.mat,train,111,113664
97_Normal_0_00112.png,Normal,97_Normal_0.mat,train,112,114688
97_Normal_0_00113.png,Normal,97_Normal_0.mat,train,113,115712
97_Normal_0_00114.png,Normal,97_Normal_0.mat,train,114,116736
97_Normal_0_00115.png,Normal,97_Normal_0.mat,train,115,117760
97_Normal_0_00116.png,Normal,97_Normal_0.mat,train,116,118784
97_Normal_0_00117.png,Normal,97_Normal_0.mat,train,117,119808
97_Normal_0_00118.png,Normal,97_Normal_0.mat,train,118,120832
97_Normal_0_00119.png,Normal,97_Normal_0.mat,train,119,121856
97_Normal_0_00120.png,Normal,97_Normal_0.mat,train,120,122880
97_Normal_0_00121.png,Normal,97_Normal_0.mat,train,121,123904
97_Normal_0_00122.png,Normal,97_Normal_0.mat,train,122,124928
97_Normal_0_00123.png,Normal,97_Normal_0.mat,train,123,125952
97_Normal_0_00124.png,Normal,97_Normal_0.mat,train,124,126976
97_Normal_0_00125.png,Normal,97_Normal_0.mat,train,125,128000
97_Normal_0_00126.png,Normal,97_Normal_0.mat,train,126,129024
97_Normal_0_00127.png,Normal,97_Normal_0.mat,train,127,130048
97_Normal_0_00128.png,Normal,97_Normal_0.mat,train,128,131072
97_Normal_0_00129.png,Normal,97_Normal_0.mat,train,129,132096
97_Normal_0_00130.png,Normal,97_Normal_0.mat,train,130,133120
97_Normal_0_00131.png,Normal,97_Normal_0.mat,train,131,134144
97_Normal_0_00132.png,Normal,97_Normal_0.mat,train,132,135168
97_Normal_0_00133.png,Normal,97_Normal_0.mat,train,133,136192
97_Normal_0_00134.png,Normal,97_Normal_0.mat,train,134,137216
97_Normal_0_00135.png,Normal,97_Normal_0.mat,train,135,138240
97_Normal_0_00136.png,Normal,97_Normal_0.mat,train,136,139264
97_Normal_0_00137.png,Normal,97_Normal_0.mat,train,137,140288
97_Normal_0_00138.png,Normal,97_Normal_0.mat,train,138,141312
97_Normal_0_00139.png,Normal,97_Normal_0.mat,train,139,142336
97_Normal_0_00140.png,Normal,97_Normal_0.mat,train,140,143360
97_Normal_0_00141.png,Normal,97_Normal_0.mat,train,141,144384
97_Normal_0_00142.png,Normal,97_Normal_0.mat,train,142,145408
97_Normal_0_00143.png,Normal,97_Normal_0.mat,train,143,146432
97_Normal_0_00144.png,Normal,97_Normal_0.mat,train,144,147456
97_Normal_0_00145.png,Normal,97_Normal_0.mat,train,145,148480
97_Normal_0_00146.png,Normal,97_Normal_0.mat,train,146,149504
97_Normal_0_00147.png,Normal,97_Normal_0.mat,train,147,150528
97_Normal_0_00148.png,Normal,97_Normal_0.mat,train,148,151552
97_Normal_0_00149.png,Normal,97_Normal_0.mat,train,149,152576
97_Normal_0_00150.png,Normal,97_Normal_0.mat,train,150,153600
97_Normal_0_00151.png,Normal,97_Normal_0.mat,train,151,154624
97_Normal_0_00152.png,Normal,97_Normal_0.mat,train,152,155648
97_Normal_0_00153.png,Normal,97_Normal_0.mat,train,153,156672
97_Normal_0_00154.png,Normal,97_Normal_0.mat,train,154,157696
97_Normal_0_00155.png,Normal,97_Normal_0.mat,train,155,158720
97_Normal_0_00156.png,Normal,97_Normal_0.mat,train,156,159744
97_Normal_0_00157.png,Normal,97_Normal_0.mat,train,157,160768
97_Normal_0_00158.png,Normal,97_Normal_0.mat,train,158,161792
97_Normal_0_00159.png,Normal,97_Normal_0.mat,train,159,162816
97_Normal_0_00160.png,Normal,97_Normal_0.mat,train,160,163840
97_Normal_0_00161.png,Normal,97_Normal_0.mat,train,161,164864
97_Normal_0_00162.png,Normal,97_Normal_0.mat,train,162,165888
97_Normal_0_00163.png,Normal,97_Normal_0.mat,train,163,166912
97_Normal_0_00164.png,Normal,97_Normal_0.mat,train,164,167936
97_Normal_0_00165.png,Normal,97_Normal_0.mat,train,165,168960
97_Normal_0_00166.png,Normal,97_Normal_0.mat,train,166,169984
97_Normal_0_00167.png,Normal,97_Normal_0.mat,train,167,171008
97_Normal_0_00168.png,Normal,97_Normal_0.mat,train,168,172032
97_Normal_0_00169.png,Normal,97_Normal_0.mat,train,169,173056
97_Normal_0_00170.png,Normal,97_Normal_0.mat,train,170,174080
97_Normal_0_00171.png,Normal,97_Normal_0.mat,train,171,175104
97_Normal_0_00172.png,Normal,97_Normal_0.mat,train,172,176128
97_Normal_0_00173.png,Normal,97_Normal_0.mat,train,173,177152
97_Normal_0_00174.png,Normal,97_Normal_0.mat,train,174,178176
97_Normal_0_00175.png,Normal,97_Normal_0.mat,train,175,179200
97_Normal_0_00176.png,Normal,97_Normal_0.mat,train,176,180224
97_Normal_0_00177.png,Normal,97_Normal_0.mat,train,177,181248
97_Normal_0_00178.png,Normal,97_Normal_0.mat,train,178,182272
97_Normal_0_00179.png,Normal,97_Normal_0.mat,train,179,183296
97_Normal_0_00180.png,Normal,97_Normal_0.mat,train,180,184320
97_Normal_0_00181.png,Normal,97_Normal_0.mat,train,181,185344
97_Normal_0_00182.png,Normal,97_Normal_0.mat,train,182,186368
97_Normal_0_00183.png,Normal,97_Normal_0.mat,train,183,187392
97_Normal_0_00184.png,Normal,97_Normal_0.mat,train,184,188416
97_Normal_0_00185.png,Normal,97_Normal_0.mat,train,185,189440
97_Normal_0_00186.png,Normal,97_Normal_0.mat,train,186,190464
97_Normal_0_00187.png,Normal,97_Normal_0.mat,train,187,191488
97_Normal_0_00188.png,Normal,97_Normal_0.mat,train,188,192512
97_Normal_0_00189.png,Normal,97_Normal_0.mat,train,189,193536
97_Normal_0_00190.png,Normal,97_Normal_0.mat,train,190,194560
97_Normal_0_00191.png,Normal,97_Normal_0.mat,train,191,195584
97_Normal_0_00192.png,Normal,97_Normal_0.mat,train,192,196608
97_Normal_0_00193.png,Normal,97_Normal_0.mat,train,193,197632
97_Normal_0_00194.png,Normal,97_Normal_0.mat,train,194,198656
97_Normal_0_00195.png,Normal,97_Normal_0.mat,train,195,199680
97_Normal_0_00196.png,Normal,97_Normal_0.mat,train,196,200704
97_Normal_0_00197.png,Normal,97_Normal_0.mat,train,197,201728
97_Normal_0_00198.png,Normal,97_Normal_0.mat,train,198,202752
97_Normal_0_00199.png,Normal,97_Normal_0.mat,train,199,203776
97_Normal_0_00200.png,Normal,97_Normal_0.mat,train,200,204800
97_Normal_0_00201.png,Normal,97_Normal_0.mat,train,201,205824
97_Normal_0_00202.png,Normal,97_Normal_0.mat,train,202,206848
97_Normal_0_00203.png,Normal,97_Normal_0.mat,train,203,207872
97_Normal_0_00204.png,Normal,97_Normal_0.mat,train,204,208896
97_Normal_0_00205.png,Normal,97_Normal_0.mat,train,205,209920
97_Normal_0_00206.png,Normal,97_Normal_0.mat,train,206,210944
97_Normal_0_00207.png,Normal,97_Normal_0.mat,train,207,211968
97_Normal_0_00208.png,Normal,97_Normal_0.mat,train,208,212992
97_Normal_0_00209.png,Normal,97_Normal_0.mat,train,209,214016
97_Normal_0_00210.png,Normal,97_Normal_0.mat,train,210,215040
97_Normal_0_00211.png,Normal,97_Normal_0.mat,train,211,216064
97_Normal_0_00212.png,Normal,97_Normal_0.mat,train,212,217088
97_Normal_0_00213.png,Normal,97_Normal_0.mat,train,213,218112
97_Normal_0_00214.png,Normal,97_Normal_0.mat,train,214,219136
97_Normal_0_00215.png,Normal,97_Normal_0.mat,train,215,220160
97_Normal_0_00216.png,Normal,97_Normal_0.mat,train,216,221184
97_Normal_0_00217.png,Normal,97_Normal_0.mat,train,217,222208
97_Normal_0_00218.png,Normal,97_Normal_0.mat,train,218,223232
97_Normal_0_00219.png,Normal,97_Normal_0.mat,train,219,224256
97_Normal_0_00220.png,Normal,97_Normal_0.mat,train,220,225280
97_Normal_0_00221.png,Normal,97_Normal_0.mat,train,221,226304
97_Normal_0_00222.png,Normal,97_Normal_0.mat,train,222,227328
97_Normal_0_00223.png,Normal,97_Normal_0.mat,train,223,228352
97_Normal_0_00224.png,Normal,97_Normal_0.mat,train,224,229376
97_Normal_0_00225.png,Normal,97_Normal_0.mat,train,225,230400
97_Normal_0_00226.png,Normal,97_Normal_0.mat,train,226,231424
97_Normal_0_00227.png,Normal,97_Normal_0.mat,train,227,232448
97_Normal_0_00228.png,Normal,97_Normal_0.mat,train,228,233472
97_Normal_0_00229.png,Normal,97_Normal_0.mat,train,229,234496
97_Normal_0_00230.png,Normal,97_Normal_0.mat,train,230,235520
97_Normal_0_00231.png,Normal,97_Normal_0.mat,train,231,236544
97_Normal_0_00232.png,Normal,97_Normal_0.mat,train,232,237568
97_Normal_0_00233.png,Normal,97_Normal_0.mat,train,233,238592
97_Normal_0_00234.png,Normal,97_Normal_0.mat,train,234,239616
97_Normal_0_00235.png,Normal,97_Normal_0.mat,train,235,240640
97_Normal_0_00236.png,Normal,97_Normal_0.mat,train,236,241664
295_1_00000.png,OF007,295_1.mat,train,0,0
295_1_00001.png,OF007,295_1.mat,train,1,1024
295_1_00002.png,OF007,295_1.mat,train,2,2048
295_1_00003.png,OF007,295_1.mat,train,3,3072
295_1_00004.png,OF007,295_1.mat,train,4,4096
295_1_00005.png,OF007,295_1.mat,train,5,5120
295_1_00006.png,OF007,295_1.mat,train,6,6144
295_1_00007.png,OF007,295_1.mat,train,7,7168
295_1_00008.png,OF007,295_1.mat,train,8,8192
295_1_00009.png,OF007,295_1.mat,train,9,9216
295_1_00010.png,OF007,295_1.mat,train,10,10240
295_1_00011.png,OF007,295_1.mat,train,11,11264
295_1_00012.png,OF007,295_1.mat,train,12,12288
295_1_00013.png,OF007,295_1.mat,train,13,13312
295_1_00014.png,OF007,295_1.mat,train,14,14336
295_1_00015.png,OF007,295_1.mat,train,15,15360
295_1_00016.png,OF007,295_1.mat,train,16,16384
295_1_00017.png,OF007,295_1.mat,train,17,17408
295_1_00018.png,OF007,295_1.mat,train,18,18432
295_1_00019.png,OF007,295_1.mat,train,19,19456
295_1_00020.png,OF007,295_1.mat,train,20,20480
295_1_00021.png,OF007,295_1.mat,train,21,21504
295_1_00022.png,OF007,295_1.mat,train,22,22528
295_1_00023.png,OF007,295_1.mat,train,23,23552
295_1_00024.png,OF007,295_1.mat,train,24,24576
295_1_00025.png,OF007,295_1.mat,train,25,25600
295_1_00026.png,OF007,295_1.mat,train,26,26624
295_1_00027.png,OF007,295_1.mat,train,27,27648
295_1_00028.png,OF007,295_1.mat,train,28,28672
295_1_00029.png,OF007,295_1.mat,train,29,29696
295_1_00030.png,OF007,295_1.mat,train,30,30720
295_1_00031.png,OF007,295_1.mat,train,31,31744
295_1_00032.png,OF007,295_1.mat,train,32,32768
295_1_00033.png,OF007,295_1.mat,train,33,33792
295_1_00034.png,OF007,295_1.mat,train,34,34816
295_1_00035.png,OF007,295_1.mat,train,35,35840
295_1_00036.png,OF007,295_1.mat,train,36,36864
295_1_00037.png,OF007,295_1.mat,train,37,37888
295_1_00038.png,OF007,295_1.mat,train,38,38912
295_1_00039.png,OF007,295_1.mat,train,39,39936
295_1_00040.png,OF007,295_1.mat,train,40,40960
295_1_00041.png,OF007,295_1.mat,train,41,41984
295_1_00042.png,OF007,295_1.mat,train,42,43008
295_1_00043.png,OF007,295_1.mat,train,43,44032
295_1_00044.png,OF007,295_1.mat,train,44,45056
295_1_00045.png,OF007,295_1.mat,train,45,46080
295_1_00046.png,OF007,295_1.mat,train,46,47104
295_1_00047.png,OF007,295_1.mat,train,47,48128
295_1_00048.png,OF007,295_1.mat,train,48,49152
295_1_00049.png,OF007,295_1.mat,train,49,50176
295_1_00050.png,OF007,295_1.mat,train,50,51200
295_1_00051.png,OF007,295_1.mat,train,51,52224
295_1_00052.png,OF007,295_1.mat,train,52,53248
295_1_00053.png,OF007,295_1.mat,train,53,54272
295_1_00054.png,OF007,295_1.mat,train,54,55296
295_1_00055.png,OF007,295_1.mat,train,55,56320
295_1_00056.png,OF007,295_1.mat,train,56,57344
295_1_00057.png,OF007,295_1.mat,train,57,58368
295_1_00058.png,OF007,295_1.mat,train,58,59392
295_1_00059.png,OF007,295_1.mat,train,59,60416
295_1_00060.png,OF007,295_1.mat,train,60,61440
295_1_00061.png,OF007,295_1.mat,train,61,62464
295_1_00062.png,OF007,295_1.mat,train,62,63488
295_1_00063.png,OF007,295_1.mat,train,63,64512
295_1_00064.png,OF007,295_1.mat,train,64,65536
295_1_00065.png,OF007,295_1.mat,train,65,66560
295_1_00066.png,OF007,295_1.mat,train,66,67584
295_1_00067.png,OF007,295_1.mat,train,67,68608
295_1_00068.png,OF007,295_1.mat,train,68,69632
295_1_00069.png,OF007,295_1.mat,train,69,70656
295_1_00070.png,OF007,295_1.mat,train,70,71680
295_1_00071.png,OF007,295_1.mat,train,71,72704
295_1_00072.png,OF007,295_1.mat,train,72,73728
295_1_00073.png,OF007,295_1.mat,train,73,74752
295_1_00074.png,OF007,295_1.mat,train,74,75776
295_1_00075.png,OF007,295_1.mat,train,75,76800
295_1_00076.png,OF007,295_1.mat,train,76,77824
295_1_00077.png,OF007,295_1.mat,train,77,78848
295_1_00078.png,OF007,295_1.mat,train,78,79872
295_1_00079.png,OF007,295_1.mat,train,79,80896
295_1_00080.png,OF007,295_1.mat,train,80,81920
295_1_00081.png,OF007,295_1.mat,train,81,82944
295_1_00082.png,OF007,295_1.mat,train,82,83968
295_1_00083.png,OF007,295_1.mat,train,83,84992
295_1_00084.png,OF007,295_1.mat,train,84,86016
295_1_00085.png,OF007,295_1.mat,train,85,87040
295_1_00086.png,OF007,295_1.mat,train,86,88064
295_1_00087.png,OF007,295_1.mat,train,87,89088
295_1_00088.png,OF007,295_1.mat,train,88,90112
295_1_00089.png,OF007,295_1.mat,train,89,91136
295_1_00090.png,OF007,295_1.mat,train,90,92160
295_1_00091.png,OF007,295_1.mat,train,91,93184
295_1_00092.png,OF007,295_1.mat,train,92,94208
295_1_00093.png,OF007,295_1.mat,train,93,95232
295_1_00094.png,OF007,295_1.mat,train,94,96256
295_1_00095.png,OF007,295_1.mat,train,95,97280
295_1_00096.png,OF007,295_1.mat,train,96,98304
295_1_00097.png,OF007,295_1.mat,train,97,99328
295_1_00098.png,OF007,295_1.mat,train,98,100352
295_1_00099.png,OF007,295_1.mat,train,99,101376
295_1_00100.png,OF007,295_1.mat,train,100,102400
295_1_00101.png,OF007,295_1.mat,train,101,103424
295_1_00102.png,OF007,295_1.mat,train,102,104448
295_1_00103.png,OF007,295_1.mat,train,103,105472
295_1_00104.png,OF007,295_1.mat,train,104,106496
295_1_00105.png,OF007,295_1.mat,train,105,107520
295_1_00106.png,OF007,295_1.mat,train,106,108544
295_1_00107.png,OF007,295_1.mat,train,107,109568
295_1_00108.png,OF007,295_1.mat,train,108,110592
295_1_00109.png,OF007,295_1.mat,train,109,111616
295_1_00110.png,OF007,295_1.mat,train,110,112640
295_1_00111.png,OF007,295_1.mat,train,111,113664
295_1_00112.png,OF007,295_1.mat,train,112,114688
295_1_00113.png,OF007,295_1.mat,train,113,115712
295_1_00114.png,OF007,295_1.mat,train,114,116736
295_1_00115.png,OF007,295_1.mat,train,115,117760
295_1_00116.png,OF007,295_1.mat,train,116,118784
297_3_00000.png,OF007,297_3.mat,train,0,0
297_3_00001.png,OF007,297_3.mat,train,1,1024
297_3_00002.png,OF007,297_3.mat,train,2,2048
297_3_00003.png,OF007,297_3.mat,train,3,3072
297_3_00004.png,OF007,297_3.mat,train,4,4096
297_3_00005.png,OF007,297_3.mat,train,5,5120
297_3_00006.png,OF007,297_3.mat,train,6,6144
297_3_00007.png,OF007,297_3.mat,train,7,7168
297_3_00008.png,OF007,297_3.mat,train,8,8192
297_3_00009.png,OF007,297_3.mat,train,9,9216
297_3_00010.png,OF007,297_3.mat,train,10,10240
297_3_00011.png,OF007,297_3.mat,train,11,11264
297_3_00012.png,OF007,297_3.mat,train,12,12288
297_3_00013.png,OF007,297_3.mat,train,13,13312
297_3_00014.png,OF007,297_3.mat,train,14,14336
297_3_00015.png,OF007,297_3.mat,train,15,15360
297_3_00016.png,OF007,297_3.mat,train,16,16384
297_3_00017.png,OF007,297_3.mat,train,17,17408
297_3_00018.png,OF007,297_3.mat,train,18,18432
297_3_00019.png,OF007,297_3.mat,train,19,19456
297_3_00020.png,OF007,297_3.mat,train,20,20480
297_3_00021.png,OF007,297_3.mat,train,21,21504
297_3_00022.png,OF007,297_3.mat,train,22,22528
297_3_00023.png,OF007,297_3.mat,train,23,23552
297_3_00024.png,OF007,297_3.mat,train,24,24576
297_3_00025.png,OF007,297_3.mat,train,25,25600
297_3_00026.png,OF007,297_3.mat,train,26,26624
297_3_00027.png,OF007,297_3.mat,train,27,27648
297_3_00028.png,OF007,297_3.mat,train,28,28672
297_3_00029.png,OF007,297_3.mat,train,29,29696
297_3_00030.png,OF007,297_3.mat,train,30,30720
297_3_00031.png,OF007,297_3.mat,train,31,31744
297_3_00032.png,OF007,297_3.mat,train,32,32768
297_3_00033.png,OF007,297_3.mat,train,33,33792
297_3_00034.png,OF007,297_3.mat,train,34,34816
297_3_00035.png,OF007,297_3.mat,train,35,35840
297_3_00036.png,OF007,297_3.mat,train,36,36864
297_3_00037.png,OF007,297_3.mat,train,37,37888
297_3_00038.png,OF007,297_3.mat,train,38,38912
297_3_00039.png,OF007,297_3.mat,train,39,39936
297_3_00040.png,OF007,297_3.mat,train,40,40960
297_3_00041.png,OF007,297_3.mat,train,41,41984
297_3_00042.png,OF007,297_3.mat,train,42,43008
297_3_00043.png,OF007,297_3.mat,train,43,44032
297_3_00044.png,OF007,297_3.mat,train,44,45056
297_3_00045.png,OF007,297_3.mat,train,45,46080
297_3_00046.png,OF007,297_3.mat,train,46,47104
297_3_00047.png,OF007,297_3.mat,train,47,48128
297_3_00048.png,OF007,297_3.mat,train,48,49152
297_3_00049.png,OF007,297_3.mat,train,49,50176
297_3_00050.png,OF007,297_3.mat,train,50,51200
297_3_00051.png,OF007,297_3.mat,train,51,52224
297_3_00052.png,OF007,297_3.mat,train,52,53248
297_3_00053.png,OF007,297_3.mat,train,53,54272
297_3_00054.png,OF007,297_3.mat,train,54,55296
297_3_00055.png,OF007,297_3.mat,train,55,56320
297_3_00056.png,OF007,297_3.mat,train,56,57344
297_3_00057.png,OF007,297_3.mat,train,57,58368
297_3_00058.png,OF007,297_3.mat,train,58,59392
297_3_00059.png,OF007,297_3.mat,train,59,60416
297_3_00060.png,OF007,297_3.mat,train,60,61440
297_3_00061.png,OF007,297_3.mat,train,61,62464
297_3_00062.png,OF007,297_3.mat,train,62,63488
297_3_00063.png,OF007,297_3.mat,train,63,64512
297_3_00064.png,OF007,297_3.mat,train,64,65536
297_3_00065.png,OF007,297_3.mat,train,65,66560
297_3_00066.png,OF007,297_3.mat,train,66,67584
297_3_00067.png,OF007,297_3.mat,train,67,68608
297_3_00068.png,OF007,297_3.mat,train,68,69632
297_3_00069.png,OF007,297_3.mat,train,69,70656
297_3_00070.png,OF007,297_3.mat,train,70,71680
297_3_00071.png,OF007,297_3.mat,train,71,72704
297_3_00072.png,OF007,297_3.mat,train,72,73728
297_3_00073.png,OF007,297_3.mat,train,73,74752
297_3_00074.png,OF007,297_3.mat,train,74,75776
297_3_00075.png,OF007,297_3.mat,train,75,76800
297_3_00076.png,OF007,297_3.mat,train,76,77824
297_3_00077.png,OF007,297_3.mat,train,77,78848
297_3_00078.png,OF007,297_3.mat,train,78,79872
297_3_00079.png,OF007,297_3.mat,train,79,80896
297_3_00080.png,OF007,297_3.mat,train,80,81920
297_3_00081.png,OF007,297_3.mat,train,81,82944
297_3_00082.png,OF007,297_3.mat,train,82,83968
297_3_00083.png,OF007,297_3.mat,train,83,84992
297_3_00084.png,OF007,297_3.mat,train,84,86016
297_3_00085.png,OF007,297_3.mat,train,85,87040
297_3_00086.png,OF007,297_3.mat,train,86,88064
297_3_00087.png,OF007,297_3.mat,train,87,89088
297_3_00088.png,OF007,297_3.mat,train,88,90112
297_3_00089.png,OF007,297_3.mat,train,89,91136
297_3_00090.png,OF007,297_3.mat,train,90,92160
297_3_00091.png,OF007,297_3.mat,train,91,93184
297_3_00092.png,OF007,297_3.mat,train,92,94208
297_3_00093.png,OF007,297_3.mat,train,93,95232
297_3_00094.png,OF007,297_3.mat,train,94,96256
297_3_00095.png,OF007,297_3.mat,train,95,97280
297_3_00096.png,OF007,297_3.mat,train,96,98304
297_3_00097.png,OF007,297_3.mat,train,97,99328
297_3_00098.png,OF007,297_3.mat,train,98,100352
297_3_00099.png,OF007,297_3.mat,train,99,101376
297_3_00100.png,OF007,297_3.mat,train,100,102400
297_3_00101.png,OF007,297_3.mat,train,101,103424
297_3_00102.png,OF007,297_3.mat,train,102,104448
297_3_00103.png,OF007,297_3.mat,train,103,105472
297_3_00104.png,OF007,297_3.mat,train,104,106496
297_3_00105.png,OF007,297_3.mat,train,105,107520
297_3_00106.png,OF007,297_3.mat,train,106,108544
297_3_00107.png,OF007,297_3.mat,train,107,109568
297_3_00108.png,OF007,297_3.mat,train,108,110592
297_3_00109.png,OF007,297_3.mat,train,109,111616
297_3_00110.png,OF007,297_3.mat,train,110,112640
297_3_00111.png,OF007,297_3.mat,train,111,113664
297_3_00112.png,OF007,297_3.mat,train,112,114688
297_3_00113.png,OF007,297_3.mat,train,113,115712
297_3_00114.png,OF007,297_3.mat,train,114,116736
297_3_00115.png,OF007,297_3.mat,train,115,117760
297_3_00116.png,OF007,297_3.mat,train,116,118784
297_3_00117.png,OF007,297_3.mat,train,117,119808
313_0_00000.png,OF014,313_0.mat,train,0,0
313_0_00001.png,OF014,313_0.mat,train,1,1024
313_0_00002.png,OF014,313_0.mat,train,2,2048
313_0_00003.png,OF014,313_0.mat,train,3,3072
313_0_00004.png,OF014,313_0.mat,train,4,4096
313_0_00005.png,OF014,313_0.mat,train,5,5120
313_0_00006.png,OF014,313_0.mat,train,6,6144
313_0_00007.png,OF014,313_0.mat,train,7,7168
313_0_00008.png,OF014,313_0.mat,train,8,8192
313_0_00009.png,OF014,313_0.mat,train,9,9216
313_0_00010.png,OF014,313_0.mat,train,10,10240
313_0_00011.png,OF014,313_0.mat,train,11,11264
313_0_00012.png,OF014,313_0.mat,train,12,12288
313_0_00013.png,OF014,313_0.mat,train,13,13312
313_0_00014.png,OF014,313_0.mat,train,14,14336
313_0_00015.png,OF014,313_0.mat,train,15,15360
313_0_00016.png,OF014,313_0.mat,train,16,16384
313_0_00017.png,OF014,313_0.mat,train,17,17408
313_0_00018.png,OF014,313_0.mat,train,18,18432
313_0_00019.png,OF014,313_0.mat,train,19,19456
313_0_00020.png,OF014,313_0.mat,train,20,20480
313_0_00021.png,OF014,313_0.mat,train,21,21504
313_0_00022.png,OF014,313_0.mat,train,22,22528
313_0_00023.png,OF014,313_0.mat,train,23,23552
313_0_00024.png,OF014,313_0.mat,train,24,24576
313_0_00025.png,OF014,313_0.mat,train,25,25600
313_0_00026.png,OF014,313_0.mat,train,26,26624
313_0_00027.png,OF014,313_0.mat,train,27,27648
313_0_00028.png,OF014,313_0.mat,train,28,28672
313_0_00029.png,OF014,313_0.mat,train,29,29696
313_0_00030.png,OF014,313_0.mat,train,30,30720
313_0_00031.png,OF014,313_0.mat,train,31,31744
313_0_00032.png,OF014,313_0.mat,train,32,32768
313_0_00033.png,OF014,313_0.mat,train,33,33792
313_0_00034.png,OF014,313_0.mat,train,34,34816
313_0_00035.png,OF014,313_0.mat,train,35,35840
313_0_00036.png,OF014,313_0.mat,train,36,36864
313_0_00037.png,OF014,313_0.mat,train,37,37888
313_0_00038.png,OF014,313_0.mat,train,38,38912
313_0_00039.png,OF014,313_0.mat,train,39,39936
313_0_00040.png,OF014,313_0.mat,train,40,40960
313_0_00041.png,OF014,313_0.mat,train,41,41984
313_0_00042.png,OF014,313_0.mat,train,42,43008
313_0_00043.png,OF014,313_0.mat,train,43,44032
313_0_00044.png,OF014,313_0.mat,train,44,45056
313_0_00045.png,OF014,313_0.mat,train,45,46080
313_0_00046.png,OF014,313_0.mat,train,46,47104
313_0_00047.png,OF014,313_0.mat,train,47,48128
313_0_00048.png,OF014,313_0.mat,train,48,49152
313_0_00049.png,OF014,313_0.mat,train,49,50176
313_0_00050.png,OF014,313_0.mat,train,50,51200
313_0_00051.png,OF014,313_0.mat,train,51,52224
313_0_00052.png,OF014,313_0.mat,train,52,53248
313_0_00053.png,OF014,313_0.mat,train,53,54272
313_0_00054.png,OF014,313_0.mat,train,54,55296
313_0_00055.png,OF014,313_0.mat,train,55,56320
313_0_00056.png,OF014,313_0.mat,train,56,57344
313_0_00057.png,OF014,313_0.mat,train,57,58368
313_0_00058.png,OF014,313_0.mat,train,58,59392
313_0_00059.png,OF014,313_0.mat,train,59,60416
313_0_00060.png,OF014,313_0.mat,train,60,61440
313_0_00061.png,OF014,313_0.mat,train,61,62464
313_0_00062.png,OF014,313_0.mat,train,62,63488
313_0_00063.png,OF014,313_0.mat,train,63,64512
313_0_00064.png,OF014,313_0.mat,train,64,65536
313_0_00065.png,OF014,313_0.mat,train,65,66560
313_0_00066.png,OF014,313_0.mat,train,66,67584
313_0_00067.png,OF014,313_0.mat,train,67,68608
313_0_00068.png,OF014,313_0.mat,train,68,69632
315_0_00000.png,OF021,315_0.mat,train,0,0
315_0_00001.png,OF021,315_0.mat,train,1,1024
315_0_00002.png,OF021,315_0.mat,train,2,2048
315_0_00003.png,OF021,315_0.mat,train,3,3072
315_0_00004.png,OF021,315_0.mat,train,4,4096
315_0_00005.png,OF021,315_0.mat,train,5,5120
315_0_00006.png,OF021,315_0.mat,train,6,6144
315_0_00007.png,OF021,315_0.mat,train,7,7168
315_0_00008.png,OF021,315_0.mat,train,8,8192
315_0_00009.png,OF021,315_0.mat,train,9,9216
315_0_00010.png,OF021,315_0.mat,train,10,10240
315_0_00011.png,OF021,315_0.mat,train,11,11264
315_0_00012.png,OF021,315_0.mat,train,12,12288
315_0_00013.png,OF021,315_0.mat,train,13,13312
315_0_00014.png,OF021,315_0.mat,train,14,14336
315_0_00015.png,OF021,315_0.mat,train,15,15360
315_0_00016.png,OF021,315_0.mat,train,16,16384
315_0_00017.png,OF021,315_0.mat,train,17,17408
315_0_00018.png,OF021,315_0.mat,train,18,18432
315_0_00019.png,OF021,315_0.mat,train,19,19456
315_0_00020.png,OF021,315_0.mat,train,20,20480
315_0_00021.png,OF021,315_0.mat,train,21,21504
315_0_00022.png,OF021,315_0.mat,train,22,22528
315_0_00023.png,OF021,315_0.mat,train,23,23552
315_0_00024.png,OF021,315_0.mat,train,24,24576
315_0_00025.png,OF021,315_0.mat,train,25,25600
315_0_00026.png,OF021,315_0.mat,train,26,26624
315_0_00027.png,OF021,315_0.mat,train,27,27648
315_0_00028.png,OF021,315_0.mat,train,28,28672
315_0_00029.png,OF021,315_0.mat,train,29,29696
315_0_00030.png,OF021,315_0.mat,train,30,30720
315_0_00031.png,OF021,315_0.mat,train,31,31744
315_0_00032.png,OF021,315_0.mat,train,32,32768
315_0_00033.png,OF021,315_0.mat,train,33,33792
315_0_00034.png,OF021,315_0.mat,train,34,34816
315_0_00035.png,OF021,315_0.mat,train,35,35840
315_0_00036.png,OF021,315_0.mat,train,36,36864
315_0_00037.png,OF021,315_0.mat,train,37,37888
315_0_00038.png,OF021,315_0.mat,train,38,38912
315_0_00039.png,OF021,315_0.mat,train,39,39936
315_0_00040.png,OF021,315_0.mat,train,40,40960
315_0_00041.png,OF021,315_0.mat,train,41,41984
315_0_00042.png,OF021,315_0.mat,train,42,43008
315_0_00043.png,OF021,315_0.mat,train,43,44032
315_0_00044.png,OF021,315_0.mat,train,44,45056
315_0_00045.png,OF021,315_0.mat,train,45,46080
315_0_00046.png,OF021,315_0.mat,train,46,47104
315_0_00047.png,OF021,315_0.mat,train,47,48128
315_0_00048.png,OF021,315_0.mat,train,48,49152
315_0_00049.png,OF021,315_0.mat,train,49,50176
315_0_00050.png,OF021,315_0.mat,train,50,51200
315_0_00051.png,OF021,315_0.mat,train,51,52224
315_0_00052.png,OF021,315_0.mat,train,52,53248
315_0_00053.png,OF021,315_0.mat,train,53,54272
315_0_00054.png,OF021,315_0.mat,train,54,55296
315_0_00055.png,OF021,315_0.mat,train,55,56320
315_0_00056.png,OF021,315_0.mat,train,56,57344
315_0_00057.png,OF021,315_0.mat,train,57,58368
315_0_00058.png,OF021,315_0.mat,train,58,59392
315_0_00059.png,OF021,315_0.mat,train,59,60416
315_0_00060.png,OF021,315_0.mat,train,60,61440
315_0_00061.png,OF021,315_0.mat,train,61,62464
315_0_00062.png,OF021,315_0.mat,train,62,63488
315_0_00063.png,OF021,315_0.mat,train,63,64512
315_0_00064.png,OF021,315_0.mat,train,64,65536
315_0_00065.png,OF021,315_0.mat,train,65,66560
315_0_00066.png,OF021,315_0.mat,train,66,67584
315_0_00067.png,OF021,315_0.mat,train,67,68608
315_0_00068.png,OF021,315_0.mat,train,68,69632
285_3_00000.png,BF007,285_3.mat,val,0,0
285_3_00001.png,BF007,285_3.mat,val,1,1024
285_3_00002.png,BF007,285_3.mat,val,2,2048
285_3_00003.png,BF007,285_3.mat,val,3,3072
285_3_00004.png,BF007,285_3.mat,val,4,4096
285_3_00005.png,BF007,285_3.mat,val,5,5120
285_3_00006.png,BF007,285_3.mat,val,6,6144
285_3_00007.png,BF007,285_3.mat,val,7,7168
285_3_00008.png,BF007,285_3.mat,val,8,8192
285_3_00009.png,BF007,285_3.mat,val,9,9216
285_3_00010.png,BF007,285_3.mat,val,10,10240
285_3_00011.png,BF007,285_3.mat,val,11,11264
285_3_00012.png,BF007,285_3.mat,val,12,12288
285_3_00013.png,BF007,285_3.mat,val,13,13312
285_3_00014.png,BF007,285_3.mat,val,14,14336
285_3_00015.png,BF007,285_3.mat,val,15,15360
285_3_00016.png,BF007,285_3.mat,val,16,16384
285_3_00017.png,BF007,285_3.mat,val,17,17408
285_3_00018.png,BF007,285_3.mat,val,18,18432
285_3_00019.png,BF007,285_3.mat,val,19,19456
285_3_00020.png,BF007,285_3.mat,val,20,20480
285_3_00021.png,BF007,285_3.mat,val,21,21504
285_3_00022.png,BF007,285_3.mat,val,22,22528
285_3_00023.png,BF007,285_3.mat,val,23,23552
285_3_00024.png,BF007,285_3.mat,val,24,24576
285_3_00025.png,BF007,285_3.mat,val,25,25600
285_3_00026.png,BF007,285_3.mat,val,26,26624
285_3_00027.png,BF007,285_3.mat,val,27,27648
285_3_00028.png,BF007,285_3.mat,val,28,28672
285_3_00029.png,BF007,285_3.mat,val,29,29696
285_3_00030.png,BF007,285_3.mat,val,30,30720
285_3_00031.png,BF007,285_3.mat,val,31,31744
285_3_00032.png,BF007,285_3.mat,val,32,32768
285_3_00033.png,BF007,285_3.mat,val,33,33792
285_3_00034.png,BF007,285_3.mat,val,34,34816
285_3_00035.png,BF007,285_3.mat,val,35,35840
285_3_00036.png,BF007,285_3.mat,val,36,36864
285_3_00037.png,BF007,285_3.mat,val,37,37888
285_3_00038.png,BF007,285_3.mat,val,38,38912
285_3_00039.png,BF007,285_3.mat,val,39,39936
285_3_00040.png,BF007,285_3.mat,val,40,40960
285_3_00041.png,BF007,285_3.mat,val,41,41984
285_3_00042.png,BF007,285_3.mat,val,42,43008
285_3_00043.png,BF007,285_3.mat,val,43,44032
285_3_00044.png,BF007,285_3.mat,val,44,45056
285_3_00045.png,BF007,285_3.mat,val,45,46080
285_3_00046.png,BF007,285_3.mat,val,46,47104
285_3_00047.png,BF007,285_3.mat,val,47,48128
285_3_00048.png,BF007,285_3.mat,val,48,49152
285_3_00049.png,BF007,285_3.mat,val,49,50176
285_3_00050.png,BF007,285_3.mat,val,50,51200
285_3_00051.png,BF007,285_3.mat,val,51,52224
285_3_00052.png,BF007,285_3.mat,val,52,53248
285_3_00053.png,BF007,285_3.mat,val,53,54272
285_3_00054.png,BF007,285_3.mat,val,54,55296
285_3_00055.png,BF007,285_3.mat,val,55,56320
285_3_00056.png,BF007,285_3.mat,val,56,57344
285_3_00057.png,BF007,285_3.mat,val,57,58368
285_3_00058.png,BF007,285_3.mat,val,58,59392
285_3_00059.png,BF007,285_3.mat,val,59,60416
285_3_00060.png,BF007,285_3.mat,val,60,61440
285_3_00061.png,BF007,285_3.mat,val,61,62464
285_3_00062.png,BF007,285_3.mat,val,62,63488
285_3_00063.png,BF007,285_3.mat,val,63,64512
285_3_00064.png,BF007,285_3.mat,val,64,65536
285_3_00065.png,BF007,285_3.mat,val,65,66560
285_3_00066.png,BF007,285_3.mat,val,66,67584
285_3_00067.png,BF007,285_3.mat,val,67,68608
285_3_00068.png,BF007,285_3.mat,val,68,69632
285_3_00069.png,BF007,285_3.mat,val,69,70656
285_3_00070.png,BF007,285_3.mat,val,70,71680
285_3_00071.png,BF007,285_3.mat,val,71,72704
285_3_00072.png,BF007,285_3.mat,val,72,73728
285_3_00073.png,BF007,285_3.mat,val,73,74752
285_3_00074.png,BF007,285_3.mat,val,74,75776
285_3_00075.png,BF007,285_3.mat,val,75,76800
285_3_00076.png,BF007,285_3.mat,val,76,77824
285_3_00077.png,BF007,285_3.mat,val,77,78848
285_3_00078.png,BF007,285_3.mat,val,78,79872
285_3_00079.png,BF007,285_3.mat,val,79,80896
285_3_00080.png,BF007,285_3.mat,val,80,81920
285_3_00081.png,BF007,285_3.mat,val,81,82944
285_3_00082.png,BF007,285_3.mat,val,82,83968
285_3_00083.png,BF007,285_3.mat,val,83,84992
285_3_00084.png,BF007,285_3.mat,val,84,86016
285_3_00085.png,BF007,285_3.mat,val,85,87040
285_3_00086.png,BF007,285_3.mat,val,86,88064
285_3_00087.png,BF007,285_3.mat,val,87,89088
285_3_00088.png,BF007,285_3.mat,val,88,90112
285_3_00089.png,BF007,285_3.mat,val,89,91136
285_3_00090.png,BF007,285_3.mat,val,90,92160
285_3_00091.png,BF007,285_3.mat,val,91,93184
285_3_00092.png,BF007,285_3.mat,val,92,94208
285_3_00093.png,BF007,285_3.mat,val,93,95232
285_3_00094.png,BF007,285_3.mat,val,94,96256
285_3_00095.png,BF007,285_3.mat,val,95,97280
285_3_00096.png,BF007,285_3.mat,val,96,98304
285_3_00097.png,BF007,285_3.mat,val,97,99328
285_3_00098.png,BF007,285_3.mat,val,98,100352
285_3_00099.png,BF007,285_3.mat,val,99,101376
285_3_00100.png,BF007,285_3.mat,val,100,102400
285_3_00101.png,BF007,285_3.mat,val,101,103424
285_3_00102.png,BF007,285_3.mat,val,102,104448
285_3_00103.png,BF007,285_3.mat,val,103,105472
285_3_00104.png,BF007,285_3.mat,val,104,106496
285_3_00105.png,BF007,285_3.mat,val,105,107520
285_3_00106.png,BF007,285_3.mat,val,106,108544
285_3_00107.png,BF007,285_3.mat,val,107,109568
285_3_00108.png,BF007,285_3.mat,val,108,110592
285_3_00109.png,BF007,285_3.mat,val,109,111616
285_3_00110.png,BF007,285_3.mat,val,110,112640
285_3_00111.png,BF007,285_3.mat,val,111,113664
285_3_00112.png,BF007,285_3.mat,val,112,114688
285_3_00113.png,BF007,285_3.mat,val,113,115712
285_3_00114.png,BF007,285_3.mat,val,114,116736
285_3_00115.png,BF007,285_3.mat,val,115,117760
285_3_00116.png,BF007,285_3.mat,val,116,118784
286_0_00000.png,BF014,286_0.mat,val,0,0
286_0_00001.png,BF014,286_0.mat,val,1,1024
286_0_00002.png,BF014,286_0.mat,val,2,2048
286_0_00003.png,BF014,286_0.mat,val,3,3072
286_0_00004.png,BF014,286_0.mat,val,4,4096
286_0_00005.png,BF014,286_0.mat,val,5,5120
286_0_00006.png,BF014,286_0.mat,val,6,6144
286_0_00007.png,BF014,286_0.mat,val,7,7168
286_0_00008.png,BF014,286_0.mat,val,8,8192
286_0_00009.png,BF014,286_0.mat,val,9,9216
286_0_00010.png,BF014,286_0.mat,val,10,10240
286_0_00011.png,BF014,286_0.mat,val,11,11264
286_0_00012.png,BF014,286_0.mat,val,12,12288
286_0_00013.png,BF014,286_0.mat,val,13,13312
286_0_00014.png,BF014,286_0.mat,val,14,14336
286_0_00015.png,BF014,286_0.mat,val,15,15360
286_0_00016.png,BF014,286_0.mat,val,16,16384
286_0_00017.png,BF014,286_0.mat,val,17,17408
286_0_00018.png,BF014,286_0.mat,val,18,18432
286_0_00019.png,BF014,286_0.mat,val,19,19456
286_0_00020.png,BF014,286_0.mat,val,20,20480
286_0_00021.png,BF014,286_0.mat,val,21,21504
286_0_00022.png,BF014,286_0.mat,val,22,22528
286_0_00023.png,BF014,286_0.mat,val,23,23552
286_0_00024.png,BF014,286_0.mat,val,24,24576
286_0_00025.png,BF014,286_0.mat,val,25,25600
286_0_00026.png,BF014,286_0.mat,val,26,26624
286_0_00027.png,BF014,286_0.mat,val,27,27648
286_0_00028.png,BF014,286_0.mat,val,28,28672
286_0_00029.png,BF014,286_0.mat,val,29,29696
286_0_00030.png,BF014,286_0.mat,val,30,30720
286_0_00031.png,BF014,286_0.mat,val,31,31744
286_0_00032.png,BF014,286_0.mat,val,32,32768
286_0_00033.png,BF014,286_0.mat,val,33,33792
286_0_00034.png,BF014,286_0.mat,val,34,34816
286_0_00035.png,BF014,286_0.mat,val,35,35840
286_0_00036.png,BF014,286_0.mat,val,36,36864
286_0_00037.png,BF014,286_0.mat,val,37,37888
286_0_00038.png,BF014,286_0.mat,val,38,38912
286_0_00039.png,BF014,286_0.mat,val,39,39936
286_0_00040.png,BF014,286_0.mat,val,40,40960
286_0_00041.png,BF014,286_0.mat,val,41,41984
286_0_00042.png,BF014,286_0.mat,val,42,43008
286_0_00043.png,BF014,286_0.mat,val,43,44032
286_0_00044.png,BF014,286_0.mat,val,44,45056
286_0_00045.png,BF014,286_0.mat,val,45,46080
286_0_00046.png,BF014,286_0.mat,val,46,47104
286_0_00047.png,BF014,286_0.mat,val,47,48128
286_0_00048.png,BF014,286_0.mat,val,48,49152
286_0_00049.png,BF014,286_0.mat,val,49,50176
286_0_00050.png,BF014,286_0.mat,val,50,51200
286_0_00051.png,BF014,286_0.mat,val,51,52224
286_0_00052.png,BF014,286_0.mat,val,52,53248
286_0_00053.png,BF014,286_0.mat,val,53,54272
286_0_00054.png,BF014,286_0.mat,val,54,55296
286_0_00055.png,BF014,286_0.mat,val,55,56320
286_0_00056.png,BF014,286_0.mat,val,56,57344
286_0_00057.png,BF014,286_0.mat,val,57,58368
286_0_00058.png,BF014,286_0.mat,val,58,59392
286_0_00059.png,BF014,286_0.mat,val,59,60416
286_0_00060.png,BF014,286_0.mat,val,60,61440
286_0_00061.png,BF014,286_0.mat,val,61,62464
286_0_00062.png,BF014,286_0.mat,val,62,63488
286_0_00063.png,BF014,286_0.mat,val,63,64512
286_0_00064.png,BF014,286_0.mat,val,64,65536
286_0_00065.png,BF014,286_0.mat,val,65,66560
286_0_00066.png,BF014,286_0.mat,val,66,67584
286_0_00067.png,BF014,286_0.mat,val,67,68608
286_0_00068.png,BF014,286_0.mat,val,68,69632
286_0_00069.png,BF014,286_0.mat,val,69,70656
286_0_00070.png,BF014,286_0.mat,val,70,71680
286_0_00071.png,BF014,286_0.mat,val,71,72704
286_0_00072.png,BF014,286_0.mat,val,72,73728
286_0_00073.png,BF014,286_0.mat,val,73,74752
286_0_00074.png,BF014,286_0.mat,val,74,75776
286_0_00075.png,BF014,286_0.mat,val,75,76800
286_0_00076.png,BF014,286_0.mat,val,76,77824
286_0_00077.png,BF014,286_0.mat,val,77,78848
286_0_00078.png,BF014,286_0.mat,val,78,79872
286_0_00079.png,BF014,286_0.mat,val,79,80896
286_0_00080.png,BF014,286_0.mat,val,80,81920
286_0_00081.png,BF014,286_0.mat,val,81,82944
286_0_00082.png,BF014,286_0.mat,val,82,83968
286_0_00083.png,BF014,286_0.mat,val,83,84992
286_0_00084.png,BF014,286_0.mat,val,84,86016
286_0_00085.png,BF014,286_0.mat,val,85,87040
286_0_00086.png,BF014,286_0.mat,val,86,88064
286_0_00087.png,BF014,286_0.mat,val,87,89088
286_0_00088.png,BF014,286_0.mat,val,88,90112
286_0_00089.png,BF014,286_0.mat,val,89,91136
286_0_00090.png,BF014,286_0.mat,val,90,92160
286_0_00091.png,BF014,286_0.mat,val,91,93184
286_0_00092.png,BF014,286_0.mat,val,92,94208
286_0_00093.png,BF014,286_0.mat,val,93,95232
286_0_00094.png,BF014,286_0.mat,val,94,96256
286_0_00095.png,BF014,286_0.mat,val,95,97280
286_0_00096.png,BF014,286_0.mat,val,96,98304
286_0_00097.png,BF014,286_0.mat,val,97,99328
286_0_00098.png,BF014,286_0.mat,val,98,100352
286_0_00099.png,BF014,286_0.mat,val,99,101376
286_0_00100.png,BF014,286_0.mat,val,100,102400
286_0_00101.png,BF014,286_0.mat,val,101,103424
286_0_00102.png,BF014,286_0.mat,val,102,104448
286_0_00103.png,BF014,286_0.mat,val,103,105472
286_0_00104.png,BF014,286_0.mat,val,104,106496
286_0_00105.png,BF014,286_0.mat,val,105,107520
286_0_00106.png,BF014,286_0.mat,val,106,108544
286_0_00107.png,BF014,286_0.mat,val,107,109568
286_0_00108.png,BF014,286_0.mat,val,108,110592
286_0_00109.png,BF014,286_0.mat,val,109,111616
286_0_00110.png,BF014,286_0.mat,val,110,112640
286_0_00111.png,BF014,286_0.mat,val,111,113664
286_0_00112.png,BF014,286_0.mat,val,112,114688
286_0_00113.png,BF014,286_0.mat,val,113,115712
286_0_00114.png,BF014,286_0.mat,val,114,116736
286_0_00115.png,BF014,286_0.mat,val,115,117760
286_0_00116.png,BF014,286_0.mat,val,116,118784
286_0_00117.png,BF014,286_0.mat,val,117,119808
292_2_00000.png,BF021,292_2.mat,val,0,0
292_2_00001.png,BF021,292_2.mat,val,1,1024
292_2_00002.png,BF021,292_2.mat,val,2,2048
292_2_00003.png,BF021,292_2.mat,val,3,3072
292_2_00004.png,BF021,292_2.mat,val,4,4096
292_2_00005.png,BF021,292_2.mat,val,5,5120
292_2_00006.png,BF021,292_2.mat,val,6,6144
292_2_00007.png,BF021,292_2.mat,val,7,7168
292_2_00008.png,BF021,292_2.mat,val,8,8192
292_2_00009.png,BF021,292_2.mat,val,9,9216
292_2_00010.png,BF021,292_2.mat,val,10,10240
292_2_00011.png,BF021,292_2.mat,val,11,11264
292_2_00012.png,BF021,292_2.mat,val,12,12288
292_2_00013.png,BF021,292_2.mat,val,13,13312
292_2_00014.png,BF021,292_2.mat,val,14,14336
292_2_00015.png,BF021,292_2.mat,val,15,15360
292_2_00016.png,BF021,292_2.mat,val,16,16384
292_2_00017.png,BF021,292_2.mat,val,17,17408
292_2_00018.png,BF021,292_2.mat,val,18,18432
292_2_00019.png,BF021,292_2.mat,val,19,19456
292_2_00020.png,BF021,292_2.mat,val,20,20480
292_2_00021.png,BF021,292_2.mat,val,21,21504
292_2_00022.png,BF021,292_2.mat,val,22,22528
292_2_00023.png,BF021,292_2.mat,val,23,23552
292_2_00024.png,BF021,292_2.mat,val,24,24576
292_2_00025.png,BF021,292_2.mat,val,25,25600
292_2_00026.png,BF021,292_2.mat,val,26,26624
292_2_00027.png,BF021,292_2.mat,val,27,27648
292_2_00028.png,BF021,292_2.mat,val,28,28672
292_2_00029.png,BF021,292_2.mat,val,29,29696
292_2_00030.png,BF021,292_2.mat,val,30,30720
292_2_00031.png,BF021,292_2.mat,val,31,31744
292_2_00032.png,BF021,292_2.mat,val,32,32768
292_2_00033.png,BF021,292_2.mat,val,33,33792
292_2_00034.png,BF021,292_2.mat,val,34,34816
292_2_00035.png,BF021,292_2.mat,val,35,35840
292_2_00036.png,BF021,292_2.mat,val,36,36864
292_2_00037.png,BF021,292_2.mat,val,37,37888
292_2_00038.png,BF021,292_2.mat,val,38,38912
292_2_00039.png,BF021,292_2.mat,val,39,39936
292_2_00040.png,BF021,292_2.mat,val,40,40960
292_2_00041.png,BF021,292_2.mat,val,41,41984
292_2_00042.png,BF021,292_2.mat,val,42,43008
292_2_00043.png,BF021,292_2.mat,val,43,44032
292_2_00044.png,BF021,292_2.mat,val,44,45056
292_2_00045.png,BF021,292_2.mat,val,45,46080
292_2_00046.png,BF021,292_2.mat,val,46,47104
292_2_00047.png,BF021,292_2.mat,val,47,48128
292_2_00048.png,BF021,292_2.mat,val,48,49152
292_2_00049.png,BF021,292_2.mat,val,49,50176
292_2_00050.png,BF021,292_2.mat,val,50,51200
292_2_00051.png,BF021,292_2.mat,val,51,52224
292_2_00052.png,BF021,292_2.mat,val,52,53248
292_2_00053.png,BF021,292_2.mat,val,53,54272
292_2_00054.png,BF021,292_2.mat,val,54,55296
292_2_00055.png,BF021,292_2.mat,val,55,56320
292_2_00056.png,BF021,292_2.mat,val,56,57344
292_2_00057.png,BF021,292_2.mat,val,57,58368
292_2_00058.png,BF021,292_2.mat,val,58,59392
292_2_00059.png,BF021,292_2.mat,val,59,60416
292_2_00060.png,BF021,292_2.mat,val,60,61440
292_2_00061.png,BF021,292_2.mat,val,61,62464
292_2_00062.png,BF021,292_2.mat,val,62,63488
292_2_00063.png,BF021,292_2.mat,val,63,64512
292_2_00064.png,BF021,292_2.mat,val,64,65536
292_2_00065.png,BF021,292_2.mat,val,65,66560
292_2_00066.png,BF021,292_2.mat,val,66,67584
292_2_00067.png,BF021,292_2.mat,val,67,68608
292_2_00068.png,BF021,292_2.mat,val,68,69632
292_2_00069.png,BF021,292_2.mat,val,69,70656
292_2_00070.png,BF021,292_2.mat,val,70,71680
292_2_00071.png,BF021,292_2.mat,val,71,72704
292_2_00072.png,BF021,292_2.mat,val,72,73728
292_2_00073.png,BF021,292_2.mat,val,73,74752
292_2_00074.png,BF021,292_2.mat,val,74,75776
292_2_00075.png,BF021,292_2.mat,val,75,76800
292_2_00076.png,BF021,292_2.mat,val,76,77824
292_2_00077.png,BF021,292_2.mat,val,77,78848
292_2_00078.png,BF021,292_2.mat,val,78,79872
292_2_00079.png,BF021,292_2.mat,val,79,80896
292_2_00080.png,BF021,292_2.mat,val,80,81920
292_2_00081.png,BF021,292_2.mat,val,81,82944
292_2_00082.png,BF021,292_2.mat,val,82,83968
292_2_00083.png,BF021,292_2.mat,val,83,84992
292_2_00084.png,BF021,292_2.mat,val,84,86016
292_2_00085.png,BF021,292_2.mat,val,85,87040
292_2_00086.png,BF021,292_2.mat,val,86,88064
292_2_00087.png,BF021,292_2.mat,val,87,89088
292_2_00088.png,BF021,292_2.mat,val,88,90112
292_2_00089.png,BF021,292_2.mat,val,89,91136
292_2_00090.png,BF021,292_2.mat,val,90,92160
292_2_00091.png,BF021,292_2.mat,val,91,93184
292_2_00092.png,BF021,292_2.mat,val,92,94208
292_2_00093.png,BF021,292_2.mat,val,93,95232
292_2_00094.png,BF021,292_2.mat,val,94,96256
292_2_00095.png,BF021,292_2.mat,val,95,97280
292_2_00096.png,BF021,292_2.mat,val,96,98304
292_2_00097.png,BF021,292_2.mat,val,97,99328
292_2_00098.png,BF021,292_2.mat,val,98,100352
292_2_00099.png,BF021,292_2.mat,val,99,101376
292_2_00100.png,BF021,292_2.mat,val,100,102400
292_2_00101.png,BF021,292_2.mat,val,101,103424
292_2_00102.png,BF021,292_2.mat,val,102,104448
292_2_00103.png,BF021,292_2.mat,val,103,105472
292_2_00104.png,BF021,292_2.mat,val,104,106496
292_2_00105.png,BF021,292_2.mat,val,105,107520
292_2_00106.png,BF021,292_2.mat,val,106,108544
292_2_00107.png,BF021,292_2.mat,val,107,109568
292_2_00108.png,BF021,292_2.mat,val,108,110592
292_2_00109.png,BF021,292_2.mat,val,109,111616
292_2_00110.png,BF021,292_2.mat,val,110,112640
292_2_00111.png,BF021,292_2.mat,val,111,113664
292_2_00112.png,BF021,292_2.mat,val,112,114688
292_2_00113.png,BF021,292_2.mat,val,113,115712
292_2_00114.png,BF021,292_2.mat,val,114,116736
292_2_00115.png,BF021,292_2.mat,val,115,117760
292_2_00116.png,BF021,292_2.mat,val,116,118784
278_0_00000.png,IF007,278_0.mat,val,0,0
278_0_00001.png,IF007,278_0.mat,val,1,1024
278_0_00002.png,IF007,278_0.mat,val,2,2048
278_0_00003.png,IF007,278_0.mat,val,3,3072
278_0_00004.png,IF007,278_0.mat,val,4,4096
278_0_00005.png,IF007,278_0.mat,val,5,5120
278_0_00006.png,IF007,278_0.mat,val,6,6144
278_0_00007.png,IF007,278_0.mat,val,7,7168
278_0_00008.png,IF007,278_0.mat,val,8,8192
278_0_00009.png,IF007,278_0.mat,val,9,9216
278_0_00010.png,IF007,278_0.mat,val,10,10240
278_0_00011.png,IF007,278_0.mat,val,11,11264
278_0_00012.png,IF007,278_0.mat,val,12,12288
278_0_00013.png,IF007,278_0.mat,val,13,13312
278_0_00014.png,IF007,278_0.mat,val,14,14336
278_0_00015.png,IF007,278_0.mat,val,15,15360
278_0_00016.png,IF007,278_0.mat,val,16,16384
278_0_00017.png,IF007,278_0.mat,val,17,17408
278_0_00018.png,IF007,278_0.mat,val,18,18432
278_0_00019.png,IF007,278_0.mat,val,19,19456
278_0_00020.png,IF007,278_0.mat,val,20,20480
278_0_00021.png,IF007,278_0.mat,val,21,21504
278_0_00022.png,IF007,278_0.mat,val,22,22528
278_0_00023.png,IF007,278_0.mat,val,23,23552
278_0_00024.png,IF007,278_0.mat,val,24,24576
278_0_00025.png,IF007,278_0.mat,val,25,25600
278_0_00026.png,IF007,278_0.mat,val,26,26624
278_0_00027.png,IF007,278_0.mat,val,27,27648
278_0_00028.png,IF007,278_0.mat,val,28,28672
278_0_00029.png,IF007,278_0.mat,val,29,29696
278_0_00030.png,IF007,278_0.mat,val,30,30720
278_0_00031.png,IF007,278_0.mat,val,31,31744
278_0_00032.png,IF007,278_0.mat,val,32,32768
278_0_00033.png,IF007,278_0.mat,val,33,33792
278_0_00034.png,IF007,278_0.mat,val,34,34816
278_0_00035.png,IF007,278_0.mat,val,35,35840
278_0_00036.png,IF007,278_0.mat,val,36,36864
278_0_00037.png,IF007,278_0.mat,val,37,37888
278_0_00038.png,IF007,278_0.mat,val,38,38912
278_0_00039.png,IF007,278_0.mat,val,39,39936
278_0_00040.png,IF007,278_0.mat,val,40,40960
278_0_00041.png,IF007,278_0.mat,val,41,41984
278_0_00042.png,IF007,278_0.mat,val,42,43008
278_0_00043.png,IF007,278_0.mat,val,43,44032
278_0_00044.png,IF007,278_0.mat,val,44,45056
278_0_00045.png,IF007,278_0.mat,val,45,46080
278_0_00046.png,IF007,278_0.mat,val,46,47104
278_0_00047.png,IF007,278_0.mat,val,47,48128
278_0_00048.png,IF007,278_0.mat,val,48,49152
278_0_00049.png,IF007,278_0.mat,val,49,50176
278_0_00050.png,IF007,278_0.mat,val,50,51200
278_0_00051.png,IF007,278_0.mat,val,51,52224
278_0_00052.png,IF007,278_0.mat,val,52,53248
278_0_00053.png,IF007,278_0.mat,val,53,54272
278_0_00054.png,IF007,278_0.mat,val,54,55296
278_0_00055.png,IF007,278_0.mat,val,55,56320
278_0_00056.png,IF007,278_0.mat,val,56,57344
278_0_00057.png,IF007,278_0.mat,val,57,58368
278_0_00058.png,IF007,278_0.mat,val,58,59392
278_0_00059.png,IF007,278_0.mat,val,59,60416
278_0_00060.png,IF007,278_0.mat,val,60,61440
278_0_00061.png,IF007,278_0.mat,val,61,62464
278_0_00062.png,IF007,278_0.mat,val,62,63488
278_0_00063.png,IF007,278_0.mat,val,63,64512
278_0_00064.png,IF007,278_0.mat,val,64,65536
278_0_00065.png,IF007,278_0.mat,val,65,66560
278_0_00066.png,IF007,278_0.mat,val,66,67584
278_0_00067.png,IF007,278_0.mat,val,67,68608
278_0_00068.png,IF007,278_0.mat,val,68,69632
278_0_00069.png,IF007,278_0.mat,val,69,70656
278_0_00070.png,IF007,278_0.mat,val,70,71680
278_0_00071.png,IF007,278_0.mat,val,71,72704
278_0_00072.png,IF007,278_0.mat,val,72,73728
278_0_00073.png,IF007,278_0.mat,val,73,74752
278_0_00074.png,IF007,278_0.mat,val,74,75776
278_0_00075.png,IF007,278_0.mat,val,75,76800
278_0_00076.png,IF007,278_0.mat,val,76,77824
278_0_00077.png,IF007,278_0.mat,val,77,78848
278_0_00078.png,IF007,278_0.mat,val,78,79872
278_0_00079.png,IF007,278_0.mat,val,79,80896
278_0_00080.png,IF007,278_0.mat,val,80,81920
278_0_00081.png,IF007,278_0.mat,val,81,82944
278_0_00082.png,IF007,278_0.mat,val,82,83968
278_0_00083.png,IF007,278_0.mat,val,83,84992
278_0_00084.png,IF007,278_0.mat,val,84,86016
278_0_00085.png,IF007,278_0.mat,val,85,87040
278_0_00086.png,IF007,278_0.mat,val,86,88064
278_0_00087.png,IF007,278_0.mat,val,87,89088
278_0_00088.png,IF007,278_0.mat,val,88,90112
278_0_00089.png,IF007,278_0.mat,val,89,91136
278_0_00090.png,IF007,278_0.mat,val,90,92160
278_0_00091.png,IF007,278_0.mat,val,91,93184
278_0_00092.png,IF007,278_0.mat,val,92,94208
278_0_00093.png,IF007,278_0.mat,val,93,95232
278_0_00094.png,IF007,278_0.mat,val,94,96256
278_0_00095.png,IF007,278_0.mat,val,95,97280
278_0_00096.png,IF007,278_0.mat,val,96,98304
278_0_00097.png,IF007,278_0.mat,val,97,99328
278_0_00098.png,IF007,278_0.mat,val,98,100352
278_0_00099.png,IF007,278_0.mat,val,99,101376
278_0_00100.png,IF007,278_0.mat,val,100,102400
278_0_00101.png,IF007,278_0.mat,val,101,103424
278_0_00102.png,IF007,278_0.mat,val,102,104448
278_0_00103.png,IF007,278_0.mat,val,103,105472
278_0_00104.png,IF007,278_0.mat,val,104,106496
278_0_00105.png,IF007,278_0.mat,val,105,107520
278_0_00106.png,IF007,278_0.mat,val,106,108544
278_0_00107.png,IF007,278_0.mat,val,107,109568
278_0_00108.png,IF007,278_0.mat,val,108,110592
278_0_00109.png,IF007,278_0.mat,val,109,111616
278_0_00110.png,IF007,278_0.mat,val,110,112640
278_0_00111.png,IF007,278_0.mat,val,111,113664
278_0_00112.png,IF007,278_0.mat,val,112,114688
278_0_00113.png,IF007,278_0.mat,val,113,115712
278_0_00114.png,IF007,278_0.mat,val,114,116736
278_0_00115.png,IF007,278_0.mat,val,115,117760
278_0_00116.png,IF007,278_0.mat,val,116,118784
277_3_00000.png,IF014,277_3.mat,val,0,0
277_3_00001.png,IF014,277_3.mat,val,1,1024
277_3_00002.png,IF014,277_3.mat,val,2,2048
277_3_00003.png,IF014,277_3.mat,val,3,3072
277_3_00004.png,IF014,277_3.mat,val,4,4096
277_3_00005.png,IF014,277_3.mat,val,5,5120
277_3_00006.png,IF014,277_3.mat,val,6,6144
277_3_00007.png,IF014,277_3.mat,val,7,7168
277_3_00008.png,IF014,277_3.mat,val,8,8192
277_3_00009.png,IF014,277_3.mat,val,9,9216
277_3_00010.png,IF014,277_3.mat,val,10,10240
277_3_00011.png,IF014,277_3.mat,val,11,11264
277_3_00012.png,IF014,277_3.mat,val,12,12288
277_3_00013.png,IF014,277_3.mat,val,13,13312
277_3_00014.png,IF014,277_3.mat,val,14,14336
277_3_00015.png,IF014,277_3.mat,val,15,15360
277_3_00016.png,IF014,277_3.mat,val,16,16384
277_3_00017.png,IF014,277_3.mat,val,17,17408
277_3_00018.png,IF014,277_3.mat,val,18,18432
277_3_00019.png,IF014,277_3.mat,val,19,19456
277_3_00020.png,IF014,277_3.mat,val,20,20480
277_3_00021.png,IF014,277_3.mat,val,21,21504
277_3_00022.png,IF014,277_3.mat,val,22,22528
277_3_00023.png,IF014,277_3.mat,val,23,23552
277_3_00024.png,IF014,277_3.mat,val,24,24576
277_3_00025.png,IF014,277_3.mat,val,25,25600
277_3_00026.png,IF014,277_3.mat,val,26,26624
277_3_00027.png,IF014,277_3.mat,val,27,27648
277_3_00028.png,IF014,277_3.mat,val,28,28672
277_3_00029.png,IF014,277_3.mat,val,29,29696
277_3_00030.png,IF014,277_3.mat,val,30,30720
277_3_00031.png,IF014,277_3.mat,val,31,31744
277_3_00032.png,IF014,277_3.mat,val,32,32768
277_3_00033.png,IF014,277_3.mat,val,33,33792
277_3_00034.png,IF014,277_3.mat,val,34,34816
277_3_00035.png,IF014,277_3.mat,val,35,35840
277_3_00036.png,IF014,277_3.mat,val,36,36864
277_3_00037.png,IF014,277_3.mat,val,37,37888
277_3_00038.png,IF014,277_3.mat,val,38,38912
277_3_00039.png,IF014,277_3.mat,val,39,39936
277_3_00040.png,IF014,277_3.mat,val,40,40960
277_3_00041.png,IF014,277_3.mat,val,41,41984
277_3_00042.png,IF014,277_3.mat,val,42,43008
277_3_00043.png,IF014,277_3.mat,val,43,44032
277_3_00044.png,IF014,277_3.mat,val,44,45056
277_3_00045.png,IF014,277_3.mat,val,45,46080
277_3_00046.png,IF014,277_3.mat,val,46,47104
277_3_00047.png,IF014,277_3.mat,val,47,48128
277_3_00048.png,IF014,277_3.mat,val,48,49152
277_3_00049.png,IF014,277_3.mat,val,49,50176
277_3_00050.png,IF014,277_3.mat,val,50,51200
277_3_00051.png,IF014,277_3.mat,val,51,52224
277_3_00052.png,IF014,277_3.mat,val,52,53248
277_3_00053.png,IF014,277_3.mat,val,53,54272
277_3_00054.png,IF014,277_3.mat,val,54,55296
277_3_00055.png,IF014,277_3.mat,val,55,56320
277_3_00056.png,IF014,277_3.mat,val,56,57344
277_3_00057.png,IF014,277_3.mat,val,57,58368
277_3_00058.png,IF014,277_3.mat,val,58,59392
277_3_00059.png,IF014,277_3.mat,val,59,60416
277_3_00060.png,IF014,277_3.mat,val,60,61440
277_3_00061.png,IF014,277_3.mat,val,61,62464
277_3_00062.png,IF014,277_3.mat,val,62,63488
277_3_00063.png,IF014,277_3.mat,val,63,64512
277_3_00064.png,IF014,277_3.mat,val,64,65536
277_3_00065.png,IF014,277_3.mat,val,65,66560
277_3_00066.png,IF014,277_3.mat,val,66,67584
277_3_00067.png,IF014,277_3.mat,val,67,68608
277_3_00068.png,IF014,277_3.mat,val,68,69632
277_3_00069.png,IF014,277_3.mat,val,69,70656
277_3_00070.png,IF014,277_3.mat,val,70,71680
277_3_00071.png,IF014,277_3.mat,val,71,72704
277_3_00072.png,IF014,277_3.mat,val,72,73728
277_3_00073.png,IF014,277_3.mat,val,73,74752
277_3_00074.png,IF014,277_3.mat,val,74,75776
277_3_00075.png,IF014,277_3.mat,val,75,76800
277_3_00076.png,IF014,277_3.mat,val,76,77824
277_3_00077.png,IF014,277_3.mat,val,77,78848
277_3_00078.png,IF014,277_3.mat,val,78,79872
277_3_00079.png,IF014,277_3.mat,val,79,80896
277_3_00080.png,IF014,277_3.mat,val,80,81920
277_3_00081.png,IF014,277_3.mat,val,81,82944
277_3_00082.png,IF014,277_3.mat,val,82,83968
277_3_00083.png,IF014,277_3.mat,val,83,84992
277_3_00084.png,IF014,277_3.mat,val,84,86016
277_3_00085.png,IF014,277_3.mat,val,85,87040
277_3_00086.png,IF014,277_3.mat,val,86,88064
277_3_00087.png,IF014,277_3.mat,val,87,89088
277_3_00088.png,IF014,277_3.mat,val,88,90112
277_3_00089.png,IF014,277_3.mat,val,89,91136
277_3_00090.png,IF014,277_3.mat,val,90,92160
277_3_00091.png,IF014,277_3.mat,val,91,93184
277_3_00092.png,IF014,277_3.mat,val,92,94208
277_3_00093.png,IF014,277_3.mat,val,93,95232
277_3_00094.png,IF014,277_3.mat,val,94,96256
277_3_00095.png,IF014,277_3.mat,val,95,97280
277_3_00096.png,IF014,277_3.mat,val,96,98304
277_3_00097.png,IF014,277_3.mat,val,97,99328
277_3_00098.png,IF014,277_3.mat,val,98,100352
277_3_00099.png,IF014,277_3.mat,val,99,101376
277_3_00100.png,IF014,277_3.mat,val,100,102400
277_3_00101.png,IF014,277_3.mat,val,101,103424
277_3_00102.png,IF014,277_3.mat,val,102,104448
277_3_00103.png,IF014,277_3.mat,val,103,105472
277_3_00104.png,IF014,277_3.mat,val,104,106496
277_3_00105.png,IF014,277_3.mat,val,105,107520
277_3_00106.png,IF014,277_3.mat,val,106,108544
277_3_00107.png,IF014,277_3.mat,val,107,109568
277_3_00108.png,IF014,277_3.mat,val,108,110592
277_3_00109.png,IF014,277_3.mat,val,109,111616
277_3_00110.png,IF014,277_3.mat,val,110,112640
277_3_00111.png,IF014,277_3.mat,val,111,113664
277_3_00112.png,IF014,277_3.mat,val,112,114688
277_3_00113.png,IF014,277_3.mat,val,113,115712
277_3_00114.png,IF014,277_3.mat,val,114,116736
277_3_00115.png,IF014,277_3.mat,val,115,117760
277_3_00116.png,IF014,277_3.mat,val,116,118784
272_2_00000.png,IF021,272_2.mat,val,0,0
272_2_00001.png,IF021,272_2.mat,val,1,1024
272_2_00002.png,IF021,272_2.mat,val,2,2048
272_2_00003.png,IF021,272_2.mat,val,3,3072
272_2_00004.png,IF021,272_2.mat,val,4,4096
272_2_00005.png,IF021,272_2.mat,val,5,5120
272_2_00006.png,IF021,272_2.mat,val,6,6144
272_2_00007.png,IF021,272_2.mat,val,7,7168
272_2_00008.png,IF021,272_2.mat,val,8,8192
272_2_00009.png,IF021,272_2.mat,val,9,9216
272_2_00010.png,IF021,272_2.mat,val,10,10240
272_2_00011.png,IF021,272_2.mat,val,11,11264
272_2_00012.png,IF021,272_2.mat,val,12,12288
272_2_00013.png,IF021,272_2.mat,val,13,13312
272_2_00014.png,IF021,272_2.mat,val,14,14336
272_2_00015.png,IF021,272_2.mat,val,15,15360
272_2_00016.png,IF021,272_2.mat,val,16,16384
272_2_00017.png,IF021,272_2.mat,val,17,17408
272_2_00018.png,IF021,272_2.mat,val,18,18432
272_2_00019.png,IF021,272_2.mat,val,19,19456
272_2_00020.png,IF021,272_2.mat,val,20,20480
272_2_00021.png,IF021,272_2.mat,val,21,21504
272_2_00022.png,IF021,272_2.mat,val,22,22528
272_2_00023.png,IF021,272_2.mat,val,23,23552
272_2_00024.png,IF021,272_2.mat,val,24,24576
272_2_00025.png,IF021,272_2.mat,val,25,25600
272_2_00026.png,IF021,272_2.mat,val,26,26624
272_2_00027.png,IF021,272_2.mat,val,27,27648
272_2_00028.png,IF021,272_2.mat,val,28,28672
272_2_00029.png,IF021,272_2.mat,val,29,29696
272_2_00030.png,IF021,272_2.mat,val,30,30720
272_2_00031.png,IF021,272_2.mat,val,31,31744
272_2_00032.png,IF021,272_2.mat,val,32,32768
272_2_00033.png,IF021,272_2.mat,val,33,33792
272_2_00034.png,IF021,272_2.mat,val,34,34816
272_2_00035.png,IF021,272_2.mat,val,35,35840
272_2_00036.png,IF021,272_2.mat,val,36,36864
272_2_00037.png,IF021,272_2.mat,val,37,37888
272_2_00038.png,IF021,272_2.mat,val,38,38912
272_2_00039.png,IF021,272_2.mat,val,39,39936
272_2_00040.png,IF021,272_2.mat,val,40,40960
272_2_00041.png,IF021,272_2.mat,val,41,41984
272_2_00042.png,IF021,272_2.mat,val,42,43008
272_2_00043.png,IF021,272_2.mat,val,43,44032
272_2_00044.png,IF021,272_2.mat,val,44,45056
272_2_00045.png,IF021,272_2.mat,val,45,46080
272_2_00046.png,IF021,272_2.mat,val,46,47104
272_2_00047.png,IF021,272_2.mat,val,47,48128
272_2_00048.png,IF021,272_2.mat,val,48,49152
272_2_00049.png,IF021,272_2.mat,val,49,50176
272_2_00050.png,IF021,272_2.mat,val,50,51200
272_2_00051.png,IF021,272_2.mat,val,51,52224
272_2_00052.png,IF021,272_2.mat,val,52,53248
272_2_00053.png,IF021,272_2.mat,val,53,54272
272_2_00054.png,IF021,272_2.mat,val,54,55296
272_2_00055.png,IF021,272_2.mat,val,55,56320
272_2_00056.png,IF021,272_2.mat,val,56,57344
272_2_00057.png,IF021,272_2.mat,val,57,58368
272_2_00058.png,IF021,272_2.mat,val,58,59392
272_2_00059.png,IF021,272_2.mat,val,59,60416
272_2_00060.png,IF021,272_2.mat,val,60,61440
272_2_00061.png,IF021,272_2.mat,val,61,62464
272_2_00062.png,IF021,272_2.mat,val,62,63488
272_2_00063.png,IF021,272_2.mat,val,63,64512
272_2_00064.png,IF021,272_2.mat,val,64,65536
272_2_00065.png,IF021,272_2.mat,val,65,66560
272_2_00066.png,IF021,272_2.mat,val,66,67584
272_2_00067.png,IF021,272_2.mat,val,67,68608
272_2_00068.png,IF021,272_2.mat,val,68,69632
272_2_00069.png,IF021,272_2.mat,val,69,70656
272_2_00070.png,IF021,272_2.mat,val,70,71680
272_2_00071.png,IF021,272_2.mat,val,71,72704
272_2_00072.png,IF021,272_2.mat,val,72,73728
272_2_00073.png,IF021,272_2.mat,val,73,74752
272_2_00074.png,IF021,272_2.mat,val,74,75776
272_2_00075.png,IF021,272_2.mat,val,75,76800
272_2_00076.png,IF021,272_2.mat,val,76,77824
272_2_00077.png,IF021,272_2.mat,val,77,78848
272_2_00078.png,IF021,272_2.mat,val,78,79872
272_2_00079.png,IF021,272_2.mat,val,79,80896
272_2_00080.png,IF021,272_2.mat,val,80,81920
272_2_00081.png,IF021,272_2.mat,val,81,82944
272_2_00082.png,IF021,272_2.mat,val,82,83968
272_2_00083.png,IF021,272_2.mat,val,83,84992
272_2_00084.png,IF021,272_2.mat,val,84,86016
272_2_00085.png,IF021,272_2.mat,val,85,87040
272_2_00086.png,IF021,272_2.mat,val,86,88064
272_2_00087.png,IF021,272_2.mat,val,87,89088
272_2_00088.png,IF021,272_2.mat,val,88,90112
272_2_00089.png,IF021,272_2.mat,val,89,91136
272_2_00090.png,IF021,272_2.mat,val,90,92160
272_2_00091.png,IF021,272_2.mat,val,91,93184
272_2_00092.png,IF021,272_2.mat,val,92,94208
272_2_00093.png,IF021,272_2.mat,val,93,95232
272_2_00094.png,IF021,272_2.mat,val,94,96256
272_2_00095.png,IF021,272_2.mat,val,95,97280
272_2_00096.png,IF021,272_2.mat,val,96,98304
272_2_00097.png,IF021,272_2.mat,val,97,99328
272_2_00098.png,IF021,272_2.mat,val,98,100352
272_2_00099.png,IF021,272_2.mat,val,99,101376
272_2_00100.png,IF021,272_2.mat,val,100,102400
272_2_00101.png,IF021,272_2.mat,val,101,103424
272_2_00102.png,IF021,272_2.mat,val,102,104448
272_2_00103.png,IF021,272_2.mat,val,103,105472
272_2_00104.png,IF021,272_2.mat,val,104,106496
272_2_00105.png,IF021,272_2.mat,val,105,107520
272_2_00106.png,IF021,272_2.mat,val,106,108544
272_2_00107.png,IF021,272_2.mat,val,107,109568
272_2_00108.png,IF021,272_2.mat,val,108,110592
272_2_00109.png,IF021,272_2.mat,val,109,111616
272_2_00110.png,IF021,272_2.mat,val,110,112640
272_2_00111.png,IF021,272_2.mat,val,111,113664
272_2_00112.png,IF021,272_2.mat,val,112,114688
272_2_00113.png,IF021,272_2.mat,val,113,115712
272_2_00114.png,IF021,272_2.mat,val,114,116736
272_2_00115.png,IF021,272_2.mat,val,115,117760
272_2_00116.png,IF021,272_2.mat,val,116,118784
100_Normal_3_00000.png,Normal,100_Normal_3.mat,val,0,0
100_Normal_3_00001.png,Normal,100_Normal_3.mat,val,1,1024
100_Normal_3_00002.png,Normal,100_Normal_3.mat,val,2,2048
100_Normal_3_00003.png,Normal,100_Normal_3.mat,val,3,3072
100_Normal_3_00004.png,Normal,100_Normal_3.mat,val,4,4096
100_Normal_3_00005.png,Normal,100_Normal_3.mat,val,5,5120
100_Normal_3_00006.png,Normal,100_Normal_3.mat,val,6,6144
100_Normal_3_00007.png,Normal,100_Normal_3.mat,val,7,7168
100_Normal_3_00008.png,Normal,100_Normal_3.mat,val,8,8192
100_Normal_3_00009.png,Normal,100_Normal_3.mat,val,9,9216
100_Normal_3_00010.png,Normal,100_Normal_3.mat,val,10,10240
100_Normal_3_00011.png,Normal,100_Normal_3.mat,val,11,11264
100_Normal_3_00012.png,Normal,100_Normal_3.mat,val,12,12288
100_Normal_3_00013.png,Normal,100_Normal_3.mat,val,13,13312
100_Normal_3_00014.png,Normal,100_Normal_3.mat,val,14,14336
100_Normal_3_00015.png,Normal,100_Normal_3.mat,val,15,15360
100_Normal_3_00016.png,Normal,100_Normal_3.mat,val,16,16384
100_Normal_3_00017.png,Normal,100_Normal_3.mat,val,17,17408
100_Normal_3_00018.png,Normal,100_Normal_3.mat,val,18,18432
100_Normal_3_00019.png,Normal,100_Normal_3.mat,val,19,19456
100_Normal_3_00020.png,Normal,100_Normal_3.mat,val,20,20480
100_Normal_3_00021.png,Normal,100_Normal_3.mat,val,21,21504
100_Normal_3_00022.png,Normal,100_Normal_3.mat,val,22,22528
100_Normal_3_00023.png,Normal,100_Normal_3.mat,val,23,23552
100_Normal_3_00024.png,Normal,100_Normal_3.mat,val,24,24576
100_Normal_3_00025.png,Normal,100_Normal_3.mat,val,25,25600
100_Normal_3_00026.png,Normal,100_Normal_3.mat,val,26,26624
100_Normal_3_00027.png,Normal,100_Normal_3.mat,val,27,27648
100_Normal_3_00028.png,Normal,100_Normal_3.mat,val,28,28672
100_Normal_3_00029.png,Normal,100_Normal_3.mat,val,29,29696
100_Normal_3_00030.png,Normal,100_Normal_3.mat,val,30,30720
100_Normal_3_00031.png,Normal,100_Normal_3.mat,val,31,31744
100_Normal_3_00032.png,Normal,100_Normal_3.mat,val,32,32768
100_Normal_3_00033.png,Normal,100_Normal_3.mat,val,33,33792
100_Normal_3_00034.png,Normal,100_Normal_3.mat,val,34,34816
100_Normal_3_00035.png,Normal,100_Normal_3.mat,val,35,35840
100_Normal_3_00036.png,Normal,100_Normal_3.mat,val,36,36864
100_Normal_3_00037.png,Normal,100_Normal_3.mat,val,37,37888
100_Normal_3_00038.png,Normal,100_Normal_3.mat,val,38,38912
100_Normal_3_00039.png,Normal,100_Normal_3.mat,val,39,39936
100_Normal_3_00040.png,Normal,100_Normal_3.mat,val,40,40960
100_Normal_3_00041.png,Normal,100_Normal_3.mat,val,41,41984
100_Normal_3_00042.png,Normal,100_Normal_3.mat,val,42,43008
100_Normal_3_00043.png,Normal,100_Normal_3.mat,val,43,44032
100_Normal_3_00044.png,Normal,100_Normal_3.mat,val,44,45056
100_Normal_3_00045.png,Normal,100_Normal_3.mat,val,45,46080
100_Normal_3_00046.png,Normal,100_Normal_3.mat,val,46,47104
100_Normal_3_00047.png,Normal,100_Normal_3.mat,val,47,48128
100_Normal_3_00048.png,Normal,100_Normal_3.mat,val,48,49152
100_Normal_3_00049.png,Normal,100_Normal_3.mat,val,49,50176
100_Normal_3_00050.png,Normal,100_Normal_3.mat,val,50,51200
100_Normal_3_00051.png,Normal,100_Normal_3.mat,val,51,52224
100_Normal_3_00052.png,Normal,100_Normal_3.mat,val,52,53248
100_Normal_3_00053.png,Normal,100_Normal_3.mat,val,53,54272
100_Normal_3_00054.png,Normal,100_Normal_3.mat,val,54,55296
100_Normal_3_00055.png,Normal,100_Normal_3.mat,val,55,56320
100_Normal_3_00056.png,Normal,100_Normal_3.mat,val,56,57344
100_Normal_3_00057.png,Normal,100_Normal_3.mat,val,57,58368
100_Normal_3_00058.png,Normal,100_Normal_3.mat,val,58,59392
100_Normal_3_00059.png,Normal,100_Normal_3.mat,val,59,60416
100_Normal_3_00060.png,Normal,100_Normal_3.mat,val,60,61440
100_Normal_3_00061.png,Normal,100_Normal_3.mat,val,61,62464
100_Normal_3_00062.png,Normal,100_Normal_3.mat,val,62,63488
100_Normal_3_00063.png,Normal,100_Normal_3.mat,val,63,64512
100_Normal_3_00064.png,Normal,100_Normal_3.mat,val,64,65536
100_Normal_3_00065.png,Normal,100_Normal_3.mat,val,65,66560
100_Normal_3_00066.png,Normal,100_Normal_3.mat,val,66,67584
100_Normal_3_00067.png,Normal,100_Normal_3.mat,val,67,68608
100_Normal_3_00068.png,Normal,100_Normal_3.mat,val,68,69632
100_Normal_3_00069.png,Normal,100_Normal_3.mat,val,69,70656
100_Normal_3_00070.png,Normal,100_Normal_3.mat,val,70,71680
100_Normal_3_00071.png,Normal,100_Normal_3.mat,val,71,72704
100_Normal_3_00072.png,Normal,100_Normal_3.mat,val,72,73728
100_Normal_3_00073.png,Normal,100_Normal_3.mat,val,73,74752
100_Normal_3_00074.png,Normal,100_Normal_3.mat,val,74,75776
100_Normal_3_00075.png,Normal,100_Normal_3.mat,val,75,76800
100_Normal_3_00076.png,Normal,100_Normal_3.mat,val,76,77824
100_Normal_3_00077.png,Normal,100_Normal_3.mat,val,77,78848
100_Normal_3_00078.png,Normal,100_Normal_3.mat,val,78,79872
100_Normal_3_00079.png,Normal,100_Normal_3.mat,val,79,80896
100_Normal_3_00080.png,Normal,100_Normal_3.mat,val,80,81920
100_Normal_3_00081.png,Normal,100_Normal_3.mat,val,81,82944
100_Normal_3_00082.png,Normal,100_Normal_3.mat,val,82,83968
100_Normal_3_00083.png,Normal,100_Normal_3.mat,val,83,84992
100_Normal_3_00084.png,Normal,100_Normal_3.mat,val,84,86016
100_Normal_3_00085.png,Normal,100_Normal_3.mat,val,85,87040
100_Normal_3_00086.png,Normal,100_Normal_3.mat,val,86,88064
100_Normal_3_00087.png,Normal,100_Normal_3.mat,val,87,89088
100_Normal_3_00088.png,Normal,100_Normal_3.mat,val,88,90112
100_Normal_3_00089.png,Normal,100_Normal_3.mat,val,89,91136
100_Normal_3_00090.png,Normal,100_Normal_3.mat,val,90,92160
100_Normal_3_00091.png,Normal,100_Normal_3.mat,val,91,93184
100_Normal_3_00092.png,Normal,100_Normal_3.mat,val,92,94208
100_Normal_3_00093.png,Normal,100_Normal_3.mat,val,93,95232
100_Normal_3_00094.png,Normal,100_Normal_3.mat,val,94,96256
100_Normal_3_00095.png,Normal,100_Normal_3.mat,val,95,97280
100_Normal_3_00096.png,Normal,100_Normal_3.mat,val,96,98304
100_Normal_3_00097.png,Normal,100_Normal_3.mat,val,97,99328
100_Normal_3_00098.png,Normal,100_Normal_3.mat,val,98,100352
100_Normal_3_00099.png,Normal,100_Normal_3.mat,val,99,101376
100_Normal_3_00100.png,Normal,100_Normal_3.mat,val,100,102400
100_Normal_3_00101.png,Normal,100_Normal_3.mat,val,101,103424
100_Normal_3_00102.png,Normal,100_Normal_3.mat,val,102,104448
100_Normal_3_00103.png,Normal,100_Normal_3.mat,val,103,105472
100_Normal_3_00104.png,Normal,100_Normal_3.mat,val,104,106496
100_Normal_3_00105.png,Normal,100_Normal_3.mat,val,105,107520
100_Normal_3_00106.png,Normal,100_Normal_3.mat,val,106,108544
100_Normal_3_00107.png,Normal,100_Normal_3.mat,val,107,109568
100_Normal_3_00108.png,Normal,100_Normal_3.mat,val,108,110592
100_Normal_3_00109.png,Normal,100_Normal_3.mat,val,109,111616
100_Normal_3_00110.png,Normal,100_Normal_3.mat,val,110,112640
100_Normal_3_00111.png,Normal,100_Normal_3.mat,val,111,113664
100_Normal_3_00112.png,Normal,100_Normal_3.mat,val,112,114688
100_Normal_3_00113.png,Normal,100_Normal_3.mat,val,113,115712
100_Normal_3_00114.png,Normal,100_Normal_3.mat,val,114,116736
100_Normal_3_00115.png,Normal,100_Normal_3.mat,val,115,117760
100_Normal_3_00116.png,Normal,100_Normal_3.mat,val,116,118784
100_Normal_3_00117.png,Normal,100_Normal_3.mat,val,117,119808
100_Normal_3_00118.png,Normal,100_Normal_3.mat,val,118,120832
100_Normal_3_00119.png,Normal,100_Normal_3.mat,val,119,121856
100_Normal_3_00120.png,Normal,100_Normal_3.mat,val,120,122880
100_Normal_3_00121.png,Normal,100_Normal_3.mat,val,121,123904
100_Normal_3_00122.png,Normal,100_Normal_3.mat,val,122,124928
100_Normal_3_00123.png,Normal,100_Normal_3.mat,val,123,125952
100_Normal_3_00124.png,Normal,100_Normal_3.mat,val,124,126976
100_Normal_3_00125.png,Normal,100_Normal_3.mat,val,125,128000
100_Normal_3_00126.png,Normal,100_Normal_3.mat,val,126,129024
100_Normal_3_00127.png,Normal,100_Normal_3.mat,val,127,130048
100_Normal_3_00128.png,Normal,100_Normal_3.mat,val,128,131072
100_Normal_3_00129.png,Normal,100_Normal_3.mat,val,129,132096
100_Normal_3_00130.png,Normal,100_Normal_3.mat,val,130,133120
100_Normal_3_00131.png,Normal,100_Normal_3.mat,val,131,134144
100_Normal_3_00132.png,Normal,100_Normal_3.mat,val,132,135168
100_Normal_3_00133.png,Normal,100_Normal_3.mat,val,133,136192
100_Normal_3_00134.png,Normal,100_Normal_3.mat,val,134,137216
100_Normal_3_00135.png,Normal,100_Normal_3.mat,val,135,138240
100_Normal_3_00136.png,Normal,100_Normal_3.mat,val,136,139264
100_Normal_3_00137.png,Normal,100_Normal_3.mat,val,137,140288
100_Normal_3_00138.png,Normal,100_Normal_3.mat,val,138,141312
100_Normal_3_00139.png,Normal,100_Normal_3.mat,val,139,142336
100_Normal_3_00140.png,Normal,100_Normal_3.mat,val,140,143360
100_Normal_3_00141.png,Normal,100_Normal_3.mat,val,141,144384
100_Normal_3_00142.png,Normal,100_Normal_3.mat,val,142,145408
100_Normal_3_00143.png,Normal,100_Normal_3.mat,val,143,146432
100_Normal_3_00144.png,Normal,100_Normal_3.mat,val,144,147456
100_Normal_3_00145.png,Normal,100_Normal_3.mat,val,145,148480
100_Normal_3_00146.png,Normal,100_Normal_3.mat,val,146,149504
100_Normal_3_00147.png,Normal,100_Normal_3.mat,val,147,150528
100_Normal_3_00148.png,Normal,100_Normal_3.mat,val,148,151552
100_Normal_3_00149.png,Normal,100_Normal_3.mat,val,149,152576
100_Normal_3_00150.png,Normal,100_Normal_3.mat,val,150,153600
100_Normal_3_00151.png,Normal,100_Normal_3.mat,val,151,154624
100_Normal_3_00152.png,Normal,100_Normal_3.mat,val,152,155648
100_Normal_3_00153.png,Normal,100_Normal_3.mat,val,153,156672
100_Normal_3_00154.png,Normal,100_Normal_3.mat,val,154,157696
100_Normal_3_00155.png,Normal,100_Normal_3.mat,val,155,158720
100_Normal_3_00156.png,Normal,100_Normal_3.mat,val,156,159744
100_Normal_3_00157.png,Normal,100_Normal_3.mat,val,157,160768
100_Normal_3_00158.png,Normal,100_Normal_3.mat,val,158,161792
100_Normal_3_00159.png,Normal,100_Normal_3.mat,val,159,162816
100_Normal_3_00160.png,Normal,100_Normal_3.mat,val,160,163840
100_Normal_3_00161.png,Normal,100_Normal_3.mat,val,161,164864
100_Normal_3_00162.png,Normal,100_Normal_3.mat,val,162,165888
100_Normal_3_00163.png,Normal,100_Normal_3.mat,val,163,166912
100_Normal_3_00164.png,Normal,100_Normal_3.mat,val,164,167936
100_Normal_3_00165.png,Normal,100_Normal_3.mat,val,165,168960
100_Normal_3_00166.png,Normal,100_Normal_3.mat,val,166,169984
100_Normal_3_00167.png,Normal,100_Normal_3.mat,val,167,171008
100_Normal_3_00168.png,Normal,100_Normal_3.mat,val,168,172032
100_Normal_3_00169.png,Normal,100_Normal_3.mat,val,169,173056
100_Normal_3_00170.png,Normal,100_Normal_3.mat,val,170,174080
100_Normal_3_00171.png,Normal,100_Normal_3.mat,val,171,175104
100_Normal_3_00172.png,Normal,100_Normal_3.mat,val,172,176128
100_Normal_3_00173.png,Normal,100_Normal_3.mat,val,173,177152
100_Normal_3_00174.png,Normal,100_Normal_3.mat,val,174,178176
100_Normal_3_00175.png,Normal,100_Normal_3.mat,val,175,179200
100_Normal_3_00176.png,Normal,100_Normal_3.mat,val,176,180224
100_Normal_3_00177.png,Normal,100_Normal_3.mat,val,177,181248
100_Normal_3_00178.png,Normal,100_Normal_3.mat,val,178,182272
100_Normal_3_00179.png,Normal,100_Normal_3.mat,val,179,183296
100_Normal_3_00180.png,Normal,100_Normal_3.mat,val,180,184320
100_Normal_3_00181.png,Normal,100_Normal_3.mat,val,181,185344
100_Normal_3_00182.png,Normal,100_Normal_3.mat,val,182,186368
100_Normal_3_00183.png,Normal,100_Normal_3.mat,val,183,187392
100_Normal_3_00184.png,Normal,100_Normal_3.mat,val,184,188416
100_Normal_3_00185.png,Normal,100_Normal_3.mat,val,185,189440
100_Normal_3_00186.png,Normal,100_Normal_3.mat,val,186,190464
100_Normal_3_00187.png,Normal,100_Normal_3.mat,val,187,191488
100_Normal_3_00188.png,Normal,100_Normal_3.mat,val,188,192512
100_Normal_3_00189.png,Normal,100_Normal_3.mat,val,189,193536
100_Normal_3_00190.png,Normal,100_Normal_3.mat,val,190,194560
100_Normal_3_00191.png,Normal,100_Normal_3.mat,val,191,195584
100_Normal_3_00192.png,Normal,100_Normal_3.mat,val,192,196608
100_Normal_3_00193.png,Normal,100_Normal_3.mat,val,193,197632
100_Normal_3_00194.png,Normal,100_Normal_3.mat,val,194,198656
100_Normal_3_00195.png,Normal,100_Normal_3.mat,val,195,199680
100_Normal_3_00196.png,Normal,100_Normal_3.mat,val,196,200704
100_Normal_3_00197.png,Normal,100_Normal_3.mat,val,197,201728
100_Normal_3_00198.png,Normal,100_Normal_3.mat,val,198,202752
100_Normal_3_00199.png,Normal,100_Normal_3.mat,val,199,203776
100_Normal_3_00200.png,Normal,100_Normal_3.mat,val,200,204800
100_Normal_3_00201.png,Normal,100_Normal_3.mat,val,201,205824
100_Normal_3_00202.png,Normal,100_Normal_3.mat,val,202,206848
100_Normal_3_00203.png,Normal,100_Normal_3.mat,val,203,207872
100_Normal_3_00204.png,Normal,100_Normal_3.mat,val,204,208896
100_Normal_3_00205.png,Normal,100_Normal_3.mat,val,205,209920
100_Normal_3_00206.png,Normal,100_Normal_3.mat,val,206,210944
100_Normal_3_00207.png,Normal,100_Normal_3.mat,val,207,211968
100_Normal_3_00208.png,Normal,100_Normal_3.mat,val,208,212992
100_Normal_3_00209.png,Normal,100_Normal_3.mat,val,209,214016
100_Normal_3_00210.png,Normal,100_Normal_3.mat,val,210,215040
100_Normal_3_00211.png,Normal,100_Normal_3.mat,val,211,216064
100_Normal_3_00212.png,Normal,100_Normal_3.mat,val,212,217088
100_Normal_3_00213.png,Normal,100_Normal_3.mat,val,213,218112
100_Normal_3_00214.png,Normal,100_Normal_3.mat,val,214,219136
100_Normal_3_00215.png,Normal,100_Normal_3.mat,val,215,220160
100_Normal_3_00216.png,Normal,100_Normal_3.mat,val,216,221184
100_Normal_3_00217.png,Normal,100_Normal_3.mat,val,217,222208
100_Normal_3_00218.png,Normal,100_Normal_3.mat,val,218,223232
100_Normal_3_00219.png,Normal,100_Normal_3.mat,val,219,224256
100_Normal_3_00220.png,Normal,100_Normal_3.mat,val,220,225280
100_Normal_3_00221.png,Normal,100_Normal_3.mat,val,221,226304
100_Normal_3_00222.png,Normal,100_Normal_3.mat,val,222,227328
100_Normal_3_00223.png,Normal,100_Normal_3.mat,val,223,228352
100_Normal_3_00224.png,Normal,100_Normal_3.mat,val,224,229376
100_Normal_3_00225.png,Normal,100_Normal_3.mat,val,225,230400
100_Normal_3_00226.png,Normal,100_Normal_3.mat,val,226,231424
100_Normal_3_00227.png,Normal,100_Normal_3.mat,val,227,232448
100_Normal_3_00228.png,Normal,100_Normal_3.mat,val,228,233472
100_Normal_3_00229.png,Normal,100_Normal_3.mat,val,229,234496
100_Normal_3_00230.png,Normal,100_Normal_3.mat,val,230,235520
100_Normal_3_00231.png,Normal,100_Normal_3.mat,val,231,236544
100_Normal_3_00232.png,Normal,100_Normal_3.mat,val,232,237568
100_Normal_3_00233.png,Normal,100_Normal_3.mat,val,233,238592
100_Normal_3_00234.png,Normal,100_Normal_3.mat,val,234,239616
100_Normal_3_00235.png,Normal,100_Normal_3.mat,val,235,240640
100_Normal_3_00236.png,Normal,100_Normal_3.mat,val,236,241664
100_Normal_3_00237.png,Normal,100_Normal_3.mat,val,237,242688
100_Normal_3_00238.png,Normal,100_Normal_3.mat,val,238,243712
100_Normal_3_00239.png,Normal,100_Normal_3.mat,val,239,244736
100_Normal_3_00240.png,Normal,100_Normal_3.mat,val,240,245760
100_Normal_3_00241.png,Normal,100_Normal_3.mat,val,241,246784
100_Normal_3_00242.png,Normal,100_Normal_3.mat,val,242,247808
100_Normal_3_00243.png,Normal,100_Normal_3.mat,val,243,248832
100_Normal_3_00244.png,Normal,100_Normal_3.mat,val,244,249856
100_Normal_3_00245.png,Normal,100_Normal_3.mat,val,245,250880
100_Normal_3_00246.png,Normal,100_Normal_3.mat,val,246,251904
100_Normal_3_00247.png,Normal,100_Normal_3.mat,val,247,252928
100_Normal_3_00248.png,Normal,100_Normal_3.mat,val,248,253952
100_Normal_3_00249.png,Normal,100_Normal_3.mat,val,249,254976
100_Normal_3_00250.png,Normal,100_Normal_3.mat,val,250,256000
100_Normal_3_00251.png,Normal,100_Normal_3.mat,val,251,257024
100_Normal_3_00252.png,Normal,100_Normal_3.mat,val,252,258048
100_Normal_3_00253.png,Normal,100_Normal_3.mat,val,253,259072
100_Normal_3_00254.png,Normal,100_Normal_3.mat,val,254,260096
100_Normal_3_00255.png,Normal,100_Normal_3.mat,val,255,261120
100_Normal_3_00256.png,Normal,100_Normal_3.mat,val,256,262144
100_Normal_3_00257.png,Normal,100_Normal_3.mat,val,257,263168
100_Normal_3_00258.png,Normal,100_Normal_3.mat,val,258,264192
100_Normal_3_00259.png,Normal,100_Normal_3.mat,val,259,265216
100_Normal_3_00260.png,Normal,100_Normal_3.mat,val,260,266240
100_Normal_3_00261.png,Normal,100_Normal_3.mat,val,261,267264
100_Normal_3_00262.png,Normal,100_Normal_3.mat,val,262,268288
100_Normal_3_00263.png,Normal,100_Normal_3.mat,val,263,269312
100_Normal_3_00264.png,Normal,100_Normal_3.mat,val,264,270336
100_Normal_3_00265.png,Normal,100_Normal_3.mat,val,265,271360
100_Normal_3_00266.png,Normal,100_Normal_3.mat,val,266,272384
100_Normal_3_00267.png,Normal,100_Normal_3.mat,val,267,273408
100_Normal_3_00268.png,Normal,100_Normal_3.mat,val,268,274432
100_Normal_3_00269.png,Normal,100_Normal_3.mat,val,269,275456
100_Normal_3_00270.png,Normal,100_Normal_3.mat,val,270,276480
100_Normal_3_00271.png,Normal,100_Normal_3.mat,val,271,277504
100_Normal_3_00272.png,Normal,100_Normal_3.mat,val,272,278528
100_Normal_3_00273.png,Normal,100_Normal_3.mat,val,273,279552
100_Normal_3_00274.png,Normal,100_Normal_3.mat,val,274,280576
100_Normal_3_00275.png,Normal,100_Normal_3.mat,val,275,281600
100_Normal_3_00276.png,Normal,100_Normal_3.mat,val,276,282624
100_Normal_3_00277.png,Normal,100_Normal_3.mat,val,277,283648
100_Normal_3_00278.png,Normal,100_Normal_3.mat,val,278,284672
100_Normal_3_00279.png,Normal,100_Normal_3.mat,val,279,285696
100_Normal_3_00280.png,Normal,100_Normal_3.mat,val,280,286720
100_Normal_3_00281.png,Normal,100_Normal_3.mat,val,281,287744
100_Normal_3_00282.png,Normal,100_Normal_3.mat,val,282,288768
100_Normal_3_00283.png,Normal,100_Normal_3.mat,val,283,289792
100_Normal_3_00284.png,Normal,100_Normal_3.mat,val,284,290816
100_Normal_3_00285.png,Normal,100_Normal_3.mat,val,285,291840
100_Normal_3_00286.png,Normal,100_Normal_3.mat,val,286,292864
100_Normal_3_00287.png,Normal,100_Normal_3.mat,val,287,293888
100_Normal_3_00288.png,Normal,100_Normal_3.mat,val,288,294912
100_Normal_3_00289.png,Normal,100_Normal_3.mat,val,289,295936
100_Normal_3_00290.png,Normal,100_Normal_3.mat,val,290,296960
100_Normal_3_00291.png,Normal,100_Normal_3.mat,val,291,297984
100_Normal_3_00292.png,Normal,100_Normal_3.mat,val,292,299008
100_Normal_3_00293.png,Normal,100_Normal_3.mat,val,293,300032
100_Normal_3_00294.png,Normal,100_Normal_3.mat,val,294,301056
100_Normal_3_00295.png,Normal,100_Normal_3.mat,val,295,302080
100_Normal_3_00296.png,Normal,100_Normal_3.mat,val,296,303104
100_Normal_3_00297.png,Normal,100_Normal_3.mat,val,297,304128
100_Normal_3_00298.png,Normal,100_Normal_3.mat,val,298,305152
100_Normal_3_00299.png,Normal,100_Normal_3.mat,val,299,306176
100_Normal_3_00300.png,Normal,100_Normal_3.mat,val,300,307200
100_Normal_3_00301.png,Normal,100_Normal_3.mat,val,301,308224
100_Normal_3_00302.png,Normal,100_Normal_3.mat,val,302,309248
100_Normal_3_00303.png,Normal,100_Normal_3.mat,val,303,310272
100_Normal_3_00304.png,Normal,100_Normal_3.mat,val,304,311296
100_Normal_3_00305.png,Normal,100_Normal_3.mat,val,305,312320
100_Normal_3_00306.png,Normal,100_Normal_3.mat,val,306,313344
100_Normal_3_00307.png,Normal,100_Normal_3.mat,val,307,314368
100_Normal_3_00308.png,Normal,100_Normal_3.mat,val,308,315392
100_Normal_3_00309.png,Normal,100_Normal_3.mat,val,309,316416
100_Normal_3_00310.png,Normal,100_Normal_3.mat,val,310,317440
100_Normal_3_00311.png,Normal,100_Normal_3.mat,val,311,318464
100_Normal_3_00312.png,Normal,100_Normal_3.mat,val,312,319488
100_Normal_3_00313.png,Normal,100_Normal_3.mat,val,313,320512
100_Normal_3_00314.png,Normal,100_Normal_3.mat,val,314,321536
100_Normal_3_00315.png,Normal,100_Normal_3.mat,val,315,322560
100_Normal_3_00316.png,Normal,100_Normal_3.mat,val,316,323584
100_Normal_3_00317.png,Normal,100_Normal_3.mat,val,317,324608
100_Normal_3_00318.png,Normal,100_Normal_3.mat,val,318,325632
100_Normal_3_00319.png,Normal,100_Normal_3.mat,val,319,326656
100_Normal_3_00320.png,Normal,100_Normal_3.mat,val,320,327680
100_Normal_3_00321.png,Normal,100_Normal_3.mat,val,321,328704
100_Normal_3_00322.png,Normal,100_Normal_3.mat,val,322,329728
100_Normal_3_00323.png,Normal,100_Normal_3.mat,val,323,330752
100_Normal_3_00324.png,Normal,100_Normal_3.mat,val,324,331776
100_Normal_3_00325.png,Normal,100_Normal_3.mat,val,325,332800
100_Normal_3_00326.png,Normal,100_Normal_3.mat,val,326,333824
100_Normal_3_00327.png,Normal,100_Normal_3.mat,val,327,334848
100_Normal_3_00328.png,Normal,100_Normal_3.mat,val,328,335872
100_Normal_3_00329.png,Normal,100_Normal_3.mat,val,329,336896
100_Normal_3_00330.png,Normal,100_Normal_3.mat,val,330,337920
100_Normal_3_00331.png,Normal,100_Normal_3.mat,val,331,338944
100_Normal_3_00332.png,Normal,100_Normal_3.mat,val,332,339968
100_Normal_3_00333.png,Normal,100_Normal_3.mat,val,333,340992
100_Normal_3_00334.png,Normal,100_Normal_3.mat,val,334,342016
100_Normal_3_00335.png,Normal,100_Normal_3.mat,val,335,343040
100_Normal_3_00336.png,Normal,100_Normal_3.mat,val,336,344064
100_Normal_3_00337.png,Normal,100_Normal_3.mat,val,337,345088
100_Normal_3_00338.png,Normal,100_Normal_3.mat,val,338,346112
100_Normal_3_00339.png,Normal,100_Normal_3.mat,val,339,347136
100_Normal_3_00340.png,Normal,100_Normal_3.mat,val,340,348160
100_Normal_3_00341.png,Normal,100_Normal_3.mat,val,341,349184
100_Normal_3_00342.png,Normal,100_Normal_3.mat,val,342,350208
100_Normal_3_00343.png,Normal,100_Normal_3.mat,val,343,351232
100_Normal_3_00344.png,Normal,100_Normal_3.mat,val,344,352256
100_Normal_3_00345.png,Normal,100_Normal_3.mat,val,345,353280
100_Normal_3_00346.png,Normal,100_Normal_3.mat,val,346,354304
100_Normal_3_00347.png,Normal,100_Normal_3.mat,val,347,355328
100_Normal_3_00348.png,Normal,100_Normal_3.mat,val,348,356352
100_Normal_3_00349.png,Normal,100_Normal_3.mat,val,349,357376
100_Normal_3_00350.png,Normal,100_Normal_3.mat,val,350,358400
100_Normal_3_00351.png,Normal,100_Normal_3.mat,val,351,359424
100_Normal_3_00352.png,Normal,100_Normal_3.mat,val,352,360448
100_Normal_3_00353.png,Normal,100_Normal_3.mat,val,353,361472
100_Normal_3_00354.png,Normal,100_Normal_3.mat,val,354,362496
100_Normal_3_00355.png,Normal,100_Normal_3.mat,val,355,363520
100_Normal_3_00356.png,Normal,100_Normal_3.mat,val,356,364544
100_Normal_3_00357.png,Normal,100_Normal_3.mat,val,357,365568
100_Normal_3_00358.png,Normal,100_Normal_3.mat,val,358,366592
100_Normal_3_00359.png,Normal,100_Normal_3.mat,val,359,367616
100_Normal_3_00360.png,Normal,100_Normal_3.mat,val,360,368640
100_Normal_3_00361.png,Normal,100_Normal_3.mat,val,361,369664
100_Normal_3_00362.png,Normal,100_Normal_3.mat,val,362,370688
100_Normal_3_00363.png,Normal,100_Normal_3.mat,val,363,371712
100_Normal_3_00364.png,Normal,100_Normal_3.mat,val,364,372736
100_Normal_3_00365.png,Normal,100_Normal_3.mat,val,365,373760
100_Normal_3_00366.png,Normal,100_Normal_3.mat,val,366,374784
100_Normal_3_00367.png,Normal,100_Normal_3.mat,val,367,375808
100_Normal_3_00368.png,Normal,100_Normal_3.mat,val,368,376832
100_Normal_3_00369.png,Normal,100_Normal_3.mat,val,369,377856
100_Normal_3_00370.png,Normal,100_Normal_3.mat,val,370,378880
100_Normal_3_00371.png,Normal,100_Normal_3.mat,val,371,379904
100_Normal_3_00372.png,Normal,100_Normal_3.mat,val,372,380928
100_Normal_3_00373.png,Normal,100_Normal_3.mat,val,373,381952
100_Normal_3_00374.png,Normal,100_Normal_3.mat,val,374,382976
100_Normal_3_00375.png,Normal,100_Normal_3.mat,val,375,384000
100_Normal_3_00376.png,Normal,100_Normal_3.mat,val,376,385024
100_Normal_3_00377.png,Normal,100_Normal_3.mat,val,377,386048
100_Normal_3_00378.png,Normal,100_Normal_3.mat,val,378,387072
100_Normal_3_00379.png,Normal,100_Normal_3.mat,val,379,388096
100_Normal_3_00380.png,Normal,100_Normal_3.mat,val,380,389120
100_Normal_3_00381.png,Normal,100_Normal_3.mat,val,381,390144
100_Normal_3_00382.png,Normal,100_Normal_3.mat,val,382,391168
100_Normal_3_00383.png,Normal,100_Normal_3.mat,val,383,392192
100_Normal_3_00384.png,Normal,100_Normal_3.mat,val,384,393216
100_Normal_3_00385.png,Normal,100_Normal_3.mat,val,385,394240
100_Normal_3_00386.png,Normal,100_Normal_3.mat,val,386,395264
100_Normal_3_00387.png,Normal,100_Normal_3.mat,val,387,396288
100_Normal_3_00388.png,Normal,100_Normal_3.mat,val,388,397312
100_Normal_3_00389.png,Normal,100_Normal_3.mat,val,389,398336
100_Normal_3_00390.png,Normal,100_Normal_3.mat,val,390,399360
100_Normal_3_00391.png,Normal,100_Normal_3.mat,val,391,400384
100_Normal_3_00392.png,Normal,100_Normal_3.mat,val,392,401408
100_Normal_3_00393.png,Normal,100_Normal_3.mat,val,393,402432
100_Normal_3_00394.png,Normal,100_Normal_3.mat,val,394,403456
100_Normal_3_00395.png,Normal,100_Normal_3.mat,val,395,404480
100_Normal_3_00396.png,Normal,100_Normal_3.mat,val,396,405504
100_Normal_3_00397.png,Normal,100_Normal_3.mat,val,397,406528
100_Normal_3_00398.png,Normal,100_Normal_3.mat,val,398,407552
100_Normal_3_00399.png,Normal,100_Normal_3.mat,val,399,408576
100_Normal_3_00400.png,Normal,100_Normal_3.mat,val,400,409600
100_Normal_3_00401.png,Normal,100_Normal_3.mat,val,401,410624
100_Normal_3_00402.png,Normal,100_Normal_3.mat,val,402,411648
100_Normal_3_00403.png,Normal,100_Normal_3.mat,val,403,412672
100_Normal_3_00404.png,Normal,100_Normal_3.mat,val,404,413696
100_Normal_3_00405.png,Normal,100_Normal_3.mat,val,405,414720
100_Normal_3_00406.png,Normal,100_Normal_3.mat,val,406,415744
100_Normal_3_00407.png,Normal,100_Normal_3.mat,val,407,416768
100_Normal_3_00408.png,Normal,100_Normal_3.mat,val,408,417792
100_Normal_3_00409.png,Normal,100_Normal_3.mat,val,409,418816
100_Normal_3_00410.png,Normal,100_Normal_3.mat,val,410,419840
100_Normal_3_00411.png,Normal,100_Normal_3.mat,val,411,420864
100_Normal_3_00412.png,Normal,100_Normal_3.mat,val,412,421888
100_Normal_3_00413.png,Normal,100_Normal_3.mat,val,413,422912
100_Normal_3_00414.png,Normal,100_Normal_3.mat,val,414,423936
100_Normal_3_00415.png,Normal,100_Normal_3.mat,val,415,424960
100_Normal_3_00416.png,Normal,100_Normal_3.mat,val,416,425984
100_Normal_3_00417.png,Normal,100_Normal_3.mat,val,417,427008
100_Normal_3_00418.png,Normal,100_Normal_3.mat,val,418,428032
100_Normal_3_00419.png,Normal,100_Normal_3.mat,val,419,429056
100_Normal_3_00420.png,Normal,100_Normal_3.mat,val,420,430080
100_Normal_3_00421.png,Normal,100_Normal_3.mat,val,421,431104
100_Normal_3_00422.png,Normal,100_Normal_3.mat,val,422,432128
100_Normal_3_00423.png,Normal,100_Normal_3.mat,val,423,433152
100_Normal_3_00424.png,Normal,100_Normal_3.mat,val,424,434176
100_Normal_3_00425.png,Normal,100_Normal_3.mat,val,425,435200
100_Normal_3_00426.png,Normal,100_Normal_3.mat,val,426,436224
100_Normal_3_00427.png,Normal,100_Normal_3.mat,val,427,437248
100_Normal_3_00428.png,Normal,100_Normal_3.mat,val,428,438272
100_Normal_3_00429.png,Normal,100_Normal_3.mat,val,429,439296
100_Normal_3_00430.png,Normal,100_Normal_3.mat,val,430,440320
100_Normal_3_00431.png,Normal,100_Normal_3.mat,val,431,441344
100_Normal_3_00432.png,Normal,100_Normal_3.mat,val,432,442368
100_Normal_3_00433.png,Normal,100_Normal_3.mat,val,433,443392
100_Normal_3_00434.png,Normal,100_Normal_3.mat,val,434,444416
100_Normal_3_00435.png,Normal,100_Normal_3.mat,val,435,445440
100_Normal_3_00436.png,Normal,100_Normal_3.mat,val,436,446464
100_Normal_3_00437.png,Normal,100_Normal_3.mat,val,437,447488
100_Normal_3_00438.png,Normal,100_Normal_3.mat,val,438,448512
100_Normal_3_00439.png,Normal,100_Normal_3.mat,val,439,449536
100_Normal_3_00440.png,Normal,100_Normal_3.mat,val,440,450560
100_Normal_3_00441.png,Normal,100_Normal_3.mat,val,441,451584
100_Normal_3_00442.png,Normal,100_Normal_3.mat,val,442,452608
100_Normal_3_00443.png,Normal,100_Normal_3.mat,val,443,453632
100_Normal_3_00444.png,Normal,100_Normal_3.mat,val,444,454656
100_Normal_3_00445.png,Normal,100_Normal_3.mat,val,445,455680
100_Normal_3_00446.png,Normal,100_Normal_3.mat,val,446,456704
100_Normal_3_00447.png,Normal,100_Normal_3.mat,val,447,457728
100_Normal_3_00448.png,Normal,100_Normal_3.mat,val,448,458752
100_Normal_3_00449.png,Normal,100_Normal_3.mat,val,449,459776
100_Normal_3_00450.png,Normal,100_Normal_3.mat,val,450,460800
100_Normal_3_00451.png,Normal,100_Normal_3.mat,val,451,461824
100_Normal_3_00452.png,Normal,100_Normal_3.mat,val,452,462848
100_Normal_3_00453.png,Normal,100_Normal_3.mat,val,453,463872
100_Normal_3_00454.png,Normal,100_Normal_3.mat,val,454,464896
100_Normal_3_00455.png,Normal,100_Normal_3.mat,val,455,465920
100_Normal_3_00456.png,Normal,100_Normal_3.mat,val,456,466944
100_Normal_3_00457.png,Normal,100_Normal_3.mat,val,457,467968
100_Normal_3_00458.png,Normal,100_Normal_3.mat,val,458,468992
100_Normal_3_00459.png,Normal,100_Normal_3.mat,val,459,470016
100_Normal_3_00460.png,Normal,100_Normal_3.mat,val,460,471040
100_Normal_3_00461.png,Normal,100_Normal_3.mat,val,461,472064
100_Normal_3_00462.png,Normal,100_Normal_3.mat,val,462,473088
100_Normal_3_00463.png,Normal,100_Normal_3.mat,val,463,474112
100_Normal_3_00464.png,Normal,100_Normal_3.mat,val,464,475136
100_Normal_3_00465.png,Normal,100_Normal_3.mat,val,465,476160
100_Normal_3_00466.png,Normal,100_Normal_3.mat,val,466,477184
100_Normal_3_00467.png,Normal,100_Normal_3.mat,val,467,478208
100_Normal_3_00468.png,Normal,100_Normal_3.mat,val,468,479232
100_Normal_3_00469.png,Normal,100_Normal_3.mat,val,469,480256
100_Normal_3_00470.png,Normal,100_Normal_3.mat,val,470,481280
100_Normal_3_00471.png,Normal,100_Normal_3.mat,val,471,482304
100_Normal_3_00472.png,Normal,100_Normal_3.mat,val,472,483328
294_0_00000.png,OF007,294_0.mat,val,0,0
294_0_00001.png,OF007,294_0.mat,val,1,1024
294_0_00002.png,OF007,294_0.mat,val,2,2048
294_0_00003.png,OF007,294_0.mat,val,3,3072
294_0_00004.png,OF007,294_0.mat,val,4,4096
294_0_00005.png,OF007,294_0.mat,val,5,5120
294_0_00006.png,OF007,294_0.mat,val,6,6144
294_0_00007.png,OF007,294_0.mat,val,7,7168
294_0_00008.png,OF007,294_0.mat,val,8,8192
294_0_00009.png,OF007,294_0.mat,val,9,9216
294_0_00010.png,OF007,294_0.mat,val,10,10240
294_0_00011.png,OF007,294_0.mat,val,11,11264
294_0_00012.png,OF007,294_0.mat,val,12,12288
294_0_00013.png,OF007,294_0.mat,val,13,13312
294_0_00014.png,OF007,294_0.mat,val,14,14336
294_0_00015.png,OF007,294_0.mat,val,15,15360
294_0_00016.png,OF007,294_0.mat,val,16,16384
294_0_00017.png,OF007,294_0.mat,val,17,17408
294_0_00018.png,OF007,294_0.mat,val,18,18432
294_0_00019.png,OF007,294_0.mat,val,19,19456
294_0_00020.png,OF007,294_0.mat,val,20,20480
294_0_00021.png,OF007,294_0.mat,val,21,21504
294_0_00022.png,OF007,294_0.mat,val,22,22528
294_0_00023.png,OF007,294_0.mat,val,23,23552
294_0_00024.png,OF007,294_0.mat,val,24,24576
294_0_00025.png,OF007,294_0.mat,val,25,25600
294_0_00026.png,OF007,294_0.mat,val,26,26624
294_0_00027.png,OF007,294_0.mat,val,27,27648
294_0_00028.png,OF007,294_0.mat,val,28,28672
294_0_00029.png,OF007,294_0.mat,val,29,29696
294_0_00030.png,OF007,294_0.mat,val,30,30720
294_0_00031.png,OF007,294_0.mat,val,31,31744
294_0_00032.png,OF007,294_0.mat,val,32,32768
294_0_00033.png,OF007,294_0.mat,val,33,33792
294_0_00034.png,OF007,294_0.mat,val,34,34816
294_0_00035.png,OF007,294_0.mat,val,35,35840
294_0_00036.png,OF007,294_0.mat,val,36,36864
294_0_00037.png,OF007,294_0.mat,val,37,37888
294_0_00038.png,OF007,294_0.mat,val,38,38912
294_0_00039.png,OF007,294_0.mat,val,39,39936
294_0_00040.png,OF007,294_0.mat,val,40,40960
294_0_00041.png,OF007,294_0.mat,val,41,41984
294_0_00042.png,OF007,294_0.mat,val,42,43008
294_0_00043.png,OF007,294_0.mat,val,43,44032
294_0_00044.png,OF007,294_0.mat,val,44,45056
294_0_00045.png,OF007,294_0.mat,val,45,46080
294_0_00046.png,OF007,294_0.mat,val,46,47104
294_0_00047.png,OF007,294_0.mat,val,47,48128
294_0_00048.png,OF007,294_0.mat,val,48,49152
294_0_00049.png,OF007,294_0.mat,val,49,50176
294_0_00050.png,OF007,294_0.mat,val,50,51200
294_0_00051.png,OF007,294_0.mat,val,51,52224
294_0_00052.png,OF007,294_0.mat,val,52,53248
294_0_00053.png,OF007,294_0.mat,val,53,54272
294_0_00054.png,OF007,294_0.mat,val,54,55296
294_0_00055.png,OF007,294_0.mat,val,55,56320
294_0_00056.png,OF007,294_0.mat,val,56,57344
294_0_00057.png,OF007,294_0.mat,val,57,58368
294_0_00058.png,OF007,294_0.mat,val,58,59392
294_0_00059.png,OF007,294_0.mat,val,59,60416
294_0_00060.png,OF007,294_0.mat,val,60,61440
294_0_00061.png,OF007,294_0.mat,val,61,62464
294_0_00062.png,OF007,294_0.mat,val,62,63488
294_0_00063.png,OF007,294_0.mat,val,63,64512
294_0_00064.png,OF007,294_0.mat,val,64,65536
294_0_00065.png,OF007,294_0.mat,val,65,66560
294_0_00066.png,OF007,294_0.mat,val,66,67584
294_0_00067.png,OF007,294_0.mat,val,67,68608
294_0_00068.png,OF007,294_0.mat,val,68,69632
294_0_00069.png,OF007,294_0.mat,val,69,70656
294_0_00070.png,OF007,294_0.mat,val,70,71680
294_0_00071.png,OF007,294_0.mat,val,71,72704
294_0_00072.png,OF007,294_0.mat,val,72,73728
294_0_00073.png,OF007,294_0.mat,val,73,74752
294_0_00074.png,OF007,294_0.mat,val,74,75776
294_0_00075.png,OF007,294_0.mat,val,75,76800
294_0_00076.png,OF007,294_0.mat,val,76,77824
294_0_00077.png,OF007,294_0.mat,val,77,78848
294_0_00078.png,OF007,294_0.mat,val,78,79872
294_0_00079.png,OF007,294_0.mat,val,79,80896
294_0_00080.png,OF007,294_0.mat,val,80,81920
294_0_00081.png,OF007,294_0.mat,val,81,82944
294_0_00082.png,OF007,294_0.mat,val,82,83968
294_0_00083.png,OF007,294_0.mat,val,83,84992
294_0_00084.png,OF007,294_0.mat,val,84,86016
294_0_00085.png,OF007,294_0.mat,val,85,87040
294_0_00086.png,OF007,294_0.mat,val,86,88064
294_0_00087.png,OF007,294_0.mat,val,87,89088
294_0_00088.png,OF007,294_0.mat,val,88,90112
294_0_00089.png,OF007,294_0.mat,val,89,91136
294_0_00090.png,OF007,294_0.mat,val,90,92160
294_0_00091.png,OF007,294_0.mat,val,91,93184
294_0_00092.png,OF007,294_0.mat,val,92,94208
294_0_00093.png,OF007,294_0.mat,val,93,95232
294_0_00094.png,OF007,294_0.mat,val,94,96256
294_0_00095.png,OF007,294_0.mat,val,95,97280
294_0_00096.png,OF007,294_0.mat,val,96,98304
294_0_00097.png,OF007,294_0.mat,val,97,99328
294_0_00098.png,OF007,294_0.mat,val,98,100352
294_0_00099.png,OF007,294_0.mat,val,99,101376
294_0_00100.png,OF007,294_0.mat,val,100,102400
294_0_00101.png,OF007,294_0.mat,val,101,103424
294_0_00102.png,OF007,294_0.mat,val,102,104448
294_0_00103.png,OF007,294_0.mat,val,103,105472
294_0_00104.png,OF007,294_0.mat,val,104,106496
294_0_00105.png,OF007,294_0.mat,val,105,107520
294_0_00106.png,OF007,294_0.mat,val,106,108544
294_0_00107.png,OF007,294_0.mat,val,107,109568
294_0_00108.png,OF007,294_0.mat,val,108,110592
294_0_00109.png,OF007,294_0.mat,val,109,111616
294_0_00110.png,OF007,294_0.mat,val,110,112640
294_0_00111.png,OF007,294_0.mat,val,111,113664
294_0_00112.png,OF007,294_0.mat,val,112,114688
294_0_00113.png,OF007,294_0.mat,val,113,115712
294_0_00114.png,OF007,294_0.mat,val,114,116736
294_0_00115.png,OF007,294_0.mat,val,115,117760
294_0_00116.png,OF007,294_0.mat,val,116,118784
313_0_00000.png,OF014,313_0.mat,val,0,72590
313_0_00001.png,OF014,313_0.mat,val,1,73614
313_0_00002.png,OF014,313_0.mat,val,2,74638
313_0_00003.png,OF014,313_0.mat,val,3,75662
313_0_00004.png,OF014,313_0.mat,val,4,76686
313_0_00005.png,OF014,313_0.mat,val,5,77710
313_0_00006.png,OF014,313_0.mat,val,6,78734
313_0_00007.png,OF014,313_0.mat,val,7,79758
313_0_00008.png,OF014,313_0.mat,val,8,80782
313_0_00009.png,OF014,313_0.mat,val,9,81806
313_0_00010.png,OF014,313_0.mat,val,10,82830
313_0_00011.png,OF014,313_0.mat,val,11,83854
313_0_00012.png,OF014,313_0.mat,val,12,84878
313_0_00013.png,OF014,313_0.mat,val,13,85902
313_0_00014.png,OF014,313_0.mat,val,14,86926
313_0_00015.png,OF014,313_0.mat,val,15,87950
313_0_00016.png,OF014,313_0.mat,val,16,88974
313_0_00017.png,OF014,313_0.mat,val,17,89998
313_0_00018.png,OF014,313_0.mat,val,18,91022
313_0_00019.png,OF014,313_0.mat,val,19,92046
313_0_00020.png,OF014,313_0.mat,val,20,93070
313_0_00021.png,OF014,313_0.mat,val,21,94094
315_0_00000.png,OF021,315_0.mat,val,0,72370
315_0_00001.png,OF021,315_0.mat,val,1,73394
315_0_00002.png,OF021,315_0.mat,val,2,74418
315_0_00003.png,OF021,315_0.mat,val,3,75442
315_0_00004.png,OF021,315_0.mat,val,4,76466
315_0_00005.png,OF021,315_0.mat,val,5,77490
315_0_00006.png,OF021,315_0.mat,val,6,78514
315_0_00007.png,OF021,315_0.mat,val,7,79538
315_0_00008.png,OF021,315_0.mat,val,8,80562
315_0_00009.png,OF021,315_0.mat,val,9,81586
315_0_00010.png,OF021,315_0.mat,val,10,82610
315_0_00011.png,OF021,315_0.mat,val,11,83634
315_0_00012.png,OF021,315_0.mat,val,12,84658
315_0_00013.png,OF021,315_0.mat,val,13,85682
315_0_00014.png,OF021,315_0.mat,val,14,86706
315_0_00015.png,OF021,315_0.mat,val,15,87730
315_0_00016.png,OF021,315_0.mat,val,16,88754
315_0_00017.png,OF021,315_0.mat,val,17,89778
315_0_00018.png,OF021,315_0.mat,val,18,90802
315_0_00019.png,OF021,315_0.mat,val,19,91826
315_0_00020.png,OF021,315_0.mat,val,20,92850
315_0_00021.png,OF021,315_0.mat,val,21,93874
282_0_00000.png,BF007,282_0.mat,test,0,0
282_0_00001.png,BF007,282_0.mat,test,1,1024
282_0_00002.png,BF007,282_0.mat,test,2,2048
282_0_00003.png,BF007,282_0.mat,test,3,3072
282_0_00004.png,BF007,282_0.mat,test,4,4096
282_0_00005.png,BF007,282_0.mat,test,5,5120
282_0_00006.png,BF007,282_0.mat,test,6,6144
282_0_00007.png,BF007,282_0.mat,test,7,7168
282_0_00008.png,BF007,282_0.mat,test,8,8192
282_0_00009.png,BF007,282_0.mat,test,9,9216
282_0_00010.png,BF007,282_0.mat,test,10,10240
282_0_00011.png,BF007,282_0.mat,test,11,11264
282_0_00012.png,BF007,282_0.mat,test,12,12288
282_0_00013.png,BF007,282_0.mat,test,13,13312
282_0_00014.png,BF007,282_0.mat,test,14,14336
282_0_00015.png,BF007,282_0.mat,test,15,15360
282_0_00016.png,BF007,282_0.mat,test,16,16384
282_0_00017.png,BF007,282_0.mat,test,17,17408
282_0_00018.png,BF007,282_0.mat,test,18,18432
282_0_00019.png,BF007,282_0.mat,test,19,19456
282_0_00020.png,BF007,282_0.mat,test,20,20480
282_0_00021.png,BF007,282_0.mat,test,21,21504
282_0_00022.png,BF007,282_0.mat,test,22,22528
282_0_00023.png,BF007,282_0.mat,test,23,23552
282_0_00024.png,BF007,282_0.mat,test,24,24576
282_0_00025.png,BF007,282_0.mat,test,25,25600
282_0_00026.png,BF007,282_0.mat,test,26,26624
282_0_00027.png,BF007,282_0.mat,test,27,27648
282_0_00028.png,BF007,282_0.mat,test,28,28672
282_0_00029.png,BF007,282_0.mat,test,29,29696
282_0_00030.png,BF007,282_0.mat,test,30,30720
282_0_00031.png,BF007,282_0.mat,test,31,31744
282_0_00032.png,BF007,282_0.mat,test,32,32768
282_0_00033.png,BF007,282_0.mat,test,33,33792
282_0_00034.png,BF007,282_0.mat,test,34,34816
282_0_00035.png,BF007,282_0.mat,test,35,35840
282_0_00036.png,BF007,282_0.mat,test,36,36864
282_0_00037.png,BF007,282_0.mat,test,37,37888
282_0_00038.png,BF007,282_0.mat,test,38,38912
282_0_00039.png,BF007,282_0.mat,test,39,39936
282_0_00040.png,BF007,282_0.mat,test,40,40960
282_0_00041.png,BF007,282_0.mat,test,41,41984
282_0_00042.png,BF007,282_0.mat,test,42,43008
282_0_00043.png,BF007,282_0.mat,test,43,44032
282_0_00044.png,BF007,282_0.mat,test,44,45056
282_0_00045.png,BF007,282_0.mat,test,45,46080
282_0_00046.png,BF007,282_0.mat,test,46,47104
282_0_00047.png,BF007,282_0.mat,test,47,48128
282_0_00048.png,BF007,282_0.mat,test,48,49152
282_0_00049.png,BF007,282_0.mat,test,49,50176
282_0_00050.png,BF007,282_0.mat,test,50,51200
282_0_00051.png,BF007,282_0.mat,test,51,52224
282_0_00052.png,BF007,282_0.mat,test,52,53248
282_0_00053.png,BF007,282_0.mat,test,53,54272
282_0_00054.png,BF007,282_0.mat,test,54,55296
282_0_00055.png,BF007,282_0.mat,test,55,56320
282_0_00056.png,BF007,282_0.mat,test,56,57344
282_0_00057.png,BF007,282_0.mat,test,57,58368
282_0_00058.png,BF007,282_0.mat,test,58,59392
282_0_00059.png,BF007,282_0.mat,test,59,60416
282_0_00060.png,BF007,282_0.mat,test,60,61440
282_0_00061.png,BF007,282_0.mat,test,61,62464
282_0_00062.png,BF007,282_0.mat,test,62,63488
282_0_00063.png,BF007,282_0.mat,test,63,64512
282_0_00064.png,BF007,282_0.mat,test,64,65536
282_0_00065.png,BF007,282_0.mat,test,65,66560
282_0_00066.png,BF007,282_0.mat,test,66,67584
282_0_00067.png,BF007,282_0.mat,test,67,68608
282_0_00068.png,BF007,282_0.mat,test,68,69632
282_0_00069.png,BF007,282_0.mat,test,69,70656
282_0_00070.png,BF007,282_0.mat,test,70,71680
282_0_00071.png,BF007,282_0.mat,test,71,72704
282_0_00072.png,BF007,282_0.mat,test,72,73728
282_0_00073.png,BF007,282_0.mat,test,73,74752
282_0_00074.png,BF007,282_0.mat,test,74,75776
282_0_00075.png,BF007,282_0.mat,test,75,76800
282_0_00076.png,BF007,282_0.mat,test,76,77824
282_0_00077.png,BF007,282_0.mat,test,77,78848
282_0_00078.png,BF007,282_0.mat,test,78,79872
282_0_00079.png,BF007,282_0.mat,test,79,80896
282_0_00080.png,BF007,282_0.mat,test,80,81920
282_0_00081.png,BF007,282_0.mat,test,81,82944
282_0_00082.png,BF007,282_0.mat,test,82,83968
282_0_00083.png,BF007,282_0.mat,test,83,84992
282_0_00084.png,BF007,282_0.mat,test,84,86016
282_0_00085.png,BF007,282_0.mat,test,85,87040
282_0_00086.png,BF007,282_0.mat,test,86,88064
282_0_00087.png,BF007,282_0.mat,test,87,89088
282_0_00088.png,BF007,282_0.mat,test,88,90112
282_0_00089.png,BF007,282_0.mat,test,89,91136
282_0_00090.png,BF007,282_0.mat,test,90,92160
282_0_00091.png,BF007,282_0.mat,test,91,93184
282_0_00092.png,BF007,282_0.mat,test,92,94208
282_0_00093.png,BF007,282_0.mat,test,93,95232
282_0_00094.png,BF007,282_0.mat,test,94,96256
282_0_00095.png,BF007,282_0.mat,test,95,97280
282_0_00096.png,BF007,282_0.mat,test,96,98304
282_0_00097.png,BF007,282_0.mat,test,97,99328
282_0_00098.png,BF007,282_0.mat,test,98,100352
282_0_00099.png,BF007,282_0.mat,test,99,101376
282_0_00100.png,BF007,282_0.mat,test,100,102400
282_0_00101.png,BF007,282_0.mat,test,101,103424
282_0_00102.png,BF007,282_0.mat,test,102,104448
282_0_00103.png,BF007,282_0.mat,test,103,105472
282_0_00104.png,BF007,282_0.mat,test,104,106496
282_0_00105.png,BF007,282_0.mat,test,105,107520
282_0_00106.png,BF007,282_0.mat,test,106,108544
282_0_00107.png,BF007,282_0.mat,test,107,109568
282_0_00108.png,BF007,282_0.mat,test,108,110592
282_0_00109.png,BF007,282_0.mat,test,109,111616
282_0_00110.png,BF007,282_0.mat,test,110,112640
282_0_00111.png,BF007,282_0.mat,test,111,113664
282_0_00112.png,BF007,282_0.mat,test,112,114688
282_0_00113.png,BF007,282_0.mat,test,113,115712
282_0_00114.png,BF007,282_0.mat,test,114,116736
282_0_00115.png,BF007,282_0.mat,test,115,117760
282_0_00116.png,BF007,282_0.mat,test,116,118784
287_1_00000.png,BF014,287_1.mat,test,0,0
287_1_00001.png,BF014,287_1.mat,test,1,1024
287_1_00002.png,BF014,287_1.mat,test,2,2048
287_1_00003.png,BF014,287_1.mat,test,3,3072
287_1_00004.png,BF014,287_1.mat,test,4,4096
287_1_00005.png,BF014,287_1.mat,test,5,5120
287_1_00006.png,BF014,287_1.mat,test,6,6144
287_1_00007.png,BF014,287_1.mat,test,7,7168
287_1_00008.png,BF014,287_1.mat,test,8,8192
287_1_00009.png,BF014,287_1.mat,test,9,9216
287_1_00010.png,BF014,287_1.mat,test,10,10240
287_1_00011.png,BF014,287_1.mat,test,11,11264
287_1_00012.png,BF014,287_1.mat,test,12,12288
287_1_00013.png,BF014,287_1.mat,test,13,13312
287_1_00014.png,BF014,287_1.mat,test,14,14336
287_1_00015.png,BF014,287_1.mat,test,15,15360
287_1_00016.png,BF014,287_1.mat,test,16,16384
287_1_00017.png,BF014,287_1.mat,test,17,17408
287_1_00018.png,BF014,287_1.mat,test,18,18432
287_1_00019.png,BF014,287_1.mat,test,19,19456
287_1_00020.png,BF014,287_1.mat,test,20,20480
287_1_00021.png,BF014,287_1.mat,test,21,21504
287_1_00022.png,BF014,287_1.mat,test,22,22528
287_1_00023.png,BF014,287_1.mat,test,23,23552
287_1_00024.png,BF014,287_1.mat,test,24,24576
287_1_00025.png,BF014,287_1.mat,test,25,25600
287_1_00026.png,BF014,287_1.mat,test,26,26624
287_1_00027.png,BF014,287_1.mat,test,27,27648
287_1_00028.png,BF014,287_1.mat,test,28,28672
287_1_00029.png,BF014,287_1.mat,test,29,29696
287_1_00030.png,BF014,287_1.mat,test,30,30720
287_1_00031.png,BF014,287_1.mat,test,31,31744
287_1_00032.png,BF014,287_1.mat,test,32,32768
287_1_00033.png,BF014,287_1.mat,test,33,33792
287_1_00034.png,BF014,287_1.mat,test,34,34816
287_1_00035.png,BF014,287_1.mat,test,35,35840
287_1_00036.png,BF014,287_1.mat,test,36,36864
287_1_00037.png,BF014,287_1.mat,test,37,37888
287_1_00038.png,BF014,287_1.mat,test,38,38912
287_1_00039.png,BF014,287_1.mat,test,39,39936
287_1_00040.png,BF014,287_1.mat,test,40,40960
287_1_00041.png,BF014,287_1.mat,test,41,41984
287_1_00042.png,BF014,287_1.mat,test,42,43008
287_1_00043.png,BF014,287_1.mat,test,43,44032
287_1_00044.png,BF014,287_1.mat,test,44,45056
287_1_00045.png,BF014,287_1.mat,test,45,46080
287_1_00046.png,BF014,287_1.mat,test,46,47104
287_1_00047.png,BF014,287_1.mat,test,47,48128
287_1_00048.png,BF014,287_1.mat,test,48,49152
287_1_00049.png,BF014,287_1.mat,test,49,50176
287_1_00050.png,BF014,287_1.mat,test,50,51200
287_1_00051.png,BF014,287_1.mat,test,51,52224
287_1_00052.png,BF014,287_1.mat,test,52,53248
287_1_00053.png,BF014,287_1.mat,test,53,54272
287_1_00054.png,BF014,287_1.mat,test,54,55296
287_1_00055.png,BF014,287_1.mat,test,55,56320
287_1_00056.png,BF014,287_1.mat,test,56,57344
287_1_00057.png,BF014,287_1.mat,test,57,58368
287_1_00058.png,BF014,287_1.mat,test,58,59392
287_1_00059.png,BF014,287_1.mat,test,59,60416
287_1_00060.png,BF014,287_1.mat,test,60,61440
287_1_00061.png,BF014,287_1.mat,test,61,62464
287_1_00062.png,BF014,287_1.mat,test,62,63488
287_1_00063.png,BF014,287_1.mat,test,63,64512
287_1_00064.png,BF014,287_1.mat,test,64,65536
287_1_00065.png,BF014,287_1.mat,test,65,66560
287_1_00066.png,BF014,287_1.mat,test,66,67584
287_1_00067.png,BF014,287_1.mat,test,67,68608
287_1_00068.png,BF014,287_1.mat,test,68,69632
287_1_00069.png,BF014,287_1.mat,test,69,70656
287_1_00070.png,BF014,287_1.mat,test,70,71680
287_1_00071.png,BF014,287_1.mat,test,71,72704
287_1_00072.png,BF014,287_1.mat,test,72,73728
287_1_00073.png,BF014,287_1.mat,test,73,74752
287_1_00074.png,BF014,287_1.mat,test,74,75776
287_1_00075.png,BF014,287_1.mat,test,75,76800
287_1_00076.png,BF014,287_1.mat,test,76,77824
287_1_00077.png,BF014,287_1.mat,test,77,78848
287_1_00078.png,BF014,287_1.mat,test,78,79872
287_1_00079.png,BF014,287_1.mat,test,79,80896
287_1_00080.png,BF014,287_1.mat,test,80,81920
287_1_00081.png,BF014,287_1.mat,test,81,82944
287_1_00082.png,BF014,287_1.mat,test,82,83968
287_1_00083.png,BF014,287_1.mat,test,83,84992
287_1_00084.png,BF014,287_1.mat,test,84,86016
287_1_00085.png,BF014,287_1.mat,test,85,87040
287_1_00086.png,BF014,287_1.mat,test,86,88064
287_1_00087.png,BF014,287_1.mat,test,87,89088
287_1_00088.png,BF014,287_1.mat,test,88,90112
287_1_00089.png,BF014,287_1.mat,test,89,91136
287_1_00090.png,BF014,287_1.mat,test,90,92160
287_1_00091.png,BF014,287_1.mat,test,91,93184
287_1_00092.png,BF014,287_1.mat,test,92,94208
287_1_00093.png,BF014,287_1.mat,test,93,95232
287_1_00094.png,BF014,287_1.mat,test,94,96256
287_1_00095.png,BF014,287_1.mat,test,95,97280
287_1_00096.png,BF014,287_1.mat,test,96,98304
287_1_00097.png,BF014,287_1.mat,test,97,99328
287_1_00098.png,BF014,287_1.mat,test,98,100352
287_1_00099.png,BF014,287_1.mat,test,99,101376
287_1_00100.png,BF014,287_1.mat,test,100,102400
287_1_00101.png,BF014,287_1.mat,test,101,103424
287_1_00102.png,BF014,287_1.mat,test,102,104448
287_1_00103.png,BF014,287_1.mat,test,103,105472
287_1_00104.png,BF014,287_1.mat,test,104,106496
287_1_00105.png,BF014,287_1.mat,test,105,107520
287_1_00106.png,BF014,287_1.mat,test,106,108544
287_1_00107.png,BF014,287_1.mat,test,107,109568
287_1_00108.png,BF014,287_1.mat,test,108,110592
287_1_00109.png,BF014,287_1.mat,test,109,111616
287_1_00110.png,BF014,287_1.mat,test,110,112640
287_1_00111.png,BF014,287_1.mat,test,111,113664
287_1_00112.png,BF014,287_1.mat,test,112,114688
287_1_00113.png,BF014,287_1.mat,test,113,115712
287_1_00114.png,BF014,287_1.mat,test,114,116736
287_1_00115.png,BF014,287_1.mat,test,115,117760
287_1_00116.png,BF014,287_1.mat,test,116,118784
290_0_00000.png,BF021,290_0.mat,test,0,0
290_0_00001.png,BF021,290_0.mat,test,1,1024
290_0_00002.png,BF021,290_0.mat,test,2,2048
290_0_00003.png,BF021,290_0.mat,test,3,3072
290_0_00004.png,BF021,290_0.mat,test,4,4096
290_0_00005.png,BF021,290_0.mat,test,5,5120
290_0_00006.png,BF021,290_0.mat,test,6,6144
290_0_00007.png,BF021,290_0.mat,test,7,7168
290_0_00008.png,BF021,290_0.mat,test,8,8192
290_0_00009.png,BF021,290_0.mat,test,9,9216
290_0_00010.png,BF021,290_0.mat,test,10,10240
290_0_00011.png,BF021,290_0.mat,test,11,11264
290_0_00012.png,BF021,290_0.mat,test,12,12288
290_0_00013.png,BF021,290_0.mat,test,13,13312
290_0_00014.png,BF021,290_0.mat,test,14,14336
290_0_00015.png,BF021,290_0.mat,test,15,15360
290_0_00016.png,BF021,290_0.mat,test,16,16384
290_0_00017.png,BF021,290_0.mat,test,17,17408
290_0_00018.png,BF021,290_0.mat,test,18,18432
290_0_00019.png,BF021,290_0.mat,test,19,19456
290_0_00020.png,BF021,290_0.mat,test,20,20480
290_0_00021.png,BF021,290_0.mat,test,21,21504
290_0_00022.png,BF021,290_0.mat,test,22,22528
290_0_00023.png,BF021,290_0.mat,test,23,23552
290_0_00024.png,BF021,290_0.mat,test,24,24576
290_0_00025.png,BF021,290_0.mat,test,25,25600
290_0_00026.png,BF021,290_0.mat,test,26,26624
290_0_00027.png,BF021,290_0.mat,test,27,27648
290_0_00028.png,BF021,290_0.mat,test,28,28672
290_0_00029.png,BF021,290_0.mat,test,29,29696
290_0_00030.png,BF021,290_0.mat,test,30,30720
290_0_00031.png,BF021,290_0.mat,test,31,31744
290_0_00032.png,BF021,290_0.mat,test,32,32768
290_0_00033.png,BF021,290_0.mat,test,33,33792
290_0_00034.png,BF021,290_0.mat,test,34,34816
290_0_00035.png,BF021,290_0.mat,test,35,35840
290_0_00036.png,BF021,290_0.mat,test,36,36864
290_0_00037.png,BF021,290_0.mat,test,37,37888
290_0_00038.png,BF021,290_0.mat,test,38,38912
290_0_00039.png,BF021,290_0.mat,test,39,39936
290_0_00040.png,BF021,290_0.mat,test,40,40960
290_0_00041.png,BF021,290_0.mat,test,41,41984
290_0_00042.png,BF021,290_0.mat,test,42,43008
290_0_00043.png,BF021,290_0.mat,test,43,44032
290_0_00044.png,BF021,290_0.mat,test,44,45056
290_0_00045.png,BF021,290_0.mat,test,45,46080
290_0_00046.png,BF021,290_0.mat,test,46,47104
290_0_00047.png,BF021,290_0.mat,test,47,48128
290_0_00048.png,BF021,290_0.mat,test,48,49152
290_0_00049.png,BF021,290_0.mat,test,49,50176
290_0_00050.png,BF021,290_0.mat,test,50,51200
290_0_00051.png,BF021,290_0.mat,test,51,52224
290_0_00052.png,BF021,290_0.mat,test,52,53248
290_0_00053.png,BF021,290_0.mat,test,53,54272
290_0_00054.png,BF021,290_0.mat,test,54,55296
290_0_00055.png,BF021,290_0.mat,test,55,56320
290_0_00056.png,BF021,290_0.mat,test,56,57344
290_0_00057.png,BF021,290_0.mat,test,57,58368
290_0_00058.png,BF021,290_0.mat,test,58,59392
290_0_00059.png,BF021,290_0.mat,test,59,60416
290_0_00060.png,BF021,290_0.mat,test,60,61440
290_0_00061.png,BF021,290_0.mat,test,61,62464
290_0_00062.png,BF021,290_0.mat,test,62,63488
290_0_00063.png,BF021,290_0.mat,test,63,64512
290_0_00064.png,BF021,290_0.mat,test,64,65536
290_0_00065.png,BF021,290_0.mat,test,65,66560
290_0_00066.png,BF021,290_0.mat,test,66,67584
290_0_00067.png,BF021,290_0.mat,test,67,68608
290_0_00068.png,BF021,290_0.mat,test,68,69632
290_0_00069.png,BF021,290_0.mat,test,69,70656
290_0_00070.png,BF021,290_0.mat,test,70,71680
290_0_00071.png,BF021,290_0.mat,test,71,72704
290_0_00072.png,BF021,290_0.mat,test,72,73728
290_0_00073.png,BF021,290_0.mat,test,73,74752
290_0_00074.png,BF021,290_0.mat,test,74,75776
290_0_00075.png,BF021,290_0.mat,test,75,76800
290_0_00076.png,BF021,290_0.mat,test,76,77824
290_0_00077.png,BF021,290_0.mat,test,77,78848
290_0_00078.png,BF021,290_0.mat,test,78,79872
290_0_00079.png,BF021,290_0.mat,test,79,80896
290_0_00080.png,BF021,290_0.mat,test,80,81920
290_0_00081.png,BF021,290_0.mat,test,81,82944
290_0_00082.png,BF021,290_0.mat,test,82,83968
290_0_00083.png,BF021,290_0.mat,test,83,84992
290_0_00084.png,BF021,290_0.mat,test,84,86016
290_0_00085.png,BF021,290_0.mat,test,85,87040
290_0_00086.png,BF021,290_0.mat,test,86,88064
290_0_00087.png,BF021,290_0.mat,test,87,89088
290_0_00088.png,BF021,290_0.mat,test,88,90112
290_0_00089.png,BF021,290_0.mat,test,89,91136
290_0_00090.png,BF021,290_0.mat,test,90,92160
290_0_00091.png,BF021,290_0.mat,test,91,93184
290_0_00092.png,BF021,290_0.mat,test,92,94208
290_0_00093.png,BF021,290_0.mat,test,93,95232
290_0_00094.png,BF021,290_0.mat,test,94,96256
290_0_00095.png,BF021,290_0.mat,test,95,97280
290_0_00096.png,BF021,290_0.mat,test,96,98304
290_0_00097.png,BF021,290_0.mat,test,97,99328
290_0_00098.png,BF021,290_0.mat,test,98,100352
290_0_00099.png,BF021,290_0.mat,test,99,101376
290_0_00100.png,BF021,290_0.mat,test,100,102400
290_0_00101.png,BF021,290_0.mat,test,101,103424
290_0_00102.png,BF021,290_0.mat,test,102,104448
290_0_00103.png,BF021,290_0.mat,test,103,105472
290_0_00104.png,BF021,290_0.mat,test,104,106496
290_0_00105.png,BF021,290_0.mat,test,105,107520
290_0_00106.png,BF021,290_0.mat,test,106,108544
290_0_00107.png,BF021,290_0.mat,test,107,109568
290_0_00108.png,BF021,290_0.mat,test,108,110592
290_0_00109.png,BF021,290_0.mat,test,109,111616
290_0_00110.png,BF021,290_0.mat,test,110,112640
290_0_00111.png,BF021,290_0.mat,test,111,113664
290_0_00112.png,BF021,290_0.mat,test,112,114688
290_0_00113.png,BF021,290_0.mat,test,113,115712
290_0_00114.png,BF021,290_0.mat,test,114,116736
290_0_00115.png,BF021,290_0.mat,test,115,117760
290_0_00116.png,BF021,290_0.mat,test,116,118784
281_3_00000.png,IF007,281_3.mat,test,0,0
281_3_00001.png,IF007,281_3.mat,test,1,1024
281_3_00002.png,IF007,281_3.mat,test,2,2048
281_3_00003.png,IF007,281_3.mat,test,3,3072
281_3_00004.png,IF007,281_3.mat,test,4,4096
281_3_00005.png,IF007,281_3.mat,test,5,5120
281_3_00006.png,IF007,281_3.mat,test,6,6144
281_3_00007.png,IF007,281_3.mat,test,7,7168
281_3_00008.png,IF007,281_3.mat,test,8,8192
281_3_00009.png,IF007,281_3.mat,test,9,9216
281_3_00010.png,IF007,281_3.mat,test,10,10240
281_3_00011.png,IF007,281_3.mat,test,11,11264
281_3_00012.png,IF007,281_3.mat,test,12,12288
281_3_00013.png,IF007,281_3.mat,test,13,13312
281_3_00014.png,IF007,281_3.mat,test,14,14336
281_3_00015.png,IF007,281_3.mat,test,15,15360
281_3_00016.png,IF007,281_3.mat,test,16,16384
281_3_00017.png,IF007,281_3.mat,test,17,17408
281_3_00018.png,IF007,281_3.mat,test,18,18432
281_3_00019.png,IF007,281_3.mat,test,19,19456
281_3_00020.png,IF007,281_3.mat,test,20,20480
281_3_00021.png,IF007,281_3.mat,test,21,21504
281_3_00022.png,IF007,281_3.mat,test,22,22528
281_3_00023.png,IF007,281_3.mat,test,23,23552
281_3_00024.png,IF007,281_3.mat,test,24,24576
281_3_00025.png,IF007,281_3.mat,test,25,25600
281_3_00026.png,IF007,281_3.mat,test,26,26624
281_3_00027.png,IF007,281_3.mat,test,27,27648
281_3_00028.png,IF007,281_3.mat,test,28,28672
281_3_00029.png,IF007,281_3.mat,test,29,29696
281_3_00030.png,IF007,281_3.mat,test,30,30720
281_3_00031.png,IF007,281_3.mat,test,31,31744
281_3_00032.png,IF007,281_3.mat,test,32,32768
281_3_00033.png,IF007,281_3.mat,test,33,33792
281_3_00034.png,IF007,281_3.mat,test,34,34816
281_3_00035.png,IF007,281_3.mat,test,35,35840
281_3_00036.png,IF007,281_3.mat,test,36,36864
281_3_00037.png,IF007,281_3.mat,test,37,37888
281_3_00038.png,IF007,281_3.mat,test,38,38912
281_3_00039.png,IF007,281_3.mat,test,39,39936
281_3_00040.png,IF007,281_3.mat,test,40,40960
281_3_00041.png,IF007,281_3.mat,test,41,41984
281_3_00042.png,IF007,281_3.mat,test,42,43008
281_3_00043.png,IF007,281_3.mat,test,43,44032
281_3_00044.png,IF007,281_3.mat,test,44,45056
281_3_00045.png,IF007,281_3.mat,test,45,46080
281_3_00046.png,IF007,281_3.mat,test,46,47104
281_3_00047.png,IF007,281_3.mat,test,47,48128
281_3_00048.png,IF007,281_3.mat,test,48,49152
281_3_00049.png,IF007,281_3.mat,test,49,50176
281_3_00050.png,IF007,281_3.mat,test,50,51200
281_3_00051.png,IF007,281_3.mat,test,51,52224
281_3_00052.png,IF007,281_3.mat,test,52,53248
281_3_00053.png,IF007,281_3.mat,test,53,54272
281_3_00054.png,IF007,281_3.mat,test,54,55296
281_3_00055.png,IF007,281_3.mat,test,55,56320
281_3_00056.png,IF007,281_3.mat,test,56,57344
281_3_00057.png,IF007,281_3.mat,test,57,58368
281_3_00058.png,IF007,281_3.mat,test,58,59392
281_3_00059.png,IF007,281_3.mat,test,59,60416
281_3_00060.png,IF007,281_3.mat,test,60,61440
281_3_00061.png,IF007,281_3.mat,test,61,62464
281_3_00062.png,IF007,281_3.mat,test,62,63488
281_3_00063.png,IF007,281_3.mat,test,63,64512
281_3_00064.png,IF007,281_3.mat,test,64,65536
281_3_00065.png,IF007,281_3.mat,test,65,66560
281_3_00066.png,IF007,281_3.mat,test,66,67584
281_3_00067.png,IF007,281_3.mat,test,67,68608
281_3_00068.png,IF007,281_3.mat,test,68,69632
281_3_00069.png,IF007,281_3.mat,test,69,70656
281_3_00070.png,IF007,281_3.mat,test,70,71680
281_3_00071.png,IF007,281_3.mat,test,71,72704
281_3_00072.png,IF007,281_3.mat,test,72,73728
281_3_00073.png,IF007,281_3.mat,test,73,74752
281_3_00074.png,IF007,281_3.mat,test,74,75776
281_3_00075.png,IF007,281_3.mat,test,75,76800
281_3_00076.png,IF007,281_3.mat,test,76,77824
281_3_00077.png,IF007,281_3.mat,test,77,78848
281_3_00078.png,IF007,281_3.mat,test,78,79872
281_3_00079.png,IF007,281_3.mat,test,79,80896
281_3_00080.png,IF007,281_3.mat,test,80,81920
281_3_00081.png,IF007,281_3.mat,test,81,82944
281_3_00082.png,IF007,281_3.mat,test,82,83968
281_3_00083.png,IF007,281_3.mat,test,83,84992
281_3_00084.png,IF007,281_3.mat,test,84,86016
281_3_00085.png,IF007,281_3.mat,test,85,87040
281_3_00086.png,IF007,281_3.mat,test,86,88064
281_3_00087.png,IF007,281_3.mat,test,87,89088
281_3_00088.png,IF007,281_3.mat,test,88,90112
281_3_00089.png,IF007,281_3.mat,test,89,91136
281_3_00090.png,IF007,281_3.mat,test,90,92160
281_3_00091.png,IF007,281_3.mat,test,91,93184
281_3_00092.png,IF007,281_3.mat,test,92,94208
281_3_00093.png,IF007,281_3.mat,test,93,95232
281_3_00094.png,IF007,281_3.mat,test,94,96256
281_3_00095.png,IF007,281_3.mat,test,95,97280
281_3_00096.png,IF007,281_3.mat,test,96,98304
281_3_00097.png,IF007,281_3.mat,test,97,99328
281_3_00098.png,IF007,281_3.mat,test,98,100352
281_3_00099.png,IF007,281_3.mat,test,99,101376
281_3_00100.png,IF007,281_3.mat,test,100,102400
281_3_00101.png,IF007,281_3.mat,test,101,103424
281_3_00102.png,IF007,281_3.mat,test,102,104448
281_3_00103.png,IF007,281_3.mat,test,103,105472
281_3_00104.png,IF007,281_3.mat,test,104,106496
281_3_00105.png,IF007,281_3.mat,test,105,107520
281_3_00106.png,IF007,281_3.mat,test,106,108544
281_3_00107.png,IF007,281_3.mat,test,107,109568
281_3_00108.png,IF007,281_3.mat,test,108,110592
281_3_00109.png,IF007,281_3.mat,test,109,111616
281_3_00110.png,IF007,281_3.mat,test,110,112640
281_3_00111.png,IF007,281_3.mat,test,111,113664
281_3_00112.png,IF007,281_3.mat,test,112,114688
281_3_00113.png,IF007,281_3.mat,test,113,115712
281_3_00114.png,IF007,281_3.mat,test,114,116736
281_3_00115.png,IF007,281_3.mat,test,115,117760
281_3_00116.png,IF007,281_3.mat,test,116,118784
274_0_00000.png,IF014,274_0.mat,test,0,0
274_0_00001.png,IF014,274_0.mat,test,1,1024
274_0_00002.png,IF014,274_0.mat,test,2,2048
274_0_00003.png,IF014,274_0.mat,test,3,3072
274_0_00004.png,IF014,274_0.mat,test,4,4096
274_0_00005.png,IF014,274_0.mat,test,5,5120
274_0_00006.png,IF014,274_0.mat,test,6,6144
274_0_00007.png,IF014,274_0.mat,test,7,7168
274_0_00008.png,IF014,274_0.mat,test,8,8192
274_0_00009.png,IF014,274_0.mat,test,9,9216
274_0_00010.png,IF014,274_0.mat,test,10,10240
274_0_00011.png,IF014,274_0.mat,test,11,11264
274_0_00012.png,IF014,274_0.mat,test,12,12288
274_0_00013.png,IF014,274_0.mat,test,13,13312
274_0_00014.png,IF014,274_0.mat,test,14,14336
274_0_00015.png,IF014,274_0.mat,test,15,15360
274_0_00016.png,IF014,274_0.mat,test,16,16384
274_0_00017.png,IF014,274_0.mat,test,17,17408
274_0_00018.png,IF014,274_0.mat,test,18,18432
274_0_00019.png,IF014,274_0.mat,test,19,19456
274_0_00020.png,IF014,274_0.mat,test,20,20480
274_0_00021.png,IF014,274_0.mat,test,21,21504
274_0_00022.png,IF014,274_0.mat,test,22,22528
274_0_00023.png,IF014,274_0.mat,test,23,23552
274_0_00024.png,IF014,274_0.mat,test,24,24576
274_0_00025.png,IF014,274_0.mat,test,25,25600
274_0_00026.png,IF014,274_0.mat,test,26,26624
274_0_00027.png,IF014,274_0.mat,test,27,27648
274_0_00028.png,IF014,274_0.mat,test,28,28672
274_0_00029.png,IF014,274_0.mat,test,29,29696
274_0_00030.png,IF014,274_0.mat,test,30,30720
274_0_00031.png,IF014,274_0.mat,test,31,31744
274_0_00032.png,IF014,274_0.mat,test,32,32768
274_0_00033.png,IF014,274_0.mat,test,33,33792
274_0_00034.png,IF014,274_0.mat,test,34,34816
274_0_00035.png,IF014,274_0.mat,test,35,35840
274_0_00036.png,IF014,274_0.mat,test,36,36864
274_0_00037.png,IF014,274_0.mat,test,37,37888
274_0_00038.png,IF014,274_0.mat,test,38,38912
274_0_00039.png,IF014,274_0.mat,test,39,39936
274_0_00040.png,IF014,274_0.mat,test,40,40960
274_0_00041.png,IF014,274_0.mat,test,41,41984
274_0_00042.png,IF014,274_0.mat,test,42,43008
274_0_00043.png,IF014,274_0.mat,test,43,44032
274_0_00044.png,IF014,274_0.mat,test,44,45056
274_0_00045.png,IF014,274_0.mat,test,45,46080
274_0_00046.png,IF014,274_0.mat,test,46,47104
274_0_00047.png,IF014,274_0.mat,test,47,48128
274_0_00048.png,IF014,274_0.mat,test,48,49152
274_0_00049.png,IF014,274_0.mat,test,49,50176
274_0_00050.png,IF014,274_0.mat,test,50,51200
274_0_00051.png,IF014,274_0.mat,test,51,52224
274_0_00052.png,IF014,274_0.mat,test,52,53248
274_0_00053.png,IF014,274_0.mat,test,53,54272
274_0_00054.png,IF014,274_0.mat,test,54,55296
274_0_00055.png,IF014,274_0.mat,test,55,56320
274_0_00056.png,IF014,274_0.mat,test,56,57344
274_0_00057.png,IF014,274_0.mat,test,57,58368
274_0_00058.png,IF014,274_0.mat,test,58,59392
274_0_00059.png,IF014,274_0.mat,test,59,60416
274_0_00060.png,IF014,274_0.mat,test,60,61440
274_0_00061.png,IF014,274_0.mat,test,61,62464
274_0_00062.png,IF014,274_0.mat,test,62,63488
274_0_00063.png,IF014,274_0.mat,test,63,64512
274_0_00064.png,IF014,274_0.mat,test,64,65536
274_0_00065.png,IF014,274_0.mat,test,65,66560
274_0_00066.png,IF014,274_0.mat,test,66,67584
274_0_00067.png,IF014,274_0.mat,test,67,68608
274_0_00068.png,IF014,274_0.mat,test,68,69632
274_0_00069.png,IF014,274_0.mat,test,69,70656
274_0_00070.png,IF014,274_0.mat,test,70,71680
274_0_00071.png,IF014,274_0.mat,test,71,72704
274_0_00072.png,IF014,274_0.mat,test,72,73728
274_0_00073.png,IF014,274_0.mat,test,73,74752
274_0_00074.png,IF014,274_0.mat,test,74,75776
274_0_00075.png,IF014,274_0.mat,test,75,76800
274_0_00076.png,IF014,274_0.mat,test,76,77824
274_0_00077.png,IF014,274_0.mat,test,77,78848
274_0_00078.png,IF014,274_0.mat,test,78,79872
274_0_00079.png,IF014,274_0.mat,test,79,80896
274_0_00080.png,IF014,274_0.mat,test,80,81920
274_0_00081.png,IF014,274_0.mat,test,81,82944
274_0_00082.png,IF014,274_0.mat,test,82,83968
274_0_00083.png,IF014,274_0.mat,test,83,84992
274_0_00084.png,IF014,274_0.mat,test,84,86016
274_0_00085.png,IF014,274_0.mat,test,85,87040
274_0_00086.png,IF014,274_0.mat,test,86,88064
274_0_00087.png,IF014,274_0.mat,test,87,89088
274_0_00088.png,IF014,274_0.mat,test,88,90112
274_0_00089.png,IF014,274_0.mat,test,89,91136
274_0_00090.png,IF014,274_0.mat,test,90,92160
274_0_00091.png,IF014,274_0.mat,test,91,93184
274_0_00092.png,IF014,274_0.mat,test,92,94208
274_0_00093.png,IF014,274_0.mat,test,93,95232
274_0_00094.png,IF014,274_0.mat,test,94,96256
274_0_00095.png,IF014,274_0.mat,test,95,97280
274_0_00096.png,IF014,274_0.mat,test,96,98304
274_0_00097.png,IF014,274_0.mat,test,97,99328
274_0_00098.png,IF014,274_0.mat,test,98,100352
274_0_00099.png,IF014,274_0.mat,test,99,101376
274_0_00100.png,IF014,274_0.mat,test,100,102400
274_0_00101.png,IF014,274_0.mat,test,101,103424
274_0_00102.png,IF014,274_0.mat,test,102,104448
274_0_00103.png,IF014,274_0.mat,test,103,105472
274_0_00104.png,IF014,274_0.mat,test,104,106496
274_0_00105.png,IF014,274_0.mat,test,105,107520
274_0_00106.png,IF014,274_0.mat,test,106,108544
274_0_00107.png,IF014,274_0.mat,test,107,109568
274_0_00108.png,IF014,274_0.mat,test,108,110592
274_0_00109.png,IF014,274_0.mat,test,109,111616
274_0_00110.png,IF014,274_0.mat,test,110,112640
274_0_00111.png,IF014,274_0.mat,test,111,113664
274_0_00112.png,IF014,274_0.mat,test,112,114688
274_0_00113.png,IF014,274_0.mat,test,113,115712
274_0_00114.png,IF014,274_0.mat,test,114,116736
274_0_00115.png,IF014,274_0.mat,test,115,117760
274_0_00116.png,IF014,274_0.mat,test,116,118784
270_0_00000.png,IF021,270_0.mat,test,0,0
270_0_00001.png,IF021,270_0.mat,test,1,1024
270_0_00002.png,IF021,270_0.mat,test,2,2048
270_0_00003.png,IF021,270_0.mat,test,3,3072
270_0_00004.png,IF021,270_0.mat,test,4,4096
270_0_00005.png,IF021,270_0.mat,test,5,5120
270_0_00006.png,IF021,270_0.mat,test,6,6144
270_0_00007.png,IF021,270_0.mat,test,7,7168
270_0_00008.png,IF021,270_0.mat,test,8,8192
270_0_00009.png,IF021,270_0.mat,test,9,9216
270_0_00010.png,IF021,270_0.mat,test,10,10240
270_0_00011.png,IF021,270_0.mat,test,11,11264
270_0_00012.png,IF021,270_0.mat,test,12,12288
270_0_00013.png,IF021,270_0.mat,test,13,13312
270_0_00014.png,IF021,270_0.mat,test,14,14336
270_0_00015.png,IF021,270_0.mat,test,15,15360
270_0_00016.png,IF021,270_0.mat,test,16,16384
270_0_00017.png,IF021,270_0.mat,test,17,17408
270_0_00018.png,IF021,270_0.mat,test,18,18432
270_0_00019.png,IF021,270_0.mat,test,19,19456
270_0_00020.png,IF021,270_0.mat,test,20,20480
270_0_00021.png,IF021,270_0.mat,test,21,21504
270_0_00022.png,IF021,270_0.mat,test,22,22528
270_0_00023.png,IF021,270_0.mat,test,23,23552
270_0_00024.png,IF021,270_0.mat,test,24,24576
270_0_00025.png,IF021,270_0.mat,test,25,25600
270_0_00026.png,IF021,270_0.mat,test,26,26624
270_0_00027.png,IF021,270_0.mat,test,27,27648
270_0_00028.png,IF021,270_0.mat,test,28,28672
270_0_00029.png,IF021,270_0.mat,test,29,29696
270_0_00030.png,IF021,270_0.mat,test,30,30720
270_0_00031.png,IF021,270_0.mat,test,31,31744
270_0_00032.png,IF021,270_0.mat,test,32,32768
270_0_00033.png,IF021,270_0.mat,test,33,33792
270_0_00034.png,IF021,270_0.mat,test,34,34816
270_0_00035.png,IF021,270_0.mat,test,35,35840
270_0_00036.png,IF021,270_0.mat,test,36,36864
270_0_00037.png,IF021,270_0.mat,test,37,37888
270_0_00038.png,IF021,270_0.mat,test,38,38912
270_0_00039.png,IF021,270_0.mat,test,39,39936
270_0_00040.png,IF021,270_0.mat,test,40,40960
270_0_00041.png,IF021,270_0.mat,test,41,41984
270_0_00042.png,IF021,270_0.mat,test,42,43008
270_0_00043.png,IF021,270_0.mat,test,43,44032
270_0_00044.png,IF021,270_0.mat,test,44,45056
270_0_00045.png,IF021,270_0.mat,test,45,46080
270_0_00046.png,IF021,270_0.mat,test,46,47104
270_0_00047.png,IF021,270_0.mat,test,47,48128
270_0_00048.png,IF021,270_0.mat,test,48,49152
270_0_00049.png,IF021,270_0.mat,test,49,50176
270_0_00050.png,IF021,270_0.mat,test,50,51200
270_0_00051.png,IF021,270_0.mat,test,51,52224
270_0_00052.png,IF021,270_0.mat,test,52,53248
270_0_00053.png,IF021,270_0.mat,test,53,54272
270_0_00054.png,IF021,270_0.mat,test,54,55296
270_0_00055.png,IF021,270_0.mat,test,55,56320
270_0_00056.png,IF021,270_0.mat,test,56,57344
270_0_00057.png,IF021,270_0.mat,test,57,58368
270_0_00058.png,IF021,270_0.mat,test,58,59392
270_0_00059.png,IF021,270_0.mat,test,59,60416
270_0_00060.png,IF021,270_0.mat,test,60,61440
270_0_00061.png,IF021,270_0.mat,test,61,62464
270_0_00062.png,IF021,270_0.mat,test,62,63488
270_0_00063.png,IF021,270_0.mat,test,63,64512
270_0_00064.png,IF021,270_0.mat,test,64,65536
270_0_00065.png,IF021,270_0.mat,test,65,66560
270_0_00066.png,IF021,270_0.mat,test,66,67584
270_0_00067.png,IF021,270_0.mat,test,67,68608
270_0_00068.png,IF021,270_0.mat,test,68,69632
270_0_00069.png,IF021,270_0.mat,test,69,70656
270_0_00070.png,IF021,270_0.mat,test,70,71680
270_0_00071.png,IF021,270_0.mat,test,71,72704
270_0_00072.png,IF021,270_0.mat,test,72,73728
270_0_00073.png,IF021,270_0.mat,test,73,74752
270_0_00074.png,IF021,270_0.mat,test,74,75776
270_0_00075.png,IF021,270_0.mat,test,75,76800
270_0_00076.png,IF021,270_0.mat,test,76,77824
270_0_00077.png,IF021,270_0.mat,test,77,78848
270_0_00078.png,IF021,270_0.mat,test,78,79872
270_0_00079.png,IF021,270_0.mat,test,79,80896
270_0_00080.png,IF021,270_0.mat,test,80,81920
270_0_00081.png,IF021,270_0.mat,test,81,82944
270_0_00082.png,IF021,270_0.mat,test,82,83968
270_0_00083.png,IF021,270_0.mat,test,83,84992
270_0_00084.png,IF021,270_0.mat,test,84,86016
270_0_00085.png,IF021,270_0.mat,test,85,87040
270_0_00086.png,IF021,270_0.mat,test,86,88064
270_0_00087.png,IF021,270_0.mat,test,87,89088
270_0_00088.png,IF021,270_0.mat,test,88,90112
270_0_00089.png,IF021,270_0.mat,test,89,91136
270_0_00090.png,IF021,270_0.mat,test,90,92160
270_0_00091.png,IF021,270_0.mat,test,91,93184
270_0_00092.png,IF021,270_0.mat,test,92,94208
270_0_00093.png,IF021,270_0.mat,test,93,95232
270_0_00094.png,IF021,270_0.mat,test,94,96256
270_0_00095.png,IF021,270_0.mat,test,95,97280
270_0_00096.png,IF021,270_0.mat,test,96,98304
270_0_00097.png,IF021,270_0.mat,test,97,99328
270_0_00098.png,IF021,270_0.mat,test,98,100352
270_0_00099.png,IF021,270_0.mat,test,99,101376
270_0_00100.png,IF021,270_0.mat,test,100,102400
270_0_00101.png,IF021,270_0.mat,test,101,103424
270_0_00102.png,IF021,270_0.mat,test,102,104448
270_0_00103.png,IF021,270_0.mat,test,103,105472
270_0_00104.png,IF021,270_0.mat,test,104,106496
270_0_00105.png,IF021,270_0.mat,test,105,107520
270_0_00106.png,IF021,270_0.mat,test,106,108544
270_0_00107.png,IF021,270_0.mat,test,107,109568
270_0_00108.png,IF021,270_0.mat,test,108,110592
270_0_00109.png,IF021,270_0.mat,test,109,111616
270_0_00110.png,IF021,270_0.mat,test,110,112640
270_0_00111.png,IF021,270_0.mat,test,111,113664
270_0_00112.png,IF021,270_0.mat,test,112,114688
270_0_00113.png,IF021,270_0.mat,test,113,115712
270_0_00114.png,IF021,270_0.mat,test,114,116736
270_0_00115.png,IF021,270_0.mat,test,115,117760
270_0_00116.png,IF021,270_0.mat,test,116,118784
99_Normal_2_00000.png,Normal,99_Normal_2.mat,test,0,0
99_Normal_2_00001.png,Normal,99_Normal_2.mat,test,1,1024
99_Normal_2_00002.png,Normal,99_Normal_2.mat,test,2,2048
99_Normal_2_00003.png,Normal,99_Normal_2.mat,test,3,3072
99_Normal_2_00004.png,Normal,99_Normal_2.mat,test,4,4096
99_Normal_2_00005.png,Normal,99_Normal_2.mat,test,5,5120
99_Normal_2_00006.png,Normal,99_Normal_2.mat,test,6,6144
99_Normal_2_00007.png,Normal,99_Normal_2.mat,test,7,7168
99_Normal_2_00008.png,Normal,99_Normal_2.mat,test,8,8192
99_Normal_2_00009.png,Normal,99_Normal_2.mat,test,9,9216
99_Normal_2_00010.png,Normal,99_Normal_2.mat,test,10,10240
99_Normal_2_00011.png,Normal,99_Normal_2.mat,test,11,11264
99_Normal_2_00012.png,Normal,99_Normal_2.mat,test,12,12288
99_Normal_2_00013.png,Normal,99_Normal_2.mat,test,13,13312
99_Normal_2_00014.png,Normal,99_Normal_2.mat,test,14,14336
99_Normal_2_00015.png,Normal,99_Normal_2.mat,test,15,15360
99_Normal_2_00016.png,Normal,99_Normal_2.mat,test,16,16384
99_Normal_2_00017.png,Normal,99_Normal_2.mat,test,17,17408
99_Normal_2_00018.png,Normal,99_Normal_2.mat,test,18,18432
99_Normal_2_00019.png,Normal,99_Normal_2.mat,test,19,19456
99_Normal_2_00020.png,Normal,99_Normal_2.mat,test,20,20480
99_Normal_2_00021.png,Normal,99_Normal_2.mat,test,21,21504
99_Normal_2_00022.png,Normal,99_Normal_2.mat,test,22,22528
99_Normal_2_00023.png,Normal,99_Normal_2.mat,test,23,23552
99_Normal_2_00024.png,Normal,99_Normal_2.mat,test,24,24576
99_Normal_2_00025.png,Normal,99_Normal_2.mat,test,25,25600
99_Normal_2_00026.png,Normal,99_Normal_2.mat,test,26,26624
99_Normal_2_00027.png,Normal,99_Normal_2.mat,test,27,27648
99_Normal_2_00028.png,Normal,99_Normal_2.mat,test,28,28672
99_Normal_2_00029.png,Normal,99_Normal_2.mat,test,29,29696
99_Normal_2_00030.png,Normal,99_Normal_2.mat,test,30,30720
99_Normal_2_00031.png,Normal,99_Normal_2.mat,test,31,31744
99_Normal_2_00032.png,Normal,99_Normal_2.mat,test,32,32768
99_Normal_2_00033.png,Normal,99_Normal_2.mat,test,33,33792
99_Normal_2_00034.png,Normal,99_Normal_2.mat,test,34,34816
99_Normal_2_00035.png,Normal,99_Normal_2.mat,test,35,35840
99_Normal_2_00036.png,Normal,99_Normal_2.mat,test,36,36864
99_Normal_2_00037.png,Normal,99_Normal_2.mat,test,37,37888
99_Normal_2_00038.png,Normal,99_Normal_2.mat,test,38,38912
99_Normal_2_00039.png,Normal,99_Normal_2.mat,test,39,39936
99_Normal_2_00040.png,Normal,99_Normal_2.mat,test,40,40960
99_Normal_2_00041.png,Normal,99_Normal_2.mat,test,41,41984
99_Normal_2_00042.png,Normal,99_Normal_2.mat,test,42,43008
99_Normal_2_00043.png,Normal,99_Normal_2.mat,test,43,44032
99_Normal_2_00044.png,Normal,99_Normal_2.mat,test,44,45056
99_Normal_2_00045.png,Normal,99_Normal_2.mat,test,45,46080
99_Normal_2_00046.png,Normal,99_Normal_2.mat,test,46,47104
99_Normal_2_00047.png,Normal,99_Normal_2.mat,test,47,48128
99_Normal_2_00048.png,Normal,99_Normal_2.mat,test,48,49152
99_Normal_2_00049.png,Normal,99_Normal_2.mat,test,49,50176
99_Normal_2_00050.png,Normal,99_Normal_2.mat,test,50,51200
99_Normal_2_00051.png,Normal,99_Normal_2.mat,test,51,52224
99_Normal_2_00052.png,Normal,99_Normal_2.mat,test,52,53248
99_Normal_2_00053.png,Normal,99_Normal_2.mat,test,53,54272
99_Normal_2_00054.png,Normal,99_Normal_2.mat,test,54,55296
99_Normal_2_00055.png,Normal,99_Normal_2.mat,test,55,56320
99_Normal_2_00056.png,Normal,99_Normal_2.mat,test,56,57344
99_Normal_2_00057.png,Normal,99_Normal_2.mat,test,57,58368
99_Normal_2_00058.png,Normal,99_Normal_2.mat,test,58,59392
99_Normal_2_00059.png,Normal,99_Normal_2.mat,test,59,60416
99_Normal_2_00060.png,Normal,99_Normal_2.mat,test,60,61440
99_Normal_2_00061.png,Normal,99_Normal_2.mat,test,61,62464
99_Normal_2_00062.png,Normal,99_Normal_2.mat,test,62,63488
99_Normal_2_00063.png,Normal,99_Normal_2.mat,test,63,64512
99_Normal_2_00064.png,Normal,99_Normal_2.mat,test,64,65536
99_Normal_2_00065.png,Normal,99_Normal_2.mat,test,65,66560
99_Normal_2_00066.png,Normal,99_Normal_2.mat,test,66,67584
99_Normal_2_00067.png,Normal,99_Normal_2.mat,test,67,68608
99_Normal_2_00068.png,Normal,99_Normal_2.mat,test,68,69632
99_Normal_2_00069.png,Normal,99_Normal_2.mat,test,69,70656
99_Normal_2_00070.png,Normal,99_Normal_2.mat,test,70,71680
99_Normal_2_00071.png,Normal,99_Normal_2.mat,test,71,72704
99_Normal_2_00072.png,Normal,99_Normal_2.mat,test,72,73728
99_Normal_2_00073.png,Normal,99_Normal_2.mat,test,73,74752
99_Normal_2_00074.png,Normal,99_Normal_2.mat,test,74,75776
99_Normal_2_00075.png,Normal,99_Normal_2.mat,test,75,76800
99_Normal_2_00076.png,Normal,99_Normal_2.mat,test,76,77824
99_Normal_2_00077.png,Normal,99_Normal_2.mat,test,77,78848
99_Normal_2_00078.png,Normal,99_Normal_2.mat,test,78,79872
99_Normal_2_00079.png,Normal,99_Normal_2.mat,test,79,80896
99_Normal_2_00080.png,Normal,99_Normal_2.mat,test,80,81920
99_Normal_2_00081.png,Normal,99_Normal_2.mat,test,81,82944
99_Normal_2_00082.png,Normal,99_Normal_2.mat,test,82,83968
99_Normal_2_00083.png,Normal,99_Normal_2.mat,test,83,84992
99_Normal_2_00084.png,Normal,99_Normal_2.mat,test,84,86016
99_Normal_2_00085.png,Normal,99_Normal_2.mat,test,85,87040
99_Normal_2_00086.png,Normal,99_Normal_2.mat,test,86,88064
99_Normal_2_00087.png,Normal,99_Normal_2.mat,test,87,89088
99_Normal_2_00088.png,Normal,99_Normal_2.mat,test,88,90112
99_Normal_2_00089.png,Normal,99_Normal_2.mat,test,89,91136
99_Normal_2_00090.png,Normal,99_Normal_2.mat,test,90,92160
99_Normal_2_00091.png,Normal,99_Normal_2.mat,test,91,93184
99_Normal_2_00092.png,Normal,99_Normal_2.mat,test,92,94208
99_Normal_2_00093.png,Normal,99_Normal_2.mat,test,93,95232
99_Normal_2_00094.png,Normal,99_Normal_2.mat,test,94,96256
99_Normal_2_00095.png,Normal,99_Normal_2.mat,test,95,97280
99_Normal_2_00096.png,Normal,99_Normal_2.mat,test,96,98304
99_Normal_2_00097.png,Normal,99_Normal_2.mat,test,97,99328
99_Normal_2_00098.png,Normal,99_Normal_2.mat,test,98,100352
99_Normal_2_00099.png,Normal,99_Normal_2.mat,test,99,101376
99_Normal_2_00100.png,Normal,99_Normal_2.mat,test,100,102400
99_Normal_2_00101.png,Normal,99_Normal_2.mat,test,101,103424
99_Normal_2_00102.png,Normal,99_Normal_2.mat,test,102,104448
99_Normal_2_00103.png,Normal,99_Normal_2.mat,test,103,105472
99_Normal_2_00104.png,Normal,99_Normal_2.mat,test,104,106496
99_Normal_2_00105.png,Normal,99_Normal_2.mat,test,105,107520
99_Normal_2_00106.png,Normal,99_Normal_2.mat,test,106,108544
99_Normal_2_00107.png,Normal,99_Normal_2.mat,test,107,109568
99_Normal_2_00108.png,Normal,99_Normal_2.mat,test,108,110592
99_Normal_2_00109.png,Normal,99_Normal_2.mat,test,109,111616
99_Normal_2_00110.png,Normal,99_Normal_2.mat,test,110,112640
99_Normal_2_00111.png,Normal,99_Normal_2.mat,test,111,113664
99_Normal_2_00112.png,Normal,99_Normal_2.mat,test,112,114688
99_Normal_2_00113.png,Normal,99_Normal_2.mat,test,113,115712
99_Normal_2_00114.png,Normal,99_Normal_2.mat,test,114,116736
99_Normal_2_00115.png,Normal,99_Normal_2.mat,test,115,117760
99_Normal_2_00116.png,Normal,99_Normal_2.mat,test,116,118784
99_Normal_2_00117.png,Normal,99_Normal_2.mat,test,117,119808
99_Normal_2_00118.png,Normal,99_Normal_2.mat,test,118,120832
99_Normal_2_00119.png,Normal,99_Normal_2.mat,test,119,121856
99_Normal_2_00120.png,Normal,99_Normal_2.mat,test,120,122880
99_Normal_2_00121.png,Normal,99_Normal_2.mat,test,121,123904
99_Normal_2_00122.png,Normal,99_Normal_2.mat,test,122,124928
99_Normal_2_00123.png,Normal,99_Normal_2.mat,test,123,125952
99_Normal_2_00124.png,Normal,99_Normal_2.mat,test,124,126976
99_Normal_2_00125.png,Normal,99_Normal_2.mat,test,125,128000
99_Normal_2_00126.png,Normal,99_Normal_2.mat,test,126,129024
99_Normal_2_00127.png,Normal,99_Normal_2.mat,test,127,130048
99_Normal_2_00128.png,Normal,99_Normal_2.mat,test,128,131072
99_Normal_2_00129.png,Normal,99_Normal_2.mat,test,129,132096
99_Normal_2_00130.png,Normal,99_Normal_2.mat,test,130,133120
99_Normal_2_00131.png,Normal,99_Normal_2.mat,test,131,134144
99_Normal_2_00132.png,Normal,99_Normal_2.mat,test,132,135168
99_Normal_2_00133.png,Normal,99_Normal_2.mat,test,133,136192
99_Normal_2_00134.png,Normal,99_Normal_2.mat,test,134,137216
99_Normal_2_00135.png,Normal,99_Normal_2.mat,test,135,138240
99_Normal_2_00136.png,Normal,99_Normal_2.mat,test,136,139264
99_Normal_2_00137.png,Normal,99_Normal_2.mat,test,137,140288
99_Normal_2_00138.png,Normal,99_Normal_2.mat,test,138,141312
99_Normal_2_00139.png,Normal,99_Normal_2.mat,test,139,142336
99_Normal_2_00140.png,Normal,99_Normal_2.mat,test,140,143360
99_Normal_2_00141.png,Normal,99_Normal_2.mat,test,141,144384
99_Normal_2_00142.png,Normal,99_Normal_2.mat,test,142,145408
99_Normal_2_00143.png,Normal,99_Normal_2.mat,test,143,146432
99_Normal_2_00144.png,Normal,99_Normal_2.mat,test,144,147456
99_Normal_2_00145.png,Normal,99_Normal_2.mat,test,145,148480
99_Normal_2_00146.png,Normal,99_Normal_2.mat,test,146,149504
99_Normal_2_00147.png,Normal,99_Normal_2.mat,test,147,150528
99_Normal_2_00148.png,Normal,99_Normal_2.mat,test,148,151552
99_Normal_2_00149.png,Normal,99_Normal_2.mat,test,149,152576
99_Normal_2_00150.png,Normal,99_Normal_2.mat,test,150,153600
99_Normal_2_00151.png,Normal,99_Normal_2.mat,test,151,154624
99_Normal_2_00152.png,Normal,99_Normal_2.mat,test,152,155648
99_Normal_2_00153.png,Normal,99_Normal_2.mat,test,153,156672
99_Normal_2_00154.png,Normal,99_Normal_2.mat,test,154,157696
99_Normal_2_00155.png,Normal,99_Normal_2.mat,test,155,158720
99_Normal_2_00156.png,Normal,99_Normal_2.mat,test,156,159744
99_Normal_2_00157.png,Normal,99_Normal_2.mat,test,157,160768
99_Normal_2_00158.png,Normal,99_Normal_2.mat,test,158,161792
99_Normal_2_00159.png,Normal,99_Normal_2.mat,test,159,162816
99_Normal_2_00160.png,Normal,99_Normal_2.mat,test,160,163840
99_Normal_2_00161.png,Normal,99_Normal_2.mat,test,161,164864
99_Normal_2_00162.png,Normal,99_Normal_2.mat,test,162,165888
99_Normal_2_00163.png,Normal,99_Normal_2.mat,test,163,166912
99_Normal_2_00164.png,Normal,99_Normal_2.mat,test,164,167936
99_Normal_2_00165.png,Normal,99_Normal_2.mat,test,165,168960
99_Normal_2_00166.png,Normal,99_Normal_2.mat,test,166,169984
99_Normal_2_00167.png,Normal,99_Normal_2.mat,test,167,171008
99_Normal_2_00168.png,Normal,99_Normal_2.mat,test,168,172032
99_Normal_2_00169.png,Normal,99_Normal_2.mat,test,169,173056
99_Normal_2_00170.png,Normal,99_Normal_2.mat,test,170,174080
99_Normal_2_00171.png,Normal,99_Normal_2.mat,test,171,175104
99_Normal_2_00172.png,Normal,99_Normal_2.mat,test,172,176128
99_Normal_2_00173.png,Normal,99_Normal_2.mat,test,173,177152
99_Normal_2_00174.png,Normal,99_Normal_2.mat,test,174,178176
99_Normal_2_00175.png,Normal,99_Normal_2.mat,test,175,179200
99_Normal_2_00176.png,Normal,99_Normal_2.mat,test,176,180224
99_Normal_2_00177.png,Normal,99_Normal_2.mat,test,177,181248
99_Normal_2_00178.png,Normal,99_Normal_2.mat,test,178,182272
99_Normal_2_00179.png,Normal,99_Normal_2.mat,test,179,183296
99_Normal_2_00180.png,Normal,99_Normal_2.mat,test,180,184320
99_Normal_2_00181.png,Normal,99_Normal_2.mat,test,181,185344
99_Normal_2_00182.png,Normal,99_Normal_2.mat,test,182,186368
99_Normal_2_00183.png,Normal,99_Normal_2.mat,test,183,187392
99_Normal_2_00184.png,Normal,99_Normal_2.mat,test,184,188416
99_Normal_2_00185.png,Normal,99_Normal_2.mat,test,185,189440
99_Normal_2_00186.png,Normal,99_Normal_2.mat,test,186,190464
99_Normal_2_00187.png,Normal,99_Normal_2.mat,test,187,191488
99_Normal_2_00188.png,Normal,99_Normal_2.mat,test,188,192512
99_Normal_2_00189.png,Normal,99_Normal_2.mat,test,189,193536
99_Normal_2_00190.png,Normal,99_Normal_2.mat,test,190,194560
99_Normal_2_00191.png,Normal,99_Normal_2.mat,test,191,195584
99_Normal_2_00192.png,Normal,99_Normal_2.mat,test,192,196608
99_Normal_2_00193.png,Normal,99_Normal_2.mat,test,193,197632
99_Normal_2_00194.png,Normal,99_Normal_2.mat,test,194,198656
99_Normal_2_00195.png,Normal,99_Normal_2.mat,test,195,199680
99_Normal_2_00196.png,Normal,99_Normal_2.mat,test,196,200704
99_Normal_2_00197.png,Normal,99_Normal_2.mat,test,197,201728
99_Normal_2_00198.png,Normal,99_Normal_2.mat,test,198,202752
99_Normal_2_00199.png,Normal,99_Normal_2.mat,test,199,203776
99_Normal_2_00200.png,Normal,99_Normal_2.mat,test,200,204800
99_Normal_2_00201.png,Normal,99_Normal_2.mat,test,201,205824
99_Normal_2_00202.png,Normal,99_Normal_2.mat,test,202,206848
99_Normal_2_00203.png,Normal,99_Normal_2.mat,test,203,207872
99_Normal_2_00204.png,Normal,99_Normal_2.mat,test,204,208896
99_Normal_2_00205.png,Normal,99_Normal_2.mat,test,205,209920
99_Normal_2_00206.png,Normal,99_Normal_2.mat,test,206,210944
99_Normal_2_00207.png,Normal,99_Normal_2.mat,test,207,211968
99_Normal_2_00208.png,Normal,99_Normal_2.mat,test,208,212992
99_Normal_2_00209.png,Normal,99_Normal_2.mat,test,209,214016
99_Normal_2_00210.png,Normal,99_Normal_2.mat,test,210,215040
99_Normal_2_00211.png,Normal,99_Normal_2.mat,test,211,216064
99_Normal_2_00212.png,Normal,99_Normal_2.mat,test,212,217088
99_Normal_2_00213.png,Normal,99_Normal_2.mat,test,213,218112
99_Normal_2_00214.png,Normal,99_Normal_2.mat,test,214,219136
99_Normal_2_00215.png,Normal,99_Normal_2.mat,test,215,220160
99_Normal_2_00216.png,Normal,99_Normal_2.mat,test,216,221184
99_Normal_2_00217.png,Normal,99_Normal_2.mat,test,217,222208
99_Normal_2_00218.png,Normal,99_Normal_2.mat,test,218,223232
99_Normal_2_00219.png,Normal,99_Normal_2.mat,test,219,224256
99_Normal_2_00220.png,Normal,99_Normal_2.mat,test,220,225280
99_Normal_2_00221.png,Normal,99_Normal_2.mat,test,221,226304
99_Normal_2_00222.png,Normal,99_Normal_2.mat,test,222,227328
99_Normal_2_00223.png,Normal,99_Normal_2.mat,test,223,228352
99_Normal_2_00224.png,Normal,99_Normal_2.mat,test,224,229376
99_Normal_2_00225.png,Normal,99_Normal_2.mat,test,225,230400
99_Normal_2_00226.png,Normal,99_Normal_2.mat,test,226,231424
99_Normal_2_00227.png,Normal,99_Normal_2.mat,test,227,232448
99_Normal_2_00228.png,Normal,99_Normal_2.mat,test,228,233472
99_Normal_2_00229.png,Normal,99_Normal_2.mat,test,229,234496
99_Normal_2_00230.png,Normal,99_Normal_2.mat,test,230,235520
99_Normal_2_00231.png,Normal,99_Normal_2.mat,test,231,236544
99_Normal_2_00232.png,Normal,99_Normal_2.mat,test,232,237568
99_Normal_2_00233.png,Normal,99_Normal_2.mat,test,233,238592
99_Normal_2_00234.png,Normal,99_Normal_2.mat,test,234,239616
99_Normal_2_00235.png,Normal,99_Normal_2.mat,test,235,240640
99_Normal_2_00236.png,Normal,99_Normal_2.mat,test,236,241664
99_Normal_2_00237.png,Normal,99_Normal_2.mat,test,237,242688
99_Normal_2_00238.png,Normal,99_Normal_2.mat,test,238,243712
99_Normal_2_00239.png,Normal,99_Normal_2.mat,test,239,244736
99_Normal_2_00240.png,Normal,99_Normal_2.mat,test,240,245760
99_Normal_2_00241.png,Normal,99_Normal_2.mat,test,241,246784
99_Normal_2_00242.png,Normal,99_Normal_2.mat,test,242,247808
99_Normal_2_00243.png,Normal,99_Normal_2.mat,test,243,248832
99_Normal_2_00244.png,Normal,99_Normal_2.mat,test,244,249856
99_Normal_2_00245.png,Normal,99_Normal_2.mat,test,245,250880
99_Normal_2_00246.png,Normal,99_Normal_2.mat,test,246,251904
99_Normal_2_00247.png,Normal,99_Normal_2.mat,test,247,252928
99_Normal_2_00248.png,Normal,99_Normal_2.mat,test,248,253952
99_Normal_2_00249.png,Normal,99_Normal_2.mat,test,249,254976
99_Normal_2_00250.png,Normal,99_Normal_2.mat,test,250,256000
99_Normal_2_00251.png,Normal,99_Normal_2.mat,test,251,257024
99_Normal_2_00252.png,Normal,99_Normal_2.mat,test,252,258048
99_Normal_2_00253.png,Normal,99_Normal_2.mat,test,253,259072
99_Normal_2_00254.png,Normal,99_Normal_2.mat,test,254,260096
99_Normal_2_00255.png,Normal,99_Normal_2.mat,test,255,261120
99_Normal_2_00256.png,Normal,99_Normal_2.mat,test,256,262144
99_Normal_2_00257.png,Normal,99_Normal_2.mat,test,257,263168
99_Normal_2_00258.png,Normal,99_Normal_2.mat,test,258,264192
99_Normal_2_00259.png,Normal,99_Normal_2.mat,test,259,265216
99_Normal_2_00260.png,Normal,99_Normal_2.mat,test,260,266240
99_Normal_2_00261.png,Normal,99_Normal_2.mat,test,261,267264
99_Normal_2_00262.png,Normal,99_Normal_2.mat,test,262,268288
99_Normal_2_00263.png,Normal,99_Normal_2.mat,test,263,269312
99_Normal_2_00264.png,Normal,99_Normal_2.mat,test,264,270336
99_Normal_2_00265.png,Normal,99_Normal_2.mat,test,265,271360
99_Normal_2_00266.png,Normal,99_Normal_2.mat,test,266,272384
99_Normal_2_00267.png,Normal,99_Normal_2.mat,test,267,273408
99_Normal_2_00268.png,Normal,99_Normal_2.mat,test,268,274432
99_Normal_2_00269.png,Normal,99_Normal_2.mat,test,269,275456
99_Normal_2_00270.png,Normal,99_Normal_2.mat,test,270,276480
99_Normal_2_00271.png,Normal,99_Normal_2.mat,test,271,277504
99_Normal_2_00272.png,Normal,99_Normal_2.mat,test,272,278528
99_Normal_2_00273.png,Normal,99_Normal_2.mat,test,273,279552
99_Normal_2_00274.png,Normal,99_Normal_2.mat,test,274,280576
99_Normal_2_00275.png,Normal,99_Normal_2.mat,test,275,281600
99_Normal_2_00276.png,Normal,99_Normal_2.mat,test,276,282624
99_Normal_2_00277.png,Normal,99_Normal_2.mat,test,277,283648
99_Normal_2_00278.png,Normal,99_Normal_2.mat,test,278,284672
99_Normal_2_00279.png,Normal,99_Normal_2.mat,test,279,285696
99_Normal_2_00280.png,Normal,99_Normal_2.mat,test,280,286720
99_Normal_2_00281.png,Normal,99_Normal_2.mat,test,281,287744
99_Normal_2_00282.png,Normal,99_Normal_2.mat,test,282,288768
99_Normal_2_00283.png,Normal,99_Normal_2.mat,test,283,289792
99_Normal_2_00284.png,Normal,99_Normal_2.mat,test,284,290816
99_Normal_2_00285.png,Normal,99_Normal_2.mat,test,285,291840
99_Normal_2_00286.png,Normal,99_Normal_2.mat,test,286,292864
99_Normal_2_00287.png,Normal,99_Normal_2.mat,test,287,293888
99_Normal_2_00288.png,Normal,99_Normal_2.mat,test,288,294912
99_Normal_2_00289.png,Normal,99_Normal_2.mat,test,289,295936
99_Normal_2_00290.png,Normal,99_Normal_2.mat,test,290,296960
99_Normal_2_00291.png,Normal,99_Normal_2.mat,test,291,297984
99_Normal_2_00292.png,Normal,99_Normal_2.mat,test,292,299008
99_Normal_2_00293.png,Normal,99_Normal_2.mat,test,293,300032
99_Normal_2_00294.png,Normal,99_Normal_2.mat,test,294,301056
99_Normal_2_00295.png,Normal,99_Normal_2.mat,test,295,302080
99_Normal_2_00296.png,Normal,99_Normal_2.mat,test,296,303104
99_Normal_2_00297.png,Normal,99_Normal_2.mat,test,297,304128
99_Normal_2_00298.png,Normal,99_Normal_2.mat,test,298,305152
99_Normal_2_00299.png,Normal,99_Normal_2.mat,test,299,306176
99_Normal_2_00300.png,Normal,99_Normal_2.mat,test,300,307200
99_Normal_2_00301.png,Normal,99_Normal_2.mat,test,301,308224
99_Normal_2_00302.png,Normal,99_Normal_2.mat,test,302,309248
99_Normal_2_00303.png,Normal,99_Normal_2.mat,test,303,310272
99_Normal_2_00304.png,Normal,99_Normal_2.mat,test,304,311296
99_Normal_2_00305.png,Normal,99_Normal_2.mat,test,305,312320
99_Normal_2_00306.png,Normal,99_Normal_2.mat,test,306,313344
99_Normal_2_00307.png,Normal,99_Normal_2.mat,test,307,314368
99_Normal_2_00308.png,Normal,99_Normal_2.mat,test,308,315392
99_Normal_2_00309.png,Normal,99_Normal_2.mat,test,309,316416
99_Normal_2_00310.png,Normal,99_Normal_2.mat,test,310,317440
99_Normal_2_00311.png,Normal,99_Normal_2.mat,test,311,318464
99_Normal_2_00312.png,Normal,99_Normal_2.mat,test,312,319488
99_Normal_2_00313.png,Normal,99_Normal_2.mat,test,313,320512
99_Normal_2_00314.png,Normal,99_Normal_2.mat,test,314,321536
99_Normal_2_00315.png,Normal,99_Normal_2.mat,test,315,322560
99_Normal_2_00316.png,Normal,99_Normal_2.mat,test,316,323584
99_Normal_2_00317.png,Normal,99_Normal_2.mat,test,317,324608
99_Normal_2_00318.png,Normal,99_Normal_2.mat,test,318,325632
99_Normal_2_00319.png,Normal,99_Normal_2.mat,test,319,326656
99_Normal_2_00320.png,Normal,99_Normal_2.mat,test,320,327680
99_Normal_2_00321.png,Normal,99_Normal_2.mat,test,321,328704
99_Normal_2_00322.png,Normal,99_Normal_2.mat,test,322,329728
99_Normal_2_00323.png,Normal,99_Normal_2.mat,test,323,330752
99_Normal_2_00324.png,Normal,99_Normal_2.mat,test,324,331776
99_Normal_2_00325.png,Normal,99_Normal_2.mat,test,325,332800
99_Normal_2_00326.png,Normal,99_Normal_2.mat,test,326,333824
99_Normal_2_00327.png,Normal,99_Normal_2.mat,test,327,334848
99_Normal_2_00328.png,Normal,99_Normal_2.mat,test,328,335872
99_Normal_2_00329.png,Normal,99_Normal_2.mat,test,329,336896
99_Normal_2_00330.png,Normal,99_Normal_2.mat,test,330,337920
99_Normal_2_00331.png,Normal,99_Normal_2.mat,test,331,338944
99_Normal_2_00332.png,Normal,99_Normal_2.mat,test,332,339968
99_Normal_2_00333.png,Normal,99_Normal_2.mat,test,333,340992
99_Normal_2_00334.png,Normal,99_Normal_2.mat,test,334,342016
99_Normal_2_00335.png,Normal,99_Normal_2.mat,test,335,343040
99_Normal_2_00336.png,Normal,99_Normal_2.mat,test,336,344064
99_Normal_2_00337.png,Normal,99_Normal_2.mat,test,337,345088
99_Normal_2_00338.png,Normal,99_Normal_2.mat,test,338,346112
99_Normal_2_00339.png,Normal,99_Normal_2.mat,test,339,347136
99_Normal_2_00340.png,Normal,99_Normal_2.mat,test,340,348160
99_Normal_2_00341.png,Normal,99_Normal_2.mat,test,341,349184
99_Normal_2_00342.png,Normal,99_Normal_2.mat,test,342,350208
99_Normal_2_00343.png,Normal,99_Normal_2.mat,test,343,351232
99_Normal_2_00344.png,Normal,99_Normal_2.mat,test,344,352256
99_Normal_2_00345.png,Normal,99_Normal_2.mat,test,345,353280
99_Normal_2_00346.png,Normal,99_Normal_2.mat,test,346,354304
99_Normal_2_00347.png,Normal,99_Normal_2.mat,test,347,355328
99_Normal_2_00348.png,Normal,99_Normal_2.mat,test,348,356352
99_Normal_2_00349.png,Normal,99_Normal_2.mat,test,349,357376
99_Normal_2_00350.png,Normal,99_Normal_2.mat,test,350,358400
99_Normal_2_00351.png,Normal,99_Normal_2.mat,test,351,359424
99_Normal_2_00352.png,Normal,99_Normal_2.mat,test,352,360448
99_Normal_2_00353.png,Normal,99_Normal_2.mat,test,353,361472
99_Normal_2_00354.png,Normal,99_Normal_2.mat,test,354,362496
99_Normal_2_00355.png,Normal,99_Normal_2.mat,test,355,363520
99_Normal_2_00356.png,Normal,99_Normal_2.mat,test,356,364544
99_Normal_2_00357.png,Normal,99_Normal_2.mat,test,357,365568
99_Normal_2_00358.png,Normal,99_Normal_2.mat,test,358,366592
99_Normal_2_00359.png,Normal,99_Normal_2.mat,test,359,367616
99_Normal_2_00360.png,Normal,99_Normal_2.mat,test,360,368640
99_Normal_2_00361.png,Normal,99_Normal_2.mat,test,361,369664
99_Normal_2_00362.png,Normal,99_Normal_2.mat,test,362,370688
99_Normal_2_00363.png,Normal,99_Normal_2.mat,test,363,371712
99_Normal_2_00364.png,Normal,99_Normal_2.mat,test,364,372736
99_Normal_2_00365.png,Normal,99_Normal_2.mat,test,365,373760
99_Normal_2_00366.png,Normal,99_Normal_2.mat,test,366,374784
99_Normal_2_00367.png,Normal,99_Normal_2.mat,test,367,375808
99_Normal_2_00368.png,Normal,99_Normal_2.mat,test,368,376832
99_Normal_2_00369.png,Normal,99_Normal_2.mat,test,369,377856
99_Normal_2_00370.png,Normal,99_Normal_2.mat,test,370,378880
99_Normal_2_00371.png,Normal,99_Normal_2.mat,test,371,379904
99_Normal_2_00372.png,Normal,99_Normal_2.mat,test,372,380928
99_Normal_2_00373.png,Normal,99_Normal_2.mat,test,373,381952
99_Normal_2_00374.png,Normal,99_Normal_2.mat,test,374,382976
99_Normal_2_00375.png,Normal,99_Normal_2.mat,test,375,384000
99_Normal_2_00376.png,Normal,99_Normal_2.mat,test,376,385024
99_Normal_2_00377.png,Normal,99_Normal_2.mat,test,377,386048
99_Normal_2_00378.png,Normal,99_Normal_2.mat,test,378,387072
99_Normal_2_00379.png,Normal,99_Normal_2.mat,test,379,388096
99_Normal_2_00380.png,Normal,99_Normal_2.mat,test,380,389120
99_Normal_2_00381.png,Normal,99_Normal_2.mat,test,381,390144
99_Normal_2_00382.png,Normal,99_Normal_2.mat,test,382,391168
99_Normal_2_00383.png,Normal,99_Normal_2.mat,test,383,392192
99_Normal_2_00384.png,Normal,99_Normal_2.mat,test,384,393216
99_Normal_2_00385.png,Normal,99_Normal_2.mat,test,385,394240
99_Normal_2_00386.png,Normal,99_Normal_2.mat,test,386,395264
99_Normal_2_00387.png,Normal,99_Normal_2.mat,test,387,396288
99_Normal_2_00388.png,Normal,99_Normal_2.mat,test,388,397312
99_Normal_2_00389.png,Normal,99_Normal_2.mat,test,389,398336
99_Normal_2_00390.png,Normal,99_Normal_2.mat,test,390,399360
99_Normal_2_00391.png,Normal,99_Normal_2.mat,test,391,400384
99_Normal_2_00392.png,Normal,99_Normal_2.mat,test,392,401408
99_Normal_2_00393.png,Normal,99_Normal_2.mat,test,393,402432
99_Normal_2_00394.png,Normal,99_Normal_2.mat,test,394,403456
99_Normal_2_00395.png,Normal,99_Normal_2.mat,test,395,404480
99_Normal_2_00396.png,Normal,99_Normal_2.mat,test,396,405504
99_Normal_2_00397.png,Normal,99_Normal_2.mat,test,397,406528
99_Normal_2_00398.png,Normal,99_Normal_2.mat,test,398,407552
99_Normal_2_00399.png,Normal,99_Normal_2.mat,test,399,408576
99_Normal_2_00400.png,Normal,99_Normal_2.mat,test,400,409600
99_Normal_2_00401.png,Normal,99_Normal_2.mat,test,401,410624
99_Normal_2_00402.png,Normal,99_Normal_2.mat,test,402,411648
99_Normal_2_00403.png,Normal,99_Normal_2.mat,test,403,412672
99_Normal_2_00404.png,Normal,99_Normal_2.mat,test,404,413696
99_Normal_2_00405.png,Normal,99_Normal_2.mat,test,405,414720
99_Normal_2_00406.png,Normal,99_Normal_2.mat,test,406,415744
99_Normal_2_00407.png,Normal,99_Normal_2.mat,test,407,416768
99_Normal_2_00408.png,Normal,99_Normal_2.mat,test,408,417792
99_Normal_2_00409.png,Normal,99_Normal_2.mat,test,409,418816
99_Normal_2_00410.png,Normal,99_Normal_2.mat,test,410,419840
99_Normal_2_00411.png,Normal,99_Normal_2.mat,test,411,420864
99_Normal_2_00412.png,Normal,99_Normal_2.mat,test,412,421888
99_Normal_2_00413.png,Normal,99_Normal_2.mat,test,413,422912
99_Normal_2_00414.png,Normal,99_Normal_2.mat,test,414,423936
99_Normal_2_00415.png,Normal,99_Normal_2.mat,test,415,424960
99_Normal_2_00416.png,Normal,99_Normal_2.mat,test,416,425984
99_Normal_2_00417.png,Normal,99_Normal_2.mat,test,417,427008
99_Normal_2_00418.png,Normal,99_Normal_2.mat,test,418,428032
99_Normal_2_00419.png,Normal,99_Normal_2.mat,test,419,429056
99_Normal_2_00420.png,Normal,99_Normal_2.mat,test,420,430080
99_Normal_2_00421.png,Normal,99_Normal_2.mat,test,421,431104
99_Normal_2_00422.png,Normal,99_Normal_2.mat,test,422,432128
99_Normal_2_00423.png,Normal,99_Normal_2.mat,test,423,433152
99_Normal_2_00424.png,Normal,99_Normal_2.mat,test,424,434176
99_Normal_2_00425.png,Normal,99_Normal_2.mat,test,425,435200
99_Normal_2_00426.png,Normal,99_Normal_2.mat,test,426,436224
99_Normal_2_00427.png,Normal,99_Normal_2.mat,test,427,437248
99_Normal_2_00428.png,Normal,99_Normal_2.mat,test,428,438272
99_Normal_2_00429.png,Normal,99_Normal_2.mat,test,429,439296
99_Normal_2_00430.png,Normal,99_Normal_2.mat,test,430,440320
99_Normal_2_00431.png,Normal,99_Normal_2.mat,test,431,441344
99_Normal_2_00432.png,Normal,99_Normal_2.mat,test,432,442368
99_Normal_2_00433.png,Normal,99_Normal_2.mat,test,433,443392
99_Normal_2_00434.png,Normal,99_Normal_2.mat,test,434,444416
99_Normal_2_00435.png,Normal,99_Normal_2.mat,test,435,445440
99_Normal_2_00436.png,Normal,99_Normal_2.mat,test,436,446464
99_Normal_2_00437.png,Normal,99_Normal_2.mat,test,437,447488
99_Normal_2_00438.png,Normal,99_Normal_2.mat,test,438,448512
99_Normal_2_00439.png,Normal,99_Normal_2.mat,test,439,449536
99_Normal_2_00440.png,Normal,99_Normal_2.mat,test,440,450560
99_Normal_2_00441.png,Normal,99_Normal_2.mat,test,441,451584
99_Normal_2_00442.png,Normal,99_Normal_2.mat,test,442,452608
99_Normal_2_00443.png,Normal,99_Normal_2.mat,test,443,453632
99_Normal_2_00444.png,Normal,99_Normal_2.mat,test,444,454656
99_Normal_2_00445.png,Normal,99_Normal_2.mat,test,445,455680
99_Normal_2_00446.png,Normal,99_Normal_2.mat,test,446,456704
99_Normal_2_00447.png,Normal,99_Normal_2.mat,test,447,457728
99_Normal_2_00448.png,Normal,99_Normal_2.mat,test,448,458752
99_Normal_2_00449.png,Normal,99_Normal_2.mat,test,449,459776
99_Normal_2_00450.png,Normal,99_Normal_2.mat,test,450,460800
99_Normal_2_00451.png,Normal,99_Normal_2.mat,test,451,461824
99_Normal_2_00452.png,Normal,99_Normal_2.mat,test,452,462848
99_Normal_2_00453.png,Normal,99_Normal_2.mat,test,453,463872
99_Normal_2_00454.png,Normal,99_Normal_2.mat,test,454,464896
99_Normal_2_00455.png,Normal,99_Normal_2.mat,test,455,465920
99_Normal_2_00456.png,Normal,99_Normal_2.mat,test,456,466944
99_Normal_2_00457.png,Normal,99_Normal_2.mat,test,457,467968
99_Normal_2_00458.png,Normal,99_Normal_2.mat,test,458,468992
99_Normal_2_00459.png,Normal,99_Normal_2.mat,test,459,470016
99_Normal_2_00460.png,Normal,99_Normal_2.mat,test,460,471040
99_Normal_2_00461.png,Normal,99_Normal_2.mat,test,461,472064
99_Normal_2_00462.png,Normal,99_Normal_2.mat,test,462,473088
99_Normal_2_00463.png,Normal,99_Normal_2.mat,test,463,474112
99_Normal_2_00464.png,Normal,99_Normal_2.mat,test,464,475136
99_Normal_2_00465.png,Normal,99_Normal_2.mat,test,465,476160
99_Normal_2_00466.png,Normal,99_Normal_2.mat,test,466,477184
99_Normal_2_00467.png,Normal,99_Normal_2.mat,test,467,478208
99_Normal_2_00468.png,Normal,99_Normal_2.mat,test,468,479232
99_Normal_2_00469.png,Normal,99_Normal_2.mat,test,469,480256
99_Normal_2_00470.png,Normal,99_Normal_2.mat,test,470,481280
296_2_00000.png,OF007,296_2.mat,test,0,0
296_2_00001.png,OF007,296_2.mat,test,1,1024
296_2_00002.png,OF007,296_2.mat,test,2,2048
296_2_00003.png,OF007,296_2.mat,test,3,3072
296_2_00004.png,OF007,296_2.mat,test,4,4096
296_2_00005.png,OF007,296_2.mat,test,5,5120
296_2_00006.png,OF007,296_2.mat,test,6,6144
296_2_00007.png,OF007,296_2.mat,test,7,7168
296_2_00008.png,OF007,296_2.mat,test,8,8192
296_2_00009.png,OF007,296_2.mat,test,9,9216
296_2_00010.png,OF007,296_2.mat,test,10,10240
296_2_00011.png,OF007,296_2.mat,test,11,11264
296_2_00012.png,OF007,296_2.mat,test,12,12288
296_2_00013.png,OF007,296_2.mat,test,13,13312
296_2_00014.png,OF007,296_2.mat,test,14,14336
296_2_00015.png,OF007,296_2.mat,test,15,15360
296_2_00016.png,OF007,296_2.mat,test,16,16384
296_2_00017.png,OF007,296_2.mat,test,17,17408
296_2_00018.png,OF007,296_2.mat,test,18,18432
296_2_00019.png,OF007,296_2.mat,test,19,19456
296_2_00020.png,OF007,296_2.mat,test,20,20480
296_2_00021.png,OF007,296_2.mat,test,21,21504
296_2_00022.png,OF007,296_2.mat,test,22,22528
296_2_00023.png,OF007,296_2.mat,test,23,23552
296_2_00024.png,OF007,296_2.mat,test,24,24576
296_2_00025.png,OF007,296_2.mat,test,25,25600
296_2_00026.png,OF007,296_2.mat,test,26,26624
296_2_00027.png,OF007,296_2.mat,test,27,27648
296_2_00028.png,OF007,296_2.mat,test,28,28672
296_2_00029.png,OF007,296_2.mat,test,29,29696
296_2_00030.png,OF007,296_2.mat,test,30,30720
296_2_00031.png,OF007,296_2.mat,test,31,31744
296_2_00032.png,OF007,296_2.mat,test,32,32768
296_2_00033.png,OF007,296_2.mat,test,33,33792
296_2_00034.png,OF007,296_2.mat,test,34,34816
296_2_00035.png,OF007,296_2.mat,test,35,35840
296_2_00036.png,OF007,296_2.mat,test,36,36864
296_2_00037.png,OF007,296_2.mat,test,37,37888
296_2_00038.png,OF007,296_2.mat,test,38,38912
296_2_00039.png,OF007,296_2.mat,test,39,39936
296_2_00040.png,OF007,296_2.mat,test,40,40960
296_2_00041.png,OF007,296_2.mat,test,41,41984
296_2_00042.png,OF007,296_2.mat,test,42,43008
296_2_00043.png,OF007,296_2.mat,test,43,44032
296_2_00044.png,OF007,296_2.mat,test,44,45056
296_2_00045.png,OF007,296_2.mat,test,45,46080
296_2_00046.png,OF007,296_2.mat,test,46,47104
296_2_00047.png,OF007,296_2.mat,test,47,48128
296_2_00048.png,OF007,296_2.mat,test,48,49152
296_2_00049.png,OF007,296_2.mat,test,49,50176
296_2_00050.png,OF007,296_2.mat,test,50,51200
296_2_00051.png,OF007,296_2.mat,test,51,52224
296_2_00052.png,OF007,296_2.mat,test,52,53248
296_2_00053.png,OF007,296_2.mat,test,53,54272
296_2_00054.png,OF007,296_2.mat,test,54,55296
296_2_00055.png,OF007,296_2.mat,test,55,56320
296_2_00056.png,OF007,296_2.mat,test,56,57344
296_2_00057.png,OF007,296_2.mat,test,57,58368
296_2_00058.png,OF007,296_2.mat,test,58,59392
296_2_00059.png,OF007,296_2.mat,test,59,60416
296_2_00060.png,OF007,296_2.mat,test,60,61440
296_2_00061.png,OF007,296_2.mat,test,61,62464
296_2_00062.png,OF007,296_2.mat,test,62,63488
296_2_00063.png,OF007,296_2.mat,test,63,64512
296_2_00064.png,OF007,296_2.mat,test,64,65536
296_2_00065.png,OF007,296_2.mat,test,65,66560
296_2_00066.png,OF007,296_2.mat,test,66,67584
296_2_00067.png,OF007,296_2.mat,test,67,68608
296_2_00068.png,OF007,296_2.mat,test,68,69632
296_2_00069.png,OF007,296_2.mat,test,69,70656
296_2_00070.png,OF007,296_2.mat,test,70,71680
296_2_00071.png,OF007,296_2.mat,test,71,72704
296_2_00072.png,OF007,296_2.mat,test,72,73728
296_2_00073.png,OF007,296_2.mat,test,73,74752
296_2_00074.png,OF007,296_2.mat,test,74,75776
296_2_00075.png,OF007,296_2.mat,test,75,76800
296_2_00076.png,OF007,296_2.mat,test,76,77824
296_2_00077.png,OF007,296_2.mat,test,77,78848
296_2_00078.png,OF007,296_2.mat,test,78,79872
296_2_00079.png,OF007,296_2.mat,test,79,80896
296_2_00080.png,OF007,296_2.mat,test,80,81920
296_2_00081.png,OF007,296_2.mat,test,81,82944
296_2_00082.png,OF007,296_2.mat,test,82,83968
296_2_00083.png,OF007,296_2.mat,test,83,84992
296_2_00084.png,OF007,296_2.mat,test,84,86016
296_2_00085.png,OF007,296_2.mat,test,85,87040
296_2_00086.png,OF007,296_2.mat,test,86,88064
296_2_00087.png,OF007,296_2.mat,test,87,89088
296_2_00088.png,OF007,296_2.mat,test,88,90112
296_2_00089.png,OF007,296_2.mat,test,89,91136
296_2_00090.png,OF007,296_2.mat,test,90,92160
296_2_00091.png,OF007,296_2.mat,test,91,93184
296_2_00092.png,OF007,296_2.mat,test,92,94208
296_2_00093.png,OF007,296_2.mat,test,93,95232
296_2_00094.png,OF007,296_2.mat,test,94,96256
296_2_00095.png,OF007,296_2.mat,test,95,97280
296_2_00096.png,OF007,296_2.mat,test,96,98304
296_2_00097.png,OF007,296_2.mat,test,97,99328
296_2_00098.png,OF007,296_2.mat,test,98,100352
296_2_00099.png,OF007,296_2.mat,test,99,101376
296_2_00100.png,OF007,296_2.mat,test,100,102400
296_2_00101.png,OF007,296_2.mat,test,101,103424
296_2_00102.png,OF007,296_2.mat,test,102,104448
296_2_00103.png,OF007,296_2.mat,test,103,105472
296_2_00104.png,OF007,296_2.mat,test,104,106496
296_2_00105.png,OF007,296_2.mat,test,105,107520
296_2_00106.png,OF007,296_2.mat,test,106,108544
296_2_00107.png,OF007,296_2.mat,test,107,109568
296_2_00108.png,OF007,296_2.mat,test,108,110592
296_2_00109.png,OF007,296_2.mat,test,109,111616
296_2_00110.png,OF007,296_2.mat,test,110,112640
296_2_00111.png,OF007,296_2.mat,test,111,113664
296_2_00112.png,OF007,296_2.mat,test,112,114688
296_2_00113.png,OF007,296_2.mat,test,113,115712
296_2_00114.png,OF007,296_2.mat,test,114,116736
296_2_00115.png,OF007,296_2.mat,test,115,117760
296_2_00116.png,OF007,296_2.mat,test,116,118784
313_0_00000.png,OF014,313_0.mat,test,0,96787
313_0_00001.png,OF014,313_0.mat,test,1,97811
313_0_00002.png,OF014,313_0.mat,test,2,98835
313_0_00003.png,OF014,313_0.mat,test,3,99859
313_0_00004.png,OF014,313_0.mat,test,4,100883
313_0_00005.png,OF014,313_0.mat,test,5,101907
313_0_00006.png,OF014,313_0.mat,test,6,102931
313_0_00007.png,OF014,313_0.mat,test,7,103955
313_0_00008.png,OF014,313_0.mat,test,8,104979
313_0_00009.png,OF014,313_0.mat,test,9,106003
313_0_00010.png,OF014,313_0.mat,test,10,107027
313_0_00011.png,OF014,313_0.mat,test,11,108051
313_0_00012.png,OF014,313_0.mat,test,12,109075
313_0_00013.png,OF014,313_0.mat,test,13,110099
313_0_00014.png,OF014,313_0.mat,test,14,111123
313_0_00015.png,OF014,313_0.mat,test,15,112147
313_0_00016.png,OF014,313_0.mat,test,16,113171
313_0_00017.png,OF014,313_0.mat,test,17,114195
313_0_00018.png,OF014,313_0.mat,test,18,115219
313_0_00019.png,OF014,313_0.mat,test,19,116243
313_0_00020.png,OF014,313_0.mat,test,20,117267
313_0_00021.png,OF014,313_0.mat,test,21,118291
315_0_00000.png,OF021,315_0.mat,test,0,96493
315_0_00001.png,OF021,315_0.mat,test,1,97517
315_0_00002.png,OF021,315_0.mat,test,2,98541
315_0_00003.png,OF021,315_0.mat,test,3,99565
315_0_00004.png,OF021,315_0.mat,test,4,100589
315_0_00005.png,OF021,315_0.mat,test,5,101613
315_0_00006.png,OF021,315_0.mat,test,6,102637
315_0_00007.png,OF021,315_0.mat,test,7,103661
315_0_00008.png,OF021,315_0.mat,test,8,104685
315_0_00009.png,OF021,315_0.mat,test,9,105709
315_0_00010.png,OF021,315_0.mat,test,10,106733
315_0_00011.png,OF021,315_0.mat,test,11,107757
315_0_00012.png,OF021,315_0.mat,test,12,108781
315_0_00013.png,OF021,315_0.mat,test,13,109805
315_0_00014.png,OF021,315_0.mat,test,14,110829
315_0_00015.png,OF021,315_0.mat,test,15,111853
315_0_00016.png,OF021,315_0.mat,test,16,112877
315_0_00017.png,OF021,315_0.mat,test,17,113901
315_0_00018.png,OF021,315_0.mat,test,18,114925
315_0_00019.png,OF021,315_0.mat,test,19,115949
315_0_00020.png,OF021,315_0.mat,test,20,116973
315_0_00021.png,OF021,315_0.mat,test,21,117997
