filename,class_label,source_file,noise_level,machine_id,machine,condition_raw,split,window_idx,window_start_sample
0_dB_id_04_00000000.png,abnormal,,,,,,train,0,
0_dB_id_04_00000001.png,abnormal,,,,,,train,1,
0_dB_id_04_00000002.png,abnormal,,,,,,train,2,
0_dB_id_04_00000003.png,abnormal,,,,,,train,3,
0_dB_id_04_00000004.png,abnormal,,,,,,train,4,
0_dB_id_04_00000005.png,abnormal,,,,,,train,5,
0_dB_id_04_00000006.png,abnormal,,,,,,train,6,
0_dB_id_04_00000007.png,abnormal,,,,,,train,7,
0_dB_id_04_00000008.png,abnormal,,,,,,train,8,
0_dB_id_04_00000009.png,abnormal,,,,,,train,9,
0_dB_id_04_00000010.png,abnormal,,,,,,train,10,
0_dB_id_04_00000011.png,abnormal,,,,,,train,11,
0_dB_id_04_00000012.png,abnormal,,,,,,train,12,
0_dB_id_04_00000013.png,abnormal,,,,,,train,13,
0_dB_id_04_00000014.png,abnormal,,,,,,train,14,
0_dB_id_04_00000015.png,abnormal,,,,,,train,15,
0_dB_id_04_00000016.png,abnormal,,,,,,train,16,
0_dB_id_04_00000017.png,abnormal,,,,,,train,17,
0_dB_id_04_00000018.png,abnormal,,,,,,train,18,
0_dB_id_04_00000019.png,abnormal,,,,,,train,19,
0_dB_id_04_00000020.png,abnormal,,,,,,train,20,
0_dB_id_04_00000021.png,abnormal,,,,,,train,21,
0_dB_id_04_00000022.png,abnormal,,,,,,train,22,
0_dB_id_04_00000023.png,abnormal,,,,,,train,23,
0_dB_id_04_00000024.png,abnormal,,,,,,train,24,
0_dB_id_04_00000025.png,abnormal,,,,,,train,25,
0_dB_id_04_00000026.png,abnormal,,,,,,train,26,
0_dB_id_04_00000027.png,abnormal,,,,,,train,27,
0_dB_id_04_00000028.png,abnormal,,,,,,train,28,
0_dB_id_04_00000029.png,abnormal,,,,,,train,29,
0_dB_id_04_00000030.png,abnormal,,,,,,train,30,
0_dB_id_04_00000031.png,abnormal,,,,,,train,31,
0_dB_id_04_00000032.png,abnormal,,,,,,train,32,
0_dB_id_04_00000033.png,abnormal,,,,,,train,33,
0_dB_id_04_00000034.png,abnormal,,,,,,train,34,
0_dB_id_04_00000035.png,abnormal,,,,,,train,35,
0_dB_id_04_00000036.png,abnormal,,,,,,train,36,
0_dB_id_04_00000037.png,abnormal,,,,,,train,37,
0_dB_id_04_00000038.png,abnormal,,,,,,train,38,
0_dB_id_04_00000039.png,abnormal,,,,,,train,39,
0_dB_id_04_00000040.png,abnormal,,,,,,train,40,
0_dB_id_04_00000041.png,abnormal,,,,,,train,41,
0_dB_id_04_00000042.png,abnormal,,,,,,train,42,
0_dB_id_04_00000043.png,abnormal,,,,,,train,43,
0_dB_id_04_00000044.png,abnormal,,,,,,train,44,
0_dB_id_04_00000045.png,abnormal,,,,,,train,45,
0_dB_id_04_00000046.png,abnormal,,,,,,train,46,
0_dB_id_04_00000047.png,abnormal,,,,,,train,47,
0_dB_id_04_00000048.png,abnormal,,,,,,train,48,
0_dB_id_04_00000049.png,abnormal,,,,,,train,49,
0_dB_id_04_00000050.png,abnormal,,,,,,train,50,
0_dB_id_04_00000051.png,abnormal,,,,,,train,51,
0_dB_id_04_00000052.png,abnormal,,,,,,train,52,
0_dB_id_04_00000053.png,abnormal,,,,,,train,53,
0_dB_id_04_00000054.png,abnormal,,,,,,train,54,
0_dB_id_04_00000055.png,abnormal,,,,,,train,55,
0_dB_id_04_00000056.png,abnormal,,,,,,train,56,
0_dB_id_04_00000057.png,abnormal,,,,,,train,57,
0_dB_id_04_00000058.png,abnormal,,,,,,train,58,
0_dB_id_04_00000059.png,abnormal,,,,,,train,59,
0_dB_id_04_00000060.png,abnormal,,,,,,train,60,
0_dB_id_04_00000061.png,abnormal,,,,,,train,61,
0_dB_id_04_00000062.png,abnormal,,,,,,train,62,
0_dB_id_04_00000063.png,abnormal,,,,,,train,63,
0_dB_id_04_00000064.png,abnormal,,,,,,train,64,
0_dB_id_04_00000065.png,abnormal,,,,,,train,65,
0_dB_id_04_00000066.png,abnormal,,,,,,train,66,
0_dB_id_04_00000067.png,abnormal,,,,,,train,67,
0_dB_id_04_00000068.png,abnormal,,,,,,train,68,
0_dB_id_04_00000069.png,abnormal,,,,,,train,69,
0_dB_id_04_00000070.png,abnormal,,,,,,train,70,
0_dB_id_04_00000071.png,abnormal,,,,,,train,71,
0_dB_id_04_00000072.png,abnormal,,,,,,train,72,
0_dB_id_04_00000073.png,abnormal,,,,,,train,73,
0_dB_id_04_00000074.png,abnormal,,,,,,train,74,
0_dB_id_04_00000075.png,abnormal,,,,,,train,75,
0_dB_id_04_00000076.png,abnormal,,,,,,train,76,
0_dB_id_04_00000077.png,abnormal,,,,,,train,77,
0_dB_id_04_00000078.png,abnormal,,,,,,train,78,
0_dB_id_04_00000079.png,abnormal,,,,,,train,79,
0_dB_id_04_00000080.png,abnormal,,,,,,train,80,
0_dB_id_04_00000081.png,abnormal,,,,,,train,81,
0_dB_id_04_00000082.png,abnormal,,,,,,train,82,
0_dB_id_04_00000083.png,abnormal,,,,,,train,83,
0_dB_id_04_00000084.png,abnormal,,,,,,train,84,
0_dB_id_04_00000085.png,abnormal,,,,,,train,85,
0_dB_id_04_00000086.png,abnormal,,,,,,train,86,
0_dB_id_04_00000087.png,abnormal,,,,,,train,87,
0_dB_id_04_00000088.png,abnormal,,,,,,train,88,
0_dB_id_04_00000089.png,abnormal,,,,,,train,89,
0_dB_id_04_00000090.png,abnormal,,,,,,train,90,
0_dB_id_04_00000091.png,abnormal,,,,,,train,91,
0_dB_id_04_00000092.png,abnormal,,,,,,train,92,
0_dB_id_04_00000093.png,abnormal,,,,,,train,93,
0_dB_id_04_00000094.png,abnormal,,,,,,train,94,
0_dB_id_04_00000095.png,abnormal,,,,,,train,95,
0_dB_id_04_00000096.png,abnormal,,,,,,train,96,
0_dB_id_04_00000097.png,abnormal,,,,,,train,97,
0_dB_id_04_00000098.png,abnormal,,,,,,train,98,
0_dB_id_04_00000099.png,abnormal,,,,,,train,99,
0_dB_id_04_00000100.png,abnormal,,,,,,train,100,
0_dB_id_04_00000101.png,abnormal,,,,,,train,101,
0_dB_id_04_00000102.png,abnormal,,,,,,train,102,
0_dB_id_04_00000103.png,abnormal,,,,,,train,103,
0_dB_id_04_00000104.png,abnormal,,,,,,train,104,
0_dB_id_04_00000105.png,abnormal,,,,,,train,105,
0_dB_id_04_00000106.png,abnormal,,,,,,train,106,
0_dB_id_04_00000107.png,abnormal,,,,,,train,107,
0_dB_id_04_00000108.png,abnormal,,,,,,train,108,
0_dB_id_04_00000109.png,abnormal,,,,,,train,109,
0_dB_id_04_00000110.png,abnormal,,,,,,train,110,
0_dB_id_04_00000111.png,abnormal,,,,,,train,111,
0_dB_id_04_00000112.png,abnormal,,,,,,train,112,
0_dB_id_04_00000113.png,abnormal,,,,,,train,113,
0_dB_id_04_00000114.png,abnormal,,,,,,train,114,
0_dB_id_04_00000115.png,abnormal,,,,,,train,115,
0_dB_id_04_00000116.png,abnormal,,,,,,train,116,
0_dB_id_04_00000117.png,abnormal,,,,,,train,117,
0_dB_id_04_00000118.png,abnormal,,,,,,train,118,
0_dB_id_04_00000119.png,abnormal,,,,,,train,119,
0_dB_id_04_00000120.png,abnormal,,,,,,train,120,
0_dB_id_04_00000121.png,abnormal,,,,,,train,121,
0_dB_id_04_00000122.png,abnormal,,,,,,train,122,
0_dB_id_04_00000123.png,abnormal,,,,,,train,123,
0_dB_id_04_00000124.png,abnormal,,,,,,train,124,
0_dB_id_04_00000125.png,abnormal,,,,,,train,125,
0_dB_id_04_00000126.png,abnormal,,,,,,train,126,
0_dB_id_04_00000127.png,abnormal,,,,,,train,127,
0_dB_id_04_00000128.png,abnormal,,,,,,train,128,
0_dB_id_04_00000129.png,abnormal,,,,,,train,129,
0_dB_id_04_00000130.png,abnormal,,,,,,train,130,
0_dB_id_04_00000131.png,abnormal,,,,,,train,131,
0_dB_id_04_00000132.png,abnormal,,,,,,train,132,
0_dB_id_04_00000133.png,abnormal,,,,,,train,133,
0_dB_id_04_00000134.png,abnormal,,,,,,train,134,
0_dB_id_04_00000135.png,abnormal,,,,,,train,135,
0_dB_id_04_00000136.png,abnormal,,,,,,train,136,
0_dB_id_04_00000137.png,abnormal,,,,,,train,137,
0_dB_id_04_00000138.png,abnormal,,,,,,train,138,
0_dB_id_04_00000139.png,abnormal,,,,,,train,139,
0_dB_id_04_00000140.png,abnormal,,,,,,train,140,
0_dB_id_04_00000141.png,abnormal,,,,,,train,141,
0_dB_id_04_00000142.png,abnormal,,,,,,train,142,
0_dB_id_04_00000143.png,abnormal,,,,,,train,143,
0_dB_id_04_00000144.png,abnormal,,,,,,train,144,
0_dB_id_04_00000145.png,abnormal,,,,,,train,145,
0_dB_id_04_00000146.png,abnormal,,,,,,train,146,
0_dB_id_04_00000147.png,abnormal,,,,,,train,147,
0_dB_id_04_00000148.png,abnormal,,,,,,train,148,
0_dB_id_04_00000149.png,abnormal,,,,,,train,149,
0_dB_id_04_00000150.png,abnormal,,,,,,train,150,
0_dB_id_04_00000151.png,abnormal,,,,,,train,151,
0_dB_id_04_00000152.png,abnormal,,,,,,train,152,
0_dB_id_04_00000153.png,abnormal,,,,,,train,153,
0_dB_id_04_00000154.png,abnormal,,,,,,train,154,
0_dB_id_04_00000155.png,abnormal,,,,,,train,155,
0_dB_id_04_00000156.png,abnormal,,,,,,train,156,
0_dB_id_04_00000157.png,abnormal,,,,,,train,157,
0_dB_id_04_00000158.png,abnormal,,,,,,train,158,
0_dB_id_04_00000159.png,abnormal,,,,,,train,159,
0_dB_id_04_00000160.png,abnormal,,,,,,train,160,
0_dB_id_04_00000161.png,abnormal,,,,,,train,161,
0_dB_id_04_00000162.png,abnormal,,,,,,train,162,
0_dB_id_04_00000163.png,abnormal,,,,,,train,163,
0_dB_id_04_00000164.png,abnormal,,,,,,train,164,
0_dB_id_04_00000165.png,abnormal,,,,,,train,165,
0_dB_id_04_00000166.png,abnormal,,,,,,train,166,
0_dB_id_04_00000167.png,abnormal,,,,,,train,167,
0_dB_id_04_00000168.png,abnormal,,,,,,train,168,
0_dB_id_04_00000169.png,abnormal,,,,,,train,169,
0_dB_id_04_00000170.png,abnormal,,,,,,train,170,
0_dB_id_04_00000171.png,abnormal,,,,,,train,171,
0_dB_id_04_00000172.png,abnormal,,,,,,train,172,
0_dB_id_04_00000173.png,abnormal,,,,,,train,173,
0_dB_id_04_00000174.png,abnormal,,,,,,train,174,
0_dB_id_04_00000175.png,abnormal,,,,,,train,175,
0_dB_id_04_00000176.png,abnormal,,,,,,train,176,
0_dB_id_04_00000177.png,abnormal,,,,,,train,177,
0_dB_id_04_00000178.png,abnormal,,,,,,train,178,
0_dB_id_04_00000179.png,abnormal,,,,,,train,179,
0_dB_id_04_00000180.png,abnormal,,,,,,train,180,
0_dB_id_04_00000181.png,abnormal,,,,,,train,181,
0_dB_id_04_00000182.png,abnormal,,,,,,train,182,
0_dB_id_04_00000183.png,abnormal,,,,,,train,183,
0_dB_id_04_00000184.png,abnormal,,,,,,train,184,
0_dB_id_04_00000185.png,abnormal,,,,,,train,185,
0_dB_id_04_00000186.png,abnormal,,,,,,train,186,
0_dB_id_04_00000187.png,abnormal,,,,,,train,187,
0_dB_id_04_00000188.png,abnormal,,,,,,train,188,
0_dB_id_04_00000189.png,abnormal,,,,,,train,189,
0_dB_id_04_00000190.png,abnormal,,,,,,train,190,
0_dB_id_04_00000191.png,abnormal,,,,,,train,191,
0_dB_id_04_00000192.png,abnormal,,,,,,train,192,
0_dB_id_04_00000193.png,abnormal,,,,,,train,193,
0_dB_id_04_00000194.png,abnormal,,,,,,train,194,
0_dB_id_04_00000195.png,abnormal,,,,,,train,195,
0_dB_id_04_00000196.png,abnormal,,,,,,train,196,
0_dB_id_04_00000197.png,abnormal,,,,,,train,197,
0_dB_id_04_00000198.png,abnormal,,,,,,train,198,
0_dB_id_04_00000199.png,abnormal,,,,,,train,199,
0_dB_id_04_00000200.png,abnormal,,,,,,train,200,
0_dB_id_04_00000201.png,abnormal,,,,,,train,201,
0_dB_id_04_00000202.png,abnormal,,,,,,train,202,
0_dB_id_04_00000203.png,abnormal,,,,,,train,203,
0_dB_id_04_00000204.png,abnormal,,,,,,train,204,
0_dB_id_04_00000205.png,abnormal,,,,,,train,205,
0_dB_id_04_00000206.png,abnormal,,,,,,train,206,
0_dB_id_04_00000207.png,abnormal,,,,,,train,207,
0_dB_id_04_00000208.png,abnormal,,,,,,train,208,
0_dB_id_04_00000209.png,abnormal,,,,,,train,209,
0_dB_id_04_00000210.png,abnormal,,,,,,train,210,
0_dB_id_04_00000211.png,abnormal,,,,,,train,211,
0_dB_id_04_00000212.png,abnormal,,,,,,train,212,
0_dB_id_04_00000213.png,abnormal,,,,,,train,213,
0_dB_id_04_00000214.png,abnormal,,,,,,train,214,
0_dB_id_04_00000215.png,abnormal,,,,,,train,215,
0_dB_id_04_00000216.png,abnormal,,,,,,train,216,
0_dB_id_04_00000217.png,abnormal,,,,,,train,217,
0_dB_id_04_00000218.png,abnormal,,,,,,train,218,
0_dB_id_04_00000219.png,abnormal,,,,,,train,219,
0_dB_id_04_00000220.png,abnormal,,,,,,train,220,
0_dB_id_04_00000221.png,abnormal,,,,,,train,221,
0_dB_id_04_00000222.png,abnormal,,,,,,train,222,
0_dB_id_04_00000223.png,abnormal,,,,,,train,223,
0_dB_id_04_00000224.png,abnormal,,,,,,train,224,
0_dB_id_04_00000225.png,abnormal,,,,,,train,225,
0_dB_id_04_00000226.png,abnormal,,,,,,train,226,
0_dB_id_04_00000227.png,abnormal,,,,,,train,227,
0_dB_id_04_00000228.png,abnormal,,,,,,train,228,
0_dB_id_04_00000229.png,abnormal,,,,,,train,229,
0_dB_id_04_00000230.png,abnormal,,,,,,train,230,
0_dB_id_04_00000231.png,abnormal,,,,,,train,231,
0_dB_id_04_00000232.png,abnormal,,,,,,train,232,
0_dB_id_04_00000233.png,abnormal,,,,,,train,233,
0_dB_id_04_00000234.png,abnormal,,,,,,train,234,
0_dB_id_04_00000235.png,abnormal,,,,,,train,235,
0_dB_id_04_00000236.png,abnormal,,,,,,train,236,
0_dB_id_04_00000237.png,abnormal,,,,,,train,237,
0_dB_id_04_00000238.png,abnormal,,,,,,train,238,
0_dB_id_04_00000239.png,abnormal,,,,,,train,239,
0_dB_id_04_00000240.png,abnormal,,,,,,train,240,
0_dB_id_04_00000241.png,abnormal,,,,,,train,241,
0_dB_id_04_00000242.png,abnormal,,,,,,train,242,
0_dB_id_04_00000243.png,abnormal,,,,,,train,243,
0_dB_id_04_00000244.png,abnormal,,,,,,train,244,
0_dB_id_04_00000245.png,abnormal,,,,,,train,245,
0_dB_id_04_00000246.png,abnormal,,,,,,train,246,
0_dB_id_04_00000247.png,abnormal,,,,,,train,247,
0_dB_id_04_00000248.png,abnormal,,,,,,train,248,
0_dB_id_04_00000249.png,abnormal,,,,,,train,249,
0_dB_id_04_00000250.png,abnormal,,,,,,train,250,
0_dB_id_04_00000251.png,abnormal,,,,,,train,251,
0_dB_id_04_00000252.png,abnormal,,,,,,train,252,
0_dB_id_04_00000253.png,abnormal,,,,,,train,253,
0_dB_id_04_00000254.png,abnormal,,,,,,train,254,
0_dB_id_04_00000255.png,abnormal,,,,,,train,255,
0_dB_id_04_00000256.png,abnormal,,,,,,train,256,
0_dB_id_04_00000257.png,abnormal,,,,,,train,257,
0_dB_id_04_00000258.png,abnormal,,,,,,train,258,
0_dB_id_04_00000259.png,abnormal,,,,,,train,259,
0_dB_id_04_00000260.png,abnormal,,,,,,train,260,
0_dB_id_04_00000261.png,abnormal,,,,,,train,261,
0_dB_id_04_00000262.png,abnormal,,,,,,train,262,
0_dB_id_04_00000263.png,abnormal,,,,,,train,263,
0_dB_id_04_00000264.png,abnormal,,,,,,train,264,
0_dB_id_04_00000265.png,abnormal,,,,,,train,265,
0_dB_id_04_00000266.png,abnormal,,,,,,train,266,
0_dB_id_04_00000267.png,abnormal,,,,,,train,267,
0_dB_id_04_00000268.png,abnormal,,,,,,train,268,
0_dB_id_04_00000269.png,abnormal,,,,,,train,269,
0_dB_id_04_00000270.png,abnormal,,,,,,train,270,
0_dB_id_04_00000271.png,abnormal,,,,,,train,271,
0_dB_id_04_00000272.png,abnormal,,,,,,train,272,
0_dB_id_04_00000273.png,abnormal,,,,,,train,273,
0_dB_id_04_00000274.png,abnormal,,,,,,train,274,
0_dB_id_04_00000275.png,abnormal,,,,,,train,275,
0_dB_id_04_00000276.png,abnormal,,,,,,train,276,
0_dB_id_04_00000277.png,abnormal,,,,,,train,277,
0_dB_id_04_00000278.png,abnormal,,,,,,train,278,
0_dB_id_04_00000279.png,abnormal,,,,,,train,279,
0_dB_id_04_00000280.png,abnormal,,,,,,train,280,
0_dB_id_04_00000281.png,abnormal,,,,,,train,281,
0_dB_id_04_00000282.png,abnormal,,,,,,train,282,
0_dB_id_04_00000283.png,abnormal,,,,,,train,283,
0_dB_id_04_00000284.png,abnormal,,,,,,train,284,
0_dB_id_04_00000285.png,abnormal,,,,,,train,285,
0_dB_id_04_00000286.png,abnormal,,,,,,train,286,
0_dB_id_04_00000287.png,abnormal,,,,,,train,287,
0_dB_id_04_00000288.png,abnormal,,,,,,train,288,
0_dB_id_04_00000289.png,abnormal,,,,,,train,289,
0_dB_id_04_00000290.png,abnormal,,,,,,train,290,
0_dB_id_04_00000291.png,abnormal,,,,,,train,291,
0_dB_id_04_00000292.png,abnormal,,,,,,train,292,
0_dB_id_04_00000293.png,abnormal,,,,,,train,293,
0_dB_id_04_00000294.png,abnormal,,,,,,train,294,
0_dB_id_04_00000295.png,abnormal,,,,,,train,295,
0_dB_id_04_00000296.png,abnormal,,,,,,train,296,
0_dB_id_04_00000297.png,abnormal,,,,,,train,297,
0_dB_id_04_00000298.png,abnormal,,,,,,train,298,
0_dB_id_04_00000299.png,abnormal,,,,,,train,299,
0_dB_id_04_00000300.png,abnormal,,,,,,train,300,
0_dB_id_04_00000301.png,abnormal,,,,,,train,301,
0_dB_id_04_00000302.png,abnormal,,,,,,train,302,
0_dB_id_04_00000303.png,abnormal,,,,,,train,303,
0_dB_id_04_00000304.png,abnormal,,,,,,train,304,
0_dB_id_04_00000305.png,abnormal,,,,,,train,305,
0_dB_id_04_00000306.png,abnormal,,,,,,train,306,
0_dB_id_04_00000307.png,abnormal,,,,,,train,307,
0_dB_id_04_00000308.png,abnormal,,,,,,train,308,
0_dB_id_04_00000309.png,abnormal,,,,,,train,309,
0_dB_id_04_00000310.png,abnormal,,,,,,train,310,
0_dB_id_04_00000311.png,abnormal,,,,,,train,311,
0_dB_id_04_00000312.png,abnormal,,,,,,train,312,
0_dB_id_04_00000313.png,abnormal,,,,,,train,313,
0_dB_id_04_00000314.png,abnormal,,,,,,train,314,
0_dB_id_04_00000315.png,abnormal,,,,,,train,315,
0_dB_id_04_00000316.png,abnormal,,,,,,train,316,
0_dB_id_04_00000317.png,abnormal,,,,,,train,317,
0_dB_id_04_00000318.png,abnormal,,,,,,train,318,
0_dB_id_04_00000319.png,abnormal,,,,,,train,319,
0_dB_id_04_00000320.png,abnormal,,,,,,train,320,
0_dB_id_04_00000321.png,abnormal,,,,,,train,321,
0_dB_id_04_00000322.png,abnormal,,,,,,train,322,
0_dB_id_04_00000323.png,abnormal,,,,,,train,323,
0_dB_id_04_00000324.png,abnormal,,,,,,train,324,
0_dB_id_04_00000325.png,abnormal,,,,,,train,325,
0_dB_id_04_00000326.png,abnormal,,,,,,train,326,
0_dB_id_04_00000327.png,abnormal,,,,,,train,327,
0_dB_id_04_00000328.png,abnormal,,,,,,train,328,
0_dB_id_04_00000329.png,abnormal,,,,,,train,329,
0_dB_id_04_00000330.png,abnormal,,,,,,train,330,
0_dB_id_04_00000331.png,abnormal,,,,,,train,331,
0_dB_id_04_00000332.png,abnormal,,,,,,train,332,
0_dB_id_04_00000333.png,abnormal,,,,,,train,333,
0_dB_id_04_00000334.png,abnormal,,,,,,train,334,
0_dB_id_04_00000335.png,abnormal,,,,,,train,335,
0_dB_id_04_00000336.png,abnormal,,,,,,train,336,
0_dB_id_04_00000337.png,abnormal,,,,,,train,337,
0_dB_id_04_00000338.png,abnormal,,,,,,train,338,
0_dB_id_04_00000339.png,abnormal,,,,,,train,339,
0_dB_id_04_00000340.png,abnormal,,,,,,train,340,
0_dB_id_04_00000341.png,abnormal,,,,,,train,341,
0_dB_id_04_00000342.png,abnormal,,,,,,train,342,
0_dB_id_04_00000343.png,abnormal,,,,,,train,343,
0_dB_id_04_00000344.png,abnormal,,,,,,train,344,
0_dB_id_04_00000345.png,abnormal,,,,,,train,345,
0_dB_id_04_00000346.png,abnormal,,,,,,train,346,
0_dB_id_04_00000347.png,abnormal,,,,,,train,347,
0_dB_id_06_00000000.png,abnormal,,,,,,train,0,
0_dB_id_06_00000001.png,abnormal,,,,,,train,1,
0_dB_id_06_00000002.png,abnormal,,,,,,train,2,
0_dB_id_06_00000003.png,abnormal,,,,,,train,3,
0_dB_id_06_00000004.png,abnormal,,,,,,train,4,
0_dB_id_06_00000005.png,abnormal,,,,,,train,5,
0_dB_id_06_00000006.png,abnormal,,,,,,train,6,
0_dB_id_06_00000007.png,abnormal,,,,,,train,7,
0_dB_id_06_00000008.png,abnormal,,,,,,train,8,
0_dB_id_06_00000009.png,abnormal,,,,,,train,9,
0_dB_id_06_00000010.png,abnormal,,,,,,train,10,
0_dB_id_06_00000011.png,abnormal,,,,,,train,11,
0_dB_id_06_00000012.png,abnormal,,,,,,train,12,
0_dB_id_06_00000013.png,abnormal,,,,,,train,13,
0_dB_id_06_00000014.png,abnormal,,,,,,train,14,
0_dB_id_06_00000015.png,abnormal,,,,,,train,15,
0_dB_id_06_00000016.png,abnormal,,,,,,train,16,
0_dB_id_06_00000017.png,abnormal,,,,,,train,17,
0_dB_id_06_00000018.png,abnormal,,,,,,train,18,
0_dB_id_06_00000019.png,abnormal,,,,,,train,19,
0_dB_id_06_00000020.png,abnormal,,,,,,train,20,
0_dB_id_06_00000021.png,abnormal,,,,,,train,21,
0_dB_id_06_00000022.png,abnormal,,,,,,train,22,
0_dB_id_06_00000023.png,abnormal,,,,,,train,23,
0_dB_id_06_00000024.png,abnormal,,,,,,train,24,
0_dB_id_06_00000025.png,abnormal,,,,,,train,25,
0_dB_id_06_00000026.png,abnormal,,,,,,train,26,
0_dB_id_06_00000027.png,abnormal,,,,,,train,27,
0_dB_id_06_00000028.png,abnormal,,,,,,train,28,
0_dB_id_06_00000029.png,abnormal,,,,,,train,29,
0_dB_id_06_00000030.png,abnormal,,,,,,train,30,
0_dB_id_06_00000031.png,abnormal,,,,,,train,31,
0_dB_id_06_00000032.png,abnormal,,,,,,train,32,
0_dB_id_06_00000033.png,abnormal,,,,,,train,33,
0_dB_id_06_00000034.png,abnormal,,,,,,train,34,
0_dB_id_06_00000035.png,abnormal,,,,,,train,35,
0_dB_id_06_00000036.png,abnormal,,,,,,train,36,
0_dB_id_06_00000037.png,abnormal,,,,,,train,37,
0_dB_id_06_00000038.png,abnormal,,,,,,train,38,
0_dB_id_06_00000039.png,abnormal,,,,,,train,39,
0_dB_id_06_00000040.png,abnormal,,,,,,train,40,
0_dB_id_06_00000041.png,abnormal,,,,,,train,41,
0_dB_id_06_00000042.png,abnormal,,,,,,train,42,
0_dB_id_06_00000043.png,abnormal,,,,,,train,43,
0_dB_id_06_00000044.png,abnormal,,,,,,train,44,
0_dB_id_06_00000045.png,abnormal,,,,,,train,45,
0_dB_id_06_00000046.png,abnormal,,,,,,train,46,
0_dB_id_06_00000047.png,abnormal,,,,,,train,47,
0_dB_id_06_00000048.png,abnormal,,,,,,train,48,
0_dB_id_06_00000049.png,abnormal,,,,,,train,49,
0_dB_id_06_00000050.png,abnormal,,,,,,train,50,
0_dB_id_06_00000051.png,abnormal,,,,,,train,51,
0_dB_id_06_00000052.png,abnormal,,,,,,train,52,
0_dB_id_06_00000053.png,abnormal,,,,,,train,53,
0_dB_id_06_00000054.png,abnormal,,,,,,train,54,
0_dB_id_06_00000055.png,abnormal,,,,,,train,55,
0_dB_id_06_00000056.png,abnormal,,,,,,train,56,
0_dB_id_06_00000057.png,abnormal,,,,,,train,57,
0_dB_id_06_00000058.png,abnormal,,,,,,train,58,
0_dB_id_06_00000059.png,abnormal,,,,,,train,59,
0_dB_id_06_00000060.png,abnormal,,,,,,train,60,
0_dB_id_06_00000061.png,abnormal,,,,,,train,61,
0_dB_id_06_00000062.png,abnormal,,,,,,train,62,
0_dB_id_06_00000063.png,abnormal,,,,,,train,63,
0_dB_id_06_00000064.png,abnormal,,,,,,train,64,
0_dB_id_06_00000065.png,abnormal,,,,,,train,65,
0_dB_id_06_00000066.png,abnormal,,,,,,train,66,
0_dB_id_06_00000067.png,abnormal,,,,,,train,67,
0_dB_id_06_00000068.png,abnormal,,,,,,train,68,
0_dB_id_06_00000069.png,abnormal,,,,,,train,69,
0_dB_id_06_00000070.png,abnormal,,,,,,train,70,
0_dB_id_06_00000071.png,abnormal,,,,,,train,71,
0_dB_id_06_00000072.png,abnormal,,,,,,train,72,
0_dB_id_06_00000073.png,abnormal,,,,,,train,73,
0_dB_id_06_00000074.png,abnormal,,,,,,train,74,
0_dB_id_06_00000075.png,abnormal,,,,,,train,75,
0_dB_id_06_00000076.png,abnormal,,,,,,train,76,
0_dB_id_06_00000077.png,abnormal,,,,,,train,77,
0_dB_id_06_00000078.png,abnormal,,,,,,train,78,
0_dB_id_06_00000079.png,abnormal,,,,,,train,79,
0_dB_id_06_00000080.png,abnormal,,,,,,train,80,
0_dB_id_06_00000081.png,abnormal,,,,,,train,81,
0_dB_id_06_00000082.png,abnormal,,,,,,train,82,
0_dB_id_06_00000083.png,abnormal,,,,,,train,83,
0_dB_id_06_00000084.png,abnormal,,,,,,train,84,
0_dB_id_06_00000085.png,abnormal,,,,,,train,85,
0_dB_id_06_00000086.png,abnormal,,,,,,train,86,
0_dB_id_06_00000087.png,abnormal,,,,,,train,87,
0_dB_id_06_00000088.png,abnormal,,,,,,train,88,
0_dB_id_06_00000089.png,abnormal,,,,,,train,89,
0_dB_id_06_00000090.png,abnormal,,,,,,train,90,
0_dB_id_06_00000091.png,abnormal,,,,,,train,91,
0_dB_id_06_00000092.png,abnormal,,,,,,train,92,
0_dB_id_06_00000093.png,abnormal,,,,,,train,93,
0_dB_id_06_00000094.png,abnormal,,,,,,train,94,
0_dB_id_06_00000095.png,abnormal,,,,,,train,95,
0_dB_id_06_00000096.png,abnormal,,,,,,train,96,
0_dB_id_06_00000097.png,abnormal,,,,,,train,97,
0_dB_id_06_00000098.png,abnormal,,,,,,train,98,
0_dB_id_06_00000099.png,abnormal,,,,,,train,99,
0_dB_id_06_00000100.png,abnormal,,,,,,train,100,
0_dB_id_06_00000101.png,abnormal,,,,,,train,101,
0_dB_id_06_00000102.png,abnormal,,,,,,train,102,
0_dB_id_06_00000103.png,abnormal,,,,,,train,103,
0_dB_id_06_00000104.png,abnormal,,,,,,train,104,
0_dB_id_06_00000105.png,abnormal,,,,,,train,105,
0_dB_id_06_00000106.png,abnormal,,,,,,train,106,
0_dB_id_06_00000107.png,abnormal,,,,,,train,107,
0_dB_id_06_00000108.png,abnormal,,,,,,train,108,
0_dB_id_06_00000109.png,abnormal,,,,,,train,109,
0_dB_id_06_00000110.png,abnormal,,,,,,train,110,
0_dB_id_06_00000111.png,abnormal,,,,,,train,111,
0_dB_id_06_00000112.png,abnormal,,,,,,train,112,
0_dB_id_06_00000113.png,abnormal,,,,,,train,113,
0_dB_id_06_00000114.png,abnormal,,,,,,train,114,
0_dB_id_06_00000115.png,abnormal,,,,,,train,115,
0_dB_id_06_00000116.png,abnormal,,,,,,train,116,
0_dB_id_06_00000117.png,abnormal,,,,,,train,117,
0_dB_id_06_00000118.png,abnormal,,,,,,train,118,
0_dB_id_06_00000119.png,abnormal,,,,,,train,119,
0_dB_id_06_00000120.png,abnormal,,,,,,train,120,
0_dB_id_06_00000121.png,abnormal,,,,,,train,121,
0_dB_id_06_00000122.png,abnormal,,,,,,train,122,
0_dB_id_06_00000123.png,abnormal,,,,,,train,123,
0_dB_id_06_00000124.png,abnormal,,,,,,train,124,
0_dB_id_06_00000125.png,abnormal,,,,,,train,125,
0_dB_id_06_00000126.png,abnormal,,,,,,train,126,
0_dB_id_06_00000127.png,abnormal,,,,,,train,127,
0_dB_id_06_00000128.png,abnormal,,,,,,train,128,
0_dB_id_06_00000129.png,abnormal,,,,,,train,129,
0_dB_id_06_00000130.png,abnormal,,,,,,train,130,
0_dB_id_06_00000131.png,abnormal,,,,,,train,131,
0_dB_id_06_00000132.png,abnormal,,,,,,train,132,
0_dB_id_06_00000133.png,abnormal,,,,,,train,133,
0_dB_id_06_00000134.png,abnormal,,,,,,train,134,
0_dB_id_06_00000135.png,abnormal,,,,,,train,135,
0_dB_id_06_00000136.png,abnormal,,,,,,train,136,
0_dB_id_06_00000137.png,abnormal,,,,,,train,137,
0_dB_id_06_00000138.png,abnormal,,,,,,train,138,
0_dB_id_06_00000139.png,abnormal,,,,,,train,139,
0_dB_id_06_00000140.png,abnormal,,,,,,train,140,
0_dB_id_06_00000141.png,abnormal,,,,,,train,141,
0_dB_id_06_00000142.png,abnormal,,,,,,train,142,
0_dB_id_06_00000143.png,abnormal,,,,,,train,143,
0_dB_id_06_00000144.png,abnormal,,,,,,train,144,
0_dB_id_06_00000145.png,abnormal,,,,,,train,145,
0_dB_id_06_00000146.png,abnormal,,,,,,train,146,
0_dB_id_06_00000147.png,abnormal,,,,,,train,147,
0_dB_id_06_00000148.png,abnormal,,,,,,train,148,
0_dB_id_06_00000149.png,abnormal,,,,,,train,149,
0_dB_id_06_00000150.png,abnormal,,,,,,train,150,
0_dB_id_06_00000151.png,abnormal,,,,,,train,151,
0_dB_id_06_00000152.png,abnormal,,,,,,train,152,
0_dB_id_06_00000153.png,abnormal,,,,,,train,153,
0_dB_id_06_00000154.png,abnormal,,,,,,train,154,
0_dB_id_06_00000155.png,abnormal,,,,,,train,155,
0_dB_id_06_00000156.png,abnormal,,,,,,train,156,
0_dB_id_06_00000157.png,abnormal,,,,,,train,157,
0_dB_id_06_00000158.png,abnormal,,,,,,train,158,
0_dB_id_06_00000159.png,abnormal,,,,,,train,159,
0_dB_id_06_00000160.png,abnormal,,,,,,train,160,
0_dB_id_06_00000161.png,abnormal,,,,,,train,161,
0_dB_id_06_00000162.png,abnormal,,,,,,train,162,
0_dB_id_06_00000163.png,abnormal,,,,,,train,163,
0_dB_id_06_00000164.png,abnormal,,,,,,train,164,
0_dB_id_06_00000165.png,abnormal,,,,,,train,165,
0_dB_id_06_00000166.png,abnormal,,,,,,train,166,
0_dB_id_06_00000167.png,abnormal,,,,,,train,167,
0_dB_id_06_00000168.png,abnormal,,,,,,train,168,
0_dB_id_06_00000169.png,abnormal,,,,,,train,169,
0_dB_id_06_00000170.png,abnormal,,,,,,train,170,
0_dB_id_06_00000171.png,abnormal,,,,,,train,171,
0_dB_id_06_00000172.png,abnormal,,,,,,train,172,
0_dB_id_06_00000173.png,abnormal,,,,,,train,173,
0_dB_id_06_00000174.png,abnormal,,,,,,train,174,
0_dB_id_06_00000175.png,abnormal,,,,,,train,175,
0_dB_id_06_00000176.png,abnormal,,,,,,train,176,
0_dB_id_06_00000177.png,abnormal,,,,,,train,177,
0_dB_id_06_00000178.png,abnormal,,,,,,train,178,
0_dB_id_06_00000179.png,abnormal,,,,,,train,179,
0_dB_id_06_00000180.png,abnormal,,,,,,train,180,
0_dB_id_06_00000181.png,abnormal,,,,,,train,181,
0_dB_id_06_00000182.png,abnormal,,,,,,train,182,
0_dB_id_06_00000183.png,abnormal,,,,,,train,183,
0_dB_id_06_00000184.png,abnormal,,,,,,train,184,
0_dB_id_06_00000185.png,abnormal,,,,,,train,185,
0_dB_id_06_00000186.png,abnormal,,,,,,train,186,
0_dB_id_06_00000187.png,abnormal,,,,,,train,187,
0_dB_id_06_00000188.png,abnormal,,,,,,train,188,
0_dB_id_06_00000189.png,abnormal,,,,,,train,189,
0_dB_id_06_00000190.png,abnormal,,,,,,train,190,
0_dB_id_06_00000191.png,abnormal,,,,,,train,191,
0_dB_id_06_00000192.png,abnormal,,,,,,train,192,
0_dB_id_06_00000193.png,abnormal,,,,,,train,193,
0_dB_id_06_00000194.png,abnormal,,,,,,train,194,
0_dB_id_06_00000195.png,abnormal,,,,,,train,195,
0_dB_id_06_00000196.png,abnormal,,,,,,train,196,
0_dB_id_06_00000197.png,abnormal,,,,,,train,197,
0_dB_id_06_00000198.png,abnormal,,,,,,train,198,
0_dB_id_06_00000199.png,abnormal,,,,,,train,199,
0_dB_id_06_00000200.png,abnormal,,,,,,train,200,
0_dB_id_06_00000201.png,abnormal,,,,,,train,201,
0_dB_id_06_00000202.png,abnormal,,,,,,train,202,
0_dB_id_06_00000203.png,abnormal,,,,,,train,203,
0_dB_id_06_00000204.png,abnormal,,,,,,train,204,
0_dB_id_06_00000205.png,abnormal,,,,,,train,205,
0_dB_id_06_00000206.png,abnormal,,,,,,train,206,
0_dB_id_06_00000207.png,abnormal,,,,,,train,207,
0_dB_id_06_00000208.png,abnormal,,,,,,train,208,
0_dB_id_06_00000209.png,abnormal,,,,,,train,209,
0_dB_id_06_00000210.png,abnormal,,,,,,train,210,
0_dB_id_06_00000211.png,abnormal,,,,,,train,211,
0_dB_id_06_00000212.png,abnormal,,,,,,train,212,
0_dB_id_06_00000213.png,abnormal,,,,,,train,213,
0_dB_id_06_00000214.png,abnormal,,,,,,train,214,
0_dB_id_06_00000215.png,abnormal,,,,,,train,215,
0_dB_id_06_00000216.png,abnormal,,,,,,train,216,
0_dB_id_06_00000217.png,abnormal,,,,,,train,217,
0_dB_id_06_00000218.png,abnormal,,,,,,train,218,
0_dB_id_06_00000219.png,abnormal,,,,,,train,219,
0_dB_id_06_00000220.png,abnormal,,,,,,train,220,
0_dB_id_06_00000221.png,abnormal,,,,,,train,221,
0_dB_id_06_00000222.png,abnormal,,,,,,train,222,
0_dB_id_06_00000223.png,abnormal,,,,,,train,223,
0_dB_id_06_00000224.png,abnormal,,,,,,train,224,
0_dB_id_06_00000225.png,abnormal,,,,,,train,225,
0_dB_id_06_00000226.png,abnormal,,,,,,train,226,
0_dB_id_06_00000227.png,abnormal,,,,,,train,227,
0_dB_id_06_00000228.png,abnormal,,,,,,train,228,
0_dB_id_06_00000229.png,abnormal,,,,,,train,229,
0_dB_id_06_00000230.png,abnormal,,,,,,train,230,
0_dB_id_06_00000231.png,abnormal,,,,,,train,231,
0_dB_id_06_00000232.png,abnormal,,,,,,train,232,
0_dB_id_06_00000233.png,abnormal,,,,,,train,233,
0_dB_id_06_00000234.png,abnormal,,,,,,train,234,
0_dB_id_06_00000235.png,abnormal,,,,,,train,235,
0_dB_id_06_00000236.png,abnormal,,,,,,train,236,
0_dB_id_06_00000237.png,abnormal,,,,,,train,237,
0_dB_id_06_00000238.png,abnormal,,,,,,train,238,
0_dB_id_06_00000239.png,abnormal,,,,,,train,239,
0_dB_id_06_00000240.png,abnormal,,,,,,train,240,
0_dB_id_06_00000241.png,abnormal,,,,,,train,241,
0_dB_id_06_00000242.png,abnormal,,,,,,train,242,
0_dB_id_06_00000243.png,abnormal,,,,,,train,243,
0_dB_id_06_00000244.png,abnormal,,,,,,train,244,
0_dB_id_06_00000245.png,abnormal,,,,,,train,245,
0_dB_id_06_00000246.png,abnormal,,,,,,train,246,
0_dB_id_06_00000247.png,abnormal,,,,,,train,247,
0_dB_id_06_00000248.png,abnormal,,,,,,train,248,
0_dB_id_06_00000249.png,abnormal,,,,,,train,249,
0_dB_id_06_00000250.png,abnormal,,,,,,train,250,
0_dB_id_06_00000251.png,abnormal,,,,,,train,251,
0_dB_id_06_00000252.png,abnormal,,,,,,train,252,
0_dB_id_06_00000253.png,abnormal,,,,,,train,253,
0_dB_id_06_00000254.png,abnormal,,,,,,train,254,
0_dB_id_06_00000255.png,abnormal,,,,,,train,255,
0_dB_id_06_00000256.png,abnormal,,,,,,train,256,
0_dB_id_06_00000257.png,abnormal,,,,,,train,257,
0_dB_id_06_00000258.png,abnormal,,,,,,train,258,
0_dB_id_06_00000259.png,abnormal,,,,,,train,259,
0_dB_id_06_00000260.png,abnormal,,,,,,train,260,
0_dB_id_06_00000261.png,abnormal,,,,,,train,261,
0_dB_id_06_00000262.png,abnormal,,,,,,train,262,
0_dB_id_06_00000263.png,abnormal,,,,,,train,263,
0_dB_id_06_00000264.png,abnormal,,,,,,train,264,
0_dB_id_06_00000265.png,abnormal,,,,,,train,265,
0_dB_id_06_00000266.png,abnormal,,,,,,train,266,
0_dB_id_06_00000267.png,abnormal,,,,,,train,267,
0_dB_id_06_00000268.png,abnormal,,,,,,train,268,
0_dB_id_06_00000269.png,abnormal,,,,,,train,269,
0_dB_id_06_00000270.png,abnormal,,,,,,train,270,
0_dB_id_06_00000271.png,abnormal,,,,,,train,271,
0_dB_id_06_00000272.png,abnormal,,,,,,train,272,
0_dB_id_06_00000273.png,abnormal,,,,,,train,273,
0_dB_id_06_00000274.png,abnormal,,,,,,train,274,
0_dB_id_06_00000275.png,abnormal,,,,,,train,275,
0_dB_id_06_00000276.png,abnormal,,,,,,train,276,
0_dB_id_06_00000277.png,abnormal,,,,,,train,277,
0_dB_id_06_00000278.png,abnormal,,,,,,train,278,
0_dB_id_06_00000279.png,abnormal,,,,,,train,279,
0_dB_id_06_00000280.png,abnormal,,,,,,train,280,
0_dB_id_06_00000281.png,abnormal,,,,,,train,281,
0_dB_id_06_00000282.png,abnormal,,,,,,train,282,
0_dB_id_06_00000283.png,abnormal,,,,,,train,283,
0_dB_id_06_00000284.png,abnormal,,,,,,train,284,
0_dB_id_06_00000285.png,abnormal,,,,,,train,285,
0_dB_id_06_00000286.png,abnormal,,,,,,train,286,
0_dB_id_06_00000287.png,abnormal,,,,,,train,287,
0_dB_id_06_00000288.png,abnormal,,,,,,train,288,
0_dB_id_06_00000289.png,abnormal,,,,,,train,289,
0_dB_id_06_00000290.png,abnormal,,,,,,train,290,
0_dB_id_06_00000291.png,abnormal,,,,,,train,291,
0_dB_id_06_00000292.png,abnormal,,,,,,train,292,
0_dB_id_06_00000293.png,abnormal,,,,,,train,293,
0_dB_id_06_00000294.png,abnormal,,,,,,train,294,
0_dB_id_06_00000295.png,abnormal,,,,,,train,295,
0_dB_id_06_00000296.png,abnormal,,,,,,train,296,
0_dB_id_06_00000297.png,abnormal,,,,,,train,297,
0_dB_id_06_00000298.png,abnormal,,,,,,train,298,
0_dB_id_06_00000299.png,abnormal,,,,,,train,299,
0_dB_id_06_00000300.png,abnormal,,,,,,train,300,
0_dB_id_06_00000301.png,abnormal,,,,,,train,301,
0_dB_id_06_00000302.png,abnormal,,,,,,train,302,
0_dB_id_06_00000303.png,abnormal,,,,,,train,303,
0_dB_id_06_00000304.png,abnormal,,,,,,train,304,
0_dB_id_06_00000305.png,abnormal,,,,,,train,305,
0_dB_id_06_00000306.png,abnormal,,,,,,train,306,
0_dB_id_06_00000307.png,abnormal,,,,,,train,307,
0_dB_id_06_00000308.png,abnormal,,,,,,train,308,
0_dB_id_06_00000309.png,abnormal,,,,,,train,309,
0_dB_id_06_00000310.png,abnormal,,,,,,train,310,
0_dB_id_06_00000311.png,abnormal,,,,,,train,311,
0_dB_id_06_00000312.png,abnormal,,,,,,train,312,
0_dB_id_06_00000313.png,abnormal,,,,,,train,313,
0_dB_id_06_00000314.png,abnormal,,,,,,train,314,
0_dB_id_06_00000315.png,abnormal,,,,,,train,315,
0_dB_id_06_00000316.png,abnormal,,,,,,train,316,
0_dB_id_06_00000317.png,abnormal,,,,,,train,317,
0_dB_id_06_00000318.png,abnormal,,,,,,train,318,
0_dB_id_06_00000319.png,abnormal,,,,,,train,319,
0_dB_id_06_00000320.png,abnormal,,,,,,train,320,
0_dB_id_06_00000321.png,abnormal,,,,,,train,321,
0_dB_id_06_00000322.png,abnormal,,,,,,train,322,
0_dB_id_06_00000323.png,abnormal,,,,,,train,323,
0_dB_id_06_00000324.png,abnormal,,,,,,train,324,
0_dB_id_06_00000325.png,abnormal,,,,,,train,325,
0_dB_id_06_00000326.png,abnormal,,,,,,train,326,
0_dB_id_06_00000327.png,abnormal,,,,,,train,327,
0_dB_id_06_00000328.png,abnormal,,,,,,train,328,
0_dB_id_06_00000329.png,abnormal,,,,,,train,329,
0_dB_id_06_00000330.png,abnormal,,,,,,train,330,
0_dB_id_06_00000331.png,abnormal,,,,,,train,331,
0_dB_id_06_00000332.png,abnormal,,,,,,train,332,
0_dB_id_06_00000333.png,abnormal,,,,,,train,333,
0_dB_id_06_00000334.png,abnormal,,,,,,train,334,
0_dB_id_06_00000335.png,abnormal,,,,,,train,335,
0_dB_id_06_00000336.png,abnormal,,,,,,train,336,
0_dB_id_06_00000337.png,abnormal,,,,,,train,337,
0_dB_id_06_00000338.png,abnormal,,,,,,train,338,
0_dB_id_06_00000339.png,abnormal,,,,,,train,339,
0_dB_id_06_00000340.png,abnormal,,,,,,train,340,
0_dB_id_06_00000341.png,abnormal,,,,,,train,341,
0_dB_id_06_00000342.png,abnormal,,,,,,train,342,
0_dB_id_06_00000343.png,abnormal,,,,,,train,343,
0_dB_id_06_00000344.png,abnormal,,,,,,train,344,
0_dB_id_06_00000345.png,abnormal,,,,,,train,345,
0_dB_id_06_00000346.png,abnormal,,,,,,train,346,
0_dB_id_06_00000347.png,abnormal,,,,,,train,347,
0_dB_id_06_00000348.png,abnormal,,,,,,train,348,
0_dB_id_06_00000349.png,abnormal,,,,,,train,349,
0_dB_id_06_00000350.png,abnormal,,,,,,train,350,
0_dB_id_06_00000351.png,abnormal,,,,,,train,351,
0_dB_id_06_00000352.png,abnormal,,,,,,train,352,
0_dB_id_06_00000353.png,abnormal,,,,,,train,353,
0_dB_id_06_00000354.png,abnormal,,,,,,train,354,
0_dB_id_06_00000355.png,abnormal,,,,,,train,355,
0_dB_id_06_00000356.png,abnormal,,,,,,train,356,
0_dB_id_06_00000357.png,abnormal,,,,,,train,357,
0_dB_id_06_00000358.png,abnormal,,,,,,train,358,
0_dB_id_06_00000359.png,abnormal,,,,,,train,359,
0_dB_id_06_00000360.png,abnormal,,,,,,train,360,
6_dB_id_04_00000000.png,abnormal,,,,,,train,0,
6_dB_id_04_00000001.png,abnormal,,,,,,train,1,
6_dB_id_04_00000002.png,abnormal,,,,,,train,2,
6_dB_id_04_00000003.png,abnormal,,,,,,train,3,
6_dB_id_04_00000004.png,abnormal,,,,,,train,4,
6_dB_id_04_00000005.png,abnormal,,,,,,train,5,
6_dB_id_04_00000006.png,abnormal,,,,,,train,6,
6_dB_id_04_00000007.png,abnormal,,,,,,train,7,
6_dB_id_04_00000008.png,abnormal,,,,,,train,8,
6_dB_id_04_00000009.png,abnormal,,,,,,train,9,
6_dB_id_04_00000010.png,abnormal,,,,,,train,10,
6_dB_id_04_00000011.png,abnormal,,,,,,train,11,
6_dB_id_04_00000012.png,abnormal,,,,,,train,12,
6_dB_id_04_00000013.png,abnormal,,,,,,train,13,
6_dB_id_04_00000014.png,abnormal,,,,,,train,14,
6_dB_id_04_00000015.png,abnormal,,,,,,train,15,
6_dB_id_04_00000016.png,abnormal,,,,,,train,16,
6_dB_id_04_00000017.png,abnormal,,,,,,train,17,
6_dB_id_04_00000018.png,abnormal,,,,,,train,18,
6_dB_id_04_00000019.png,abnormal,,,,,,train,19,
6_dB_id_04_00000020.png,abnormal,,,,,,train,20,
6_dB_id_04_00000021.png,abnormal,,,,,,train,21,
6_dB_id_04_00000022.png,abnormal,,,,,,train,22,
6_dB_id_04_00000023.png,abnormal,,,,,,train,23,
6_dB_id_04_00000024.png,abnormal,,,,,,train,24,
6_dB_id_04_00000025.png,abnormal,,,,,,train,25,
6_dB_id_04_00000026.png,abnormal,,,,,,train,26,
6_dB_id_04_00000027.png,abnormal,,,,,,train,27,
6_dB_id_04_00000028.png,abnormal,,,,,,train,28,
6_dB_id_04_00000029.png,abnormal,,,,,,train,29,
6_dB_id_04_00000030.png,abnormal,,,,,,train,30,
6_dB_id_04_00000031.png,abnormal,,,,,,train,31,
6_dB_id_04_00000032.png,abnormal,,,,,,train,32,
6_dB_id_04_00000033.png,abnormal,,,,,,train,33,
6_dB_id_04_00000034.png,abnormal,,,,,,train,34,
6_dB_id_04_00000035.png,abnormal,,,,,,train,35,
6_dB_id_04_00000036.png,abnormal,,,,,,train,36,
6_dB_id_04_00000037.png,abnormal,,,,,,train,37,
6_dB_id_04_00000038.png,abnormal,,,,,,train,38,
6_dB_id_04_00000039.png,abnormal,,,,,,train,39,
6_dB_id_04_00000040.png,abnormal,,,,,,train,40,
6_dB_id_04_00000041.png,abnormal,,,,,,train,41,
6_dB_id_04_00000042.png,abnormal,,,,,,train,42,
6_dB_id_04_00000043.png,abnormal,,,,,,train,43,
6_dB_id_04_00000044.png,abnormal,,,,,,train,44,
6_dB_id_04_00000045.png,abnormal,,,,,,train,45,
6_dB_id_04_00000046.png,abnormal,,,,,,train,46,
6_dB_id_04_00000047.png,abnormal,,,,,,train,47,
6_dB_id_04_00000048.png,abnormal,,,,,,train,48,
6_dB_id_04_00000049.png,abnormal,,,,,,train,49,
6_dB_id_04_00000050.png,abnormal,,,,,,train,50,
6_dB_id_04_00000051.png,abnormal,,,,,,train,51,
6_dB_id_04_00000052.png,abnormal,,,,,,train,52,
6_dB_id_04_00000053.png,abnormal,,,,,,train,53,
6_dB_id_04_00000054.png,abnormal,,,,,,train,54,
6_dB_id_04_00000055.png,abnormal,,,,,,train,55,
6_dB_id_04_00000056.png,abnormal,,,,,,train,56,
6_dB_id_04_00000057.png,abnormal,,,,,,train,57,
6_dB_id_04_00000058.png,abnormal,,,,,,train,58,
6_dB_id_04_00000059.png,abnormal,,,,,,train,59,
6_dB_id_04_00000060.png,abnormal,,,,,,train,60,
6_dB_id_04_00000061.png,abnormal,,,,,,train,61,
6_dB_id_04_00000062.png,abnormal,,,,,,train,62,
6_dB_id_04_00000063.png,abnormal,,,,,,train,63,
6_dB_id_04_00000064.png,abnormal,,,,,,train,64,
6_dB_id_04_00000065.png,abnormal,,,,,,train,65,
6_dB_id_04_00000066.png,abnormal,,,,,,train,66,
6_dB_id_04_00000067.png,abnormal,,,,,,train,67,
6_dB_id_04_00000068.png,abnormal,,,,,,train,68,
6_dB_id_04_00000069.png,abnormal,,,,,,train,69,
6_dB_id_04_00000070.png,abnormal,,,,,,train,70,
6_dB_id_04_00000071.png,abnormal,,,,,,train,71,
6_dB_id_04_00000072.png,abnormal,,,,,,train,72,
6_dB_id_04_00000073.png,abnormal,,,,,,train,73,
6_dB_id_04_00000074.png,abnormal,,,,,,train,74,
6_dB_id_04_00000075.png,abnormal,,,,,,train,75,
6_dB_id_04_00000076.png,abnormal,,,,,,train,76,
6_dB_id_04_00000077.png,abnormal,,,,,,train,77,
6_dB_id_04_00000078.png,abnormal,,,,,,train,78,
6_dB_id_04_00000079.png,abnormal,,,,,,train,79,
6_dB_id_04_00000080.png,abnormal,,,,,,train,80,
6_dB_id_04_00000081.png,abnormal,,,,,,train,81,
6_dB_id_04_00000082.png,abnormal,,,,,,train,82,
6_dB_id_04_00000083.png,abnormal,,,,,,train,83,
6_dB_id_04_00000084.png,abnormal,,,,,,train,84,
6_dB_id_04_00000085.png,abnormal,,,,,,train,85,
6_dB_id_04_00000086.png,abnormal,,,,,,train,86,
6_dB_id_04_00000087.png,abnormal,,,,,,train,87,
6_dB_id_04_00000088.png,abnormal,,,,,,train,88,
6_dB_id_04_00000089.png,abnormal,,,,,,train,89,
6_dB_id_04_00000090.png,abnormal,,,,,,train,90,
6_dB_id_04_00000091.png,abnormal,,,,,,train,91,
6_dB_id_04_00000092.png,abnormal,,,,,,train,92,
6_dB_id_04_00000093.png,abnormal,,,,,,train,93,
6_dB_id_04_00000094.png,abnormal,,,,,,train,94,
6_dB_id_04_00000095.png,abnormal,,,,,,train,95,
6_dB_id_04_00000096.png,abnormal,,,,,,train,96,
6_dB_id_04_00000097.png,abnormal,,,,,,train,97,
6_dB_id_04_00000098.png,abnormal,,,,,,train,98,
6_dB_id_04_00000099.png,abnormal,,,,,,train,99,
6_dB_id_04_00000100.png,abnormal,,,,,,train,100,
6_dB_id_04_00000101.png,abnormal,,,,,,train,101,
6_dB_id_04_00000102.png,abnormal,,,,,,train,102,
6_dB_id_04_00000103.png,abnormal,,,,,,train,103,
6_dB_id_04_00000104.png,abnormal,,,,,,train,104,
6_dB_id_04_00000105.png,abnormal,,,,,,train,105,
6_dB_id_04_00000106.png,abnormal,,,,,,train,106,
6_dB_id_04_00000107.png,abnormal,,,,,,train,107,
6_dB_id_04_00000108.png,abnormal,,,,,,train,108,
6_dB_id_04_00000109.png,abnormal,,,,,,train,109,
6_dB_id_04_00000110.png,abnormal,,,,,,train,110,
6_dB_id_04_00000111.png,abnormal,,,,,,train,111,
6_dB_id_04_00000112.png,abnormal,,,,,,train,112,
6_dB_id_04_00000113.png,abnormal,,,,,,train,113,
6_dB_id_04_00000114.png,abnormal,,,,,,train,114,
6_dB_id_04_00000115.png,abnormal,,,,,,train,115,
6_dB_id_04_00000116.png,abnormal,,,,,,train,116,
6_dB_id_04_00000117.png,abnormal,,,,,,train,117,
6_dB_id_04_00000118.png,abnormal,,,,,,train,118,
6_dB_id_04_00000119.png,abnormal,,,,,,train,119,
6_dB_id_04_00000120.png,abnormal,,,,,,train,120,
6_dB_id_04_00000121.png,abnormal,,,,,,train,121,
6_dB_id_04_00000122.png,abnormal,,,,,,train,122,
6_dB_id_04_00000123.png,abnormal,,,,,,train,123,
6_dB_id_04_00000124.png,abnormal,,,,,,train,124,
6_dB_id_04_00000125.png,abnormal,,,,,,train,125,
6_dB_id_04_00000126.png,abnormal,,,,,,train,126,
6_dB_id_04_00000127.png,abnormal,,,,,,train,127,
6_dB_id_04_00000128.png,abnormal,,,,,,train,128,
6_dB_id_04_00000129.png,abnormal,,,,,,train,129,
6_dB_id_04_00000130.png,abnormal,,,,,,train,130,
6_dB_id_04_00000131.png,abnormal,,,,,,train,131,
6_dB_id_04_00000132.png,abnormal,,,,,,train,132,
6_dB_id_04_00000133.png,abnormal,,,,,,train,133,
6_dB_id_04_00000134.png,abnormal,,,,,,train,134,
6_dB_id_04_00000135.png,abnormal,,,,,,train,135,
6_dB_id_04_00000136.png,abnormal,,,,,,train,136,
6_dB_id_04_00000137.png,abnormal,,,,,,train,137,
6_dB_id_04_00000138.png,abnormal,,,,,,train,138,
6_dB_id_04_00000139.png,abnormal,,,,,,train,139,
6_dB_id_04_00000140.png,abnormal,,,,,,train,140,
6_dB_id_04_00000141.png,abnormal,,,,,,train,141,
6_dB_id_04_00000142.png,abnormal,,,,,,train,142,
6_dB_id_04_00000143.png,abnormal,,,,,,train,143,
6_dB_id_04_00000144.png,abnormal,,,,,,train,144,
6_dB_id_04_00000145.png,abnormal,,,,,,train,145,
6_dB_id_04_00000146.png,abnormal,,,,,,train,146,
6_dB_id_04_00000147.png,abnormal,,,,,,train,147,
6_dB_id_04_00000148.png,abnormal,,,,,,train,148,
6_dB_id_04_00000149.png,abnormal,,,,,,train,149,
6_dB_id_04_00000150.png,abnormal,,,,,,train,150,
6_dB_id_04_00000151.png,abnormal,,,,,,train,151,
6_dB_id_04_00000152.png,abnormal,,,,,,train,152,
6_dB_id_04_00000153.png,abnormal,,,,,,train,153,
6_dB_id_04_00000154.png,abnormal,,,,,,train,154,
6_dB_id_04_00000155.png,abnormal,,,,,,train,155,
6_dB_id_04_00000156.png,abnormal,,,,,,train,156,
6_dB_id_04_00000157.png,abnormal,,,,,,train,157,
6_dB_id_04_00000158.png,abnormal,,,,,,train,158,
6_dB_id_04_00000159.png,abnormal,,,,,,train,159,
6_dB_id_04_00000160.png,abnormal,,,,,,train,160,
6_dB_id_04_00000161.png,abnormal,,,,,,train,161,
6_dB_id_04_00000162.png,abnormal,,,,,,train,162,
6_dB_id_04_00000163.png,abnormal,,,,,,train,163,
6_dB_id_04_00000164.png,abnormal,,,,,,train,164,
6_dB_id_04_00000165.png,abnormal,,,,,,train,165,
6_dB_id_04_00000166.png,abnormal,,,,,,train,166,
6_dB_id_04_00000167.png,abnormal,,,,,,train,167,
6_dB_id_04_00000168.png,abnormal,,,,,,train,168,
6_dB_id_04_00000169.png,abnormal,,,,,,train,169,
6_dB_id_04_00000170.png,abnormal,,,,,,train,170,
6_dB_id_04_00000171.png,abnormal,,,,,,train,171,
6_dB_id_04_00000172.png,abnormal,,,,,,train,172,
6_dB_id_04_00000173.png,abnormal,,,,,,train,173,
6_dB_id_04_00000174.png,abnormal,,,,,,train,174,
6_dB_id_04_00000175.png,abnormal,,,,,,train,175,
6_dB_id_04_00000176.png,abnormal,,,,,,train,176,
6_dB_id_04_00000177.png,abnormal,,,,,,train,177,
6_dB_id_04_00000178.png,abnormal,,,,,,train,178,
6_dB_id_04_00000179.png,abnormal,,,,,,train,179,
6_dB_id_04_00000180.png,abnormal,,,,,,train,180,
6_dB_id_04_00000181.png,abnormal,,,,,,train,181,
6_dB_id_04_00000182.png,abnormal,,,,,,train,182,
6_dB_id_04_00000183.png,abnormal,,,,,,train,183,
6_dB_id_04_00000184.png,abnormal,,,,,,train,184,
6_dB_id_04_00000185.png,abnormal,,,,,,train,185,
6_dB_id_04_00000186.png,abnormal,,,,,,train,186,
6_dB_id_04_00000187.png,abnormal,,,,,,train,187,
6_dB_id_04_00000188.png,abnormal,,,,,,train,188,
6_dB_id_04_00000189.png,abnormal,,,,,,train,189,
6_dB_id_04_00000190.png,abnormal,,,,,,train,190,
6_dB_id_04_00000191.png,abnormal,,,,,,train,191,
6_dB_id_04_00000192.png,abnormal,,,,,,train,192,
6_dB_id_04_00000193.png,abnormal,,,,,,train,193,
6_dB_id_04_00000194.png,abnormal,,,,,,train,194,
6_dB_id_04_00000195.png,abnormal,,,,,,train,195,
6_dB_id_04_00000196.png,abnormal,,,,,,train,196,
6_dB_id_04_00000197.png,abnormal,,,,,,train,197,
6_dB_id_04_00000198.png,abnormal,,,,,,train,198,
6_dB_id_04_00000199.png,abnormal,,,,,,train,199,
6_dB_id_04_00000200.png,abnormal,,,,,,train,200,
6_dB_id_04_00000201.png,abnormal,,,,,,train,201,
6_dB_id_04_00000202.png,abnormal,,,,,,train,202,
6_dB_id_04_00000203.png,abnormal,,,,,,train,203,
6_dB_id_04_00000204.png,abnormal,,,,,,train,204,
6_dB_id_04_00000205.png,abnormal,,,,,,train,205,
6_dB_id_04_00000206.png,abnormal,,,,,,train,206,
6_dB_id_04_00000207.png,abnormal,,,,,,train,207,
6_dB_id_04_00000208.png,abnormal,,,,,,train,208,
6_dB_id_04_00000209.png,abnormal,,,,,,train,209,
6_dB_id_04_00000210.png,abnormal,,,,,,train,210,
6_dB_id_04_00000211.png,abnormal,,,,,,train,211,
6_dB_id_04_00000212.png,abnormal,,,,,,train,212,
6_dB_id_04_00000213.png,abnormal,,,,,,train,213,
6_dB_id_04_00000214.png,abnormal,,,,,,train,214,
6_dB_id_04_00000215.png,abnormal,,,,,,train,215,
6_dB_id_04_00000216.png,abnormal,,,,,,train,216,
6_dB_id_04_00000217.png,abnormal,,,,,,train,217,
6_dB_id_04_00000218.png,abnormal,,,,,,train,218,
6_dB_id_04_00000219.png,abnormal,,,,,,train,219,
6_dB_id_04_00000220.png,abnormal,,,,,,train,220,
6_dB_id_04_00000221.png,abnormal,,,,,,train,221,
6_dB_id_04_00000222.png,abnormal,,,,,,train,222,
6_dB_id_04_00000223.png,abnormal,,,,,,train,223,
6_dB_id_04_00000224.png,abnormal,,,,,,train,224,
6_dB_id_04_00000225.png,abnormal,,,,,,train,225,
6_dB_id_04_00000226.png,abnormal,,,,,,train,226,
6_dB_id_04_00000227.png,abnormal,,,,,,train,227,
6_dB_id_04_00000228.png,abnormal,,,,,,train,228,
6_dB_id_04_00000229.png,abnormal,,,,,,train,229,
6_dB_id_04_00000230.png,abnormal,,,,,,train,230,
6_dB_id_04_00000231.png,abnormal,,,,,,train,231,
6_dB_id_04_00000232.png,abnormal,,,,,,train,232,
6_dB_id_04_00000233.png,abnormal,,,,,,train,233,
6_dB_id_04_00000234.png,abnormal,,,,,,train,234,
6_dB_id_04_00000235.png,abnormal,,,,,,train,235,
6_dB_id_04_00000236.png,abnormal,,,,,,train,236,
6_dB_id_04_00000237.png,abnormal,,,,,,train,237,
6_dB_id_04_00000238.png,abnormal,,,,,,train,238,
6_dB_id_04_00000239.png,abnormal,,,,,,train,239,
6_dB_id_04_00000240.png,abnormal,,,,,,train,240,
6_dB_id_04_00000241.png,abnormal,,,,,,train,241,
6_dB_id_04_00000242.png,abnormal,,,,,,train,242,
6_dB_id_04_00000243.png,abnormal,,,,,,train,243,
6_dB_id_04_00000244.png,abnormal,,,,,,train,244,
6_dB_id_04_00000245.png,abnormal,,,,,,train,245,
6_dB_id_04_00000246.png,abnormal,,,,,,train,246,
6_dB_id_04_00000247.png,abnormal,,,,,,train,247,
6_dB_id_04_00000248.png,abnormal,,,,,,train,248,
6_dB_id_04_00000249.png,abnormal,,,,,,train,249,
6_dB_id_04_00000250.png,abnormal,,,,,,train,250,
6_dB_id_04_00000251.png,abnormal,,,,,,train,251,
6_dB_id_04_00000252.png,abnormal,,,,,,train,252,
6_dB_id_04_00000253.png,abnormal,,,,,,train,253,
6_dB_id_04_00000254.png,abnormal,,,,,,train,254,
6_dB_id_04_00000255.png,abnormal,,,,,,train,255,
6_dB_id_04_00000256.png,abnormal,,,,,,train,256,
6_dB_id_04_00000257.png,abnormal,,,,,,train,257,
6_dB_id_04_00000258.png,abnormal,,,,,,train,258,
6_dB_id_04_00000259.png,abnormal,,,,,,train,259,
6_dB_id_04_00000260.png,abnormal,,,,,,train,260,
6_dB_id_04_00000261.png,abnormal,,,,,,train,261,
6_dB_id_04_00000262.png,abnormal,,,,,,train,262,
6_dB_id_04_00000263.png,abnormal,,,,,,train,263,
6_dB_id_04_00000264.png,abnormal,,,,,,train,264,
6_dB_id_04_00000265.png,abnormal,,,,,,train,265,
6_dB_id_04_00000266.png,abnormal,,,,,,train,266,
6_dB_id_04_00000267.png,abnormal,,,,,,train,267,
6_dB_id_04_00000268.png,abnormal,,,,,,train,268,
6_dB_id_04_00000269.png,abnormal,,,,,,train,269,
6_dB_id_04_00000270.png,abnormal,,,,,,train,270,
6_dB_id_04_00000271.png,abnormal,,,,,,train,271,
6_dB_id_04_00000272.png,abnormal,,,,,,train,272,
6_dB_id_04_00000273.png,abnormal,,,,,,train,273,
6_dB_id_04_00000274.png,abnormal,,,,,,train,274,
6_dB_id_04_00000275.png,abnormal,,,,,,train,275,
6_dB_id_04_00000276.png,abnormal,,,,,,train,276,
6_dB_id_04_00000277.png,abnormal,,,,,,train,277,
6_dB_id_04_00000278.png,abnormal,,,,,,train,278,
6_dB_id_04_00000279.png,abnormal,,,,,,train,279,
6_dB_id_04_00000280.png,abnormal,,,,,,train,280,
6_dB_id_04_00000281.png,abnormal,,,,,,train,281,
6_dB_id_04_00000282.png,abnormal,,,,,,train,282,
6_dB_id_04_00000283.png,abnormal,,,,,,train,283,
6_dB_id_04_00000284.png,abnormal,,,,,,train,284,
6_dB_id_04_00000285.png,abnormal,,,,,,train,285,
6_dB_id_04_00000286.png,abnormal,,,,,,train,286,
6_dB_id_04_00000287.png,abnormal,,,,,,train,287,
6_dB_id_04_00000288.png,abnormal,,,,,,train,288,
6_dB_id_04_00000289.png,abnormal,,,,,,train,289,
6_dB_id_04_00000290.png,abnormal,,,,,,train,290,
6_dB_id_04_00000291.png,abnormal,,,,,,train,291,
6_dB_id_04_00000292.png,abnormal,,,,,,train,292,
6_dB_id_04_00000293.png,abnormal,,,,,,train,293,
6_dB_id_04_00000294.png,abnormal,,,,,,train,294,
6_dB_id_04_00000295.png,abnormal,,,,,,train,295,
6_dB_id_04_00000296.png,abnormal,,,,,,train,296,
6_dB_id_04_00000297.png,abnormal,,,,,,train,297,
6_dB_id_04_00000298.png,abnormal,,,,,,train,298,
6_dB_id_04_00000299.png,abnormal,,,,,,train,299,
6_dB_id_04_00000300.png,abnormal,,,,,,train,300,
6_dB_id_04_00000301.png,abnormal,,,,,,train,301,
6_dB_id_04_00000302.png,abnormal,,,,,,train,302,
6_dB_id_04_00000303.png,abnormal,,,,,,train,303,
6_dB_id_04_00000304.png,abnormal,,,,,,train,304,
6_dB_id_04_00000305.png,abnormal,,,,,,train,305,
6_dB_id_04_00000306.png,abnormal,,,,,,train,306,
6_dB_id_04_00000307.png,abnormal,,,,,,train,307,
6_dB_id_04_00000308.png,abnormal,,,,,,train,308,
6_dB_id_04_00000309.png,abnormal,,,,,,train,309,
6_dB_id_04_00000310.png,abnormal,,,,,,train,310,
6_dB_id_04_00000311.png,abnormal,,,,,,train,311,
6_dB_id_04_00000312.png,abnormal,,,,,,train,312,
6_dB_id_04_00000313.png,abnormal,,,,,,train,313,
6_dB_id_04_00000314.png,abnormal,,,,,,train,314,
6_dB_id_04_00000315.png,abnormal,,,,,,train,315,
6_dB_id_04_00000316.png,abnormal,,,,,,train,316,
6_dB_id_04_00000317.png,abnormal,,,,,,train,317,
6_dB_id_04_00000318.png,abnormal,,,,,,train,318,
6_dB_id_04_00000319.png,abnormal,,,,,,train,319,
6_dB_id_04_00000320.png,abnormal,,,,,,train,320,
6_dB_id_04_00000321.png,abnormal,,,,,,train,321,
6_dB_id_04_00000322.png,abnormal,,,,,,train,322,
6_dB_id_04_00000323.png,abnormal,,,,,,train,323,
6_dB_id_04_00000324.png,abnormal,,,,,,train,324,
6_dB_id_04_00000325.png,abnormal,,,,,,train,325,
6_dB_id_04_00000326.png,abnormal,,,,,,train,326,
6_dB_id_04_00000327.png,abnormal,,,,,,train,327,
6_dB_id_04_00000328.png,abnormal,,,,,,train,328,
6_dB_id_04_00000329.png,abnormal,,,,,,train,329,
6_dB_id_04_00000330.png,abnormal,,,,,,train,330,
6_dB_id_04_00000331.png,abnormal,,,,,,train,331,
6_dB_id_04_00000332.png,abnormal,,,,,,train,332,
6_dB_id_04_00000333.png,abnormal,,,,,,train,333,
6_dB_id_04_00000334.png,abnormal,,,,,,train,334,
6_dB_id_04_00000335.png,abnormal,,,,,,train,335,
6_dB_id_04_00000336.png,abnormal,,,,,,train,336,
6_dB_id_04_00000337.png,abnormal,,,,,,train,337,
6_dB_id_04_00000338.png,abnormal,,,,,,train,338,
6_dB_id_04_00000339.png,abnormal,,,,,,train,339,
6_dB_id_04_00000340.png,abnormal,,,,,,train,340,
6_dB_id_04_00000341.png,abnormal,,,,,,train,341,
6_dB_id_04_00000342.png,abnormal,,,,,,train,342,
6_dB_id_04_00000343.png,abnormal,,,,,,train,343,
6_dB_id_04_00000344.png,abnormal,,,,,,train,344,
6_dB_id_04_00000345.png,abnormal,,,,,,train,345,
6_dB_id_04_00000346.png,abnormal,,,,,,train,346,
6_dB_id_04_00000347.png,abnormal,,,,,,train,347,
6_dB_id_06_00000000.png,abnormal,,,,,,train,0,
6_dB_id_06_00000001.png,abnormal,,,,,,train,1,
6_dB_id_06_00000002.png,abnormal,,,,,,train,2,
6_dB_id_06_00000003.png,abnormal,,,,,,train,3,
6_dB_id_06_00000004.png,abnormal,,,,,,train,4,
6_dB_id_06_00000005.png,abnormal,,,,,,train,5,
6_dB_id_06_00000006.png,abnormal,,,,,,train,6,
6_dB_id_06_00000007.png,abnormal,,,,,,train,7,
6_dB_id_06_00000008.png,abnormal,,,,,,train,8,
6_dB_id_06_00000009.png,abnormal,,,,,,train,9,
6_dB_id_06_00000010.png,abnormal,,,,,,train,10,
6_dB_id_06_00000011.png,abnormal,,,,,,train,11,
6_dB_id_06_00000012.png,abnormal,,,,,,train,12,
6_dB_id_06_00000013.png,abnormal,,,,,,train,13,
6_dB_id_06_00000014.png,abnormal,,,,,,train,14,
6_dB_id_06_00000015.png,abnormal,,,,,,train,15,
6_dB_id_06_00000016.png,abnormal,,,,,,train,16,
6_dB_id_06_00000017.png,abnormal,,,,,,train,17,
6_dB_id_06_00000018.png,abnormal,,,,,,train,18,
6_dB_id_06_00000019.png,abnormal,,,,,,train,19,
6_dB_id_06_00000020.png,abnormal,,,,,,train,20,
6_dB_id_06_00000021.png,abnormal,,,,,,train,21,
6_dB_id_06_00000022.png,abnormal,,,,,,train,22,
6_dB_id_06_00000023.png,abnormal,,,,,,train,23,
6_dB_id_06_00000024.png,abnormal,,,,,,train,24,
6_dB_id_06_00000025.png,abnormal,,,,,,train,25,
6_dB_id_06_00000026.png,abnormal,,,,,,train,26,
6_dB_id_06_00000027.png,abnormal,,,,,,train,27,
6_dB_id_06_00000028.png,abnormal,,,,,,train,28,
6_dB_id_06_00000029.png,abnormal,,,,,,train,29,
6_dB_id_06_00000030.png,abnormal,,,,,,train,30,
6_dB_id_06_00000031.png,abnormal,,,,,,train,31,
6_dB_id_06_00000032.png,abnormal,,,,,,train,32,
6_dB_id_06_00000033.png,abnormal,,,,,,train,33,
6_dB_id_06_00000034.png,abnormal,,,,,,train,34,
6_dB_id_06_00000035.png,abnormal,,,,,,train,35,
6_dB_id_06_00000036.png,abnormal,,,,,,train,36,
6_dB_id_06_00000037.png,abnormal,,,,,,train,37,
6_dB_id_06_00000038.png,abnormal,,,,,,train,38,
6_dB_id_06_00000039.png,abnormal,,,,,,train,39,
6_dB_id_06_00000040.png,abnormal,,,,,,train,40,
6_dB_id_06_00000041.png,abnormal,,,,,,train,41,
6_dB_id_06_00000042.png,abnormal,,,,,,train,42,
6_dB_id_06_00000043.png,abnormal,,,,,,train,43,
6_dB_id_06_00000044.png,abnormal,,,,,,train,44,
6_dB_id_06_00000045.png,abnormal,,,,,,train,45,
6_dB_id_06_00000046.png,abnormal,,,,,,train,46,
6_dB_id_06_00000047.png,abnormal,,,,,,train,47,
6_dB_id_06_00000048.png,abnormal,,,,,,train,48,
6_dB_id_06_00000049.png,abnormal,,,,,,train,49,
6_dB_id_06_00000050.png,abnormal,,,,,,train,50,
6_dB_id_06_00000051.png,abnormal,,,,,,train,51,
6_dB_id_06_00000052.png,abnormal,,,,,,train,52,
6_dB_id_06_00000053.png,abnormal,,,,,,train,53,
6_dB_id_06_00000054.png,abnormal,,,,,,train,54,
6_dB_id_06_00000055.png,abnormal,,,,,,train,55,
6_dB_id_06_00000056.png,abnormal,,,,,,train,56,
6_dB_id_06_00000057.png,abnormal,,,,,,train,57,
6_dB_id_06_00000058.png,abnormal,,,,,,train,58,
6_dB_id_06_00000059.png,abnormal,,,,,,train,59,
6_dB_id_06_00000060.png,abnormal,,,,,,train,60,
6_dB_id_06_00000061.png,abnormal,,,,,,train,61,
6_dB_id_06_00000062.png,abnormal,,,,,,train,62,
6_dB_id_06_00000063.png,abnormal,,,,,,train,63,
6_dB_id_06_00000064.png,abnormal,,,,,,train,64,
6_dB_id_06_00000065.png,abnormal,,,,,,train,65,
6_dB_id_06_00000066.png,abnormal,,,,,,train,66,
6_dB_id_06_00000067.png,abnormal,,,,,,train,67,
6_dB_id_06_00000068.png,abnormal,,,,,,train,68,
6_dB_id_06_00000069.png,abnormal,,,,,,train,69,
6_dB_id_06_00000070.png,abnormal,,,,,,train,70,
6_dB_id_06_00000071.png,abnormal,,,,,,train,71,
6_dB_id_06_00000072.png,abnormal,,,,,,train,72,
6_dB_id_06_00000073.png,abnormal,,,,,,train,73,
6_dB_id_06_00000074.png,abnormal,,,,,,train,74,
6_dB_id_06_00000075.png,abnormal,,,,,,train,75,
6_dB_id_06_00000076.png,abnormal,,,,,,train,76,
6_dB_id_06_00000077.png,abnormal,,,,,,train,77,
6_dB_id_06_00000078.png,abnormal,,,,,,train,78,
6_dB_id_06_00000079.png,abnormal,,,,,,train,79,
6_dB_id_06_00000080.png,abnormal,,,,,,train,80,
6_dB_id_06_00000081.png,abnormal,,,,,,train,81,
6_dB_id_06_00000082.png,abnormal,,,,,,train,82,
6_dB_id_06_00000083.png,abnormal,,,,,,train,83,
6_dB_id_06_00000084.png,abnormal,,,,,,train,84,
6_dB_id_06_00000085.png,abnormal,,,,,,train,85,
6_dB_id_06_00000086.png,abnormal,,,,,,train,86,
6_dB_id_06_00000087.png,abnormal,,,,,,train,87,
6_dB_id_06_00000088.png,abnormal,,,,,,train,88,
6_dB_id_06_00000089.png,abnormal,,,,,,train,89,
6_dB_id_06_00000090.png,abnormal,,,,,,train,90,
6_dB_id_06_00000091.png,abnormal,,,,,,train,91,
6_dB_id_06_00000092.png,abnormal,,,,,,train,92,
6_dB_id_06_00000093.png,abnormal,,,,,,train,93,
6_dB_id_06_00000094.png,abnormal,,,,,,train,94,
6_dB_id_06_00000095.png,abnormal,,,,,,train,95,
6_dB_id_06_00000096.png,abnormal,,,,,,train,96,
6_dB_id_06_00000097.png,abnormal,,,,,,train,97,
6_dB_id_06_00000098.png,abnormal,,,,,,train,98,
6_dB_id_06_00000099.png,abnormal,,,,,,train,99,
6_dB_id_06_00000100.png,abnormal,,,,,,train,100,
6_dB_id_06_00000101.png,abnormal,,,,,,train,101,
6_dB_id_06_00000102.png,abnormal,,,,,,train,102,
6_dB_id_06_00000103.png,abnormal,,,,,,train,103,
6_dB_id_06_00000104.png,abnormal,,,,,,train,104,
6_dB_id_06_00000105.png,abnormal,,,,,,train,105,
6_dB_id_06_00000106.png,abnormal,,,,,,train,106,
6_dB_id_06_00000107.png,abnormal,,,,,,train,107,
6_dB_id_06_00000108.png,abnormal,,,,,,train,108,
6_dB_id_06_00000109.png,abnormal,,,,,,train,109,
6_dB_id_06_00000110.png,abnormal,,,,,,train,110,
6_dB_id_06_00000111.png,abnormal,,,,,,train,111,
6_dB_id_06_00000112.png,abnormal,,,,,,train,112,
6_dB_id_06_00000113.png,abnormal,,,,,,train,113,
6_dB_id_06_00000114.png,abnormal,,,,,,train,114,
6_dB_id_06_00000115.png,abnormal,,,,,,train,115,
6_dB_id_06_00000116.png,abnormal,,,,,,train,116,
6_dB_id_06_00000117.png,abnormal,,,,,,train,117,
6_dB_id_06_00000118.png,abnormal,,,,,,train,118,
6_dB_id_06_00000119.png,abnormal,,,,,,train,119,
6_dB_id_06_00000120.png,abnormal,,,,,,train,120,
6_dB_id_06_00000121.png,abnormal,,,,,,train,121,
6_dB_id_06_00000122.png,abnormal,,,,,,train,122,
6_dB_id_06_00000123.png,abnormal,,,,,,train,123,
6_dB_id_06_00000124.png,abnormal,,,,,,train,124,
6_dB_id_06_00000125.png,abnormal,,,,,,train,125,
6_dB_id_06_00000126.png,abnormal,,,,,,train,126,
6_dB_id_06_00000127.png,abnormal,,,,,,train,127,
6_dB_id_06_00000128.png,abnormal,,,,,,train,128,
6_dB_id_06_00000129.png,abnormal,,,,,,train,129,
6_dB_id_06_00000130.png,abnormal,,,,,,train,130,
6_dB_id_06_00000131.png,abnormal,,,,,,train,131,
6_dB_id_06_00000132.png,abnormal,,,,,,train,132,
6_dB_id_06_00000133.png,abnormal,,,,,,train,133,
6_dB_id_06_00000134.png,abnormal,,,,,,train,134,
6_dB_id_06_00000135.png,abnormal,,,,,,train,135,
6_dB_id_06_00000136.png,abnormal,,,,,,train,136,
6_dB_id_06_00000137.png,abnormal,,,,,,train,137,
6_dB_id_06_00000138.png,abnormal,,,,,,train,138,
6_dB_id_06_00000139.png,abnormal,,,,,,train,139,
6_dB_id_06_00000140.png,abnormal,,,,,,train,140,
6_dB_id_06_00000141.png,abnormal,,,,,,train,141,
6_dB_id_06_00000142.png,abnormal,,,,,,train,142,
6_dB_id_06_00000143.png,abnormal,,,,,,train,143,
6_dB_id_06_00000144.png,abnormal,,,,,,train,144,
6_dB_id_06_00000145.png,abnormal,,,,,,train,145,
6_dB_id_06_00000146.png,abnormal,,,,,,train,146,
6_dB_id_06_00000147.png,abnormal,,,,,,train,147,
6_dB_id_06_00000148.png,abnormal,,,,,,train,148,
6_dB_id_06_00000149.png,abnormal,,,,,,train,149,
6_dB_id_06_00000150.png,abnormal,,,,,,train,150,
6_dB_id_06_00000151.png,abnormal,,,,,,train,151,
6_dB_id_06_00000152.png,abnormal,,,,,,train,152,
6_dB_id_06_00000153.png,abnormal,,,,,,train,153,
6_dB_id_06_00000154.png,abnormal,,,,,,train,154,
6_dB_id_06_00000155.png,abnormal,,,,,,train,155,
6_dB_id_06_00000156.png,abnormal,,,,,,train,156,
6_dB_id_06_00000157.png,abnormal,,,,,,train,157,
6_dB_id_06_00000158.png,abnormal,,,,,,train,158,
6_dB_id_06_00000159.png,abnormal,,,,,,train,159,
6_dB_id_06_00000160.png,abnormal,,,,,,train,160,
6_dB_id_06_00000161.png,abnormal,,,,,,train,161,
6_dB_id_06_00000162.png,abnormal,,,,,,train,162,
6_dB_id_06_00000163.png,abnormal,,,,,,train,163,
6_dB_id_06_00000164.png,abnormal,,,,,,train,164,
6_dB_id_06_00000165.png,abnormal,,,,,,train,165,
6_dB_id_06_00000166.png,abnormal,,,,,,train,166,
6_dB_id_06_00000167.png,abnormal,,,,,,train,167,
6_dB_id_06_00000168.png,abnormal,,,,,,train,168,
6_dB_id_06_00000169.png,abnormal,,,,,,train,169,
6_dB_id_06_00000170.png,abnormal,,,,,,train,170,
6_dB_id_06_00000171.png,abnormal,,,,,,train,171,
6_dB_id_06_00000172.png,abnormal,,,,,,train,172,
6_dB_id_06_00000173.png,abnormal,,,,,,train,173,
6_dB_id_06_00000174.png,abnormal,,,,,,train,174,
6_dB_id_06_00000175.png,abnormal,,,,,,train,175,
6_dB_id_06_00000176.png,abnormal,,,,,,train,176,
6_dB_id_06_00000177.png,abnormal,,,,,,train,177,
6_dB_id_06_00000178.png,abnormal,,,,,,train,178,
6_dB_id_06_00000179.png,abnormal,,,,,,train,179,
6_dB_id_06_00000180.png,abnormal,,,,,,train,180,
6_dB_id_06_00000181.png,abnormal,,,,,,train,181,
6_dB_id_06_00000182.png,abnormal,,,,,,train,182,
6_dB_id_06_00000183.png,abnormal,,,,,,train,183,
6_dB_id_06_00000184.png,abnormal,,,,,,train,184,
6_dB_id_06_00000185.png,abnormal,,,,,,train,185,
6_dB_id_06_00000186.png,abnormal,,,,,,train,186,
6_dB_id_06_00000187.png,abnormal,,,,,,train,187,
6_dB_id_06_00000188.png,abnormal,,,,,,train,188,
6_dB_id_06_00000189.png,abnormal,,,,,,train,189,
6_dB_id_06_00000190.png,abnormal,,,,,,train,190,
6_dB_id_06_00000191.png,abnormal,,,,,,train,191,
6_dB_id_06_00000192.png,abnormal,,,,,,train,192,
6_dB_id_06_00000193.png,abnormal,,,,,,train,193,
6_dB_id_06_00000194.png,abnormal,,,,,,train,194,
6_dB_id_06_00000195.png,abnormal,,,,,,train,195,
6_dB_id_06_00000196.png,abnormal,,,,,,train,196,
6_dB_id_06_00000197.png,abnormal,,,,,,train,197,
6_dB_id_06_00000198.png,abnormal,,,,,,train,198,
6_dB_id_06_00000199.png,abnormal,,,,,,train,199,
6_dB_id_06_00000200.png,abnormal,,,,,,train,200,
6_dB_id_06_00000201.png,abnormal,,,,,,train,201,
6_dB_id_06_00000202.png,abnormal,,,,,,train,202,
6_dB_id_06_00000203.png,abnormal,,,,,,train,203,
6_dB_id_06_00000204.png,abnormal,,,,,,train,204,
6_dB_id_06_00000205.png,abnormal,,,,,,train,205,
6_dB_id_06_00000206.png,abnormal,,,,,,train,206,
6_dB_id_06_00000207.png,abnormal,,,,,,train,207,
6_dB_id_06_00000208.png,abnormal,,,,,,train,208,
6_dB_id_06_00000209.png,abnormal,,,,,,train,209,
6_dB_id_06_00000210.png,abnormal,,,,,,train,210,
6_dB_id_06_00000211.png,abnormal,,,,,,train,211,
6_dB_id_06_00000212.png,abnormal,,,,,,train,212,
6_dB_id_06_00000213.png,abnormal,,,,,,train,213,
6_dB_id_06_00000214.png,abnormal,,,,,,train,214,
6_dB_id_06_00000215.png,abnormal,,,,,,train,215,
6_dB_id_06_00000216.png,abnormal,,,,,,train,216,
6_dB_id_06_00000217.png,abnormal,,,,,,train,217,
6_dB_id_06_00000218.png,abnormal,,,,,,train,218,
6_dB_id_06_00000219.png,abnormal,,,,,,train,219,
6_dB_id_06_00000220.png,abnormal,,,,,,train,220,
6_dB_id_06_00000221.png,abnormal,,,,,,train,221,
6_dB_id_06_00000222.png,abnormal,,,,,,train,222,
6_dB_id_06_00000223.png,abnormal,,,,,,train,223,
6_dB_id_06_00000224.png,abnormal,,,,,,train,224,
6_dB_id_06_00000225.png,abnormal,,,,,,train,225,
6_dB_id_06_00000226.png,abnormal,,,,,,train,226,
6_dB_id_06_00000227.png,abnormal,,,,,,train,227,
6_dB_id_06_00000228.png,abnormal,,,,,,train,228,
6_dB_id_06_00000229.png,abnormal,,,,,,train,229,
6_dB_id_06_00000230.png,abnormal,,,,,,train,230,
6_dB_id_06_00000231.png,abnormal,,,,,,train,231,
6_dB_id_06_00000232.png,abnormal,,,,,,train,232,
6_dB_id_06_00000233.png,abnormal,,,,,,train,233,
6_dB_id_06_00000234.png,abnormal,,,,,,train,234,
6_dB_id_06_00000235.png,abnormal,,,,,,train,235,
6_dB_id_06_00000236.png,abnormal,,,,,,train,236,
6_dB_id_06_00000237.png,abnormal,,,,,,train,237,
6_dB_id_06_00000238.png,abnormal,,,,,,train,238,
6_dB_id_06_00000239.png,abnormal,,,,,,train,239,
6_dB_id_06_00000240.png,abnormal,,,,,,train,240,
6_dB_id_06_00000241.png,abnormal,,,,,,train,241,
6_dB_id_06_00000242.png,abnormal,,,,,,train,242,
6_dB_id_06_00000243.png,abnormal,,,,,,train,243,
6_dB_id_06_00000244.png,abnormal,,,,,,train,244,
6_dB_id_06_00000245.png,abnormal,,,,,,train,245,
6_dB_id_06_00000246.png,abnormal,,,,,,train,246,
6_dB_id_06_00000247.png,abnormal,,,,,,train,247,
6_dB_id_06_00000248.png,abnormal,,,,,,train,248,
6_dB_id_06_00000249.png,abnormal,,,,,,train,249,
6_dB_id_06_00000250.png,abnormal,,,,,,train,250,
6_dB_id_06_00000251.png,abnormal,,,,,,train,251,
6_dB_id_06_00000252.png,abnormal,,,,,,train,252,
6_dB_id_06_00000253.png,abnormal,,,,,,train,253,
6_dB_id_06_00000254.png,abnormal,,,,,,train,254,
6_dB_id_06_00000255.png,abnormal,,,,,,train,255,
6_dB_id_06_00000256.png,abnormal,,,,,,train,256,
6_dB_id_06_00000257.png,abnormal,,,,,,train,257,
6_dB_id_06_00000258.png,abnormal,,,,,,train,258,
6_dB_id_06_00000259.png,abnormal,,,,,,train,259,
6_dB_id_06_00000260.png,abnormal,,,,,,train,260,
6_dB_id_06_00000261.png,abnormal,,,,,,train,261,
6_dB_id_06_00000262.png,abnormal,,,,,,train,262,
6_dB_id_06_00000263.png,abnormal,,,,,,train,263,
6_dB_id_06_00000264.png,abnormal,,,,,,train,264,
6_dB_id_06_00000265.png,abnormal,,,,,,train,265,
6_dB_id_06_00000266.png,abnormal,,,,,,train,266,
6_dB_id_06_00000267.png,abnormal,,,,,,train,267,
6_dB_id_06_00000268.png,abnormal,,,,,,train,268,
6_dB_id_06_00000269.png,abnormal,,,,,,train,269,
6_dB_id_06_00000270.png,abnormal,,,,,,train,270,
6_dB_id_06_00000271.png,abnormal,,,,,,train,271,
6_dB_id_06_00000272.png,abnormal,,,,,,train,272,
6_dB_id_06_00000273.png,abnormal,,,,,,train,273,
6_dB_id_06_00000274.png,abnormal,,,,,,train,274,
6_dB_id_06_00000275.png,abnormal,,,,,,train,275,
6_dB_id_06_00000276.png,abnormal,,,,,,train,276,
6_dB_id_06_00000277.png,abnormal,,,,,,train,277,
6_dB_id_06_00000278.png,abnormal,,,,,,train,278,
6_dB_id_06_00000279.png,abnormal,,,,,,train,279,
6_dB_id_06_00000280.png,abnormal,,,,,,train,280,
6_dB_id_06_00000281.png,abnormal,,,,,,train,281,
6_dB_id_06_00000282.png,abnormal,,,,,,train,282,
6_dB_id_06_00000283.png,abnormal,,,,,,train,283,
6_dB_id_06_00000284.png,abnormal,,,,,,train,284,
6_dB_id_06_00000285.png,abnormal,,,,,,train,285,
6_dB_id_06_00000286.png,abnormal,,,,,,train,286,
6_dB_id_06_00000287.png,abnormal,,,,,,train,287,
6_dB_id_06_00000288.png,abnormal,,,,,,train,288,
6_dB_id_06_00000289.png,abnormal,,,,,,train,289,
6_dB_id_06_00000290.png,abnormal,,,,,,train,290,
6_dB_id_06_00000291.png,abnormal,,,,,,train,291,
6_dB_id_06_00000292.png,abnormal,,,,,,train,292,
6_dB_id_06_00000293.png,abnormal,,,,,,train,293,
6_dB_id_06_00000294.png,abnormal,,,,,,train,294,
6_dB_id_06_00000295.png,abnormal,,,,,,train,295,
6_dB_id_06_00000296.png,abnormal,,,,,,train,296,
6_dB_id_06_00000297.png,abnormal,,,,,,train,297,
6_dB_id_06_00000298.png,abnormal,,,,,,train,298,
6_dB_id_06_00000299.png,abnormal,,,,,,train,299,
6_dB_id_06_00000300.png,abnormal,,,,,,train,300,
6_dB_id_06_00000301.png,abnormal,,,,,,train,301,
6_dB_id_06_00000302.png,abnormal,,,,,,train,302,
6_dB_id_06_00000303.png,abnormal,,,,,,train,303,
6_dB_id_06_00000304.png,abnormal,,,,,,train,304,
6_dB_id_06_00000305.png,abnormal,,,,,,train,305,
6_dB_id_06_00000306.png,abnormal,,,,,,train,306,
6_dB_id_06_00000307.png,abnormal,,,,,,train,307,
6_dB_id_06_00000308.png,abnormal,,,,,,train,308,
6_dB_id_06_00000309.png,abnormal,,,,,,train,309,
6_dB_id_06_00000310.png,abnormal,,,,,,train,310,
6_dB_id_06_00000311.png,abnormal,,,,,,train,311,
6_dB_id_06_00000312.png,abnormal,,,,,,train,312,
6_dB_id_06_00000313.png,abnormal,,,,,,train,313,
6_dB_id_06_00000314.png,abnormal,,,,,,train,314,
6_dB_id_06_00000315.png,abnormal,,,,,,train,315,
6_dB_id_06_00000316.png,abnormal,,,,,,train,316,
6_dB_id_06_00000317.png,abnormal,,,,,,train,317,
6_dB_id_06_00000318.png,abnormal,,,,,,train,318,
6_dB_id_06_00000319.png,abnormal,,,,,,train,319,
6_dB_id_06_00000320.png,abnormal,,,,,,train,320,
6_dB_id_06_00000321.png,abnormal,,,,,,train,321,
6_dB_id_06_00000322.png,abnormal,,,,,,train,322,
6_dB_id_06_00000323.png,abnormal,,,,,,train,323,
6_dB_id_06_00000324.png,abnormal,,,,,,train,324,
6_dB_id_06_00000325.png,abnormal,,,,,,train,325,
6_dB_id_06_00000326.png,abnormal,,,,,,train,326,
6_dB_id_06_00000327.png,abnormal,,,,,,train,327,
6_dB_id_06_00000328.png,abnormal,,,,,,train,328,
6_dB_id_06_00000329.png,abnormal,,,,,,train,329,
6_dB_id_06_00000330.png,abnormal,,,,,,train,330,
6_dB_id_06_00000331.png,abnormal,,,,,,train,331,
6_dB_id_06_00000332.png,abnormal,,,,,,train,332,
6_dB_id_06_00000333.png,abnormal,,,,,,train,333,
6_dB_id_06_00000334.png,abnormal,,,,,,train,334,
6_dB_id_06_00000335.png,abnormal,,,,,,train,335,
6_dB_id_06_00000336.png,abnormal,,,,,,train,336,
6_dB_id_06_00000337.png,abnormal,,,,,,train,337,
6_dB_id_06_00000338.png,abnormal,,,,,,train,338,
6_dB_id_06_00000339.png,abnormal,,,,,,train,339,
6_dB_id_06_00000340.png,abnormal,,,,,,train,340,
6_dB_id_06_00000341.png,abnormal,,,,,,train,341,
6_dB_id_06_00000342.png,abnormal,,,,,,train,342,
6_dB_id_06_00000343.png,abnormal,,,,,,train,343,
6_dB_id_06_00000344.png,abnormal,,,,,,train,344,
6_dB_id_06_00000345.png,abnormal,,,,,,train,345,
6_dB_id_06_00000346.png,abnormal,,,,,,train,346,
6_dB_id_06_00000347.png,abnormal,,,,,,train,347,
6_dB_id_06_00000348.png,abnormal,,,,,,train,348,
6_dB_id_06_00000349.png,abnormal,,,,,,train,349,
6_dB_id_06_00000350.png,abnormal,,,,,,train,350,
6_dB_id_06_00000351.png,abnormal,,,,,,train,351,
6_dB_id_06_00000352.png,abnormal,,,,,,train,352,
6_dB_id_06_00000353.png,abnormal,,,,,,train,353,
6_dB_id_06_00000354.png,abnormal,,,,,,train,354,
6_dB_id_06_00000355.png,abnormal,,,,,,train,355,
6_dB_id_06_00000356.png,abnormal,,,,,,train,356,
6_dB_id_06_00000357.png,abnormal,,,,,,train,357,
6_dB_id_06_00000358.png,abnormal,,,,,,train,358,
6_dB_id_06_00000359.png,abnormal,,,,,,train,359,
6_dB_id_06_00000360.png,abnormal,,,,,,train,360,
0_dB_id_04_00000000.png,normal,,,,,,train,0,
0_dB_id_04_00000001.png,normal,,,,,,train,1,
0_dB_id_04_00000002.png,normal,,,,,,train,2,
0_dB_id_04_00000003.png,normal,,,,,,train,3,
0_dB_id_04_00000004.png,normal,,,,,,train,4,
0_dB_id_04_00000005.png,normal,,,,,,train,5,
0_dB_id_04_00000006.png,normal,,,,,,train,6,
0_dB_id_04_00000007.png,normal,,,,,,train,7,
0_dB_id_04_00000008.png,normal,,,,,,train,8,
0_dB_id_04_00000009.png,normal,,,,,,train,9,
0_dB_id_04_00000010.png,normal,,,,,,train,10,
0_dB_id_04_00000011.png,normal,,,,,,train,11,
0_dB_id_04_00000012.png,normal,,,,,,train,12,
0_dB_id_04_00000013.png,normal,,,,,,train,13,
0_dB_id_04_00000014.png,normal,,,,,,train,14,
0_dB_id_04_00000015.png,normal,,,,,,train,15,
0_dB_id_04_00000016.png,normal,,,,,,train,16,
0_dB_id_04_00000017.png,normal,,,,,,train,17,
0_dB_id_04_00000018.png,normal,,,,,,train,18,
0_dB_id_04_00000019.png,normal,,,,,,train,19,
0_dB_id_04_00000020.png,normal,,,,,,train,20,
0_dB_id_04_00000021.png,normal,,,,,,train,21,
0_dB_id_04_00000022.png,normal,,,,,,train,22,
0_dB_id_04_00000023.png,normal,,,,,,train,23,
0_dB_id_04_00000024.png,normal,,,,,,train,24,
0_dB_id_04_00000025.png,normal,,,,,,train,25,
0_dB_id_04_00000026.png,normal,,,,,,train,26,
0_dB_id_04_00000027.png,normal,,,,,,train,27,
0_dB_id_04_00000028.png,normal,,,,,,train,28,
0_dB_id_04_00000029.png,normal,,,,,,train,29,
0_dB_id_04_00000030.png,normal,,,,,,train,30,
0_dB_id_04_00000031.png,normal,,,,,,train,31,
0_dB_id_04_00000032.png,normal,,,,,,train,32,
0_dB_id_04_00000033.png,normal,,,,,,train,33,
0_dB_id_04_00000034.png,normal,,,,,,train,34,
0_dB_id_04_00000035.png,normal,,,,,,train,35,
0_dB_id_04_00000036.png,normal,,,,,,train,36,
0_dB_id_04_00000037.png,normal,,,,,,train,37,
0_dB_id_04_00000038.png,normal,,,,,,train,38,
0_dB_id_04_00000039.png,normal,,,,,,train,39,
0_dB_id_04_00000040.png,normal,,,,,,train,40,
0_dB_id_04_00000041.png,normal,,,,,,train,41,
0_dB_id_04_00000042.png,normal,,,,,,train,42,
0_dB_id_04_00000043.png,normal,,,,,,train,43,
0_dB_id_04_00000044.png,normal,,,,,,train,44,
0_dB_id_04_00000045.png,normal,,,,,,train,45,
0_dB_id_04_00000046.png,normal,,,,,,train,46,
0_dB_id_04_00000047.png,normal,,,,,,train,47,
0_dB_id_04_00000048.png,normal,,,,,,train,48,
0_dB_id_04_00000049.png,normal,,,,,,train,49,
0_dB_id_04_00000050.png,normal,,,,,,train,50,
0_dB_id_04_00000051.png,normal,,,,,,train,51,
0_dB_id_04_00000052.png,normal,,,,,,train,52,
0_dB_id_04_00000053.png,normal,,,,,,train,53,
0_dB_id_04_00000054.png,normal,,,,,,train,54,
0_dB_id_04_00000055.png,normal,,,,,,train,55,
0_dB_id_04_00000056.png,normal,,,,,,train,56,
0_dB_id_04_00000057.png,normal,,,,,,train,57,
0_dB_id_04_00000058.png,normal,,,,,,train,58,
0_dB_id_04_00000059.png,normal,,,,,,train,59,
0_dB_id_04_00000060.png,normal,,,,,,train,60,
0_dB_id_04_00000061.png,normal,,,,,,train,61,
0_dB_id_04_00000062.png,normal,,,,,,train,62,
0_dB_id_04_00000063.png,normal,,,,,,train,63,
0_dB_id_04_00000064.png,normal,,,,,,train,64,
0_dB_id_04_00000065.png,normal,,,,,,train,65,
0_dB_id_04_00000066.png,normal,,,,,,train,66,
0_dB_id_04_00000067.png,normal,,,,,,train,67,
0_dB_id_04_00000068.png,normal,,,,,,train,68,
0_dB_id_04_00000069.png,normal,,,,,,train,69,
0_dB_id_04_00000070.png,normal,,,,,,train,70,
0_dB_id_04_00000071.png,normal,,,,,,train,71,
0_dB_id_04_00000072.png,normal,,,,,,train,72,
0_dB_id_04_00000073.png,normal,,,,,,train,73,
0_dB_id_04_00000074.png,normal,,,,,,train,74,
0_dB_id_04_00000075.png,normal,,,,,,train,75,
0_dB_id_04_00000076.png,normal,,,,,,train,76,
0_dB_id_04_00000077.png,normal,,,,,,train,77,
0_dB_id_04_00000078.png,normal,,,,,,train,78,
0_dB_id_04_00000079.png,normal,,,,,,train,79,
0_dB_id_04_00000080.png,normal,,,,,,train,80,
0_dB_id_04_00000081.png,normal,,,,,,train,81,
0_dB_id_04_00000082.png,normal,,,,,,train,82,
0_dB_id_04_00000083.png,normal,,,,,,train,83,
0_dB_id_04_00000084.png,normal,,,,,,train,84,
0_dB_id_04_00000085.png,normal,,,,,,train,85,
0_dB_id_04_00000086.png,normal,,,,,,train,86,
0_dB_id_04_00000087.png,normal,,,,,,train,87,
0_dB_id_04_00000088.png,normal,,,,,,train,88,
0_dB_id_04_00000089.png,normal,,,,,,train,89,
0_dB_id_04_00000090.png,normal,,,,,,train,90,
0_dB_id_04_00000091.png,normal,,,,,,train,91,
0_dB_id_04_00000092.png,normal,,,,,,train,92,
0_dB_id_04_00000093.png,normal,,,,,,train,93,
0_dB_id_04_00000094.png,normal,,,,,,train,94,
0_dB_id_04_00000095.png,normal,,,,,,train,95,
0_dB_id_04_00000096.png,normal,,,,,,train,96,
0_dB_id_04_00000097.png,normal,,,,,,train,97,
0_dB_id_04_00000098.png,normal,,,,,,train,98,
0_dB_id_04_00000099.png,normal,,,,,,train,99,
0_dB_id_04_00000100.png,normal,,,,,,train,100,
0_dB_id_04_00000101.png,normal,,,,,,train,101,
0_dB_id_04_00000102.png,normal,,,,,,train,102,
0_dB_id_04_00000103.png,normal,,,,,,train,103,
0_dB_id_04_00000104.png,normal,,,,,,train,104,
0_dB_id_04_00000105.png,normal,,,,,,train,105,
0_dB_id_04_00000106.png,normal,,,,,,train,106,
0_dB_id_04_00000107.png,normal,,,,,,train,107,
0_dB_id_04_00000108.png,normal,,,,,,train,108,
0_dB_id_04_00000109.png,normal,,,,,,train,109,
0_dB_id_04_00000110.png,normal,,,,,,train,110,
0_dB_id_04_00000111.png,normal,,,,,,train,111,
0_dB_id_04_00000112.png,normal,,,,,,train,112,
0_dB_id_04_00000113.png,normal,,,,,,train,113,
0_dB_id_04_00000114.png,normal,,,,,,train,114,
0_dB_id_04_00000115.png,normal,,,,,,train,115,
0_dB_id_04_00000116.png,normal,,,,,,train,116,
0_dB_id_04_00000117.png,normal,,,,,,train,117,
0_dB_id_04_00000118.png,normal,,,,,,train,118,
0_dB_id_04_00000119.png,normal,,,,,,train,119,
0_dB_id_04_00000120.png,normal,,,,,,train,120,
0_dB_id_04_00000121.png,normal,,,,,,train,121,
0_dB_id_04_00000122.png,normal,,,,,,train,122,
0_dB_id_04_00000123.png,normal,,,,,,train,123,
0_dB_id_04_00000124.png,normal,,,,,,train,124,
0_dB_id_04_00000125.png,normal,,,,,,train,125,
0_dB_id_04_00000126.png,normal,,,,,,train,126,
0_dB_id_04_00000127.png,normal,,,,,,train,127,
0_dB_id_04_00000128.png,normal,,,,,,train,128,
0_dB_id_04_00000129.png,normal,,,,,,train,129,
0_dB_id_04_00000130.png,normal,,,,,,train,130,
0_dB_id_04_00000131.png,normal,,,,,,train,131,
0_dB_id_04_00000132.png,normal,,,,,,train,132,
0_dB_id_04_00000133.png,normal,,,,,,train,133,
0_dB_id_04_00000134.png,normal,,,,,,train,134,
0_dB_id_04_00000135.png,normal,,,,,,train,135,
0_dB_id_04_00000136.png,normal,,,,,,train,136,
0_dB_id_04_00000137.png,normal,,,,,,train,137,
0_dB_id_04_00000138.png,normal,,,,,,train,138,
0_dB_id_04_00000139.png,normal,,,,,,train,139,
0_dB_id_04_00000140.png,normal,,,,,,train,140,
0_dB_id_04_00000141.png,normal,,,,,,train,141,
0_dB_id_04_00000142.png,normal,,,,,,train,142,
0_dB_id_04_00000143.png,normal,,,,,,train,143,
0_dB_id_04_00000144.png,normal,,,,,,train,144,
0_dB_id_04_00000145.png,normal,,,,,,train,145,
0_dB_id_04_00000146.png,normal,,,,,,train,146,
0_dB_id_04_00000147.png,normal,,,,,,train,147,
0_dB_id_04_00000148.png,normal,,,,,,train,148,
0_dB_id_04_00000149.png,normal,,,,,,train,149,
0_dB_id_04_00000150.png,normal,,,,,,train,150,
0_dB_id_04_00000151.png,normal,,,,,,train,151,
0_dB_id_04_00000152.png,normal,,,,,,train,152,
0_dB_id_04_00000153.png,normal,,,,,,train,153,
0_dB_id_04_00000154.png,normal,,,,,,train,154,
0_dB_id_04_00000155.png,normal,,,,,,train,155,
0_dB_id_04_00000156.png,normal,,,,,,train,156,
0_dB_id_04_00000157.png,normal,,,,,,train,157,
0_dB_id_04_00000158.png,normal,,,,,,train,158,
0_dB_id_04_00000159.png,normal,,,,,,train,159,
0_dB_id_04_00000160.png,normal,,,,,,train,160,
0_dB_id_04_00000161.png,normal,,,,,,train,161,
0_dB_id_04_00000162.png,normal,,,,,,train,162,
0_dB_id_04_00000163.png,normal,,,,,,train,163,
0_dB_id_04_00000164.png,normal,,,,,,train,164,
0_dB_id_04_00000165.png,normal,,,,,,train,165,
0_dB_id_04_00000166.png,normal,,,,,,train,166,
0_dB_id_04_00000167.png,normal,,,,,,train,167,
0_dB_id_04_00000168.png,normal,,,,,,train,168,
0_dB_id_04_00000169.png,normal,,,,,,train,169,
0_dB_id_04_00000170.png,normal,,,,,,train,170,
0_dB_id_04_00000171.png,normal,,,,,,train,171,
0_dB_id_04_00000172.png,normal,,,,,,train,172,
0_dB_id_04_00000173.png,normal,,,,,,train,173,
0_dB_id_04_00000174.png,normal,,,,,,train,174,
0_dB_id_04_00000175.png,normal,,,,,,train,175,
0_dB_id_04_00000176.png,normal,,,,,,train,176,
0_dB_id_04_00000177.png,normal,,,,,,train,177,
0_dB_id_04_00000178.png,normal,,,,,,train,178,
0_dB_id_04_00000179.png,normal,,,,,,train,179,
0_dB_id_04_00000180.png,normal,,,,,,train,180,
0_dB_id_04_00000181.png,normal,,,,,,train,181,
0_dB_id_04_00000182.png,normal,,,,,,train,182,
0_dB_id_04_00000183.png,normal,,,,,,train,183,
0_dB_id_04_00000184.png,normal,,,,,,train,184,
0_dB_id_04_00000185.png,normal,,,,,,train,185,
0_dB_id_04_00000186.png,normal,,,,,,train,186,
0_dB_id_04_00000187.png,normal,,,,,,train,187,
0_dB_id_04_00000188.png,normal,,,,,,train,188,
0_dB_id_04_00000189.png,normal,,,,,,train,189,
0_dB_id_04_00000190.png,normal,,,,,,train,190,
0_dB_id_04_00000191.png,normal,,,,,,train,191,
0_dB_id_04_00000192.png,normal,,,,,,train,192,
0_dB_id_04_00000193.png,normal,,,,,,train,193,
0_dB_id_04_00000194.png,normal,,,,,,train,194,
0_dB_id_04_00000195.png,normal,,,,,,train,195,
0_dB_id_04_00000196.png,normal,,,,,,train,196,
0_dB_id_04_00000197.png,normal,,,,,,train,197,
0_dB_id_04_00000198.png,normal,,,,,,train,198,
0_dB_id_04_00000199.png,normal,,,,,,train,199,
0_dB_id_04_00000200.png,normal,,,,,,train,200,
0_dB_id_04_00000201.png,normal,,,,,,train,201,
0_dB_id_04_00000202.png,normal,,,,,,train,202,
0_dB_id_04_00000203.png,normal,,,,,,train,203,
0_dB_id_04_00000204.png,normal,,,,,,train,204,
0_dB_id_04_00000205.png,normal,,,,,,train,205,
0_dB_id_04_00000206.png,normal,,,,,,train,206,
0_dB_id_04_00000207.png,normal,,,,,,train,207,
0_dB_id_04_00000208.png,normal,,,,,,train,208,
0_dB_id_04_00000209.png,normal,,,,,,train,209,
0_dB_id_04_00000210.png,normal,,,,,,train,210,
0_dB_id_04_00000211.png,normal,,,,,,train,211,
0_dB_id_04_00000212.png,normal,,,,,,train,212,
0_dB_id_04_00000213.png,normal,,,,,,train,213,
0_dB_id_04_00000214.png,normal,,,,,,train,214,
0_dB_id_04_00000215.png,normal,,,,,,train,215,
0_dB_id_04_00000216.png,normal,,,,,,train,216,
0_dB_id_04_00000217.png,normal,,,,,,train,217,
0_dB_id_04_00000218.png,normal,,,,,,train,218,
0_dB_id_04_00000219.png,normal,,,,,,train,219,
0_dB_id_04_00000220.png,normal,,,,,,train,220,
0_dB_id_04_00000221.png,normal,,,,,,train,221,
0_dB_id_04_00000222.png,normal,,,,,,train,222,
0_dB_id_04_00000223.png,normal,,,,,,train,223,
0_dB_id_04_00000224.png,normal,,,,,,train,224,
0_dB_id_04_00000225.png,normal,,,,,,train,225,
0_dB_id_04_00000226.png,normal,,,,,,train,226,
0_dB_id_04_00000227.png,normal,,,,,,train,227,
0_dB_id_04_00000228.png,normal,,,,,,train,228,
0_dB_id_04_00000229.png,normal,,,,,,train,229,
0_dB_id_04_00000230.png,normal,,,,,,train,230,
0_dB_id_04_00000231.png,normal,,,,,,train,231,
0_dB_id_04_00000232.png,normal,,,,,,train,232,
0_dB_id_04_00000233.png,normal,,,,,,train,233,
0_dB_id_04_00000234.png,normal,,,,,,train,234,
0_dB_id_04_00000235.png,normal,,,,,,train,235,
0_dB_id_04_00000236.png,normal,,,,,,train,236,
0_dB_id_04_00000237.png,normal,,,,,,train,237,
0_dB_id_04_00000238.png,normal,,,,,,train,238,
0_dB_id_04_00000239.png,normal,,,,,,train,239,
0_dB_id_04_00000240.png,normal,,,,,,train,240,
0_dB_id_04_00000241.png,normal,,,,,,train,241,
0_dB_id_04_00000242.png,normal,,,,,,train,242,
0_dB_id_04_00000243.png,normal,,,,,,train,243,
0_dB_id_04_00000244.png,normal,,,,,,train,244,
0_dB_id_04_00000245.png,normal,,,,,,train,245,
0_dB_id_04_00000246.png,normal,,,,,,train,246,
0_dB_id_04_00000247.png,normal,,,,,,train,247,
0_dB_id_04_00000248.png,normal,,,,,,train,248,
0_dB_id_04_00000249.png,normal,,,,,,train,249,
0_dB_id_04_00000250.png,normal,,,,,,train,250,
0_dB_id_04_00000251.png,normal,,,,,,train,251,
0_dB_id_04_00000252.png,normal,,,,,,train,252,
0_dB_id_04_00000253.png,normal,,,,,,train,253,
0_dB_id_04_00000254.png,normal,,,,,,train,254,
0_dB_id_04_00000255.png,normal,,,,,,train,255,
0_dB_id_04_00000256.png,normal,,,,,,train,256,
0_dB_id_04_00000257.png,normal,,,,,,train,257,
0_dB_id_04_00000258.png,normal,,,,,,train,258,
0_dB_id_04_00000259.png,normal,,,,,,train,259,
0_dB_id_04_00000260.png,normal,,,,,,train,260,
0_dB_id_04_00000261.png,normal,,,,,,train,261,
0_dB_id_04_00000262.png,normal,,,,,,train,262,
0_dB_id_04_00000263.png,normal,,,,,,train,263,
0_dB_id_04_00000264.png,normal,,,,,,train,264,
0_dB_id_04_00000265.png,normal,,,,,,train,265,
0_dB_id_04_00000266.png,normal,,,,,,train,266,
0_dB_id_04_00000267.png,normal,,,,,,train,267,
0_dB_id_04_00000268.png,normal,,,,,,train,268,
0_dB_id_04_00000269.png,normal,,,,,,train,269,
0_dB_id_04_00000270.png,normal,,,,,,train,270,
0_dB_id_04_00000271.png,normal,,,,,,train,271,
0_dB_id_04_00000272.png,normal,,,,,,train,272,
0_dB_id_04_00000273.png,normal,,,,,,train,273,
0_dB_id_04_00000274.png,normal,,,,,,train,274,
0_dB_id_04_00000275.png,normal,,,,,,train,275,
0_dB_id_04_00000276.png,normal,,,,,,train,276,
0_dB_id_04_00000277.png,normal,,,,,,train,277,
0_dB_id_04_00000278.png,normal,,,,,,train,278,
0_dB_id_04_00000279.png,normal,,,,,,train,279,
0_dB_id_04_00000280.png,normal,,,,,,train,280,
0_dB_id_04_00000281.png,normal,,,,,,train,281,
0_dB_id_04_00000282.png,normal,,,,,,train,282,
0_dB_id_04_00000283.png,normal,,,,,,train,283,
0_dB_id_04_00000284.png,normal,,,,,,train,284,
0_dB_id_04_00000285.png,normal,,,,,,train,285,
0_dB_id_04_00000286.png,normal,,,,,,train,286,
0_dB_id_04_00000287.png,normal,,,,,,train,287,
0_dB_id_04_00000288.png,normal,,,,,,train,288,
0_dB_id_04_00000289.png,normal,,,,,,train,289,
0_dB_id_04_00000290.png,normal,,,,,,train,290,
0_dB_id_04_00000291.png,normal,,,,,,train,291,
0_dB_id_04_00000292.png,normal,,,,,,train,292,
0_dB_id_04_00000293.png,normal,,,,,,train,293,
0_dB_id_04_00000294.png,normal,,,,,,train,294,
0_dB_id_04_00000295.png,normal,,,,,,train,295,
0_dB_id_04_00000296.png,normal,,,,,,train,296,
0_dB_id_04_00000297.png,normal,,,,,,train,297,
0_dB_id_04_00000298.png,normal,,,,,,train,298,
0_dB_id_04_00000299.png,normal,,,,,,train,299,
0_dB_id_04_00000300.png,normal,,,,,,train,300,
0_dB_id_04_00000301.png,normal,,,,,,train,301,
0_dB_id_04_00000302.png,normal,,,,,,train,302,
0_dB_id_04_00000303.png,normal,,,,,,train,303,
0_dB_id_04_00000304.png,normal,,,,,,train,304,
0_dB_id_04_00000305.png,normal,,,,,,train,305,
0_dB_id_04_00000306.png,normal,,,,,,train,306,
0_dB_id_04_00000307.png,normal,,,,,,train,307,
0_dB_id_04_00000308.png,normal,,,,,,train,308,
0_dB_id_04_00000309.png,normal,,,,,,train,309,
0_dB_id_04_00000310.png,normal,,,,,,train,310,
0_dB_id_04_00000311.png,normal,,,,,,train,311,
0_dB_id_04_00000312.png,normal,,,,,,train,312,
0_dB_id_04_00000313.png,normal,,,,,,train,313,
0_dB_id_04_00000314.png,normal,,,,,,train,314,
0_dB_id_04_00000315.png,normal,,,,,,train,315,
0_dB_id_04_00000316.png,normal,,,,,,train,316,
0_dB_id_04_00000317.png,normal,,,,,,train,317,
0_dB_id_04_00000318.png,normal,,,,,,train,318,
0_dB_id_04_00000319.png,normal,,,,,,train,319,
0_dB_id_04_00000320.png,normal,,,,,,train,320,
0_dB_id_04_00000321.png,normal,,,,,,train,321,
0_dB_id_04_00000322.png,normal,,,,,,train,322,
0_dB_id_04_00000323.png,normal,,,,,,train,323,
0_dB_id_04_00000324.png,normal,,,,,,train,324,
0_dB_id_04_00000325.png,normal,,,,,,train,325,
0_dB_id_04_00000326.png,normal,,,,,,train,326,
0_dB_id_04_00000327.png,normal,,,,,,train,327,
0_dB_id_04_00000328.png,normal,,,,,,train,328,
0_dB_id_04_00000329.png,normal,,,,,,train,329,
0_dB_id_04_00000330.png,normal,,,,,,train,330,
0_dB_id_04_00000331.png,normal,,,,,,train,331,
0_dB_id_04_00000332.png,normal,,,,,,train,332,
0_dB_id_04_00000333.png,normal,,,,,,train,333,
0_dB_id_04_00000334.png,normal,,,,,,train,334,
0_dB_id_04_00000335.png,normal,,,,,,train,335,
0_dB_id_04_00000336.png,normal,,,,,,train,336,
0_dB_id_04_00000337.png,normal,,,,,,train,337,
0_dB_id_04_00000338.png,normal,,,,,,train,338,
0_dB_id_04_00000339.png,normal,,,,,,train,339,
0_dB_id_04_00000340.png,normal,,,,,,train,340,
0_dB_id_04_00000341.png,normal,,,,,,train,341,
0_dB_id_04_00000342.png,normal,,,,,,train,342,
0_dB_id_04_00000343.png,normal,,,,,,train,343,
0_dB_id_04_00000344.png,normal,,,,,,train,344,
0_dB_id_04_00000345.png,normal,,,,,,train,345,
0_dB_id_04_00000346.png,normal,,,,,,train,346,
0_dB_id_04_00000347.png,normal,,,,,,train,347,
0_dB_id_04_00000348.png,normal,,,,,,train,348,
0_dB_id_04_00000349.png,normal,,,,,,train,349,
0_dB_id_04_00000350.png,normal,,,,,,train,350,
0_dB_id_04_00000351.png,normal,,,,,,train,351,
0_dB_id_04_00000352.png,normal,,,,,,train,352,
0_dB_id_04_00000353.png,normal,,,,,,train,353,
0_dB_id_04_00000354.png,normal,,,,,,train,354,
0_dB_id_04_00000355.png,normal,,,,,,train,355,
0_dB_id_04_00000356.png,normal,,,,,,train,356,
0_dB_id_04_00000357.png,normal,,,,,,train,357,
0_dB_id_04_00000358.png,normal,,,,,,train,358,
0_dB_id_04_00000359.png,normal,,,,,,train,359,
0_dB_id_04_00000360.png,normal,,,,,,train,360,
0_dB_id_04_00000361.png,normal,,,,,,train,361,
0_dB_id_04_00000362.png,normal,,,,,,train,362,
0_dB_id_04_00000363.png,normal,,,,,,train,363,
0_dB_id_04_00000364.png,normal,,,,,,train,364,
0_dB_id_04_00000365.png,normal,,,,,,train,365,
0_dB_id_04_00000366.png,normal,,,,,,train,366,
0_dB_id_04_00000367.png,normal,,,,,,train,367,
0_dB_id_04_00000368.png,normal,,,,,,train,368,
0_dB_id_04_00000369.png,normal,,,,,,train,369,
0_dB_id_04_00000370.png,normal,,,,,,train,370,
0_dB_id_04_00000371.png,normal,,,,,,train,371,
0_dB_id_04_00000372.png,normal,,,,,,train,372,
0_dB_id_04_00000373.png,normal,,,,,,train,373,
0_dB_id_04_00000374.png,normal,,,,,,train,374,
0_dB_id_04_00000375.png,normal,,,,,,train,375,
0_dB_id_04_00000376.png,normal,,,,,,train,376,
0_dB_id_04_00000377.png,normal,,,,,,train,377,
0_dB_id_04_00000378.png,normal,,,,,,train,378,
0_dB_id_04_00000379.png,normal,,,,,,train,379,
0_dB_id_04_00000380.png,normal,,,,,,train,380,
0_dB_id_04_00000381.png,normal,,,,,,train,381,
0_dB_id_04_00000382.png,normal,,,,,,train,382,
0_dB_id_04_00000383.png,normal,,,,,,train,383,
0_dB_id_04_00000384.png,normal,,,,,,train,384,
0_dB_id_04_00000385.png,normal,,,,,,train,385,
0_dB_id_04_00000386.png,normal,,,,,,train,386,
0_dB_id_04_00000387.png,normal,,,,,,train,387,
0_dB_id_04_00000388.png,normal,,,,,,train,388,
0_dB_id_04_00000389.png,normal,,,,,,train,389,
0_dB_id_04_00000390.png,normal,,,,,,train,390,
0_dB_id_04_00000391.png,normal,,,,,,train,391,
0_dB_id_04_00000392.png,normal,,,,,,train,392,
0_dB_id_04_00000393.png,normal,,,,,,train,393,
0_dB_id_04_00000394.png,normal,,,,,,train,394,
0_dB_id_04_00000395.png,normal,,,,,,train,395,
0_dB_id_04_00000396.png,normal,,,,,,train,396,
0_dB_id_04_00000397.png,normal,,,,,,train,397,
0_dB_id_04_00000398.png,normal,,,,,,train,398,
0_dB_id_04_00000399.png,normal,,,,,,train,399,
0_dB_id_04_00000400.png,normal,,,,,,train,400,
0_dB_id_04_00000401.png,normal,,,,,,train,401,
0_dB_id_04_00000402.png,normal,,,,,,train,402,
0_dB_id_04_00000403.png,normal,,,,,,train,403,
0_dB_id_04_00000404.png,normal,,,,,,train,404,
0_dB_id_04_00000405.png,normal,,,,,,train,405,
0_dB_id_04_00000406.png,normal,,,,,,train,406,
0_dB_id_04_00000407.png,normal,,,,,,train,407,
0_dB_id_04_00000408.png,normal,,,,,,train,408,
0_dB_id_04_00000409.png,normal,,,,,,train,409,
0_dB_id_04_00000410.png,normal,,,,,,train,410,
0_dB_id_04_00000411.png,normal,,,,,,train,411,
0_dB_id_04_00000412.png,normal,,,,,,train,412,
0_dB_id_04_00000413.png,normal,,,,,,train,413,
0_dB_id_04_00000414.png,normal,,,,,,train,414,
0_dB_id_04_00000415.png,normal,,,,,,train,415,
0_dB_id_04_00000416.png,normal,,,,,,train,416,
0_dB_id_04_00000417.png,normal,,,,,,train,417,
0_dB_id_04_00000418.png,normal,,,,,,train,418,
0_dB_id_04_00000419.png,normal,,,,,,train,419,
0_dB_id_04_00000420.png,normal,,,,,,train,420,
0_dB_id_04_00000421.png,normal,,,,,,train,421,
0_dB_id_04_00000422.png,normal,,,,,,train,422,
0_dB_id_04_00000423.png,normal,,,,,,train,423,
0_dB_id_04_00000424.png,normal,,,,,,train,424,
0_dB_id_04_00000425.png,normal,,,,,,train,425,
0_dB_id_04_00000426.png,normal,,,,,,train,426,
0_dB_id_04_00000427.png,normal,,,,,,train,427,
0_dB_id_04_00000428.png,normal,,,,,,train,428,
0_dB_id_04_00000429.png,normal,,,,,,train,429,
0_dB_id_04_00000430.png,normal,,,,,,train,430,
0_dB_id_04_00000431.png,normal,,,,,,train,431,
0_dB_id_04_00000432.png,normal,,,,,,train,432,
0_dB_id_04_00000433.png,normal,,,,,,train,433,
0_dB_id_04_00000434.png,normal,,,,,,train,434,
0_dB_id_04_00000435.png,normal,,,,,,train,435,
0_dB_id_04_00000436.png,normal,,,,,,train,436,
0_dB_id_04_00000437.png,normal,,,,,,train,437,
0_dB_id_04_00000438.png,normal,,,,,,train,438,
0_dB_id_04_00000439.png,normal,,,,,,train,439,
0_dB_id_04_00000440.png,normal,,,,,,train,440,
0_dB_id_04_00000441.png,normal,,,,,,train,441,
0_dB_id_04_00000442.png,normal,,,,,,train,442,
0_dB_id_04_00000443.png,normal,,,,,,train,443,
0_dB_id_04_00000444.png,normal,,,,,,train,444,
0_dB_id_04_00000445.png,normal,,,,,,train,445,
0_dB_id_04_00000446.png,normal,,,,,,train,446,
0_dB_id_04_00000447.png,normal,,,,,,train,447,
0_dB_id_04_00000448.png,normal,,,,,,train,448,
0_dB_id_04_00000449.png,normal,,,,,,train,449,
0_dB_id_04_00000450.png,normal,,,,,,train,450,
0_dB_id_04_00000451.png,normal,,,,,,train,451,
0_dB_id_04_00000452.png,normal,,,,,,train,452,
0_dB_id_04_00000453.png,normal,,,,,,train,453,
0_dB_id_04_00000454.png,normal,,,,,,train,454,
0_dB_id_04_00000455.png,normal,,,,,,train,455,
0_dB_id_04_00000456.png,normal,,,,,,train,456,
0_dB_id_04_00000457.png,normal,,,,,,train,457,
0_dB_id_04_00000458.png,normal,,,,,,train,458,
0_dB_id_04_00000459.png,normal,,,,,,train,459,
0_dB_id_04_00000460.png,normal,,,,,,train,460,
0_dB_id_04_00000461.png,normal,,,,,,train,461,
0_dB_id_04_00000462.png,normal,,,,,,train,462,
0_dB_id_04_00000463.png,normal,,,,,,train,463,
0_dB_id_04_00000464.png,normal,,,,,,train,464,
0_dB_id_04_00000465.png,normal,,,,,,train,465,
0_dB_id_04_00000466.png,normal,,,,,,train,466,
0_dB_id_04_00000467.png,normal,,,,,,train,467,
0_dB_id_04_00000468.png,normal,,,,,,train,468,
0_dB_id_04_00000469.png,normal,,,,,,train,469,
0_dB_id_04_00000470.png,normal,,,,,,train,470,
0_dB_id_04_00000471.png,normal,,,,,,train,471,
0_dB_id_04_00000472.png,normal,,,,,,train,472,
0_dB_id_04_00000473.png,normal,,,,,,train,473,
0_dB_id_04_00000474.png,normal,,,,,,train,474,
0_dB_id_04_00000475.png,normal,,,,,,train,475,
0_dB_id_04_00000476.png,normal,,,,,,train,476,
0_dB_id_04_00000477.png,normal,,,,,,train,477,
0_dB_id_04_00000478.png,normal,,,,,,train,478,
0_dB_id_04_00000479.png,normal,,,,,,train,479,
0_dB_id_04_00000480.png,normal,,,,,,train,480,
0_dB_id_04_00000481.png,normal,,,,,,train,481,
0_dB_id_04_00000482.png,normal,,,,,,train,482,
0_dB_id_04_00000483.png,normal,,,,,,train,483,
0_dB_id_04_00000484.png,normal,,,,,,train,484,
0_dB_id_04_00000485.png,normal,,,,,,train,485,
0_dB_id_04_00000486.png,normal,,,,,,train,486,
0_dB_id_04_00000487.png,normal,,,,,,train,487,
0_dB_id_04_00000488.png,normal,,,,,,train,488,
0_dB_id_04_00000489.png,normal,,,,,,train,489,
0_dB_id_04_00000490.png,normal,,,,,,train,490,
0_dB_id_04_00000491.png,normal,,,,,,train,491,
0_dB_id_04_00000492.png,normal,,,,,,train,492,
0_dB_id_04_00000493.png,normal,,,,,,train,493,
0_dB_id_04_00000494.png,normal,,,,,,train,494,
0_dB_id_04_00000495.png,normal,,,,,,train,495,
0_dB_id_04_00000496.png,normal,,,,,,train,496,
0_dB_id_04_00000497.png,normal,,,,,,train,497,
0_dB_id_04_00000498.png,normal,,,,,,train,498,
0_dB_id_04_00000499.png,normal,,,,,,train,499,
0_dB_id_04_00000500.png,normal,,,,,,train,500,
0_dB_id_04_00000501.png,normal,,,,,,train,501,
0_dB_id_04_00000502.png,normal,,,,,,train,502,
0_dB_id_04_00000503.png,normal,,,,,,train,503,
0_dB_id_04_00000504.png,normal,,,,,,train,504,
0_dB_id_04_00000505.png,normal,,,,,,train,505,
0_dB_id_04_00000506.png,normal,,,,,,train,506,
0_dB_id_04_00000507.png,normal,,,,,,train,507,
0_dB_id_04_00000508.png,normal,,,,,,train,508,
0_dB_id_04_00000509.png,normal,,,,,,train,509,
0_dB_id_04_00000510.png,normal,,,,,,train,510,
0_dB_id_04_00000511.png,normal,,,,,,train,511,
0_dB_id_04_00000512.png,normal,,,,,,train,512,
0_dB_id_04_00000513.png,normal,,,,,,train,513,
0_dB_id_04_00000514.png,normal,,,,,,train,514,
0_dB_id_04_00000515.png,normal,,,,,,train,515,
0_dB_id_04_00000516.png,normal,,,,,,train,516,
0_dB_id_04_00000517.png,normal,,,,,,train,517,
0_dB_id_04_00000518.png,normal,,,,,,train,518,
0_dB_id_04_00000519.png,normal,,,,,,train,519,
0_dB_id_04_00000520.png,normal,,,,,,train,520,
0_dB_id_04_00000521.png,normal,,,,,,train,521,
0_dB_id_04_00000522.png,normal,,,,,,train,522,
0_dB_id_04_00000523.png,normal,,,,,,train,523,
0_dB_id_04_00000524.png,normal,,,,,,train,524,
0_dB_id_04_00000525.png,normal,,,,,,train,525,
0_dB_id_04_00000526.png,normal,,,,,,train,526,
0_dB_id_04_00000527.png,normal,,,,,,train,527,
0_dB_id_04_00000528.png,normal,,,,,,train,528,
0_dB_id_04_00000529.png,normal,,,,,,train,529,
0_dB_id_04_00000530.png,normal,,,,,,train,530,
0_dB_id_04_00000531.png,normal,,,,,,train,531,
0_dB_id_04_00000532.png,normal,,,,,,train,532,
0_dB_id_04_00000533.png,normal,,,,,,train,533,
0_dB_id_04_00000534.png,normal,,,,,,train,534,
0_dB_id_04_00000535.png,normal,,,,,,train,535,
0_dB_id_04_00000536.png,normal,,,,,,train,536,
0_dB_id_04_00000537.png,normal,,,,,,train,537,
0_dB_id_04_00000538.png,normal,,,,,,train,538,
0_dB_id_04_00000539.png,normal,,,,,,train,539,
0_dB_id_04_00000540.png,normal,,,,,,train,540,
0_dB_id_04_00000541.png,normal,,,,,,train,541,
0_dB_id_04_00000542.png,normal,,,,,,train,542,
0_dB_id_04_00000543.png,normal,,,,,,train,543,
0_dB_id_04_00000544.png,normal,,,,,,train,544,
0_dB_id_04_00000545.png,normal,,,,,,train,545,
0_dB_id_04_00000546.png,normal,,,,,,train,546,
0_dB_id_04_00000547.png,normal,,,,,,train,547,
0_dB_id_04_00000548.png,normal,,,,,,train,548,
0_dB_id_04_00000549.png,normal,,,,,,train,549,
0_dB_id_04_00000550.png,normal,,,,,,train,550,
0_dB_id_04_00000551.png,normal,,,,,,train,551,
0_dB_id_04_00000552.png,normal,,,,,,train,552,
0_dB_id_04_00000553.png,normal,,,,,,train,553,
0_dB_id_04_00000554.png,normal,,,,,,train,554,
0_dB_id_04_00000555.png,normal,,,,,,train,555,
0_dB_id_04_00000556.png,normal,,,,,,train,556,
0_dB_id_04_00000557.png,normal,,,,,,train,557,
0_dB_id_04_00000558.png,normal,,,,,,train,558,
0_dB_id_04_00000559.png,normal,,,,,,train,559,
0_dB_id_04_00000560.png,normal,,,,,,train,560,
0_dB_id_04_00000561.png,normal,,,,,,train,561,
0_dB_id_04_00000562.png,normal,,,,,,train,562,
0_dB_id_04_00000563.png,normal,,,,,,train,563,
0_dB_id_04_00000564.png,normal,,,,,,train,564,
0_dB_id_04_00000565.png,normal,,,,,,train,565,
0_dB_id_04_00000566.png,normal,,,,,,train,566,
0_dB_id_04_00000567.png,normal,,,,,,train,567,
0_dB_id_04_00000568.png,normal,,,,,,train,568,
0_dB_id_04_00000569.png,normal,,,,,,train,569,
0_dB_id_04_00000570.png,normal,,,,,,train,570,
0_dB_id_04_00000571.png,normal,,,,,,train,571,
0_dB_id_04_00000572.png,normal,,,,,,train,572,
0_dB_id_04_00000573.png,normal,,,,,,train,573,
0_dB_id_04_00000574.png,normal,,,,,,train,574,
0_dB_id_04_00000575.png,normal,,,,,,train,575,
0_dB_id_04_00000576.png,normal,,,,,,train,576,
0_dB_id_04_00000577.png,normal,,,,,,train,577,
0_dB_id_04_00000578.png,normal,,,,,,train,578,
0_dB_id_04_00000579.png,normal,,,,,,train,579,
0_dB_id_04_00000580.png,normal,,,,,,train,580,
0_dB_id_04_00000581.png,normal,,,,,,train,581,
0_dB_id_04_00000582.png,normal,,,,,,train,582,
0_dB_id_04_00000583.png,normal,,,,,,train,583,
0_dB_id_04_00000584.png,normal,,,,,,train,584,
0_dB_id_04_00000585.png,normal,,,,,,train,585,
0_dB_id_04_00000586.png,normal,,,,,,train,586,
0_dB_id_04_00000587.png,normal,,,,,,train,587,
0_dB_id_04_00000588.png,normal,,,,,,train,588,
0_dB_id_04_00000589.png,normal,,,,,,train,589,
0_dB_id_04_00000590.png,normal,,,,,,train,590,
0_dB_id_04_00000591.png,normal,,,,,,train,591,
0_dB_id_04_00000592.png,normal,,,,,,train,592,
0_dB_id_04_00000593.png,normal,,,,,,train,593,
0_dB_id_04_00000594.png,normal,,,,,,train,594,
0_dB_id_04_00000595.png,normal,,,,,,train,595,
0_dB_id_04_00000596.png,normal,,,,,,train,596,
0_dB_id_04_00000597.png,normal,,,,,,train,597,
0_dB_id_04_00000598.png,normal,,,,,,train,598,
0_dB_id_04_00000599.png,normal,,,,,,train,599,
0_dB_id_04_00000600.png,normal,,,,,,train,600,
0_dB_id_04_00000601.png,normal,,,,,,train,601,
0_dB_id_04_00000602.png,normal,,,,,,train,602,
0_dB_id_04_00000603.png,normal,,,,,,train,603,
0_dB_id_04_00000604.png,normal,,,,,,train,604,
0_dB_id_04_00000605.png,normal,,,,,,train,605,
0_dB_id_04_00000606.png,normal,,,,,,train,606,
0_dB_id_04_00000607.png,normal,,,,,,train,607,
0_dB_id_04_00000608.png,normal,,,,,,train,608,
0_dB_id_04_00000609.png,normal,,,,,,train,609,
0_dB_id_04_00000610.png,normal,,,,,,train,610,
0_dB_id_04_00000611.png,normal,,,,,,train,611,
0_dB_id_04_00000612.png,normal,,,,,,train,612,
0_dB_id_04_00000613.png,normal,,,,,,train,613,
0_dB_id_04_00000614.png,normal,,,,,,train,614,
0_dB_id_04_00000615.png,normal,,,,,,train,615,
0_dB_id_04_00000616.png,normal,,,,,,train,616,
0_dB_id_04_00000617.png,normal,,,,,,train,617,
0_dB_id_04_00000618.png,normal,,,,,,train,618,
0_dB_id_04_00000619.png,normal,,,,,,train,619,
0_dB_id_04_00000620.png,normal,,,,,,train,620,
0_dB_id_04_00000621.png,normal,,,,,,train,621,
0_dB_id_04_00000622.png,normal,,,,,,train,622,
0_dB_id_04_00000623.png,normal,,,,,,train,623,
0_dB_id_04_00000624.png,normal,,,,,,train,624,
0_dB_id_04_00000625.png,normal,,,,,,train,625,
0_dB_id_04_00000626.png,normal,,,,,,train,626,
0_dB_id_04_00000627.png,normal,,,,,,train,627,
0_dB_id_04_00000628.png,normal,,,,,,train,628,
0_dB_id_04_00000629.png,normal,,,,,,train,629,
0_dB_id_04_00000630.png,normal,,,,,,train,630,
0_dB_id_04_00000631.png,normal,,,,,,train,631,
0_dB_id_04_00000632.png,normal,,,,,,train,632,
0_dB_id_04_00000633.png,normal,,,,,,train,633,
0_dB_id_04_00000634.png,normal,,,,,,train,634,
0_dB_id_04_00000635.png,normal,,,,,,train,635,
0_dB_id_04_00000636.png,normal,,,,,,train,636,
0_dB_id_04_00000637.png,normal,,,,,,train,637,
0_dB_id_04_00000638.png,normal,,,,,,train,638,
0_dB_id_04_00000639.png,normal,,,,,,train,639,
0_dB_id_04_00000640.png,normal,,,,,,train,640,
0_dB_id_04_00000641.png,normal,,,,,,train,641,
0_dB_id_04_00000642.png,normal,,,,,,train,642,
0_dB_id_04_00000643.png,normal,,,,,,train,643,
0_dB_id_04_00000644.png,normal,,,,,,train,644,
0_dB_id_04_00000645.png,normal,,,,,,train,645,
0_dB_id_04_00000646.png,normal,,,,,,train,646,
0_dB_id_04_00000647.png,normal,,,,,,train,647,
0_dB_id_04_00000648.png,normal,,,,,,train,648,
0_dB_id_04_00000649.png,normal,,,,,,train,649,
0_dB_id_04_00000650.png,normal,,,,,,train,650,
0_dB_id_04_00000651.png,normal,,,,,,train,651,
0_dB_id_04_00000652.png,normal,,,,,,train,652,
0_dB_id_04_00000653.png,normal,,,,,,train,653,
0_dB_id_04_00000654.png,normal,,,,,,train,654,
0_dB_id_04_00000655.png,normal,,,,,,train,655,
0_dB_id_04_00000656.png,normal,,,,,,train,656,
0_dB_id_04_00000657.png,normal,,,,,,train,657,
0_dB_id_04_00000658.png,normal,,,,,,train,658,
0_dB_id_04_00000659.png,normal,,,,,,train,659,
0_dB_id_04_00000660.png,normal,,,,,,train,660,
0_dB_id_04_00000661.png,normal,,,,,,train,661,
0_dB_id_04_00000662.png,normal,,,,,,train,662,
0_dB_id_04_00000663.png,normal,,,,,,train,663,
0_dB_id_04_00000664.png,normal,,,,,,train,664,
0_dB_id_04_00000665.png,normal,,,,,,train,665,
0_dB_id_04_00000666.png,normal,,,,,,train,666,
0_dB_id_04_00000667.png,normal,,,,,,train,667,
0_dB_id_04_00000668.png,normal,,,,,,train,668,
0_dB_id_04_00000669.png,normal,,,,,,train,669,
0_dB_id_04_00000670.png,normal,,,,,,train,670,
0_dB_id_04_00000671.png,normal,,,,,,train,671,
0_dB_id_04_00000672.png,normal,,,,,,train,672,
0_dB_id_04_00000673.png,normal,,,,,,train,673,
0_dB_id_04_00000674.png,normal,,,,,,train,674,
0_dB_id_04_00000675.png,normal,,,,,,train,675,
0_dB_id_04_00000676.png,normal,,,,,,train,676,
0_dB_id_04_00000677.png,normal,,,,,,train,677,
0_dB_id_04_00000678.png,normal,,,,,,train,678,
0_dB_id_04_00000679.png,normal,,,,,,train,679,
0_dB_id_04_00000680.png,normal,,,,,,train,680,
0_dB_id_04_00000681.png,normal,,,,,,train,681,
0_dB_id_04_00000682.png,normal,,,,,,train,682,
0_dB_id_04_00000683.png,normal,,,,,,train,683,
0_dB_id_04_00000684.png,normal,,,,,,train,684,
0_dB_id_04_00000685.png,normal,,,,,,train,685,
0_dB_id_04_00000686.png,normal,,,,,,train,686,
0_dB_id_04_00000687.png,normal,,,,,,train,687,
0_dB_id_04_00000688.png,normal,,,,,,train,688,
0_dB_id_04_00000689.png,normal,,,,,,train,689,
0_dB_id_04_00000690.png,normal,,,,,,train,690,
0_dB_id_04_00000691.png,normal,,,,,,train,691,
0_dB_id_04_00000692.png,normal,,,,,,train,692,
0_dB_id_04_00000693.png,normal,,,,,,train,693,
0_dB_id_04_00000694.png,normal,,,,,,train,694,
0_dB_id_04_00000695.png,normal,,,,,,train,695,
0_dB_id_04_00000696.png,normal,,,,,,train,696,
0_dB_id_04_00000697.png,normal,,,,,,train,697,
0_dB_id_04_00000698.png,normal,,,,,,train,698,
0_dB_id_04_00000699.png,normal,,,,,,train,699,
0_dB_id_04_00000700.png,normal,,,,,,train,700,
0_dB_id_04_00000701.png,normal,,,,,,train,701,
0_dB_id_04_00000702.png,normal,,,,,,train,702,
0_dB_id_04_00000703.png,normal,,,,,,train,703,
0_dB_id_04_00000704.png,normal,,,,,,train,704,
0_dB_id_04_00000705.png,normal,,,,,,train,705,
0_dB_id_04_00000706.png,normal,,,,,,train,706,
0_dB_id_04_00000707.png,normal,,,,,,train,707,
0_dB_id_04_00000708.png,normal,,,,,,train,708,
0_dB_id_04_00000709.png,normal,,,,,,train,709,
0_dB_id_04_00000710.png,normal,,,,,,train,710,
0_dB_id_04_00000711.png,normal,,,,,,train,711,
0_dB_id_04_00000712.png,normal,,,,,,train,712,
0_dB_id_04_00000713.png,normal,,,,,,train,713,
0_dB_id_04_00000714.png,normal,,,,,,train,714,
0_dB_id_04_00000715.png,normal,,,,,,train,715,
0_dB_id_04_00000716.png,normal,,,,,,train,716,
0_dB_id_04_00000717.png,normal,,,,,,train,717,
0_dB_id_04_00000718.png,normal,,,,,,train,718,
0_dB_id_04_00000719.png,normal,,,,,,train,719,
0_dB_id_04_00000720.png,normal,,,,,,train,720,
0_dB_id_04_00000721.png,normal,,,,,,train,721,
0_dB_id_04_00000722.png,normal,,,,,,train,722,
0_dB_id_04_00000723.png,normal,,,,,,train,723,
0_dB_id_04_00000724.png,normal,,,,,,train,724,
0_dB_id_04_00000725.png,normal,,,,,,train,725,
0_dB_id_04_00000726.png,normal,,,,,,train,726,
0_dB_id_04_00000727.png,normal,,,,,,train,727,
0_dB_id_04_00000728.png,normal,,,,,,train,728,
0_dB_id_04_00000729.png,normal,,,,,,train,729,
0_dB_id_04_00000730.png,normal,,,,,,train,730,
0_dB_id_04_00000731.png,normal,,,,,,train,731,
0_dB_id_04_00000732.png,normal,,,,,,train,732,
0_dB_id_04_00000733.png,normal,,,,,,train,733,
0_dB_id_04_00000734.png,normal,,,,,,train,734,
0_dB_id_04_00000735.png,normal,,,,,,train,735,
0_dB_id_04_00000736.png,normal,,,,,,train,736,
0_dB_id_04_00000737.png,normal,,,,,,train,737,
0_dB_id_04_00000738.png,normal,,,,,,train,738,
0_dB_id_04_00000739.png,normal,,,,,,train,739,
0_dB_id_04_00000740.png,normal,,,,,,train,740,
0_dB_id_04_00000741.png,normal,,,,,,train,741,
0_dB_id_04_00000742.png,normal,,,,,,train,742,
0_dB_id_04_00000743.png,normal,,,,,,train,743,
0_dB_id_04_00000744.png,normal,,,,,,train,744,
0_dB_id_04_00000745.png,normal,,,,,,train,745,
0_dB_id_04_00000746.png,normal,,,,,,train,746,
0_dB_id_04_00000747.png,normal,,,,,,train,747,
0_dB_id_04_00000748.png,normal,,,,,,train,748,
0_dB_id_04_00000749.png,normal,,,,,,train,749,
0_dB_id_04_00000750.png,normal,,,,,,train,750,
0_dB_id_04_00000751.png,normal,,,,,,train,751,
0_dB_id_04_00000752.png,normal,,,,,,train,752,
0_dB_id_04_00000753.png,normal,,,,,,train,753,
0_dB_id_04_00000754.png,normal,,,,,,train,754,
0_dB_id_04_00000755.png,normal,,,,,,train,755,
0_dB_id_04_00000756.png,normal,,,,,,train,756,
0_dB_id_04_00000757.png,normal,,,,,,train,757,
0_dB_id_04_00000758.png,normal,,,,,,train,758,
0_dB_id_04_00000759.png,normal,,,,,,train,759,
0_dB_id_04_00000760.png,normal,,,,,,train,760,
0_dB_id_04_00000761.png,normal,,,,,,train,761,
0_dB_id_04_00000762.png,normal,,,,,,train,762,
0_dB_id_04_00000763.png,normal,,,,,,train,763,
0_dB_id_04_00000764.png,normal,,,,,,train,764,
0_dB_id_04_00000765.png,normal,,,,,,train,765,
0_dB_id_04_00000766.png,normal,,,,,,train,766,
0_dB_id_04_00000767.png,normal,,,,,,train,767,
0_dB_id_04_00000768.png,normal,,,,,,train,768,
0_dB_id_04_00000769.png,normal,,,,,,train,769,
0_dB_id_04_00000770.png,normal,,,,,,train,770,
0_dB_id_04_00000771.png,normal,,,,,,train,771,
0_dB_id_04_00000772.png,normal,,,,,,train,772,
0_dB_id_04_00000773.png,normal,,,,,,train,773,
0_dB_id_04_00000774.png,normal,,,,,,train,774,
0_dB_id_04_00000775.png,normal,,,,,,train,775,
0_dB_id_04_00000776.png,normal,,,,,,train,776,
0_dB_id_04_00000777.png,normal,,,,,,train,777,
0_dB_id_04_00000778.png,normal,,,,,,train,778,
0_dB_id_04_00000779.png,normal,,,,,,train,779,
0_dB_id_04_00000780.png,normal,,,,,,train,780,
0_dB_id_04_00000781.png,normal,,,,,,train,781,
0_dB_id_04_00000782.png,normal,,,,,,train,782,
0_dB_id_04_00000783.png,normal,,,,,,train,783,
0_dB_id_04_00000784.png,normal,,,,,,train,784,
0_dB_id_04_00000785.png,normal,,,,,,train,785,
0_dB_id_04_00000786.png,normal,,,,,,train,786,
0_dB_id_04_00000787.png,normal,,,,,,train,787,
0_dB_id_04_00000788.png,normal,,,,,,train,788,
0_dB_id_04_00000789.png,normal,,,,,,train,789,
0_dB_id_04_00000790.png,normal,,,,,,train,790,
0_dB_id_04_00000791.png,normal,,,,,,train,791,
0_dB_id_04_00000792.png,normal,,,,,,train,792,
0_dB_id_04_00000793.png,normal,,,,,,train,793,
0_dB_id_04_00000794.png,normal,,,,,,train,794,
0_dB_id_04_00000795.png,normal,,,,,,train,795,
0_dB_id_04_00000796.png,normal,,,,,,train,796,
0_dB_id_04_00000797.png,normal,,,,,,train,797,
0_dB_id_04_00000798.png,normal,,,,,,train,798,
0_dB_id_04_00000799.png,normal,,,,,,train,799,
0_dB_id_04_00000800.png,normal,,,,,,train,800,
0_dB_id_04_00000801.png,normal,,,,,,train,801,
0_dB_id_04_00000802.png,normal,,,,,,train,802,
0_dB_id_04_00000803.png,normal,,,,,,train,803,
0_dB_id_04_00000804.png,normal,,,,,,train,804,
0_dB_id_04_00000805.png,normal,,,,,,train,805,
0_dB_id_04_00000806.png,normal,,,,,,train,806,
0_dB_id_04_00000807.png,normal,,,,,,train,807,
0_dB_id_04_00000808.png,normal,,,,,,train,808,
0_dB_id_04_00000809.png,normal,,,,,,train,809,
0_dB_id_04_00000810.png,normal,,,,,,train,810,
0_dB_id_04_00000811.png,normal,,,,,,train,811,
0_dB_id_04_00000812.png,normal,,,,,,train,812,
0_dB_id_04_00000813.png,normal,,,,,,train,813,
0_dB_id_04_00000814.png,normal,,,,,,train,814,
0_dB_id_04_00000815.png,normal,,,,,,train,815,
0_dB_id_04_00000816.png,normal,,,,,,train,816,
0_dB_id_04_00000817.png,normal,,,,,,train,817,
0_dB_id_04_00000818.png,normal,,,,,,train,818,
0_dB_id_04_00000819.png,normal,,,,,,train,819,
0_dB_id_04_00000820.png,normal,,,,,,train,820,
0_dB_id_04_00000821.png,normal,,,,,,train,821,
0_dB_id_04_00000822.png,normal,,,,,,train,822,
0_dB_id_04_00000823.png,normal,,,,,,train,823,
0_dB_id_04_00000824.png,normal,,,,,,train,824,
0_dB_id_04_00000825.png,normal,,,,,,train,825,
0_dB_id_04_00000826.png,normal,,,,,,train,826,
0_dB_id_04_00000827.png,normal,,,,,,train,827,
0_dB_id_04_00000828.png,normal,,,,,,train,828,
0_dB_id_04_00000829.png,normal,,,,,,train,829,
0_dB_id_04_00000830.png,normal,,,,,,train,830,
0_dB_id_04_00000831.png,normal,,,,,,train,831,
0_dB_id_04_00000832.png,normal,,,,,,train,832,
0_dB_id_04_00000833.png,normal,,,,,,train,833,
0_dB_id_04_00000834.png,normal,,,,,,train,834,
0_dB_id_04_00000835.png,normal,,,,,,train,835,
0_dB_id_04_00000836.png,normal,,,,,,train,836,
0_dB_id_04_00000837.png,normal,,,,,,train,837,
0_dB_id_04_00000838.png,normal,,,,,,train,838,
0_dB_id_04_00000839.png,normal,,,,,,train,839,
0_dB_id_04_00000840.png,normal,,,,,,train,840,
0_dB_id_04_00000841.png,normal,,,,,,train,841,
0_dB_id_04_00000842.png,normal,,,,,,train,842,
0_dB_id_04_00000843.png,normal,,,,,,train,843,
0_dB_id_04_00000844.png,normal,,,,,,train,844,
0_dB_id_04_00000845.png,normal,,,,,,train,845,
0_dB_id_04_00000846.png,normal,,,,,,train,846,
0_dB_id_04_00000847.png,normal,,,,,,train,847,
0_dB_id_04_00000848.png,normal,,,,,,train,848,
0_dB_id_04_00000849.png,normal,,,,,,train,849,
0_dB_id_04_00000850.png,normal,,,,,,train,850,
0_dB_id_04_00000851.png,normal,,,,,,train,851,
0_dB_id_04_00000852.png,normal,,,,,,train,852,
0_dB_id_04_00000853.png,normal,,,,,,train,853,
0_dB_id_04_00000854.png,normal,,,,,,train,854,
0_dB_id_04_00000855.png,normal,,,,,,train,855,
0_dB_id_04_00000856.png,normal,,,,,,train,856,
0_dB_id_04_00000857.png,normal,,,,,,train,857,
0_dB_id_04_00000858.png,normal,,,,,,train,858,
0_dB_id_04_00000859.png,normal,,,,,,train,859,
0_dB_id_04_00000860.png,normal,,,,,,train,860,
0_dB_id_04_00000861.png,normal,,,,,,train,861,
0_dB_id_04_00000862.png,normal,,,,,,train,862,
0_dB_id_04_00000863.png,normal,,,,,,train,863,
0_dB_id_04_00000864.png,normal,,,,,,train,864,
0_dB_id_04_00000865.png,normal,,,,,,train,865,
0_dB_id_04_00000866.png,normal,,,,,,train,866,
0_dB_id_04_00000867.png,normal,,,,,,train,867,
0_dB_id_04_00000868.png,normal,,,,,,train,868,
0_dB_id_04_00000869.png,normal,,,,,,train,869,
0_dB_id_04_00000870.png,normal,,,,,,train,870,
0_dB_id_04_00000871.png,normal,,,,,,train,871,
0_dB_id_04_00000872.png,normal,,,,,,train,872,
0_dB_id_04_00000873.png,normal,,,,,,train,873,
0_dB_id_04_00000874.png,normal,,,,,,train,874,
0_dB_id_04_00000875.png,normal,,,,,,train,875,
0_dB_id_04_00000876.png,normal,,,,,,train,876,
0_dB_id_04_00000877.png,normal,,,,,,train,877,
0_dB_id_04_00000878.png,normal,,,,,,train,878,
0_dB_id_04_00000879.png,normal,,,,,,train,879,
0_dB_id_04_00000880.png,normal,,,,,,train,880,
0_dB_id_04_00000881.png,normal,,,,,,train,881,
0_dB_id_04_00000882.png,normal,,,,,,train,882,
0_dB_id_04_00000883.png,normal,,,,,,train,883,
0_dB_id_04_00000884.png,normal,,,,,,train,884,
0_dB_id_04_00000885.png,normal,,,,,,train,885,
0_dB_id_04_00000886.png,normal,,,,,,train,886,
0_dB_id_04_00000887.png,normal,,,,,,train,887,
0_dB_id_04_00000888.png,normal,,,,,,train,888,
0_dB_id_04_00000889.png,normal,,,,,,train,889,
0_dB_id_04_00000890.png,normal,,,,,,train,890,
0_dB_id_04_00000891.png,normal,,,,,,train,891,
0_dB_id_04_00000892.png,normal,,,,,,train,892,
0_dB_id_04_00000893.png,normal,,,,,,train,893,
0_dB_id_04_00000894.png,normal,,,,,,train,894,
0_dB_id_04_00000895.png,normal,,,,,,train,895,
0_dB_id_04_00000896.png,normal,,,,,,train,896,
0_dB_id_04_00000897.png,normal,,,,,,train,897,
0_dB_id_04_00000898.png,normal,,,,,,train,898,
0_dB_id_04_00000899.png,normal,,,,,,train,899,
0_dB_id_04_00000900.png,normal,,,,,,train,900,
0_dB_id_04_00000901.png,normal,,,,,,train,901,
0_dB_id_04_00000902.png,normal,,,,,,train,902,
0_dB_id_04_00000903.png,normal,,,,,,train,903,
0_dB_id_04_00000904.png,normal,,,,,,train,904,
0_dB_id_04_00000905.png,normal,,,,,,train,905,
0_dB_id_04_00000906.png,normal,,,,,,train,906,
0_dB_id_04_00000907.png,normal,,,,,,train,907,
0_dB_id_04_00000908.png,normal,,,,,,train,908,
0_dB_id_04_00000909.png,normal,,,,,,train,909,
0_dB_id_04_00000910.png,normal,,,,,,train,910,
0_dB_id_04_00000911.png,normal,,,,,,train,911,
0_dB_id_04_00000912.png,normal,,,,,,train,912,
0_dB_id_04_00000913.png,normal,,,,,,train,913,
0_dB_id_04_00000914.png,normal,,,,,,train,914,
0_dB_id_04_00000915.png,normal,,,,,,train,915,
0_dB_id_04_00000916.png,normal,,,,,,train,916,
0_dB_id_04_00000917.png,normal,,,,,,train,917,
0_dB_id_04_00000918.png,normal,,,,,,train,918,
0_dB_id_04_00000919.png,normal,,,,,,train,919,
0_dB_id_04_00000920.png,normal,,,,,,train,920,
0_dB_id_04_00000921.png,normal,,,,,,train,921,
0_dB_id_04_00000922.png,normal,,,,,,train,922,
0_dB_id_04_00000923.png,normal,,,,,,train,923,
0_dB_id_04_00000924.png,normal,,,,,,train,924,
0_dB_id_04_00000925.png,normal,,,,,,train,925,
0_dB_id_04_00000926.png,normal,,,,,,train,926,
0_dB_id_04_00000927.png,normal,,,,,,train,927,
0_dB_id_04_00000928.png,normal,,,,,,train,928,
0_dB_id_04_00000929.png,normal,,,,,,train,929,
0_dB_id_04_00000930.png,normal,,,,,,train,930,
0_dB_id_04_00000931.png,normal,,,,,,train,931,
0_dB_id_04_00000932.png,normal,,,,,,train,932,
0_dB_id_04_00000933.png,normal,,,,,,train,933,
0_dB_id_04_00000934.png,normal,,,,,,train,934,
0_dB_id_04_00000935.png,normal,,,,,,train,935,
0_dB_id_04_00000936.png,normal,,,,,,train,936,
0_dB_id_04_00000937.png,normal,,,,,,train,937,
0_dB_id_04_00000938.png,normal,,,,,,train,938,
0_dB_id_04_00000939.png,normal,,,,,,train,939,
0_dB_id_04_00000940.png,normal,,,,,,train,940,
0_dB_id_04_00000941.png,normal,,,,,,train,941,
0_dB_id_04_00000942.png,normal,,,,,,train,942,
0_dB_id_04_00000943.png,normal,,,,,,train,943,
0_dB_id_04_00000944.png,normal,,,,,,train,944,
0_dB_id_04_00000945.png,normal,,,,,,train,945,
0_dB_id_04_00000946.png,normal,,,,,,train,946,
0_dB_id_04_00000947.png,normal,,,,,,train,947,
0_dB_id_04_00000948.png,normal,,,,,,train,948,
0_dB_id_04_00000949.png,normal,,,,,,train,949,
0_dB_id_04_00000950.png,normal,,,,,,train,950,
0_dB_id_04_00000951.png,normal,,,,,,train,951,
0_dB_id_04_00000952.png,normal,,,,,,train,952,
0_dB_id_04_00000953.png,normal,,,,,,train,953,
0_dB_id_04_00000954.png,normal,,,,,,train,954,
0_dB_id_04_00000955.png,normal,,,,,,train,955,
0_dB_id_04_00000956.png,normal,,,,,,train,956,
0_dB_id_04_00000957.png,normal,,,,,,train,957,
0_dB_id_04_00000958.png,normal,,,,,,train,958,
0_dB_id_04_00000959.png,normal,,,,,,train,959,
0_dB_id_04_00000960.png,normal,,,,,,train,960,
0_dB_id_04_00000961.png,normal,,,,,,train,961,
0_dB_id_04_00000962.png,normal,,,,,,train,962,
0_dB_id_04_00000963.png,normal,,,,,,train,963,
0_dB_id_04_00000964.png,normal,,,,,,train,964,
0_dB_id_04_00000965.png,normal,,,,,,train,965,
0_dB_id_04_00000966.png,normal,,,,,,train,966,
0_dB_id_04_00000967.png,normal,,,,,,train,967,
0_dB_id_04_00000968.png,normal,,,,,,train,968,
0_dB_id_04_00000969.png,normal,,,,,,train,969,
0_dB_id_04_00000970.png,normal,,,,,,train,970,
0_dB_id_04_00000971.png,normal,,,,,,train,971,
0_dB_id_04_00000972.png,normal,,,,,,train,972,
0_dB_id_04_00000973.png,normal,,,,,,train,973,
0_dB_id_04_00000974.png,normal,,,,,,train,974,
0_dB_id_04_00000975.png,normal,,,,,,train,975,
0_dB_id_04_00000976.png,normal,,,,,,train,976,
0_dB_id_04_00000977.png,normal,,,,,,train,977,
0_dB_id_04_00000978.png,normal,,,,,,train,978,
0_dB_id_04_00000979.png,normal,,,,,,train,979,
0_dB_id_04_00000980.png,normal,,,,,,train,980,
0_dB_id_04_00000981.png,normal,,,,,,train,981,
0_dB_id_04_00000982.png,normal,,,,,,train,982,
0_dB_id_04_00000983.png,normal,,,,,,train,983,
0_dB_id_04_00000984.png,normal,,,,,,train,984,
0_dB_id_04_00000985.png,normal,,,,,,train,985,
0_dB_id_04_00000986.png,normal,,,,,,train,986,
0_dB_id_04_00000987.png,normal,,,,,,train,987,
0_dB_id_04_00000988.png,normal,,,,,,train,988,
0_dB_id_04_00000989.png,normal,,,,,,train,989,
0_dB_id_04_00000990.png,normal,,,,,,train,990,
0_dB_id_04_00000991.png,normal,,,,,,train,991,
0_dB_id_04_00000992.png,normal,,,,,,train,992,
0_dB_id_04_00000993.png,normal,,,,,,train,993,
0_dB_id_04_00000994.png,normal,,,,,,train,994,
0_dB_id_04_00000995.png,normal,,,,,,train,995,
0_dB_id_04_00000996.png,normal,,,,,,train,996,
0_dB_id_04_00000997.png,normal,,,,,,train,997,
0_dB_id_04_00000998.png,normal,,,,,,train,998,
0_dB_id_04_00000999.png,normal,,,,,,train,999,
0_dB_id_04_00001000.png,normal,,,,,,train,1000,
0_dB_id_04_00001001.png,normal,,,,,,train,1001,
0_dB_id_04_00001002.png,normal,,,,,,train,1002,
0_dB_id_04_00001003.png,normal,,,,,,train,1003,
0_dB_id_04_00001004.png,normal,,,,,,train,1004,
0_dB_id_04_00001005.png,normal,,,,,,train,1005,
0_dB_id_04_00001006.png,normal,,,,,,train,1006,
0_dB_id_04_00001007.png,normal,,,,,,train,1007,
0_dB_id_04_00001008.png,normal,,,,,,train,1008,
0_dB_id_04_00001009.png,normal,,,,,,train,1009,
0_dB_id_04_00001010.png,normal,,,,,,train,1010,
0_dB_id_04_00001011.png,normal,,,,,,train,1011,
0_dB_id_04_00001012.png,normal,,,,,,train,1012,
0_dB_id_04_00001013.png,normal,,,,,,train,1013,
0_dB_id_04_00001014.png,normal,,,,,,train,1014,
0_dB_id_04_00001015.png,normal,,,,,,train,1015,
0_dB_id_04_00001016.png,normal,,,,,,train,1016,
0_dB_id_04_00001017.png,normal,,,,,,train,1017,
0_dB_id_04_00001018.png,normal,,,,,,train,1018,
0_dB_id_04_00001019.png,normal,,,,,,train,1019,
0_dB_id_04_00001020.png,normal,,,,,,train,1020,
0_dB_id_04_00001021.png,normal,,,,,,train,1021,
0_dB_id_04_00001022.png,normal,,,,,,train,1022,
0_dB_id_04_00001023.png,normal,,,,,,train,1023,
0_dB_id_04_00001024.png,normal,,,,,,train,1024,
0_dB_id_04_00001025.png,normal,,,,,,train,1025,
0_dB_id_04_00001026.png,normal,,,,,,train,1026,
0_dB_id_04_00001027.png,normal,,,,,,train,1027,
0_dB_id_04_00001028.png,normal,,,,,,train,1028,
0_dB_id_04_00001029.png,normal,,,,,,train,1029,
0_dB_id_04_00001030.png,normal,,,,,,train,1030,
0_dB_id_04_00001031.png,normal,,,,,,train,1031,
0_dB_id_04_00001032.png,normal,,,,,,train,1032,
0_dB_id_06_00000000.png,normal,,,,,,train,0,
0_dB_id_06_00000001.png,normal,,,,,,train,1,
0_dB_id_06_00000002.png,normal,,,,,,train,2,
0_dB_id_06_00000003.png,normal,,,,,,train,3,
0_dB_id_06_00000004.png,normal,,,,,,train,4,
0_dB_id_06_00000005.png,normal,,,,,,train,5,
0_dB_id_06_00000006.png,normal,,,,,,train,6,
0_dB_id_06_00000007.png,normal,,,,,,train,7,
0_dB_id_06_00000008.png,normal,,,,,,train,8,
0_dB_id_06_00000009.png,normal,,,,,,train,9,
0_dB_id_06_00000010.png,normal,,,,,,train,10,
0_dB_id_06_00000011.png,normal,,,,,,train,11,
0_dB_id_06_00000012.png,normal,,,,,,train,12,
0_dB_id_06_00000013.png,normal,,,,,,train,13,
0_dB_id_06_00000014.png,normal,,,,,,train,14,
0_dB_id_06_00000015.png,normal,,,,,,train,15,
0_dB_id_06_00000016.png,normal,,,,,,train,16,
0_dB_id_06_00000017.png,normal,,,,,,train,17,
0_dB_id_06_00000018.png,normal,,,,,,train,18,
0_dB_id_06_00000019.png,normal,,,,,,train,19,
0_dB_id_06_00000020.png,normal,,,,,,train,20,
0_dB_id_06_00000021.png,normal,,,,,,train,21,
0_dB_id_06_00000022.png,normal,,,,,,train,22,
0_dB_id_06_00000023.png,normal,,,,,,train,23,
0_dB_id_06_00000024.png,normal,,,,,,train,24,
0_dB_id_06_00000025.png,normal,,,,,,train,25,
0_dB_id_06_00000026.png,normal,,,,,,train,26,
0_dB_id_06_00000027.png,normal,,,,,,train,27,
0_dB_id_06_00000028.png,normal,,,,,,train,28,
0_dB_id_06_00000029.png,normal,,,,,,train,29,
0_dB_id_06_00000030.png,normal,,,,,,train,30,
0_dB_id_06_00000031.png,normal,,,,,,train,31,
0_dB_id_06_00000032.png,normal,,,,,,train,32,
0_dB_id_06_00000033.png,normal,,,,,,train,33,
0_dB_id_06_00000034.png,normal,,,,,,train,34,
0_dB_id_06_00000035.png,normal,,,,,,train,35,
0_dB_id_06_00000036.png,normal,,,,,,train,36,
0_dB_id_06_00000037.png,normal,,,,,,train,37,
0_dB_id_06_00000038.png,normal,,,,,,train,38,
0_dB_id_06_00000039.png,normal,,,,,,train,39,
0_dB_id_06_00000040.png,normal,,,,,,train,40,
0_dB_id_06_00000041.png,normal,,,,,,train,41,
0_dB_id_06_00000042.png,normal,,,,,,train,42,
0_dB_id_06_00000043.png,normal,,,,,,train,43,
0_dB_id_06_00000044.png,normal,,,,,,train,44,
0_dB_id_06_00000045.png,normal,,,,,,train,45,
0_dB_id_06_00000046.png,normal,,,,,,train,46,
0_dB_id_06_00000047.png,normal,,,,,,train,47,
0_dB_id_06_00000048.png,normal,,,,,,train,48,
0_dB_id_06_00000049.png,normal,,,,,,train,49,
0_dB_id_06_00000050.png,normal,,,,,,train,50,
0_dB_id_06_00000051.png,normal,,,,,,train,51,
0_dB_id_06_00000052.png,normal,,,,,,train,52,
0_dB_id_06_00000053.png,normal,,,,,,train,53,
0_dB_id_06_00000054.png,normal,,,,,,train,54,
0_dB_id_06_00000055.png,normal,,,,,,train,55,
0_dB_id_06_00000056.png,normal,,,,,,train,56,
0_dB_id_06_00000057.png,normal,,,,,,train,57,
0_dB_id_06_00000058.png,normal,,,,,,train,58,
0_dB_id_06_00000059.png,normal,,,,,,train,59,
0_dB_id_06_00000060.png,normal,,,,,,train,60,
0_dB_id_06_00000061.png,normal,,,,,,train,61,
0_dB_id_06_00000062.png,normal,,,,,,train,62,
0_dB_id_06_00000063.png,normal,,,,,,train,63,
0_dB_id_06_00000064.png,normal,,,,,,train,64,
0_dB_id_06_00000065.png,normal,,,,,,train,65,
0_dB_id_06_00000066.png,normal,,,,,,train,66,
0_dB_id_06_00000067.png,normal,,,,,,train,67,
0_dB_id_06_00000068.png,normal,,,,,,train,68,
0_dB_id_06_00000069.png,normal,,,,,,train,69,
0_dB_id_06_00000070.png,normal,,,,,,train,70,
0_dB_id_06_00000071.png,normal,,,,,,train,71,
0_dB_id_06_00000072.png,normal,,,,,,train,72,
0_dB_id_06_00000073.png,normal,,,,,,train,73,
0_dB_id_06_00000074.png,normal,,,,,,train,74,
0_dB_id_06_00000075.png,normal,,,,,,train,75,
0_dB_id_06_00000076.png,normal,,,,,,train,76,
0_dB_id_06_00000077.png,normal,,,,,,train,77,
0_dB_id_06_00000078.png,normal,,,,,,train,78,
0_dB_id_06_00000079.png,normal,,,,,,train,79,
0_dB_id_06_00000080.png,normal,,,,,,train,80,
0_dB_id_06_00000081.png,normal,,,,,,train,81,
0_dB_id_06_00000082.png,normal,,,,,,train,82,
0_dB_id_06_00000083.png,normal,,,,,,train,83,
0_dB_id_06_00000084.png,normal,,,,,,train,84,
0_dB_id_06_00000085.png,normal,,,,,,train,85,
0_dB_id_06_00000086.png,normal,,,,,,train,86,
0_dB_id_06_00000087.png,normal,,,,,,train,87,
0_dB_id_06_00000088.png,normal,,,,,,train,88,
0_dB_id_06_00000089.png,normal,,,,,,train,89,
0_dB_id_06_00000090.png,normal,,,,,,train,90,
0_dB_id_06_00000091.png,normal,,,,,,train,91,
0_dB_id_06_00000092.png,normal,,,,,,train,92,
0_dB_id_06_00000093.png,normal,,,,,,train,93,
0_dB_id_06_00000094.png,normal,,,,,,train,94,
0_dB_id_06_00000095.png,normal,,,,,,train,95,
0_dB_id_06_00000096.png,normal,,,,,,train,96,
0_dB_id_06_00000097.png,normal,,,,,,train,97,
0_dB_id_06_00000098.png,normal,,,,,,train,98,
0_dB_id_06_00000099.png,normal,,,,,,train,99,
0_dB_id_06_00000100.png,normal,,,,,,train,100,
0_dB_id_06_00000101.png,normal,,,,,,train,101,
0_dB_id_06_00000102.png,normal,,,,,,train,102,
0_dB_id_06_00000103.png,normal,,,,,,train,103,
0_dB_id_06_00000104.png,normal,,,,,,train,104,
0_dB_id_06_00000105.png,normal,,,,,,train,105,
0_dB_id_06_00000106.png,normal,,,,,,train,106,
0_dB_id_06_00000107.png,normal,,,,,,train,107,
0_dB_id_06_00000108.png,normal,,,,,,train,108,
0_dB_id_06_00000109.png,normal,,,,,,train,109,
0_dB_id_06_00000110.png,normal,,,,,,train,110,
0_dB_id_06_00000111.png,normal,,,,,,train,111,
0_dB_id_06_00000112.png,normal,,,,,,train,112,
0_dB_id_06_00000113.png,normal,,,,,,train,113,
0_dB_id_06_00000114.png,normal,,,,,,train,114,
0_dB_id_06_00000115.png,normal,,,,,,train,115,
0_dB_id_06_00000116.png,normal,,,,,,train,116,
0_dB_id_06_00000117.png,normal,,,,,,train,117,
0_dB_id_06_00000118.png,normal,,,,,,train,118,
0_dB_id_06_00000119.png,normal,,,,,,train,119,
0_dB_id_06_00000120.png,normal,,,,,,train,120,
0_dB_id_06_00000121.png,normal,,,,,,train,121,
0_dB_id_06_00000122.png,normal,,,,,,train,122,
0_dB_id_06_00000123.png,normal,,,,,,train,123,
0_dB_id_06_00000124.png,normal,,,,,,train,124,
0_dB_id_06_00000125.png,normal,,,,,,train,125,
0_dB_id_06_00000126.png,normal,,,,,,train,126,
0_dB_id_06_00000127.png,normal,,,,,,train,127,
0_dB_id_06_00000128.png,normal,,,,,,train,128,
0_dB_id_06_00000129.png,normal,,,,,,train,129,
0_dB_id_06_00000130.png,normal,,,,,,train,130,
0_dB_id_06_00000131.png,normal,,,,,,train,131,
0_dB_id_06_00000132.png,normal,,,,,,train,132,
0_dB_id_06_00000133.png,normal,,,,,,train,133,
0_dB_id_06_00000134.png,normal,,,,,,train,134,
0_dB_id_06_00000135.png,normal,,,,,,train,135,
0_dB_id_06_00000136.png,normal,,,,,,train,136,
0_dB_id_06_00000137.png,normal,,,,,,train,137,
0_dB_id_06_00000138.png,normal,,,,,,train,138,
0_dB_id_06_00000139.png,normal,,,,,,train,139,
0_dB_id_06_00000140.png,normal,,,,,,train,140,
0_dB_id_06_00000141.png,normal,,,,,,train,141,
0_dB_id_06_00000142.png,normal,,,,,,train,142,
0_dB_id_06_00000143.png,normal,,,,,,train,143,
0_dB_id_06_00000144.png,normal,,,,,,train,144,
0_dB_id_06_00000145.png,normal,,,,,,train,145,
0_dB_id_06_00000146.png,normal,,,,,,train,146,
0_dB_id_06_00000147.png,normal,,,,,,train,147,
0_dB_id_06_00000148.png,normal,,,,,,train,148,
0_dB_id_06_00000149.png,normal,,,,,,train,149,
0_dB_id_06_00000150.png,normal,,,,,,train,150,
0_dB_id_06_00000151.png,normal,,,,,,train,151,
0_dB_id_06_00000152.png,normal,,,,,,train,152,
0_dB_id_06_00000153.png,normal,,,,,,train,153,
0_dB_id_06_00000154.png,normal,,,,,,train,154,
0_dB_id_06_00000155.png,normal,,,,,,train,155,
0_dB_id_06_00000156.png,normal,,,,,,train,156,
0_dB_id_06_00000157.png,normal,,,,,,train,157,
0_dB_id_06_00000158.png,normal,,,,,,train,158,
0_dB_id_06_00000159.png,normal,,,,,,train,159,
0_dB_id_06_00000160.png,normal,,,,,,train,160,
0_dB_id_06_00000161.png,normal,,,,,,train,161,
0_dB_id_06_00000162.png,normal,,,,,,train,162,
0_dB_id_06_00000163.png,normal,,,,,,train,163,
0_dB_id_06_00000164.png,normal,,,,,,train,164,
0_dB_id_06_00000165.png,normal,,,,,,train,165,
0_dB_id_06_00000166.png,normal,,,,,,train,166,
0_dB_id_06_00000167.png,normal,,,,,,train,167,
0_dB_id_06_00000168.png,normal,,,,,,train,168,
0_dB_id_06_00000169.png,normal,,,,,,train,169,
0_dB_id_06_00000170.png,normal,,,,,,train,170,
0_dB_id_06_00000171.png,normal,,,,,,train,171,
0_dB_id_06_00000172.png,normal,,,,,,train,172,
0_dB_id_06_00000173.png,normal,,,,,,train,173,
0_dB_id_06_00000174.png,normal,,,,,,train,174,
0_dB_id_06_00000175.png,normal,,,,,,train,175,
0_dB_id_06_00000176.png,normal,,,,,,train,176,
0_dB_id_06_00000177.png,normal,,,,,,train,177,
0_dB_id_06_00000178.png,normal,,,,,,train,178,
0_dB_id_06_00000179.png,normal,,,,,,train,179,
0_dB_id_06_00000180.png,normal,,,,,,train,180,
0_dB_id_06_00000181.png,normal,,,,,,train,181,
0_dB_id_06_00000182.png,normal,,,,,,train,182,
0_dB_id_06_00000183.png,normal,,,,,,train,183,
0_dB_id_06_00000184.png,normal,,,,,,train,184,
0_dB_id_06_00000185.png,normal,,,,,,train,185,
0_dB_id_06_00000186.png,normal,,,,,,train,186,
0_dB_id_06_00000187.png,normal,,,,,,train,187,
0_dB_id_06_00000188.png,normal,,,,,,train,188,
0_dB_id_06_00000189.png,normal,,,,,,train,189,
0_dB_id_06_00000190.png,normal,,,,,,train,190,
0_dB_id_06_00000191.png,normal,,,,,,train,191,
0_dB_id_06_00000192.png,normal,,,,,,train,192,
0_dB_id_06_00000193.png,normal,,,,,,train,193,
0_dB_id_06_00000194.png,normal,,,,,,train,194,
0_dB_id_06_00000195.png,normal,,,,,,train,195,
0_dB_id_06_00000196.png,normal,,,,,,train,196,
0_dB_id_06_00000197.png,normal,,,,,,train,197,
0_dB_id_06_00000198.png,normal,,,,,,train,198,
0_dB_id_06_00000199.png,normal,,,,,,train,199,
0_dB_id_06_00000200.png,normal,,,,,,train,200,
0_dB_id_06_00000201.png,normal,,,,,,train,201,
0_dB_id_06_00000202.png,normal,,,,,,train,202,
0_dB_id_06_00000203.png,normal,,,,,,train,203,
0_dB_id_06_00000204.png,normal,,,,,,train,204,
0_dB_id_06_00000205.png,normal,,,,,,train,205,
0_dB_id_06_00000206.png,normal,,,,,,train,206,
0_dB_id_06_00000207.png,normal,,,,,,train,207,
0_dB_id_06_00000208.png,normal,,,,,,train,208,
0_dB_id_06_00000209.png,normal,,,,,,train,209,
0_dB_id_06_00000210.png,normal,,,,,,train,210,
0_dB_id_06_00000211.png,normal,,,,,,train,211,
0_dB_id_06_00000212.png,normal,,,,,,train,212,
0_dB_id_06_00000213.png,normal,,,,,,train,213,
0_dB_id_06_00000214.png,normal,,,,,,train,214,
0_dB_id_06_00000215.png,normal,,,,,,train,215,
0_dB_id_06_00000216.png,normal,,,,,,train,216,
0_dB_id_06_00000217.png,normal,,,,,,train,217,
0_dB_id_06_00000218.png,normal,,,,,,train,218,
0_dB_id_06_00000219.png,normal,,,,,,train,219,
0_dB_id_06_00000220.png,normal,,,,,,train,220,
0_dB_id_06_00000221.png,normal,,,,,,train,221,
0_dB_id_06_00000222.png,normal,,,,,,train,222,
0_dB_id_06_00000223.png,normal,,,,,,train,223,
0_dB_id_06_00000224.png,normal,,,,,,train,224,
0_dB_id_06_00000225.png,normal,,,,,,train,225,
0_dB_id_06_00000226.png,normal,,,,,,train,226,
0_dB_id_06_00000227.png,normal,,,,,,train,227,
0_dB_id_06_00000228.png,normal,,,,,,train,228,
0_dB_id_06_00000229.png,normal,,,,,,train,229,
0_dB_id_06_00000230.png,normal,,,,,,train,230,
0_dB_id_06_00000231.png,normal,,,,,,train,231,
0_dB_id_06_00000232.png,normal,,,,,,train,232,
0_dB_id_06_00000233.png,normal,,,,,,train,233,
0_dB_id_06_00000234.png,normal,,,,,,train,234,
0_dB_id_06_00000235.png,normal,,,,,,train,235,
0_dB_id_06_00000236.png,normal,,,,,,train,236,
0_dB_id_06_00000237.png,normal,,,,,,train,237,
0_dB_id_06_00000238.png,normal,,,,,,train,238,
0_dB_id_06_00000239.png,normal,,,,,,train,239,
0_dB_id_06_00000240.png,normal,,,,,,train,240,
0_dB_id_06_00000241.png,normal,,,,,,train,241,
0_dB_id_06_00000242.png,normal,,,,,,train,242,
0_dB_id_06_00000243.png,normal,,,,,,train,243,
0_dB_id_06_00000244.png,normal,,,,,,train,244,
0_dB_id_06_00000245.png,normal,,,,,,train,245,
0_dB_id_06_00000246.png,normal,,,,,,train,246,
0_dB_id_06_00000247.png,normal,,,,,,train,247,
0_dB_id_06_00000248.png,normal,,,,,,train,248,
0_dB_id_06_00000249.png,normal,,,,,,train,249,
0_dB_id_06_00000250.png,normal,,,,,,train,250,
0_dB_id_06_00000251.png,normal,,,,,,train,251,
0_dB_id_06_00000252.png,normal,,,,,,train,252,
0_dB_id_06_00000253.png,normal,,,,,,train,253,
0_dB_id_06_00000254.png,normal,,,,,,train,254,
0_dB_id_06_00000255.png,normal,,,,,,train,255,
0_dB_id_06_00000256.png,normal,,,,,,train,256,
0_dB_id_06_00000257.png,normal,,,,,,train,257,
0_dB_id_06_00000258.png,normal,,,,,,train,258,
0_dB_id_06_00000259.png,normal,,,,,,train,259,
0_dB_id_06_00000260.png,normal,,,,,,train,260,
0_dB_id_06_00000261.png,normal,,,,,,train,261,
0_dB_id_06_00000262.png,normal,,,,,,train,262,
0_dB_id_06_00000263.png,normal,,,,,,train,263,
0_dB_id_06_00000264.png,normal,,,,,,train,264,
0_dB_id_06_00000265.png,normal,,,,,,train,265,
0_dB_id_06_00000266.png,normal,,,,,,train,266,
0_dB_id_06_00000267.png,normal,,,,,,train,267,
0_dB_id_06_00000268.png,normal,,,,,,train,268,
0_dB_id_06_00000269.png,normal,,,,,,train,269,
0_dB_id_06_00000270.png,normal,,,,,,train,270,
0_dB_id_06_00000271.png,normal,,,,,,train,271,
0_dB_id_06_00000272.png,normal,,,,,,train,272,
0_dB_id_06_00000273.png,normal,,,,,,train,273,
0_dB_id_06_00000274.png,normal,,,,,,train,274,
0_dB_id_06_00000275.png,normal,,,,,,train,275,
0_dB_id_06_00000276.png,normal,,,,,,train,276,
0_dB_id_06_00000277.png,normal,,,,,,train,277,
0_dB_id_06_00000278.png,normal,,,,,,train,278,
0_dB_id_06_00000279.png,normal,,,,,,train,279,
0_dB_id_06_00000280.png,normal,,,,,,train,280,
0_dB_id_06_00000281.png,normal,,,,,,train,281,
0_dB_id_06_00000282.png,normal,,,,,,train,282,
0_dB_id_06_00000283.png,normal,,,,,,train,283,
0_dB_id_06_00000284.png,normal,,,,,,train,284,
0_dB_id_06_00000285.png,normal,,,,,,train,285,
0_dB_id_06_00000286.png,normal,,,,,,train,286,
0_dB_id_06_00000287.png,normal,,,,,,train,287,
0_dB_id_06_00000288.png,normal,,,,,,train,288,
0_dB_id_06_00000289.png,normal,,,,,,train,289,
0_dB_id_06_00000290.png,normal,,,,,,train,290,
0_dB_id_06_00000291.png,normal,,,,,,train,291,
0_dB_id_06_00000292.png,normal,,,,,,train,292,
0_dB_id_06_00000293.png,normal,,,,,,train,293,
0_dB_id_06_00000294.png,normal,,,,,,train,294,
0_dB_id_06_00000295.png,normal,,,,,,train,295,
0_dB_id_06_00000296.png,normal,,,,,,train,296,
0_dB_id_06_00000297.png,normal,,,,,,train,297,
0_dB_id_06_00000298.png,normal,,,,,,train,298,
0_dB_id_06_00000299.png,normal,,,,,,train,299,
0_dB_id_06_00000300.png,normal,,,,,,train,300,
0_dB_id_06_00000301.png,normal,,,,,,train,301,
0_dB_id_06_00000302.png,normal,,,,,,train,302,
0_dB_id_06_00000303.png,normal,,,,,,train,303,
0_dB_id_06_00000304.png,normal,,,,,,train,304,
0_dB_id_06_00000305.png,normal,,,,,,train,305,
0_dB_id_06_00000306.png,normal,,,,,,train,306,
0_dB_id_06_00000307.png,normal,,,,,,train,307,
0_dB_id_06_00000308.png,normal,,,,,,train,308,
0_dB_id_06_00000309.png,normal,,,,,,train,309,
0_dB_id_06_00000310.png,normal,,,,,,train,310,
0_dB_id_06_00000311.png,normal,,,,,,train,311,
0_dB_id_06_00000312.png,normal,,,,,,train,312,
0_dB_id_06_00000313.png,normal,,,,,,train,313,
0_dB_id_06_00000314.png,normal,,,,,,train,314,
0_dB_id_06_00000315.png,normal,,,,,,train,315,
0_dB_id_06_00000316.png,normal,,,,,,train,316,
0_dB_id_06_00000317.png,normal,,,,,,train,317,
0_dB_id_06_00000318.png,normal,,,,,,train,318,
0_dB_id_06_00000319.png,normal,,,,,,train,319,
0_dB_id_06_00000320.png,normal,,,,,,train,320,
0_dB_id_06_00000321.png,normal,,,,,,train,321,
0_dB_id_06_00000322.png,normal,,,,,,train,322,
0_dB_id_06_00000323.png,normal,,,,,,train,323,
0_dB_id_06_00000324.png,normal,,,,,,train,324,
0_dB_id_06_00000325.png,normal,,,,,,train,325,
0_dB_id_06_00000326.png,normal,,,,,,train,326,
0_dB_id_06_00000327.png,normal,,,,,,train,327,
0_dB_id_06_00000328.png,normal,,,,,,train,328,
0_dB_id_06_00000329.png,normal,,,,,,train,329,
0_dB_id_06_00000330.png,normal,,,,,,train,330,
0_dB_id_06_00000331.png,normal,,,,,,train,331,
0_dB_id_06_00000332.png,normal,,,,,,train,332,
0_dB_id_06_00000333.png,normal,,,,,,train,333,
0_dB_id_06_00000334.png,normal,,,,,,train,334,
0_dB_id_06_00000335.png,normal,,,,,,train,335,
0_dB_id_06_00000336.png,normal,,,,,,train,336,
0_dB_id_06_00000337.png,normal,,,,,,train,337,
0_dB_id_06_00000338.png,normal,,,,,,train,338,
0_dB_id_06_00000339.png,normal,,,,,,train,339,
0_dB_id_06_00000340.png,normal,,,,,,train,340,
0_dB_id_06_00000341.png,normal,,,,,,train,341,
0_dB_id_06_00000342.png,normal,,,,,,train,342,
0_dB_id_06_00000343.png,normal,,,,,,train,343,
0_dB_id_06_00000344.png,normal,,,,,,train,344,
0_dB_id_06_00000345.png,normal,,,,,,train,345,
0_dB_id_06_00000346.png,normal,,,,,,train,346,
0_dB_id_06_00000347.png,normal,,,,,,train,347,
0_dB_id_06_00000348.png,normal,,,,,,train,348,
0_dB_id_06_00000349.png,normal,,,,,,train,349,
0_dB_id_06_00000350.png,normal,,,,,,train,350,
0_dB_id_06_00000351.png,normal,,,,,,train,351,
0_dB_id_06_00000352.png,normal,,,,,,train,352,
0_dB_id_06_00000353.png,normal,,,,,,train,353,
0_dB_id_06_00000354.png,normal,,,,,,train,354,
0_dB_id_06_00000355.png,normal,,,,,,train,355,
0_dB_id_06_00000356.png,normal,,,,,,train,356,
0_dB_id_06_00000357.png,normal,,,,,,train,357,
0_dB_id_06_00000358.png,normal,,,,,,train,358,
0_dB_id_06_00000359.png,normal,,,,,,train,359,
0_dB_id_06_00000360.png,normal,,,,,,train,360,
0_dB_id_06_00000361.png,normal,,,,,,train,361,
0_dB_id_06_00000362.png,normal,,,,,,train,362,
0_dB_id_06_00000363.png,normal,,,,,,train,363,
0_dB_id_06_00000364.png,normal,,,,,,train,364,
0_dB_id_06_00000365.png,normal,,,,,,train,365,
0_dB_id_06_00000366.png,normal,,,,,,train,366,
0_dB_id_06_00000367.png,normal,,,,,,train,367,
0_dB_id_06_00000368.png,normal,,,,,,train,368,
0_dB_id_06_00000369.png,normal,,,,,,train,369,
0_dB_id_06_00000370.png,normal,,,,,,train,370,
0_dB_id_06_00000371.png,normal,,,,,,train,371,
0_dB_id_06_00000372.png,normal,,,,,,train,372,
0_dB_id_06_00000373.png,normal,,,,,,train,373,
0_dB_id_06_00000374.png,normal,,,,,,train,374,
0_dB_id_06_00000375.png,normal,,,,,,train,375,
0_dB_id_06_00000376.png,normal,,,,,,train,376,
0_dB_id_06_00000377.png,normal,,,,,,train,377,
0_dB_id_06_00000378.png,normal,,,,,,train,378,
0_dB_id_06_00000379.png,normal,,,,,,train,379,
0_dB_id_06_00000380.png,normal,,,,,,train,380,
0_dB_id_06_00000381.png,normal,,,,,,train,381,
0_dB_id_06_00000382.png,normal,,,,,,train,382,
0_dB_id_06_00000383.png,normal,,,,,,train,383,
0_dB_id_06_00000384.png,normal,,,,,,train,384,
0_dB_id_06_00000385.png,normal,,,,,,train,385,
0_dB_id_06_00000386.png,normal,,,,,,train,386,
0_dB_id_06_00000387.png,normal,,,,,,train,387,
0_dB_id_06_00000388.png,normal,,,,,,train,388,
0_dB_id_06_00000389.png,normal,,,,,,train,389,
0_dB_id_06_00000390.png,normal,,,,,,train,390,
0_dB_id_06_00000391.png,normal,,,,,,train,391,
0_dB_id_06_00000392.png,normal,,,,,,train,392,
0_dB_id_06_00000393.png,normal,,,,,,train,393,
0_dB_id_06_00000394.png,normal,,,,,,train,394,
0_dB_id_06_00000395.png,normal,,,,,,train,395,
0_dB_id_06_00000396.png,normal,,,,,,train,396,
0_dB_id_06_00000397.png,normal,,,,,,train,397,
0_dB_id_06_00000398.png,normal,,,,,,train,398,
0_dB_id_06_00000399.png,normal,,,,,,train,399,
0_dB_id_06_00000400.png,normal,,,,,,train,400,
0_dB_id_06_00000401.png,normal,,,,,,train,401,
0_dB_id_06_00000402.png,normal,,,,,,train,402,
0_dB_id_06_00000403.png,normal,,,,,,train,403,
0_dB_id_06_00000404.png,normal,,,,,,train,404,
0_dB_id_06_00000405.png,normal,,,,,,train,405,
0_dB_id_06_00000406.png,normal,,,,,,train,406,
0_dB_id_06_00000407.png,normal,,,,,,train,407,
0_dB_id_06_00000408.png,normal,,,,,,train,408,
0_dB_id_06_00000409.png,normal,,,,,,train,409,
0_dB_id_06_00000410.png,normal,,,,,,train,410,
0_dB_id_06_00000411.png,normal,,,,,,train,411,
0_dB_id_06_00000412.png,normal,,,,,,train,412,
0_dB_id_06_00000413.png,normal,,,,,,train,413,
0_dB_id_06_00000414.png,normal,,,,,,train,414,
0_dB_id_06_00000415.png,normal,,,,,,train,415,
0_dB_id_06_00000416.png,normal,,,,,,train,416,
0_dB_id_06_00000417.png,normal,,,,,,train,417,
0_dB_id_06_00000418.png,normal,,,,,,train,418,
0_dB_id_06_00000419.png,normal,,,,,,train,419,
0_dB_id_06_00000420.png,normal,,,,,,train,420,
0_dB_id_06_00000421.png,normal,,,,,,train,421,
0_dB_id_06_00000422.png,normal,,,,,,train,422,
0_dB_id_06_00000423.png,normal,,,,,,train,423,
0_dB_id_06_00000424.png,normal,,,,,,train,424,
0_dB_id_06_00000425.png,normal,,,,,,train,425,
0_dB_id_06_00000426.png,normal,,,,,,train,426,
0_dB_id_06_00000427.png,normal,,,,,,train,427,
0_dB_id_06_00000428.png,normal,,,,,,train,428,
0_dB_id_06_00000429.png,normal,,,,,,train,429,
0_dB_id_06_00000430.png,normal,,,,,,train,430,
0_dB_id_06_00000431.png,normal,,,,,,train,431,
0_dB_id_06_00000432.png,normal,,,,,,train,432,
0_dB_id_06_00000433.png,normal,,,,,,train,433,
0_dB_id_06_00000434.png,normal,,,,,,train,434,
0_dB_id_06_00000435.png,normal,,,,,,train,435,
0_dB_id_06_00000436.png,normal,,,,,,train,436,
0_dB_id_06_00000437.png,normal,,,,,,train,437,
0_dB_id_06_00000438.png,normal,,,,,,train,438,
0_dB_id_06_00000439.png,normal,,,,,,train,439,
0_dB_id_06_00000440.png,normal,,,,,,train,440,
0_dB_id_06_00000441.png,normal,,,,,,train,441,
0_dB_id_06_00000442.png,normal,,,,,,train,442,
0_dB_id_06_00000443.png,normal,,,,,,train,443,
0_dB_id_06_00000444.png,normal,,,,,,train,444,
0_dB_id_06_00000445.png,normal,,,,,,train,445,
0_dB_id_06_00000446.png,normal,,,,,,train,446,
0_dB_id_06_00000447.png,normal,,,,,,train,447,
0_dB_id_06_00000448.png,normal,,,,,,train,448,
0_dB_id_06_00000449.png,normal,,,,,,train,449,
0_dB_id_06_00000450.png,normal,,,,,,train,450,
0_dB_id_06_00000451.png,normal,,,,,,train,451,
0_dB_id_06_00000452.png,normal,,,,,,train,452,
0_dB_id_06_00000453.png,normal,,,,,,train,453,
0_dB_id_06_00000454.png,normal,,,,,,train,454,
0_dB_id_06_00000455.png,normal,,,,,,train,455,
0_dB_id_06_00000456.png,normal,,,,,,train,456,
0_dB_id_06_00000457.png,normal,,,,,,train,457,
0_dB_id_06_00000458.png,normal,,,,,,train,458,
0_dB_id_06_00000459.png,normal,,,,,,train,459,
0_dB_id_06_00000460.png,normal,,,,,,train,460,
0_dB_id_06_00000461.png,normal,,,,,,train,461,
0_dB_id_06_00000462.png,normal,,,,,,train,462,
0_dB_id_06_00000463.png,normal,,,,,,train,463,
0_dB_id_06_00000464.png,normal,,,,,,train,464,
0_dB_id_06_00000465.png,normal,,,,,,train,465,
0_dB_id_06_00000466.png,normal,,,,,,train,466,
0_dB_id_06_00000467.png,normal,,,,,,train,467,
0_dB_id_06_00000468.png,normal,,,,,,train,468,
0_dB_id_06_00000469.png,normal,,,,,,train,469,
0_dB_id_06_00000470.png,normal,,,,,,train,470,
0_dB_id_06_00000471.png,normal,,,,,,train,471,
0_dB_id_06_00000472.png,normal,,,,,,train,472,
0_dB_id_06_00000473.png,normal,,,,,,train,473,
0_dB_id_06_00000474.png,normal,,,,,,train,474,
0_dB_id_06_00000475.png,normal,,,,,,train,475,
0_dB_id_06_00000476.png,normal,,,,,,train,476,
0_dB_id_06_00000477.png,normal,,,,,,train,477,
0_dB_id_06_00000478.png,normal,,,,,,train,478,
0_dB_id_06_00000479.png,normal,,,,,,train,479,
0_dB_id_06_00000480.png,normal,,,,,,train,480,
0_dB_id_06_00000481.png,normal,,,,,,train,481,
0_dB_id_06_00000482.png,normal,,,,,,train,482,
0_dB_id_06_00000483.png,normal,,,,,,train,483,
0_dB_id_06_00000484.png,normal,,,,,,train,484,
0_dB_id_06_00000485.png,normal,,,,,,train,485,
0_dB_id_06_00000486.png,normal,,,,,,train,486,
0_dB_id_06_00000487.png,normal,,,,,,train,487,
0_dB_id_06_00000488.png,normal,,,,,,train,488,
0_dB_id_06_00000489.png,normal,,,,,,train,489,
0_dB_id_06_00000490.png,normal,,,,,,train,490,
0_dB_id_06_00000491.png,normal,,,,,,train,491,
0_dB_id_06_00000492.png,normal,,,,,,train,492,
0_dB_id_06_00000493.png,normal,,,,,,train,493,
0_dB_id_06_00000494.png,normal,,,,,,train,494,
0_dB_id_06_00000495.png,normal,,,,,,train,495,
0_dB_id_06_00000496.png,normal,,,,,,train,496,
0_dB_id_06_00000497.png,normal,,,,,,train,497,
0_dB_id_06_00000498.png,normal,,,,,,train,498,
0_dB_id_06_00000499.png,normal,,,,,,train,499,
0_dB_id_06_00000500.png,normal,,,,,,train,500,
0_dB_id_06_00000501.png,normal,,,,,,train,501,
0_dB_id_06_00000502.png,normal,,,,,,train,502,
0_dB_id_06_00000503.png,normal,,,,,,train,503,
0_dB_id_06_00000504.png,normal,,,,,,train,504,
0_dB_id_06_00000505.png,normal,,,,,,train,505,
0_dB_id_06_00000506.png,normal,,,,,,train,506,
0_dB_id_06_00000507.png,normal,,,,,,train,507,
0_dB_id_06_00000508.png,normal,,,,,,train,508,
0_dB_id_06_00000509.png,normal,,,,,,train,509,
0_dB_id_06_00000510.png,normal,,,,,,train,510,
0_dB_id_06_00000511.png,normal,,,,,,train,511,
0_dB_id_06_00000512.png,normal,,,,,,train,512,
0_dB_id_06_00000513.png,normal,,,,,,train,513,
0_dB_id_06_00000514.png,normal,,,,,,train,514,
0_dB_id_06_00000515.png,normal,,,,,,train,515,
0_dB_id_06_00000516.png,normal,,,,,,train,516,
0_dB_id_06_00000517.png,normal,,,,,,train,517,
0_dB_id_06_00000518.png,normal,,,,,,train,518,
0_dB_id_06_00000519.png,normal,,,,,,train,519,
0_dB_id_06_00000520.png,normal,,,,,,train,520,
0_dB_id_06_00000521.png,normal,,,,,,train,521,
0_dB_id_06_00000522.png,normal,,,,,,train,522,
0_dB_id_06_00000523.png,normal,,,,,,train,523,
0_dB_id_06_00000524.png,normal,,,,,,train,524,
0_dB_id_06_00000525.png,normal,,,,,,train,525,
0_dB_id_06_00000526.png,normal,,,,,,train,526,
0_dB_id_06_00000527.png,normal,,,,,,train,527,
0_dB_id_06_00000528.png,normal,,,,,,train,528,
0_dB_id_06_00000529.png,normal,,,,,,train,529,
0_dB_id_06_00000530.png,normal,,,,,,train,530,
0_dB_id_06_00000531.png,normal,,,,,,train,531,
0_dB_id_06_00000532.png,normal,,,,,,train,532,
0_dB_id_06_00000533.png,normal,,,,,,train,533,
0_dB_id_06_00000534.png,normal,,,,,,train,534,
0_dB_id_06_00000535.png,normal,,,,,,train,535,
0_dB_id_06_00000536.png,normal,,,,,,train,536,
0_dB_id_06_00000537.png,normal,,,,,,train,537,
0_dB_id_06_00000538.png,normal,,,,,,train,538,
0_dB_id_06_00000539.png,normal,,,,,,train,539,
0_dB_id_06_00000540.png,normal,,,,,,train,540,
0_dB_id_06_00000541.png,normal,,,,,,train,541,
0_dB_id_06_00000542.png,normal,,,,,,train,542,
0_dB_id_06_00000543.png,normal,,,,,,train,543,
0_dB_id_06_00000544.png,normal,,,,,,train,544,
0_dB_id_06_00000545.png,normal,,,,,,train,545,
0_dB_id_06_00000546.png,normal,,,,,,train,546,
0_dB_id_06_00000547.png,normal,,,,,,train,547,
0_dB_id_06_00000548.png,normal,,,,,,train,548,
0_dB_id_06_00000549.png,normal,,,,,,train,549,
0_dB_id_06_00000550.png,normal,,,,,,train,550,
0_dB_id_06_00000551.png,normal,,,,,,train,551,
0_dB_id_06_00000552.png,normal,,,,,,train,552,
0_dB_id_06_00000553.png,normal,,,,,,train,553,
0_dB_id_06_00000554.png,normal,,,,,,train,554,
0_dB_id_06_00000555.png,normal,,,,,,train,555,
0_dB_id_06_00000556.png,normal,,,,,,train,556,
0_dB_id_06_00000557.png,normal,,,,,,train,557,
0_dB_id_06_00000558.png,normal,,,,,,train,558,
0_dB_id_06_00000559.png,normal,,,,,,train,559,
0_dB_id_06_00000560.png,normal,,,,,,train,560,
0_dB_id_06_00000561.png,normal,,,,,,train,561,
0_dB_id_06_00000562.png,normal,,,,,,train,562,
0_dB_id_06_00000563.png,normal,,,,,,train,563,
0_dB_id_06_00000564.png,normal,,,,,,train,564,
0_dB_id_06_00000565.png,normal,,,,,,train,565,
0_dB_id_06_00000566.png,normal,,,,,,train,566,
0_dB_id_06_00000567.png,normal,,,,,,train,567,
0_dB_id_06_00000568.png,normal,,,,,,train,568,
0_dB_id_06_00000569.png,normal,,,,,,train,569,
0_dB_id_06_00000570.png,normal,,,,,,train,570,
0_dB_id_06_00000571.png,normal,,,,,,train,571,
0_dB_id_06_00000572.png,normal,,,,,,train,572,
0_dB_id_06_00000573.png,normal,,,,,,train,573,
0_dB_id_06_00000574.png,normal,,,,,,train,574,
0_dB_id_06_00000575.png,normal,,,,,,train,575,
0_dB_id_06_00000576.png,normal,,,,,,train,576,
0_dB_id_06_00000577.png,normal,,,,,,train,577,
0_dB_id_06_00000578.png,normal,,,,,,train,578,
0_dB_id_06_00000579.png,normal,,,,,,train,579,
0_dB_id_06_00000580.png,normal,,,,,,train,580,
0_dB_id_06_00000581.png,normal,,,,,,train,581,
0_dB_id_06_00000582.png,normal,,,,,,train,582,
0_dB_id_06_00000583.png,normal,,,,,,train,583,
0_dB_id_06_00000584.png,normal,,,,,,train,584,
0_dB_id_06_00000585.png,normal,,,,,,train,585,
0_dB_id_06_00000586.png,normal,,,,,,train,586,
0_dB_id_06_00000587.png,normal,,,,,,train,587,
0_dB_id_06_00000588.png,normal,,,,,,train,588,
0_dB_id_06_00000589.png,normal,,,,,,train,589,
0_dB_id_06_00000590.png,normal,,,,,,train,590,
0_dB_id_06_00000591.png,normal,,,,,,train,591,
0_dB_id_06_00000592.png,normal,,,,,,train,592,
0_dB_id_06_00000593.png,normal,,,,,,train,593,
0_dB_id_06_00000594.png,normal,,,,,,train,594,
0_dB_id_06_00000595.png,normal,,,,,,train,595,
0_dB_id_06_00000596.png,normal,,,,,,train,596,
0_dB_id_06_00000597.png,normal,,,,,,train,597,
0_dB_id_06_00000598.png,normal,,,,,,train,598,
0_dB_id_06_00000599.png,normal,,,,,,train,599,
0_dB_id_06_00000600.png,normal,,,,,,train,600,
0_dB_id_06_00000601.png,normal,,,,,,train,601,
0_dB_id_06_00000602.png,normal,,,,,,train,602,
0_dB_id_06_00000603.png,normal,,,,,,train,603,
0_dB_id_06_00000604.png,normal,,,,,,train,604,
0_dB_id_06_00000605.png,normal,,,,,,train,605,
0_dB_id_06_00000606.png,normal,,,,,,train,606,
0_dB_id_06_00000607.png,normal,,,,,,train,607,
0_dB_id_06_00000608.png,normal,,,,,,train,608,
0_dB_id_06_00000609.png,normal,,,,,,train,609,
0_dB_id_06_00000610.png,normal,,,,,,train,610,
0_dB_id_06_00000611.png,normal,,,,,,train,611,
0_dB_id_06_00000612.png,normal,,,,,,train,612,
0_dB_id_06_00000613.png,normal,,,,,,train,613,
0_dB_id_06_00000614.png,normal,,,,,,train,614,
0_dB_id_06_00000615.png,normal,,,,,,train,615,
0_dB_id_06_00000616.png,normal,,,,,,train,616,
0_dB_id_06_00000617.png,normal,,,,,,train,617,
0_dB_id_06_00000618.png,normal,,,,,,train,618,
0_dB_id_06_00000619.png,normal,,,,,,train,619,
0_dB_id_06_00000620.png,normal,,,,,,train,620,
0_dB_id_06_00000621.png,normal,,,,,,train,621,
0_dB_id_06_00000622.png,normal,,,,,,train,622,
0_dB_id_06_00000623.png,normal,,,,,,train,623,
0_dB_id_06_00000624.png,normal,,,,,,train,624,
0_dB_id_06_00000625.png,normal,,,,,,train,625,
0_dB_id_06_00000626.png,normal,,,,,,train,626,
0_dB_id_06_00000627.png,normal,,,,,,train,627,
0_dB_id_06_00000628.png,normal,,,,,,train,628,
0_dB_id_06_00000629.png,normal,,,,,,train,629,
0_dB_id_06_00000630.png,normal,,,,,,train,630,
0_dB_id_06_00000631.png,normal,,,,,,train,631,
0_dB_id_06_00000632.png,normal,,,,,,train,632,
0_dB_id_06_00000633.png,normal,,,,,,train,633,
0_dB_id_06_00000634.png,normal,,,,,,train,634,
0_dB_id_06_00000635.png,normal,,,,,,train,635,
0_dB_id_06_00000636.png,normal,,,,,,train,636,
0_dB_id_06_00000637.png,normal,,,,,,train,637,
0_dB_id_06_00000638.png,normal,,,,,,train,638,
0_dB_id_06_00000639.png,normal,,,,,,train,639,
0_dB_id_06_00000640.png,normal,,,,,,train,640,
0_dB_id_06_00000641.png,normal,,,,,,train,641,
0_dB_id_06_00000642.png,normal,,,,,,train,642,
0_dB_id_06_00000643.png,normal,,,,,,train,643,
0_dB_id_06_00000644.png,normal,,,,,,train,644,
0_dB_id_06_00000645.png,normal,,,,,,train,645,
0_dB_id_06_00000646.png,normal,,,,,,train,646,
0_dB_id_06_00000647.png,normal,,,,,,train,647,
0_dB_id_06_00000648.png,normal,,,,,,train,648,
0_dB_id_06_00000649.png,normal,,,,,,train,649,
0_dB_id_06_00000650.png,normal,,,,,,train,650,
0_dB_id_06_00000651.png,normal,,,,,,train,651,
0_dB_id_06_00000652.png,normal,,,,,,train,652,
0_dB_id_06_00000653.png,normal,,,,,,train,653,
0_dB_id_06_00000654.png,normal,,,,,,train,654,
0_dB_id_06_00000655.png,normal,,,,,,train,655,
0_dB_id_06_00000656.png,normal,,,,,,train,656,
0_dB_id_06_00000657.png,normal,,,,,,train,657,
0_dB_id_06_00000658.png,normal,,,,,,train,658,
0_dB_id_06_00000659.png,normal,,,,,,train,659,
0_dB_id_06_00000660.png,normal,,,,,,train,660,
0_dB_id_06_00000661.png,normal,,,,,,train,661,
0_dB_id_06_00000662.png,normal,,,,,,train,662,
0_dB_id_06_00000663.png,normal,,,,,,train,663,
0_dB_id_06_00000664.png,normal,,,,,,train,664,
0_dB_id_06_00000665.png,normal,,,,,,train,665,
0_dB_id_06_00000666.png,normal,,,,,,train,666,
0_dB_id_06_00000667.png,normal,,,,,,train,667,
0_dB_id_06_00000668.png,normal,,,,,,train,668,
0_dB_id_06_00000669.png,normal,,,,,,train,669,
0_dB_id_06_00000670.png,normal,,,,,,train,670,
0_dB_id_06_00000671.png,normal,,,,,,train,671,
0_dB_id_06_00000672.png,normal,,,,,,train,672,
0_dB_id_06_00000673.png,normal,,,,,,train,673,
0_dB_id_06_00000674.png,normal,,,,,,train,674,
0_dB_id_06_00000675.png,normal,,,,,,train,675,
0_dB_id_06_00000676.png,normal,,,,,,train,676,
0_dB_id_06_00000677.png,normal,,,,,,train,677,
0_dB_id_06_00000678.png,normal,,,,,,train,678,
0_dB_id_06_00000679.png,normal,,,,,,train,679,
0_dB_id_06_00000680.png,normal,,,,,,train,680,
0_dB_id_06_00000681.png,normal,,,,,,train,681,
0_dB_id_06_00000682.png,normal,,,,,,train,682,
0_dB_id_06_00000683.png,normal,,,,,,train,683,
0_dB_id_06_00000684.png,normal,,,,,,train,684,
0_dB_id_06_00000685.png,normal,,,,,,train,685,
0_dB_id_06_00000686.png,normal,,,,,,train,686,
0_dB_id_06_00000687.png,normal,,,,,,train,687,
0_dB_id_06_00000688.png,normal,,,,,,train,688,
0_dB_id_06_00000689.png,normal,,,,,,train,689,
0_dB_id_06_00000690.png,normal,,,,,,train,690,
0_dB_id_06_00000691.png,normal,,,,,,train,691,
0_dB_id_06_00000692.png,normal,,,,,,train,692,
0_dB_id_06_00000693.png,normal,,,,,,train,693,
0_dB_id_06_00000694.png,normal,,,,,,train,694,
0_dB_id_06_00000695.png,normal,,,,,,train,695,
0_dB_id_06_00000696.png,normal,,,,,,train,696,
0_dB_id_06_00000697.png,normal,,,,,,train,697,
0_dB_id_06_00000698.png,normal,,,,,,train,698,
0_dB_id_06_00000699.png,normal,,,,,,train,699,
0_dB_id_06_00000700.png,normal,,,,,,train,700,
0_dB_id_06_00000701.png,normal,,,,,,train,701,
0_dB_id_06_00000702.png,normal,,,,,,train,702,
0_dB_id_06_00000703.png,normal,,,,,,train,703,
0_dB_id_06_00000704.png,normal,,,,,,train,704,
0_dB_id_06_00000705.png,normal,,,,,,train,705,
0_dB_id_06_00000706.png,normal,,,,,,train,706,
0_dB_id_06_00000707.png,normal,,,,,,train,707,
0_dB_id_06_00000708.png,normal,,,,,,train,708,
0_dB_id_06_00000709.png,normal,,,,,,train,709,
0_dB_id_06_00000710.png,normal,,,,,,train,710,
0_dB_id_06_00000711.png,normal,,,,,,train,711,
0_dB_id_06_00000712.png,normal,,,,,,train,712,
0_dB_id_06_00000713.png,normal,,,,,,train,713,
0_dB_id_06_00000714.png,normal,,,,,,train,714,
0_dB_id_06_00000715.png,normal,,,,,,train,715,
0_dB_id_06_00000716.png,normal,,,,,,train,716,
0_dB_id_06_00000717.png,normal,,,,,,train,717,
0_dB_id_06_00000718.png,normal,,,,,,train,718,
0_dB_id_06_00000719.png,normal,,,,,,train,719,
0_dB_id_06_00000720.png,normal,,,,,,train,720,
0_dB_id_06_00000721.png,normal,,,,,,train,721,
0_dB_id_06_00000722.png,normal,,,,,,train,722,
0_dB_id_06_00000723.png,normal,,,,,,train,723,
0_dB_id_06_00000724.png,normal,,,,,,train,724,
0_dB_id_06_00000725.png,normal,,,,,,train,725,
0_dB_id_06_00000726.png,normal,,,,,,train,726,
0_dB_id_06_00000727.png,normal,,,,,,train,727,
0_dB_id_06_00000728.png,normal,,,,,,train,728,
0_dB_id_06_00000729.png,normal,,,,,,train,729,
0_dB_id_06_00000730.png,normal,,,,,,train,730,
0_dB_id_06_00000731.png,normal,,,,,,train,731,
0_dB_id_06_00000732.png,normal,,,,,,train,732,
0_dB_id_06_00000733.png,normal,,,,,,train,733,
0_dB_id_06_00000734.png,normal,,,,,,train,734,
0_dB_id_06_00000735.png,normal,,,,,,train,735,
0_dB_id_06_00000736.png,normal,,,,,,train,736,
0_dB_id_06_00000737.png,normal,,,,,,train,737,
0_dB_id_06_00000738.png,normal,,,,,,train,738,
0_dB_id_06_00000739.png,normal,,,,,,train,739,
0_dB_id_06_00000740.png,normal,,,,,,train,740,
0_dB_id_06_00000741.png,normal,,,,,,train,741,
0_dB_id_06_00000742.png,normal,,,,,,train,742,
0_dB_id_06_00000743.png,normal,,,,,,train,743,
0_dB_id_06_00000744.png,normal,,,,,,train,744,
0_dB_id_06_00000745.png,normal,,,,,,train,745,
0_dB_id_06_00000746.png,normal,,,,,,train,746,
0_dB_id_06_00000747.png,normal,,,,,,train,747,
0_dB_id_06_00000748.png,normal,,,,,,train,748,
0_dB_id_06_00000749.png,normal,,,,,,train,749,
0_dB_id_06_00000750.png,normal,,,,,,train,750,
0_dB_id_06_00000751.png,normal,,,,,,train,751,
0_dB_id_06_00000752.png,normal,,,,,,train,752,
0_dB_id_06_00000753.png,normal,,,,,,train,753,
0_dB_id_06_00000754.png,normal,,,,,,train,754,
0_dB_id_06_00000755.png,normal,,,,,,train,755,
0_dB_id_06_00000756.png,normal,,,,,,train,756,
0_dB_id_06_00000757.png,normal,,,,,,train,757,
0_dB_id_06_00000758.png,normal,,,,,,train,758,
0_dB_id_06_00000759.png,normal,,,,,,train,759,
0_dB_id_06_00000760.png,normal,,,,,,train,760,
0_dB_id_06_00000761.png,normal,,,,,,train,761,
0_dB_id_06_00000762.png,normal,,,,,,train,762,
0_dB_id_06_00000763.png,normal,,,,,,train,763,
0_dB_id_06_00000764.png,normal,,,,,,train,764,
0_dB_id_06_00000765.png,normal,,,,,,train,765,
0_dB_id_06_00000766.png,normal,,,,,,train,766,
0_dB_id_06_00000767.png,normal,,,,,,train,767,
0_dB_id_06_00000768.png,normal,,,,,,train,768,
0_dB_id_06_00000769.png,normal,,,,,,train,769,
0_dB_id_06_00000770.png,normal,,,,,,train,770,
0_dB_id_06_00000771.png,normal,,,,,,train,771,
0_dB_id_06_00000772.png,normal,,,,,,train,772,
0_dB_id_06_00000773.png,normal,,,,,,train,773,
0_dB_id_06_00000774.png,normal,,,,,,train,774,
0_dB_id_06_00000775.png,normal,,,,,,train,775,
0_dB_id_06_00000776.png,normal,,,,,,train,776,
0_dB_id_06_00000777.png,normal,,,,,,train,777,
0_dB_id_06_00000778.png,normal,,,,,,train,778,
0_dB_id_06_00000779.png,normal,,,,,,train,779,
0_dB_id_06_00000780.png,normal,,,,,,train,780,
0_dB_id_06_00000781.png,normal,,,,,,train,781,
0_dB_id_06_00000782.png,normal,,,,,,train,782,
0_dB_id_06_00000783.png,normal,,,,,,train,783,
0_dB_id_06_00000784.png,normal,,,,,,train,784,
0_dB_id_06_00000785.png,normal,,,,,,train,785,
0_dB_id_06_00000786.png,normal,,,,,,train,786,
0_dB_id_06_00000787.png,normal,,,,,,train,787,
0_dB_id_06_00000788.png,normal,,,,,,train,788,
0_dB_id_06_00000789.png,normal,,,,,,train,789,
0_dB_id_06_00000790.png,normal,,,,,,train,790,
0_dB_id_06_00000791.png,normal,,,,,,train,791,
0_dB_id_06_00000792.png,normal,,,,,,train,792,
0_dB_id_06_00000793.png,normal,,,,,,train,793,
0_dB_id_06_00000794.png,normal,,,,,,train,794,
0_dB_id_06_00000795.png,normal,,,,,,train,795,
0_dB_id_06_00000796.png,normal,,,,,,train,796,
0_dB_id_06_00000797.png,normal,,,,,,train,797,
0_dB_id_06_00000798.png,normal,,,,,,train,798,
0_dB_id_06_00000799.png,normal,,,,,,train,799,
0_dB_id_06_00000800.png,normal,,,,,,train,800,
0_dB_id_06_00000801.png,normal,,,,,,train,801,
0_dB_id_06_00000802.png,normal,,,,,,train,802,
0_dB_id_06_00000803.png,normal,,,,,,train,803,
0_dB_id_06_00000804.png,normal,,,,,,train,804,
0_dB_id_06_00000805.png,normal,,,,,,train,805,
0_dB_id_06_00000806.png,normal,,,,,,train,806,
0_dB_id_06_00000807.png,normal,,,,,,train,807,
0_dB_id_06_00000808.png,normal,,,,,,train,808,
0_dB_id_06_00000809.png,normal,,,,,,train,809,
0_dB_id_06_00000810.png,normal,,,,,,train,810,
0_dB_id_06_00000811.png,normal,,,,,,train,811,
0_dB_id_06_00000812.png,normal,,,,,,train,812,
0_dB_id_06_00000813.png,normal,,,,,,train,813,
0_dB_id_06_00000814.png,normal,,,,,,train,814,
0_dB_id_06_00000815.png,normal,,,,,,train,815,
0_dB_id_06_00000816.png,normal,,,,,,train,816,
0_dB_id_06_00000817.png,normal,,,,,,train,817,
0_dB_id_06_00000818.png,normal,,,,,,train,818,
0_dB_id_06_00000819.png,normal,,,,,,train,819,
0_dB_id_06_00000820.png,normal,,,,,,train,820,
0_dB_id_06_00000821.png,normal,,,,,,train,821,
0_dB_id_06_00000822.png,normal,,,,,,train,822,
0_dB_id_06_00000823.png,normal,,,,,,train,823,
0_dB_id_06_00000824.png,normal,,,,,,train,824,
0_dB_id_06_00000825.png,normal,,,,,,train,825,
0_dB_id_06_00000826.png,normal,,,,,,train,826,
0_dB_id_06_00000827.png,normal,,,,,,train,827,
0_dB_id_06_00000828.png,normal,,,,,,train,828,
0_dB_id_06_00000829.png,normal,,,,,,train,829,
0_dB_id_06_00000830.png,normal,,,,,,train,830,
0_dB_id_06_00000831.png,normal,,,,,,train,831,
0_dB_id_06_00000832.png,normal,,,,,,train,832,
0_dB_id_06_00000833.png,normal,,,,,,train,833,
0_dB_id_06_00000834.png,normal,,,,,,train,834,
0_dB_id_06_00000835.png,normal,,,,,,train,835,
0_dB_id_06_00000836.png,normal,,,,,,train,836,
0_dB_id_06_00000837.png,normal,,,,,,train,837,
0_dB_id_06_00000838.png,normal,,,,,,train,838,
0_dB_id_06_00000839.png,normal,,,,,,train,839,
0_dB_id_06_00000840.png,normal,,,,,,train,840,
0_dB_id_06_00000841.png,normal,,,,,,train,841,
0_dB_id_06_00000842.png,normal,,,,,,train,842,
0_dB_id_06_00000843.png,normal,,,,,,train,843,
0_dB_id_06_00000844.png,normal,,,,,,train,844,
0_dB_id_06_00000845.png,normal,,,,,,train,845,
0_dB_id_06_00000846.png,normal,,,,,,train,846,
0_dB_id_06_00000847.png,normal,,,,,,train,847,
0_dB_id_06_00000848.png,normal,,,,,,train,848,
0_dB_id_06_00000849.png,normal,,,,,,train,849,
0_dB_id_06_00000850.png,normal,,,,,,train,850,
0_dB_id_06_00000851.png,normal,,,,,,train,851,
0_dB_id_06_00000852.png,normal,,,,,,train,852,
0_dB_id_06_00000853.png,normal,,,,,,train,853,
0_dB_id_06_00000854.png,normal,,,,,,train,854,
0_dB_id_06_00000855.png,normal,,,,,,train,855,
0_dB_id_06_00000856.png,normal,,,,,,train,856,
0_dB_id_06_00000857.png,normal,,,,,,train,857,
0_dB_id_06_00000858.png,normal,,,,,,train,858,
0_dB_id_06_00000859.png,normal,,,,,,train,859,
0_dB_id_06_00000860.png,normal,,,,,,train,860,
0_dB_id_06_00000861.png,normal,,,,,,train,861,
0_dB_id_06_00000862.png,normal,,,,,,train,862,
0_dB_id_06_00000863.png,normal,,,,,,train,863,
0_dB_id_06_00000864.png,normal,,,,,,train,864,
0_dB_id_06_00000865.png,normal,,,,,,train,865,
0_dB_id_06_00000866.png,normal,,,,,,train,866,
0_dB_id_06_00000867.png,normal,,,,,,train,867,
0_dB_id_06_00000868.png,normal,,,,,,train,868,
0_dB_id_06_00000869.png,normal,,,,,,train,869,
0_dB_id_06_00000870.png,normal,,,,,,train,870,
0_dB_id_06_00000871.png,normal,,,,,,train,871,
0_dB_id_06_00000872.png,normal,,,,,,train,872,
0_dB_id_06_00000873.png,normal,,,,,,train,873,
0_dB_id_06_00000874.png,normal,,,,,,train,874,
0_dB_id_06_00000875.png,normal,,,,,,train,875,
0_dB_id_06_00000876.png,normal,,,,,,train,876,
0_dB_id_06_00000877.png,normal,,,,,,train,877,
0_dB_id_06_00000878.png,normal,,,,,,train,878,
0_dB_id_06_00000879.png,normal,,,,,,train,879,
0_dB_id_06_00000880.png,normal,,,,,,train,880,
0_dB_id_06_00000881.png,normal,,,,,,train,881,
0_dB_id_06_00000882.png,normal,,,,,,train,882,
0_dB_id_06_00000883.png,normal,,,,,,train,883,
0_dB_id_06_00000884.png,normal,,,,,,train,884,
0_dB_id_06_00000885.png,normal,,,,,,train,885,
0_dB_id_06_00000886.png,normal,,,,,,train,886,
0_dB_id_06_00000887.png,normal,,,,,,train,887,
0_dB_id_06_00000888.png,normal,,,,,,train,888,
0_dB_id_06_00000889.png,normal,,,,,,train,889,
0_dB_id_06_00000890.png,normal,,,,,,train,890,
0_dB_id_06_00000891.png,normal,,,,,,train,891,
0_dB_id_06_00000892.png,normal,,,,,,train,892,
0_dB_id_06_00000893.png,normal,,,,,,train,893,
0_dB_id_06_00000894.png,normal,,,,,,train,894,
0_dB_id_06_00000895.png,normal,,,,,,train,895,
0_dB_id_06_00000896.png,normal,,,,,,train,896,
0_dB_id_06_00000897.png,normal,,,,,,train,897,
0_dB_id_06_00000898.png,normal,,,,,,train,898,
0_dB_id_06_00000899.png,normal,,,,,,train,899,
0_dB_id_06_00000900.png,normal,,,,,,train,900,
0_dB_id_06_00000901.png,normal,,,,,,train,901,
0_dB_id_06_00000902.png,normal,,,,,,train,902,
0_dB_id_06_00000903.png,normal,,,,,,train,903,
0_dB_id_06_00000904.png,normal,,,,,,train,904,
0_dB_id_06_00000905.png,normal,,,,,,train,905,
0_dB_id_06_00000906.png,normal,,,,,,train,906,
0_dB_id_06_00000907.png,normal,,,,,,train,907,
0_dB_id_06_00000908.png,normal,,,,,,train,908,
0_dB_id_06_00000909.png,normal,,,,,,train,909,
0_dB_id_06_00000910.png,normal,,,,,,train,910,
0_dB_id_06_00000911.png,normal,,,,,,train,911,
0_dB_id_06_00000912.png,normal,,,,,,train,912,
0_dB_id_06_00000913.png,normal,,,,,,train,913,
0_dB_id_06_00000914.png,normal,,,,,,train,914,
0_dB_id_06_00000915.png,normal,,,,,,train,915,
0_dB_id_06_00000916.png,normal,,,,,,train,916,
0_dB_id_06_00000917.png,normal,,,,,,train,917,
0_dB_id_06_00000918.png,normal,,,,,,train,918,
0_dB_id_06_00000919.png,normal,,,,,,train,919,
0_dB_id_06_00000920.png,normal,,,,,,train,920,
0_dB_id_06_00000921.png,normal,,,,,,train,921,
0_dB_id_06_00000922.png,normal,,,,,,train,922,
0_dB_id_06_00000923.png,normal,,,,,,train,923,
0_dB_id_06_00000924.png,normal,,,,,,train,924,
0_dB_id_06_00000925.png,normal,,,,,,train,925,
0_dB_id_06_00000926.png,normal,,,,,,train,926,
0_dB_id_06_00000927.png,normal,,,,,,train,927,
0_dB_id_06_00000928.png,normal,,,,,,train,928,
0_dB_id_06_00000929.png,normal,,,,,,train,929,
0_dB_id_06_00000930.png,normal,,,,,,train,930,
0_dB_id_06_00000931.png,normal,,,,,,train,931,
0_dB_id_06_00000932.png,normal,,,,,,train,932,
0_dB_id_06_00000933.png,normal,,,,,,train,933,
0_dB_id_06_00000934.png,normal,,,,,,train,934,
0_dB_id_06_00000935.png,normal,,,,,,train,935,
0_dB_id_06_00000936.png,normal,,,,,,train,936,
0_dB_id_06_00000937.png,normal,,,,,,train,937,
0_dB_id_06_00000938.png,normal,,,,,,train,938,
0_dB_id_06_00000939.png,normal,,,,,,train,939,
0_dB_id_06_00000940.png,normal,,,,,,train,940,
0_dB_id_06_00000941.png,normal,,,,,,train,941,
0_dB_id_06_00000942.png,normal,,,,,,train,942,
0_dB_id_06_00000943.png,normal,,,,,,train,943,
0_dB_id_06_00000944.png,normal,,,,,,train,944,
0_dB_id_06_00000945.png,normal,,,,,,train,945,
0_dB_id_06_00000946.png,normal,,,,,,train,946,
0_dB_id_06_00000947.png,normal,,,,,,train,947,
0_dB_id_06_00000948.png,normal,,,,,,train,948,
0_dB_id_06_00000949.png,normal,,,,,,train,949,
0_dB_id_06_00000950.png,normal,,,,,,train,950,
0_dB_id_06_00000951.png,normal,,,,,,train,951,
0_dB_id_06_00000952.png,normal,,,,,,train,952,
0_dB_id_06_00000953.png,normal,,,,,,train,953,
0_dB_id_06_00000954.png,normal,,,,,,train,954,
0_dB_id_06_00000955.png,normal,,,,,,train,955,
0_dB_id_06_00000956.png,normal,,,,,,train,956,
0_dB_id_06_00000957.png,normal,,,,,,train,957,
0_dB_id_06_00000958.png,normal,,,,,,train,958,
0_dB_id_06_00000959.png,normal,,,,,,train,959,
0_dB_id_06_00000960.png,normal,,,,,,train,960,
0_dB_id_06_00000961.png,normal,,,,,,train,961,
0_dB_id_06_00000962.png,normal,,,,,,train,962,
0_dB_id_06_00000963.png,normal,,,,,,train,963,
0_dB_id_06_00000964.png,normal,,,,,,train,964,
0_dB_id_06_00000965.png,normal,,,,,,train,965,
0_dB_id_06_00000966.png,normal,,,,,,train,966,
0_dB_id_06_00000967.png,normal,,,,,,train,967,
0_dB_id_06_00000968.png,normal,,,,,,train,968,
0_dB_id_06_00000969.png,normal,,,,,,train,969,
0_dB_id_06_00000970.png,normal,,,,,,train,970,
0_dB_id_06_00000971.png,normal,,,,,,train,971,
0_dB_id_06_00000972.png,normal,,,,,,train,972,
0_dB_id_06_00000973.png,normal,,,,,,train,973,
0_dB_id_06_00000974.png,normal,,,,,,train,974,
0_dB_id_06_00000975.png,normal,,,,,,train,975,
0_dB_id_06_00000976.png,normal,,,,,,train,976,
0_dB_id_06_00000977.png,normal,,,,,,train,977,
0_dB_id_06_00000978.png,normal,,,,,,train,978,
0_dB_id_06_00000979.png,normal,,,,,,train,979,
0_dB_id_06_00000980.png,normal,,,,,,train,980,
0_dB_id_06_00000981.png,normal,,,,,,train,981,
0_dB_id_06_00000982.png,normal,,,,,,train,982,
0_dB_id_06_00000983.png,normal,,,,,,train,983,
0_dB_id_06_00000984.png,normal,,,,,,train,984,
0_dB_id_06_00000985.png,normal,,,,,,train,985,
0_dB_id_06_00000986.png,normal,,,,,,train,986,
0_dB_id_06_00000987.png,normal,,,,,,train,987,
0_dB_id_06_00000988.png,normal,,,,,,train,988,
0_dB_id_06_00000989.png,normal,,,,,,train,989,
0_dB_id_06_00000990.png,normal,,,,,,train,990,
0_dB_id_06_00000991.png,normal,,,,,,train,991,
0_dB_id_06_00000992.png,normal,,,,,,train,992,
0_dB_id_06_00000993.png,normal,,,,,,train,993,
0_dB_id_06_00000994.png,normal,,,,,,train,994,
0_dB_id_06_00000995.png,normal,,,,,,train,995,
0_dB_id_06_00000996.png,normal,,,,,,train,996,
0_dB_id_06_00000997.png,normal,,,,,,train,997,
0_dB_id_06_00000998.png,normal,,,,,,train,998,
0_dB_id_06_00000999.png,normal,,,,,,train,999,
0_dB_id_06_00001000.png,normal,,,,,,train,1000,
0_dB_id_06_00001001.png,normal,,,,,,train,1001,
0_dB_id_06_00001002.png,normal,,,,,,train,1002,
0_dB_id_06_00001003.png,normal,,,,,,train,1003,
0_dB_id_06_00001004.png,normal,,,,,,train,1004,
0_dB_id_06_00001005.png,normal,,,,,,train,1005,
0_dB_id_06_00001006.png,normal,,,,,,train,1006,
0_dB_id_06_00001007.png,normal,,,,,,train,1007,
0_dB_id_06_00001008.png,normal,,,,,,train,1008,
0_dB_id_06_00001009.png,normal,,,,,,train,1009,
0_dB_id_06_00001010.png,normal,,,,,,train,1010,
0_dB_id_06_00001011.png,normal,,,,,,train,1011,
0_dB_id_06_00001012.png,normal,,,,,,train,1012,
0_dB_id_06_00001013.png,normal,,,,,,train,1013,
0_dB_id_06_00001014.png,normal,,,,,,train,1014,
0_dB_id_06_00001015.png,normal,,,,,,train,1015,
0_dB_id_06_00001016.png,normal,,,,,,train,1016,
0_dB_id_06_00001017.png,normal,,,,,,train,1017,
0_dB_id_06_00001018.png,normal,,,,,,train,1018,
0_dB_id_06_00001019.png,normal,,,,,,train,1019,
0_dB_id_06_00001020.png,normal,,,,,,train,1020,
0_dB_id_06_00001021.png,normal,,,,,,train,1021,
0_dB_id_06_00001022.png,normal,,,,,,train,1022,
0_dB_id_06_00001023.png,normal,,,,,,train,1023,
0_dB_id_06_00001024.png,normal,,,,,,train,1024,
0_dB_id_06_00001025.png,normal,,,,,,train,1025,
0_dB_id_06_00001026.png,normal,,,,,,train,1026,
0_dB_id_06_00001027.png,normal,,,,,,train,1027,
0_dB_id_06_00001028.png,normal,,,,,,train,1028,
0_dB_id_06_00001029.png,normal,,,,,,train,1029,
0_dB_id_06_00001030.png,normal,,,,,,train,1030,
0_dB_id_06_00001031.png,normal,,,,,,train,1031,
0_dB_id_06_00001032.png,normal,,,,,,train,1032,
0_dB_id_06_00001033.png,normal,,,,,,train,1033,
0_dB_id_06_00001034.png,normal,,,,,,train,1034,
0_dB_id_06_00001035.png,normal,,,,,,train,1035,
6_dB_id_04_00000000.png,normal,,,,,,train,0,
6_dB_id_04_00000001.png,normal,,,,,,train,1,
6_dB_id_04_00000002.png,normal,,,,,,train,2,
6_dB_id_04_00000003.png,normal,,,,,,train,3,
6_dB_id_04_00000004.png,normal,,,,,,train,4,
6_dB_id_04_00000005.png,normal,,,,,,train,5,
6_dB_id_04_00000006.png,normal,,,,,,train,6,
6_dB_id_04_00000007.png,normal,,,,,,train,7,
6_dB_id_04_00000008.png,normal,,,,,,train,8,
6_dB_id_04_00000009.png,normal,,,,,,train,9,
6_dB_id_04_00000010.png,normal,,,,,,train,10,
6_dB_id_04_00000011.png,normal,,,,,,train,11,
6_dB_id_04_00000012.png,normal,,,,,,train,12,
6_dB_id_04_00000013.png,normal,,,,,,train,13,
6_dB_id_04_00000014.png,normal,,,,,,train,14,
6_dB_id_04_00000015.png,normal,,,,,,train,15,
6_dB_id_04_00000016.png,normal,,,,,,train,16,
6_dB_id_04_00000017.png,normal,,,,,,train,17,
6_dB_id_04_00000018.png,normal,,,,,,train,18,
6_dB_id_04_00000019.png,normal,,,,,,train,19,
6_dB_id_04_00000020.png,normal,,,,,,train,20,
6_dB_id_04_00000021.png,normal,,,,,,train,21,
6_dB_id_04_00000022.png,normal,,,,,,train,22,
6_dB_id_04_00000023.png,normal,,,,,,train,23,
6_dB_id_04_00000024.png,normal,,,,,,train,24,
6_dB_id_04_00000025.png,normal,,,,,,train,25,
6_dB_id_04_00000026.png,normal,,,,,,train,26,
6_dB_id_04_00000027.png,normal,,,,,,train,27,
6_dB_id_04_00000028.png,normal,,,,,,train,28,
6_dB_id_04_00000029.png,normal,,,,,,train,29,
6_dB_id_04_00000030.png,normal,,,,,,train,30,
6_dB_id_04_00000031.png,normal,,,,,,train,31,
6_dB_id_04_00000032.png,normal,,,,,,train,32,
6_dB_id_04_00000033.png,normal,,,,,,train,33,
6_dB_id_04_00000034.png,normal,,,,,,train,34,
6_dB_id_04_00000035.png,normal,,,,,,train,35,
6_dB_id_04_00000036.png,normal,,,,,,train,36,
6_dB_id_04_00000037.png,normal,,,,,,train,37,
6_dB_id_04_00000038.png,normal,,,,,,train,38,
6_dB_id_04_00000039.png,normal,,,,,,train,39,
6_dB_id_04_00000040.png,normal,,,,,,train,40,
6_dB_id_04_00000041.png,normal,,,,,,train,41,
6_dB_id_04_00000042.png,normal,,,,,,train,42,
6_dB_id_04_00000043.png,normal,,,,,,train,43,
6_dB_id_04_00000044.png,normal,,,,,,train,44,
6_dB_id_04_00000045.png,normal,,,,,,train,45,
6_dB_id_04_00000046.png,normal,,,,,,train,46,
6_dB_id_04_00000047.png,normal,,,,,,train,47,
6_dB_id_04_00000048.png,normal,,,,,,train,48,
6_dB_id_04_00000049.png,normal,,,,,,train,49,
6_dB_id_04_00000050.png,normal,,,,,,train,50,
6_dB_id_04_00000051.png,normal,,,,,,train,51,
6_dB_id_04_00000052.png,normal,,,,,,train,52,
6_dB_id_04_00000053.png,normal,,,,,,train,53,
6_dB_id_04_00000054.png,normal,,,,,,train,54,
6_dB_id_04_00000055.png,normal,,,,,,train,55,
6_dB_id_04_00000056.png,normal,,,,,,train,56,
6_dB_id_04_00000057.png,normal,,,,,,train,57,
6_dB_id_04_00000058.png,normal,,,,,,train,58,
6_dB_id_04_00000059.png,normal,,,,,,train,59,
6_dB_id_04_00000060.png,normal,,,,,,train,60,
6_dB_id_04_00000061.png,normal,,,,,,train,61,
6_dB_id_04_00000062.png,normal,,,,,,train,62,
6_dB_id_04_00000063.png,normal,,,,,,train,63,
6_dB_id_04_00000064.png,normal,,,,,,train,64,
6_dB_id_04_00000065.png,normal,,,,,,train,65,
6_dB_id_04_00000066.png,normal,,,,,,train,66,
6_dB_id_04_00000067.png,normal,,,,,,train,67,
6_dB_id_04_00000068.png,normal,,,,,,train,68,
6_dB_id_04_00000069.png,normal,,,,,,train,69,
6_dB_id_04_00000070.png,normal,,,,,,train,70,
6_dB_id_04_00000071.png,normal,,,,,,train,71,
6_dB_id_04_00000072.png,normal,,,,,,train,72,
6_dB_id_04_00000073.png,normal,,,,,,train,73,
6_dB_id_04_00000074.png,normal,,,,,,train,74,
6_dB_id_04_00000075.png,normal,,,,,,train,75,
6_dB_id_04_00000076.png,normal,,,,,,train,76,
6_dB_id_04_00000077.png,normal,,,,,,train,77,
6_dB_id_04_00000078.png,normal,,,,,,train,78,
6_dB_id_04_00000079.png,normal,,,,,,train,79,
6_dB_id_04_00000080.png,normal,,,,,,train,80,
6_dB_id_04_00000081.png,normal,,,,,,train,81,
6_dB_id_04_00000082.png,normal,,,,,,train,82,
6_dB_id_04_00000083.png,normal,,,,,,train,83,
6_dB_id_04_00000084.png,normal,,,,,,train,84,
6_dB_id_04_00000085.png,normal,,,,,,train,85,
6_dB_id_04_00000086.png,normal,,,,,,train,86,
6_dB_id_04_00000087.png,normal,,,,,,train,87,
6_dB_id_04_00000088.png,normal,,,,,,train,88,
6_dB_id_04_00000089.png,normal,,,,,,train,89,
6_dB_id_04_00000090.png,normal,,,,,,train,90,
6_dB_id_04_00000091.png,normal,,,,,,train,91,
6_dB_id_04_00000092.png,normal,,,,,,train,92,
6_dB_id_04_00000093.png,normal,,,,,,train,93,
6_dB_id_04_00000094.png,normal,,,,,,train,94,
6_dB_id_04_00000095.png,normal,,,,,,train,95,
6_dB_id_04_00000096.png,normal,,,,,,train,96,
6_dB_id_04_00000097.png,normal,,,,,,train,97,
6_dB_id_04_00000098.png,normal,,,,,,train,98,
6_dB_id_04_00000099.png,normal,,,,,,train,99,
6_dB_id_04_00000100.png,normal,,,,,,train,100,
6_dB_id_04_00000101.png,normal,,,,,,train,101,
6_dB_id_04_00000102.png,normal,,,,,,train,102,
6_dB_id_04_00000103.png,normal,,,,,,train,103,
6_dB_id_04_00000104.png,normal,,,,,,train,104,
6_dB_id_04_00000105.png,normal,,,,,,train,105,
6_dB_id_04_00000106.png,normal,,,,,,train,106,
6_dB_id_04_00000107.png,normal,,,,,,train,107,
6_dB_id_04_00000108.png,normal,,,,,,train,108,
6_dB_id_04_00000109.png,normal,,,,,,train,109,
6_dB_id_04_00000110.png,normal,,,,,,train,110,
6_dB_id_04_00000111.png,normal,,,,,,train,111,
6_dB_id_04_00000112.png,normal,,,,,,train,112,
6_dB_id_04_00000113.png,normal,,,,,,train,113,
6_dB_id_04_00000114.png,normal,,,,,,train,114,
6_dB_id_04_00000115.png,normal,,,,,,train,115,
6_dB_id_04_00000116.png,normal,,,,,,train,116,
6_dB_id_04_00000117.png,normal,,,,,,train,117,
6_dB_id_04_00000118.png,normal,,,,,,train,118,
6_dB_id_04_00000119.png,normal,,,,,,train,119,
6_dB_id_04_00000120.png,normal,,,,,,train,120,
6_dB_id_04_00000121.png,normal,,,,,,train,121,
6_dB_id_04_00000122.png,normal,,,,,,train,122,
6_dB_id_04_00000123.png,normal,,,,,,train,123,
6_dB_id_04_00000124.png,normal,,,,,,train,124,
6_dB_id_04_00000125.png,normal,,,,,,train,125,
6_dB_id_04_00000126.png,normal,,,,,,train,126,
6_dB_id_04_00000127.png,normal,,,,,,train,127,
6_dB_id_04_00000128.png,normal,,,,,,train,128,
6_dB_id_04_00000129.png,normal,,,,,,train,129,
6_dB_id_04_00000130.png,normal,,,,,,train,130,
6_dB_id_04_00000131.png,normal,,,,,,train,131,
6_dB_id_04_00000132.png,normal,,,,,,train,132,
6_dB_id_04_00000133.png,normal,,,,,,train,133,
6_dB_id_04_00000134.png,normal,,,,,,train,134,
6_dB_id_04_00000135.png,normal,,,,,,train,135,
6_dB_id_04_00000136.png,normal,,,,,,train,136,
6_dB_id_04_00000137.png,normal,,,,,,train,137,
6_dB_id_04_00000138.png,normal,,,,,,train,138,
6_dB_id_04_00000139.png,normal,,,,,,train,139,
6_dB_id_04_00000140.png,normal,,,,,,train,140,
6_dB_id_04_00000141.png,normal,,,,,,train,141,
6_dB_id_04_00000142.png,normal,,,,,,train,142,
6_dB_id_04_00000143.png,normal,,,,,,train,143,
6_dB_id_04_00000144.png,normal,,,,,,train,144,
6_dB_id_04_00000145.png,normal,,,,,,train,145,
6_dB_id_04_00000146.png,normal,,,,,,train,146,
6_dB_id_04_00000147.png,normal,,,,,,train,147,
6_dB_id_04_00000148.png,normal,,,,,,train,148,
6_dB_id_04_00000149.png,normal,,,,,,train,149,
6_dB_id_04_00000150.png,normal,,,,,,train,150,
6_dB_id_04_00000151.png,normal,,,,,,train,151,
6_dB_id_04_00000152.png,normal,,,,,,train,152,
6_dB_id_04_00000153.png,normal,,,,,,train,153,
6_dB_id_04_00000154.png,normal,,,,,,train,154,
6_dB_id_04_00000155.png,normal,,,,,,train,155,
6_dB_id_04_00000156.png,normal,,,,,,train,156,
6_dB_id_04_00000157.png,normal,,,,,,train,157,
6_dB_id_04_00000158.png,normal,,,,,,train,158,
6_dB_id_04_00000159.png,normal,,,,,,train,159,
6_dB_id_04_00000160.png,normal,,,,,,train,160,
6_dB_id_04_00000161.png,normal,,,,,,train,161,
6_dB_id_04_00000162.png,normal,,,,,,train,162,
6_dB_id_04_00000163.png,normal,,,,,,train,163,
6_dB_id_04_00000164.png,normal,,,,,,train,164,
6_dB_id_04_00000165.png,normal,,,,,,train,165,
6_dB_id_04_00000166.png,normal,,,,,,train,166,
6_dB_id_04_00000167.png,normal,,,,,,train,167,
6_dB_id_04_00000168.png,normal,,,,,,train,168,
6_dB_id_04_00000169.png,normal,,,,,,train,169,
6_dB_id_04_00000170.png,normal,,,,,,train,170,
6_dB_id_04_00000171.png,normal,,,,,,train,171,
6_dB_id_04_00000172.png,normal,,,,,,train,172,
6_dB_id_04_00000173.png,normal,,,,,,train,173,
6_dB_id_04_00000174.png,normal,,,,,,train,174,
6_dB_id_04_00000175.png,normal,,,,,,train,175,
6_dB_id_04_00000176.png,normal,,,,,,train,176,
6_dB_id_04_00000177.png,normal,,,,,,train,177,
6_dB_id_04_00000178.png,normal,,,,,,train,178,
6_dB_id_04_00000179.png,normal,,,,,,train,179,
6_dB_id_04_00000180.png,normal,,,,,,train,180,
6_dB_id_04_00000181.png,normal,,,,,,train,181,
6_dB_id_04_00000182.png,normal,,,,,,train,182,
6_dB_id_04_00000183.png,normal,,,,,,train,183,
6_dB_id_04_00000184.png,normal,,,,,,train,184,
6_dB_id_04_00000185.png,normal,,,,,,train,185,
6_dB_id_04_00000186.png,normal,,,,,,train,186,
6_dB_id_04_00000187.png,normal,,,,,,train,187,
6_dB_id_04_00000188.png,normal,,,,,,train,188,
6_dB_id_04_00000189.png,normal,,,,,,train,189,
6_dB_id_04_00000190.png,normal,,,,,,train,190,
6_dB_id_04_00000191.png,normal,,,,,,train,191,
6_dB_id_04_00000192.png,normal,,,,,,train,192,
6_dB_id_04_00000193.png,normal,,,,,,train,193,
6_dB_id_04_00000194.png,normal,,,,,,train,194,
6_dB_id_04_00000195.png,normal,,,,,,train,195,
6_dB_id_04_00000196.png,normal,,,,,,train,196,
6_dB_id_04_00000197.png,normal,,,,,,train,197,
6_dB_id_04_00000198.png,normal,,,,,,train,198,
6_dB_id_04_00000199.png,normal,,,,,,train,199,
6_dB_id_04_00000200.png,normal,,,,,,train,200,
6_dB_id_04_00000201.png,normal,,,,,,train,201,
6_dB_id_04_00000202.png,normal,,,,,,train,202,
6_dB_id_04_00000203.png,normal,,,,,,train,203,
6_dB_id_04_00000204.png,normal,,,,,,train,204,
6_dB_id_04_00000205.png,normal,,,,,,train,205,
6_dB_id_04_00000206.png,normal,,,,,,train,206,
6_dB_id_04_00000207.png,normal,,,,,,train,207,
6_dB_id_04_00000208.png,normal,,,,,,train,208,
6_dB_id_04_00000209.png,normal,,,,,,train,209,
6_dB_id_04_00000210.png,normal,,,,,,train,210,
6_dB_id_04_00000211.png,normal,,,,,,train,211,
6_dB_id_04_00000212.png,normal,,,,,,train,212,
6_dB_id_04_00000213.png,normal,,,,,,train,213,
6_dB_id_04_00000214.png,normal,,,,,,train,214,
6_dB_id_04_00000215.png,normal,,,,,,train,215,
6_dB_id_04_00000216.png,normal,,,,,,train,216,
6_dB_id_04_00000217.png,normal,,,,,,train,217,
6_dB_id_04_00000218.png,normal,,,,,,train,218,
6_dB_id_04_00000219.png,normal,,,,,,train,219,
6_dB_id_04_00000220.png,normal,,,,,,train,220,
6_dB_id_04_00000221.png,normal,,,,,,train,221,
6_dB_id_04_00000222.png,normal,,,,,,train,222,
6_dB_id_04_00000223.png,normal,,,,,,train,223,
6_dB_id_04_00000224.png,normal,,,,,,train,224,
6_dB_id_04_00000225.png,normal,,,,,,train,225,
6_dB_id_04_00000226.png,normal,,,,,,train,226,
6_dB_id_04_00000227.png,normal,,,,,,train,227,
6_dB_id_04_00000228.png,normal,,,,,,train,228,
6_dB_id_04_00000229.png,normal,,,,,,train,229,
6_dB_id_04_00000230.png,normal,,,,,,train,230,
6_dB_id_04_00000231.png,normal,,,,,,train,231,
6_dB_id_04_00000232.png,normal,,,,,,train,232,
6_dB_id_04_00000233.png,normal,,,,,,train,233,
6_dB_id_04_00000234.png,normal,,,,,,train,234,
6_dB_id_04_00000235.png,normal,,,,,,train,235,
6_dB_id_04_00000236.png,normal,,,,,,train,236,
6_dB_id_04_00000237.png,normal,,,,,,train,237,
6_dB_id_04_00000238.png,normal,,,,,,train,238,
6_dB_id_04_00000239.png,normal,,,,,,train,239,
6_dB_id_04_00000240.png,normal,,,,,,train,240,
6_dB_id_04_00000241.png,normal,,,,,,train,241,
6_dB_id_04_00000242.png,normal,,,,,,train,242,
6_dB_id_04_00000243.png,normal,,,,,,train,243,
6_dB_id_04_00000244.png,normal,,,,,,train,244,
6_dB_id_04_00000245.png,normal,,,,,,train,245,
6_dB_id_04_00000246.png,normal,,,,,,train,246,
6_dB_id_04_00000247.png,normal,,,,,,train,247,
6_dB_id_04_00000248.png,normal,,,,,,train,248,
6_dB_id_04_00000249.png,normal,,,,,,train,249,
6_dB_id_04_00000250.png,normal,,,,,,train,250,
6_dB_id_04_00000251.png,normal,,,,,,train,251,
6_dB_id_04_00000252.png,normal,,,,,,train,252,
6_dB_id_04_00000253.png,normal,,,,,,train,253,
6_dB_id_04_00000254.png,normal,,,,,,train,254,
6_dB_id_04_00000255.png,normal,,,,,,train,255,
6_dB_id_04_00000256.png,normal,,,,,,train,256,
6_dB_id_04_00000257.png,normal,,,,,,train,257,
6_dB_id_04_00000258.png,normal,,,,,,train,258,
6_dB_id_04_00000259.png,normal,,,,,,train,259,
6_dB_id_04_00000260.png,normal,,,,,,train,260,
6_dB_id_04_00000261.png,normal,,,,,,train,261,
6_dB_id_04_00000262.png,normal,,,,,,train,262,
6_dB_id_04_00000263.png,normal,,,,,,train,263,
6_dB_id_04_00000264.png,normal,,,,,,train,264,
6_dB_id_04_00000265.png,normal,,,,,,train,265,
6_dB_id_04_00000266.png,normal,,,,,,train,266,
6_dB_id_04_00000267.png,normal,,,,,,train,267,
6_dB_id_04_00000268.png,normal,,,,,,train,268,
6_dB_id_04_00000269.png,normal,,,,,,train,269,
6_dB_id_04_00000270.png,normal,,,,,,train,270,
6_dB_id_04_00000271.png,normal,,,,,,train,271,
6_dB_id_04_00000272.png,normal,,,,,,train,272,
6_dB_id_04_00000273.png,normal,,,,,,train,273,
6_dB_id_04_00000274.png,normal,,,,,,train,274,
6_dB_id_04_00000275.png,normal,,,,,,train,275,
6_dB_id_04_00000276.png,normal,,,,,,train,276,
6_dB_id_04_00000277.png,normal,,,,,,train,277,
6_dB_id_04_00000278.png,normal,,,,,,train,278,
6_dB_id_04_00000279.png,normal,,,,,,train,279,
6_dB_id_04_00000280.png,normal,,,,,,train,280,
6_dB_id_04_00000281.png,normal,,,,,,train,281,
6_dB_id_04_00000282.png,normal,,,,,,train,282,
6_dB_id_04_00000283.png,normal,,,,,,train,283,
6_dB_id_04_00000284.png,normal,,,,,,train,284,
6_dB_id_04_00000285.png,normal,,,,,,train,285,
6_dB_id_04_00000286.png,normal,,,,,,train,286,
6_dB_id_04_00000287.png,normal,,,,,,train,287,
6_dB_id_04_00000288.png,normal,,,,,,train,288,
6_dB_id_04_00000289.png,normal,,,,,,train,289,
6_dB_id_04_00000290.png,normal,,,,,,train,290,
6_dB_id_04_00000291.png,normal,,,,,,train,291,
6_dB_id_04_00000292.png,normal,,,,,,train,292,
6_dB_id_04_00000293.png,normal,,,,,,train,293,
6_dB_id_04_00000294.png,normal,,,,,,train,294,
6_dB_id_04_00000295.png,normal,,,,,,train,295,
6_dB_id_04_00000296.png,normal,,,,,,train,296,
6_dB_id_04_00000297.png,normal,,,,,,train,297,
6_dB_id_04_00000298.png,normal,,,,,,train,298,
6_dB_id_04_00000299.png,normal,,,,,,train,299,
6_dB_id_04_00000300.png,normal,,,,,,train,300,
6_dB_id_04_00000301.png,normal,,,,,,train,301,
6_dB_id_04_00000302.png,normal,,,,,,train,302,
6_dB_id_04_00000303.png,normal,,,,,,train,303,
6_dB_id_04_00000304.png,normal,,,,,,train,304,
6_dB_id_04_00000305.png,normal,,,,,,train,305,
6_dB_id_04_00000306.png,normal,,,,,,train,306,
6_dB_id_04_00000307.png,normal,,,,,,train,307,
6_dB_id_04_00000308.png,normal,,,,,,train,308,
6_dB_id_04_00000309.png,normal,,,,,,train,309,
6_dB_id_04_00000310.png,normal,,,,,,train,310,
6_dB_id_04_00000311.png,normal,,,,,,train,311,
6_dB_id_04_00000312.png,normal,,,,,,train,312,
6_dB_id_04_00000313.png,normal,,,,,,train,313,
6_dB_id_04_00000314.png,normal,,,,,,train,314,
6_dB_id_04_00000315.png,normal,,,,,,train,315,
6_dB_id_04_00000316.png,normal,,,,,,train,316,
6_dB_id_04_00000317.png,normal,,,,,,train,317,
6_dB_id_04_00000318.png,normal,,,,,,train,318,
6_dB_id_04_00000319.png,normal,,,,,,train,319,
6_dB_id_04_00000320.png,normal,,,,,,train,320,
6_dB_id_04_00000321.png,normal,,,,,,train,321,
6_dB_id_04_00000322.png,normal,,,,,,train,322,
6_dB_id_04_00000323.png,normal,,,,,,train,323,
6_dB_id_04_00000324.png,normal,,,,,,train,324,
6_dB_id_04_00000325.png,normal,,,,,,train,325,
6_dB_id_04_00000326.png,normal,,,,,,train,326,
6_dB_id_04_00000327.png,normal,,,,,,train,327,
6_dB_id_04_00000328.png,normal,,,,,,train,328,
6_dB_id_04_00000329.png,normal,,,,,,train,329,
6_dB_id_04_00000330.png,normal,,,,,,train,330,
6_dB_id_04_00000331.png,normal,,,,,,train,331,
6_dB_id_04_00000332.png,normal,,,,,,train,332,
6_dB_id_04_00000333.png,normal,,,,,,train,333,
6_dB_id_04_00000334.png,normal,,,,,,train,334,
6_dB_id_04_00000335.png,normal,,,,,,train,335,
6_dB_id_04_00000336.png,normal,,,,,,train,336,
6_dB_id_04_00000337.png,normal,,,,,,train,337,
6_dB_id_04_00000338.png,normal,,,,,,train,338,
6_dB_id_04_00000339.png,normal,,,,,,train,339,
6_dB_id_04_00000340.png,normal,,,,,,train,340,
6_dB_id_04_00000341.png,normal,,,,,,train,341,
6_dB_id_04_00000342.png,normal,,,,,,train,342,
6_dB_id_04_00000343.png,normal,,,,,,train,343,
6_dB_id_04_00000344.png,normal,,,,,,train,344,
6_dB_id_04_00000345.png,normal,,,,,,train,345,
6_dB_id_04_00000346.png,normal,,,,,,train,346,
6_dB_id_04_00000347.png,normal,,,,,,train,347,
6_dB_id_04_00000348.png,normal,,,,,,train,348,
6_dB_id_04_00000349.png,normal,,,,,,train,349,
6_dB_id_04_00000350.png,normal,,,,,,train,350,
6_dB_id_04_00000351.png,normal,,,,,,train,351,
6_dB_id_04_00000352.png,normal,,,,,,train,352,
6_dB_id_04_00000353.png,normal,,,,,,train,353,
6_dB_id_04_00000354.png,normal,,,,,,train,354,
6_dB_id_04_00000355.png,normal,,,,,,train,355,
6_dB_id_04_00000356.png,normal,,,,,,train,356,
6_dB_id_04_00000357.png,normal,,,,,,train,357,
6_dB_id_04_00000358.png,normal,,,,,,train,358,
6_dB_id_04_00000359.png,normal,,,,,,train,359,
6_dB_id_04_00000360.png,normal,,,,,,train,360,
6_dB_id_04_00000361.png,normal,,,,,,train,361,
6_dB_id_04_00000362.png,normal,,,,,,train,362,
6_dB_id_04_00000363.png,normal,,,,,,train,363,
6_dB_id_04_00000364.png,normal,,,,,,train,364,
6_dB_id_04_00000365.png,normal,,,,,,train,365,
6_dB_id_04_00000366.png,normal,,,,,,train,366,
6_dB_id_04_00000367.png,normal,,,,,,train,367,
6_dB_id_04_00000368.png,normal,,,,,,train,368,
6_dB_id_04_00000369.png,normal,,,,,,train,369,
6_dB_id_04_00000370.png,normal,,,,,,train,370,
6_dB_id_04_00000371.png,normal,,,,,,train,371,
6_dB_id_04_00000372.png,normal,,,,,,train,372,
6_dB_id_04_00000373.png,normal,,,,,,train,373,
6_dB_id_04_00000374.png,normal,,,,,,train,374,
6_dB_id_04_00000375.png,normal,,,,,,train,375,
6_dB_id_04_00000376.png,normal,,,,,,train,376,
6_dB_id_04_00000377.png,normal,,,,,,train,377,
6_dB_id_04_00000378.png,normal,,,,,,train,378,
6_dB_id_04_00000379.png,normal,,,,,,train,379,
6_dB_id_04_00000380.png,normal,,,,,,train,380,
6_dB_id_04_00000381.png,normal,,,,,,train,381,
6_dB_id_04_00000382.png,normal,,,,,,train,382,
6_dB_id_04_00000383.png,normal,,,,,,train,383,
6_dB_id_04_00000384.png,normal,,,,,,train,384,
6_dB_id_04_00000385.png,normal,,,,,,train,385,
6_dB_id_04_00000386.png,normal,,,,,,train,386,
6_dB_id_04_00000387.png,normal,,,,,,train,387,
6_dB_id_04_00000388.png,normal,,,,,,train,388,
6_dB_id_04_00000389.png,normal,,,,,,train,389,
6_dB_id_04_00000390.png,normal,,,,,,train,390,
6_dB_id_04_00000391.png,normal,,,,,,train,391,
6_dB_id_04_00000392.png,normal,,,,,,train,392,
6_dB_id_04_00000393.png,normal,,,,,,train,393,
6_dB_id_04_00000394.png,normal,,,,,,train,394,
6_dB_id_04_00000395.png,normal,,,,,,train,395,
6_dB_id_04_00000396.png,normal,,,,,,train,396,
6_dB_id_04_00000397.png,normal,,,,,,train,397,
6_dB_id_04_00000398.png,normal,,,,,,train,398,
6_dB_id_04_00000399.png,normal,,,,,,train,399,
6_dB_id_04_00000400.png,normal,,,,,,train,400,
6_dB_id_04_00000401.png,normal,,,,,,train,401,
6_dB_id_04_00000402.png,normal,,,,,,train,402,
6_dB_id_04_00000403.png,normal,,,,,,train,403,
6_dB_id_04_00000404.png,normal,,,,,,train,404,
6_dB_id_04_00000405.png,normal,,,,,,train,405,
6_dB_id_04_00000406.png,normal,,,,,,train,406,
6_dB_id_04_00000407.png,normal,,,,,,train,407,
6_dB_id_04_00000408.png,normal,,,,,,train,408,
6_dB_id_04_00000409.png,normal,,,,,,train,409,
6_dB_id_04_00000410.png,normal,,,,,,train,410,
6_dB_id_04_00000411.png,normal,,,,,,train,411,
6_dB_id_04_00000412.png,normal,,,,,,train,412,
6_dB_id_04_00000413.png,normal,,,,,,train,413,
6_dB_id_04_00000414.png,normal,,,,,,train,414,
6_dB_id_04_00000415.png,normal,,,,,,train,415,
6_dB_id_04_00000416.png,normal,,,,,,train,416,
6_dB_id_04_00000417.png,normal,,,,,,train,417,
6_dB_id_04_00000418.png,normal,,,,,,train,418,
6_dB_id_04_00000419.png,normal,,,,,,train,419,
6_dB_id_04_00000420.png,normal,,,,,,train,420,
6_dB_id_04_00000421.png,normal,,,,,,train,421,
6_dB_id_04_00000422.png,normal,,,,,,train,422,
6_dB_id_04_00000423.png,normal,,,,,,train,423,
6_dB_id_04_00000424.png,normal,,,,,,train,424,
6_dB_id_04_00000425.png,normal,,,,,,train,425,
6_dB_id_04_00000426.png,normal,,,,,,train,426,
6_dB_id_04_00000427.png,normal,,,,,,train,427,
6_dB_id_04_00000428.png,normal,,,,,,train,428,
6_dB_id_04_00000429.png,normal,,,,,,train,429,
6_dB_id_04_00000430.png,normal,,,,,,train,430,
6_dB_id_04_00000431.png,normal,,,,,,train,431,
6_dB_id_04_00000432.png,normal,,,,,,train,432,
6_dB_id_04_00000433.png,normal,,,,,,train,433,
6_dB_id_04_00000434.png,normal,,,,,,train,434,
6_dB_id_04_00000435.png,normal,,,,,,train,435,
6_dB_id_04_00000436.png,normal,,,,,,train,436,
6_dB_id_04_00000437.png,normal,,,,,,train,437,
6_dB_id_04_00000438.png,normal,,,,,,train,438,
6_dB_id_04_00000439.png,normal,,,,,,train,439,
6_dB_id_04_00000440.png,normal,,,,,,train,440,
6_dB_id_04_00000441.png,normal,,,,,,train,441,
6_dB_id_04_00000442.png,normal,,,,,,train,442,
6_dB_id_04_00000443.png,normal,,,,,,train,443,
6_dB_id_04_00000444.png,normal,,,,,,train,444,
6_dB_id_04_00000445.png,normal,,,,,,train,445,
6_dB_id_04_00000446.png,normal,,,,,,train,446,
6_dB_id_04_00000447.png,normal,,,,,,train,447,
6_dB_id_04_00000448.png,normal,,,,,,train,448,
6_dB_id_04_00000449.png,normal,,,,,,train,449,
6_dB_id_04_00000450.png,normal,,,,,,train,450,
6_dB_id_04_00000451.png,normal,,,,,,train,451,
6_dB_id_04_00000452.png,normal,,,,,,train,452,
6_dB_id_04_00000453.png,normal,,,,,,train,453,
6_dB_id_04_00000454.png,normal,,,,,,train,454,
6_dB_id_04_00000455.png,normal,,,,,,train,455,
6_dB_id_04_00000456.png,normal,,,,,,train,456,
6_dB_id_04_00000457.png,normal,,,,,,train,457,
6_dB_id_04_00000458.png,normal,,,,,,train,458,
6_dB_id_04_00000459.png,normal,,,,,,train,459,
6_dB_id_04_00000460.png,normal,,,,,,train,460,
6_dB_id_04_00000461.png,normal,,,,,,train,461,
6_dB_id_04_00000462.png,normal,,,,,,train,462,
6_dB_id_04_00000463.png,normal,,,,,,train,463,
6_dB_id_04_00000464.png,normal,,,,,,train,464,
6_dB_id_04_00000465.png,normal,,,,,,train,465,
6_dB_id_04_00000466.png,normal,,,,,,train,466,
6_dB_id_04_00000467.png,normal,,,,,,train,467,
6_dB_id_04_00000468.png,normal,,,,,,train,468,
6_dB_id_04_00000469.png,normal,,,,,,train,469,
6_dB_id_04_00000470.png,normal,,,,,,train,470,
6_dB_id_04_00000471.png,normal,,,,,,train,471,
6_dB_id_04_00000472.png,normal,,,,,,train,472,
6_dB_id_04_00000473.png,normal,,,,,,train,473,
6_dB_id_04_00000474.png,normal,,,,,,train,474,
6_dB_id_04_00000475.png,normal,,,,,,train,475,
6_dB_id_04_00000476.png,normal,,,,,,train,476,
6_dB_id_04_00000477.png,normal,,,,,,train,477,
6_dB_id_04_00000478.png,normal,,,,,,train,478,
6_dB_id_04_00000479.png,normal,,,,,,train,479,
6_dB_id_04_00000480.png,normal,,,,,,train,480,
6_dB_id_04_00000481.png,normal,,,,,,train,481,
6_dB_id_04_00000482.png,normal,,,,,,train,482,
6_dB_id_04_00000483.png,normal,,,,,,train,483,
6_dB_id_04_00000484.png,normal,,,,,,train,484,
6_dB_id_04_00000485.png,normal,,,,,,train,485,
6_dB_id_04_00000486.png,normal,,,,,,train,486,
6_dB_id_04_00000487.png,normal,,,,,,train,487,
6_dB_id_04_00000488.png,normal,,,,,,train,488,
6_dB_id_04_00000489.png,normal,,,,,,train,489,
6_dB_id_04_00000490.png,normal,,,,,,train,490,
6_dB_id_04_00000491.png,normal,,,,,,train,491,
6_dB_id_04_00000492.png,normal,,,,,,train,492,
6_dB_id_04_00000493.png,normal,,,,,,train,493,
6_dB_id_04_00000494.png,normal,,,,,,train,494,
6_dB_id_04_00000495.png,normal,,,,,,train,495,
6_dB_id_04_00000496.png,normal,,,,,,train,496,
6_dB_id_04_00000497.png,normal,,,,,,train,497,
6_dB_id_04_00000498.png,normal,,,,,,train,498,
6_dB_id_04_00000499.png,normal,,,,,,train,499,
6_dB_id_04_00000500.png,normal,,,,,,train,500,
6_dB_id_04_00000501.png,normal,,,,,,train,501,
6_dB_id_04_00000502.png,normal,,,,,,train,502,
6_dB_id_04_00000503.png,normal,,,,,,train,503,
6_dB_id_04_00000504.png,normal,,,,,,train,504,
6_dB_id_04_00000505.png,normal,,,,,,train,505,
6_dB_id_04_00000506.png,normal,,,,,,train,506,
6_dB_id_04_00000507.png,normal,,,,,,train,507,
6_dB_id_04_00000508.png,normal,,,,,,train,508,
6_dB_id_04_00000509.png,normal,,,,,,train,509,
6_dB_id_04_00000510.png,normal,,,,,,train,510,
6_dB_id_04_00000511.png,normal,,,,,,train,511,
6_dB_id_04_00000512.png,normal,,,,,,train,512,
6_dB_id_04_00000513.png,normal,,,,,,train,513,
6_dB_id_04_00000514.png,normal,,,,,,train,514,
6_dB_id_04_00000515.png,normal,,,,,,train,515,
6_dB_id_04_00000516.png,normal,,,,,,train,516,
6_dB_id_04_00000517.png,normal,,,,,,train,517,
6_dB_id_04_00000518.png,normal,,,,,,train,518,
6_dB_id_04_00000519.png,normal,,,,,,train,519,
6_dB_id_04_00000520.png,normal,,,,,,train,520,
6_dB_id_04_00000521.png,normal,,,,,,train,521,
6_dB_id_04_00000522.png,normal,,,,,,train,522,
6_dB_id_04_00000523.png,normal,,,,,,train,523,
6_dB_id_04_00000524.png,normal,,,,,,train,524,
6_dB_id_04_00000525.png,normal,,,,,,train,525,
6_dB_id_04_00000526.png,normal,,,,,,train,526,
6_dB_id_04_00000527.png,normal,,,,,,train,527,
6_dB_id_04_00000528.png,normal,,,,,,train,528,
6_dB_id_04_00000529.png,normal,,,,,,train,529,
6_dB_id_04_00000530.png,normal,,,,,,train,530,
6_dB_id_04_00000531.png,normal,,,,,,train,531,
6_dB_id_04_00000532.png,normal,,,,,,train,532,
6_dB_id_04_00000533.png,normal,,,,,,train,533,
6_dB_id_04_00000534.png,normal,,,,,,train,534,
6_dB_id_04_00000535.png,normal,,,,,,train,535,
6_dB_id_04_00000536.png,normal,,,,,,train,536,
6_dB_id_04_00000537.png,normal,,,,,,train,537,
6_dB_id_04_00000538.png,normal,,,,,,train,538,
6_dB_id_04_00000539.png,normal,,,,,,train,539,
6_dB_id_04_00000540.png,normal,,,,,,train,540,
6_dB_id_04_00000541.png,normal,,,,,,train,541,
6_dB_id_04_00000542.png,normal,,,,,,train,542,
6_dB_id_04_00000543.png,normal,,,,,,train,543,
6_dB_id_04_00000544.png,normal,,,,,,train,544,
6_dB_id_04_00000545.png,normal,,,,,,train,545,
6_dB_id_04_00000546.png,normal,,,,,,train,546,
6_dB_id_04_00000547.png,normal,,,,,,train,547,
6_dB_id_04_00000548.png,normal,,,,,,train,548,
6_dB_id_04_00000549.png,normal,,,,,,train,549,
6_dB_id_04_00000550.png,normal,,,,,,train,550,
6_dB_id_04_00000551.png,normal,,,,,,train,551,
6_dB_id_04_00000552.png,normal,,,,,,train,552,
6_dB_id_04_00000553.png,normal,,,,,,train,553,
6_dB_id_04_00000554.png,normal,,,,,,train,554,
6_dB_id_04_00000555.png,normal,,,,,,train,555,
6_dB_id_04_00000556.png,normal,,,,,,train,556,
6_dB_id_04_00000557.png,normal,,,,,,train,557,
6_dB_id_04_00000558.png,normal,,,,,,train,558,
6_dB_id_04_00000559.png,normal,,,,,,train,559,
6_dB_id_04_00000560.png,normal,,,,,,train,560,
6_dB_id_04_00000561.png,normal,,,,,,train,561,
6_dB_id_04_00000562.png,normal,,,,,,train,562,
6_dB_id_04_00000563.png,normal,,,,,,train,563,
6_dB_id_04_00000564.png,normal,,,,,,train,564,
6_dB_id_04_00000565.png,normal,,,,,,train,565,
6_dB_id_04_00000566.png,normal,,,,,,train,566,
6_dB_id_04_00000567.png,normal,,,,,,train,567,
6_dB_id_04_00000568.png,normal,,,,,,train,568,
6_dB_id_04_00000569.png,normal,,,,,,train,569,
6_dB_id_04_00000570.png,normal,,,,,,train,570,
6_dB_id_04_00000571.png,normal,,,,,,train,571,
6_dB_id_04_00000572.png,normal,,,,,,train,572,
6_dB_id_04_00000573.png,normal,,,,,,train,573,
6_dB_id_04_00000574.png,normal,,,,,,train,574,
6_dB_id_04_00000575.png,normal,,,,,,train,575,
6_dB_id_04_00000576.png,normal,,,,,,train,576,
6_dB_id_04_00000577.png,normal,,,,,,train,577,
6_dB_id_04_00000578.png,normal,,,,,,train,578,
6_dB_id_04_00000579.png,normal,,,,,,train,579,
6_dB_id_04_00000580.png,normal,,,,,,train,580,
6_dB_id_04_00000581.png,normal,,,,,,train,581,
6_dB_id_04_00000582.png,normal,,,,,,train,582,
6_dB_id_04_00000583.png,normal,,,,,,train,583,
6_dB_id_04_00000584.png,normal,,,,,,train,584,
6_dB_id_04_00000585.png,normal,,,,,,train,585,
6_dB_id_04_00000586.png,normal,,,,,,train,586,
6_dB_id_04_00000587.png,normal,,,,,,train,587,
6_dB_id_04_00000588.png,normal,,,,,,train,588,
6_dB_id_04_00000589.png,normal,,,,,,train,589,
6_dB_id_04_00000590.png,normal,,,,,,train,590,
6_dB_id_04_00000591.png,normal,,,,,,train,591,
6_dB_id_04_00000592.png,normal,,,,,,train,592,
6_dB_id_04_00000593.png,normal,,,,,,train,593,
6_dB_id_04_00000594.png,normal,,,,,,train,594,
6_dB_id_04_00000595.png,normal,,,,,,train,595,
6_dB_id_04_00000596.png,normal,,,,,,train,596,
6_dB_id_04_00000597.png,normal,,,,,,train,597,
6_dB_id_04_00000598.png,normal,,,,,,train,598,
6_dB_id_04_00000599.png,normal,,,,,,train,599,
6_dB_id_04_00000600.png,normal,,,,,,train,600,
6_dB_id_04_00000601.png,normal,,,,,,train,601,
6_dB_id_04_00000602.png,normal,,,,,,train,602,
6_dB_id_04_00000603.png,normal,,,,,,train,603,
6_dB_id_04_00000604.png,normal,,,,,,train,604,
6_dB_id_04_00000605.png,normal,,,,,,train,605,
6_dB_id_04_00000606.png,normal,,,,,,train,606,
6_dB_id_04_00000607.png,normal,,,,,,train,607,
6_dB_id_04_00000608.png,normal,,,,,,train,608,
6_dB_id_04_00000609.png,normal,,,,,,train,609,
6_dB_id_04_00000610.png,normal,,,,,,train,610,
6_dB_id_04_00000611.png,normal,,,,,,train,611,
6_dB_id_04_00000612.png,normal,,,,,,train,612,
6_dB_id_04_00000613.png,normal,,,,,,train,613,
6_dB_id_04_00000614.png,normal,,,,,,train,614,
6_dB_id_04_00000615.png,normal,,,,,,train,615,
6_dB_id_04_00000616.png,normal,,,,,,train,616,
6_dB_id_04_00000617.png,normal,,,,,,train,617,
6_dB_id_04_00000618.png,normal,,,,,,train,618,
6_dB_id_04_00000619.png,normal,,,,,,train,619,
6_dB_id_04_00000620.png,normal,,,,,,train,620,
6_dB_id_04_00000621.png,normal,,,,,,train,621,
6_dB_id_04_00000622.png,normal,,,,,,train,622,
6_dB_id_04_00000623.png,normal,,,,,,train,623,
6_dB_id_04_00000624.png,normal,,,,,,train,624,
6_dB_id_04_00000625.png,normal,,,,,,train,625,
6_dB_id_04_00000626.png,normal,,,,,,train,626,
6_dB_id_04_00000627.png,normal,,,,,,train,627,
6_dB_id_04_00000628.png,normal,,,,,,train,628,
6_dB_id_04_00000629.png,normal,,,,,,train,629,
6_dB_id_04_00000630.png,normal,,,,,,train,630,
6_dB_id_04_00000631.png,normal,,,,,,train,631,
6_dB_id_04_00000632.png,normal,,,,,,train,632,
6_dB_id_04_00000633.png,normal,,,,,,train,633,
6_dB_id_04_00000634.png,normal,,,,,,train,634,
6_dB_id_04_00000635.png,normal,,,,,,train,635,
6_dB_id_04_00000636.png,normal,,,,,,train,636,
6_dB_id_04_00000637.png,normal,,,,,,train,637,
6_dB_id_04_00000638.png,normal,,,,,,train,638,
6_dB_id_04_00000639.png,normal,,,,,,train,639,
6_dB_id_04_00000640.png,normal,,,,,,train,640,
6_dB_id_04_00000641.png,normal,,,,,,train,641,
6_dB_id_04_00000642.png,normal,,,,,,train,642,
6_dB_id_04_00000643.png,normal,,,,,,train,643,
6_dB_id_04_00000644.png,normal,,,,,,train,644,
6_dB_id_04_00000645.png,normal,,,,,,train,645,
6_dB_id_04_00000646.png,normal,,,,,,train,646,
6_dB_id_04_00000647.png,normal,,,,,,train,647,
6_dB_id_04_00000648.png,normal,,,,,,train,648,
6_dB_id_04_00000649.png,normal,,,,,,train,649,
6_dB_id_04_00000650.png,normal,,,,,,train,650,
6_dB_id_04_00000651.png,normal,,,,,,train,651,
6_dB_id_04_00000652.png,normal,,,,,,train,652,
6_dB_id_04_00000653.png,normal,,,,,,train,653,
6_dB_id_04_00000654.png,normal,,,,,,train,654,
6_dB_id_04_00000655.png,normal,,,,,,train,655,
6_dB_id_04_00000656.png,normal,,,,,,train,656,
6_dB_id_04_00000657.png,normal,,,,,,train,657,
6_dB_id_04_00000658.png,normal,,,,,,train,658,
6_dB_id_04_00000659.png,normal,,,,,,train,659,
6_dB_id_04_00000660.png,normal,,,,,,train,660,
6_dB_id_04_00000661.png,normal,,,,,,train,661,
6_dB_id_04_00000662.png,normal,,,,,,train,662,
6_dB_id_04_00000663.png,normal,,,,,,train,663,
6_dB_id_04_00000664.png,normal,,,,,,train,664,
6_dB_id_04_00000665.png,normal,,,,,,train,665,
6_dB_id_04_00000666.png,normal,,,,,,train,666,
6_dB_id_04_00000667.png,normal,,,,,,train,667,
6_dB_id_04_00000668.png,normal,,,,,,train,668,
6_dB_id_04_00000669.png,normal,,,,,,train,669,
6_dB_id_04_00000670.png,normal,,,,,,train,670,
6_dB_id_04_00000671.png,normal,,,,,,train,671,
6_dB_id_04_00000672.png,normal,,,,,,train,672,
6_dB_id_04_00000673.png,normal,,,,,,train,673,
6_dB_id_04_00000674.png,normal,,,,,,train,674,
6_dB_id_04_00000675.png,normal,,,,,,train,675,
6_dB_id_04_00000676.png,normal,,,,,,train,676,
6_dB_id_04_00000677.png,normal,,,,,,train,677,
6_dB_id_04_00000678.png,normal,,,,,,train,678,
6_dB_id_04_00000679.png,normal,,,,,,train,679,
6_dB_id_04_00000680.png,normal,,,,,,train,680,
6_dB_id_04_00000681.png,normal,,,,,,train,681,
6_dB_id_04_00000682.png,normal,,,,,,train,682,
6_dB_id_04_00000683.png,normal,,,,,,train,683,
6_dB_id_04_00000684.png,normal,,,,,,train,684,
6_dB_id_04_00000685.png,normal,,,,,,train,685,
6_dB_id_04_00000686.png,normal,,,,,,train,686,
6_dB_id_04_00000687.png,normal,,,,,,train,687,
6_dB_id_04_00000688.png,normal,,,,,,train,688,
6_dB_id_04_00000689.png,normal,,,,,,train,689,
6_dB_id_04_00000690.png,normal,,,,,,train,690,
6_dB_id_04_00000691.png,normal,,,,,,train,691,
6_dB_id_04_00000692.png,normal,,,,,,train,692,
6_dB_id_04_00000693.png,normal,,,,,,train,693,
6_dB_id_04_00000694.png,normal,,,,,,train,694,
6_dB_id_04_00000695.png,normal,,,,,,train,695,
6_dB_id_04_00000696.png,normal,,,,,,train,696,
6_dB_id_04_00000697.png,normal,,,,,,train,697,
6_dB_id_04_00000698.png,normal,,,,,,train,698,
6_dB_id_04_00000699.png,normal,,,,,,train,699,
6_dB_id_04_00000700.png,normal,,,,,,train,700,
6_dB_id_04_00000701.png,normal,,,,,,train,701,
6_dB_id_04_00000702.png,normal,,,,,,train,702,
6_dB_id_04_00000703.png,normal,,,,,,train,703,
6_dB_id_04_00000704.png,normal,,,,,,train,704,
6_dB_id_04_00000705.png,normal,,,,,,train,705,
6_dB_id_04_00000706.png,normal,,,,,,train,706,
6_dB_id_04_00000707.png,normal,,,,,,train,707,
6_dB_id_04_00000708.png,normal,,,,,,train,708,
6_dB_id_04_00000709.png,normal,,,,,,train,709,
6_dB_id_04_00000710.png,normal,,,,,,train,710,
6_dB_id_04_00000711.png,normal,,,,,,train,711,
6_dB_id_04_00000712.png,normal,,,,,,train,712,
6_dB_id_04_00000713.png,normal,,,,,,train,713,
6_dB_id_04_00000714.png,normal,,,,,,train,714,
6_dB_id_04_00000715.png,normal,,,,,,train,715,
6_dB_id_04_00000716.png,normal,,,,,,train,716,
6_dB_id_04_00000717.png,normal,,,,,,train,717,
6_dB_id_04_00000718.png,normal,,,,,,train,718,
6_dB_id_04_00000719.png,normal,,,,,,train,719,
6_dB_id_04_00000720.png,normal,,,,,,train,720,
6_dB_id_04_00000721.png,normal,,,,,,train,721,
6_dB_id_04_00000722.png,normal,,,,,,train,722,
6_dB_id_04_00000723.png,normal,,,,,,train,723,
6_dB_id_04_00000724.png,normal,,,,,,train,724,
6_dB_id_04_00000725.png,normal,,,,,,train,725,
6_dB_id_04_00000726.png,normal,,,,,,train,726,
6_dB_id_04_00000727.png,normal,,,,,,train,727,
6_dB_id_04_00000728.png,normal,,,,,,train,728,
6_dB_id_04_00000729.png,normal,,,,,,train,729,
6_dB_id_04_00000730.png,normal,,,,,,train,730,
6_dB_id_04_00000731.png,normal,,,,,,train,731,
6_dB_id_04_00000732.png,normal,,,,,,train,732,
6_dB_id_04_00000733.png,normal,,,,,,train,733,
6_dB_id_04_00000734.png,normal,,,,,,train,734,
6_dB_id_04_00000735.png,normal,,,,,,train,735,
6_dB_id_04_00000736.png,normal,,,,,,train,736,
6_dB_id_04_00000737.png,normal,,,,,,train,737,
6_dB_id_04_00000738.png,normal,,,,,,train,738,
6_dB_id_04_00000739.png,normal,,,,,,train,739,
6_dB_id_04_00000740.png,normal,,,,,,train,740,
6_dB_id_04_00000741.png,normal,,,,,,train,741,
6_dB_id_04_00000742.png,normal,,,,,,train,742,
6_dB_id_04_00000743.png,normal,,,,,,train,743,
6_dB_id_04_00000744.png,normal,,,,,,train,744,
6_dB_id_04_00000745.png,normal,,,,,,train,745,
6_dB_id_04_00000746.png,normal,,,,,,train,746,
6_dB_id_04_00000747.png,normal,,,,,,train,747,
6_dB_id_04_00000748.png,normal,,,,,,train,748,
6_dB_id_04_00000749.png,normal,,,,,,train,749,
6_dB_id_04_00000750.png,normal,,,,,,train,750,
6_dB_id_04_00000751.png,normal,,,,,,train,751,
6_dB_id_04_00000752.png,normal,,,,,,train,752,
6_dB_id_04_00000753.png,normal,,,,,,train,753,
6_dB_id_04_00000754.png,normal,,,,,,train,754,
6_dB_id_04_00000755.png,normal,,,,,,train,755,
6_dB_id_04_00000756.png,normal,,,,,,train,756,
6_dB_id_04_00000757.png,normal,,,,,,train,757,
6_dB_id_04_00000758.png,normal,,,,,,train,758,
6_dB_id_04_00000759.png,normal,,,,,,train,759,
6_dB_id_04_00000760.png,normal,,,,,,train,760,
6_dB_id_04_00000761.png,normal,,,,,,train,761,
6_dB_id_04_00000762.png,normal,,,,,,train,762,
6_dB_id_04_00000763.png,normal,,,,,,train,763,
6_dB_id_04_00000764.png,normal,,,,,,train,764,
6_dB_id_04_00000765.png,normal,,,,,,train,765,
6_dB_id_04_00000766.png,normal,,,,,,train,766,
6_dB_id_04_00000767.png,normal,,,,,,train,767,
6_dB_id_04_00000768.png,normal,,,,,,train,768,
6_dB_id_04_00000769.png,normal,,,,,,train,769,
6_dB_id_04_00000770.png,normal,,,,,,train,770,
6_dB_id_04_00000771.png,normal,,,,,,train,771,
6_dB_id_04_00000772.png,normal,,,,,,train,772,
6_dB_id_04_00000773.png,normal,,,,,,train,773,
6_dB_id_04_00000774.png,normal,,,,,,train,774,
6_dB_id_04_00000775.png,normal,,,,,,train,775,
6_dB_id_04_00000776.png,normal,,,,,,train,776,
6_dB_id_04_00000777.png,normal,,,,,,train,777,
6_dB_id_04_00000778.png,normal,,,,,,train,778,
6_dB_id_04_00000779.png,normal,,,,,,train,779,
6_dB_id_04_00000780.png,normal,,,,,,train,780,
6_dB_id_04_00000781.png,normal,,,,,,train,781,
6_dB_id_04_00000782.png,normal,,,,,,train,782,
6_dB_id_04_00000783.png,normal,,,,,,train,783,
6_dB_id_04_00000784.png,normal,,,,,,train,784,
6_dB_id_04_00000785.png,normal,,,,,,train,785,
6_dB_id_04_00000786.png,normal,,,,,,train,786,
6_dB_id_04_00000787.png,normal,,,,,,train,787,
6_dB_id_04_00000788.png,normal,,,,,,train,788,
6_dB_id_04_00000789.png,normal,,,,,,train,789,
6_dB_id_04_00000790.png,normal,,,,,,train,790,
6_dB_id_04_00000791.png,normal,,,,,,train,791,
6_dB_id_04_00000792.png,normal,,,,,,train,792,
6_dB_id_04_00000793.png,normal,,,,,,train,793,
6_dB_id_04_00000794.png,normal,,,,,,train,794,
6_dB_id_04_00000795.png,normal,,,,,,train,795,
6_dB_id_04_00000796.png,normal,,,,,,train,796,
6_dB_id_04_00000797.png,normal,,,,,,train,797,
6_dB_id_04_00000798.png,normal,,,,,,train,798,
6_dB_id_04_00000799.png,normal,,,,,,train,799,
6_dB_id_04_00000800.png,normal,,,,,,train,800,
6_dB_id_04_00000801.png,normal,,,,,,train,801,
6_dB_id_04_00000802.png,normal,,,,,,train,802,
6_dB_id_04_00000803.png,normal,,,,,,train,803,
6_dB_id_04_00000804.png,normal,,,,,,train,804,
6_dB_id_04_00000805.png,normal,,,,,,train,805,
6_dB_id_04_00000806.png,normal,,,,,,train,806,
6_dB_id_04_00000807.png,normal,,,,,,train,807,
6_dB_id_04_00000808.png,normal,,,,,,train,808,
6_dB_id_04_00000809.png,normal,,,,,,train,809,
6_dB_id_04_00000810.png,normal,,,,,,train,810,
6_dB_id_04_00000811.png,normal,,,,,,train,811,
6_dB_id_04_00000812.png,normal,,,,,,train,812,
6_dB_id_04_00000813.png,normal,,,,,,train,813,
6_dB_id_04_00000814.png,normal,,,,,,train,814,
6_dB_id_04_00000815.png,normal,,,,,,train,815,
6_dB_id_04_00000816.png,normal,,,,,,train,816,
6_dB_id_04_00000817.png,normal,,,,,,train,817,
6_dB_id_04_00000818.png,normal,,,,,,train,818,
6_dB_id_04_00000819.png,normal,,,,,,train,819,
6_dB_id_04_00000820.png,normal,,,,,,train,820,
6_dB_id_04_00000821.png,normal,,,,,,train,821,
6_dB_id_04_00000822.png,normal,,,,,,train,822,
6_dB_id_04_00000823.png,normal,,,,,,train,823,
6_dB_id_04_00000824.png,normal,,,,,,train,824,
6_dB_id_04_00000825.png,normal,,,,,,train,825,
6_dB_id_04_00000826.png,normal,,,,,,train,826,
6_dB_id_04_00000827.png,normal,,,,,,train,827,
6_dB_id_04_00000828.png,normal,,,,,,train,828,
6_dB_id_04_00000829.png,normal,,,,,,train,829,
6_dB_id_04_00000830.png,normal,,,,,,train,830,
6_dB_id_04_00000831.png,normal,,,,,,train,831,
6_dB_id_04_00000832.png,normal,,,,,,train,832,
6_dB_id_04_00000833.png,normal,,,,,,train,833,
6_dB_id_04_00000834.png,normal,,,,,,train,834,
6_dB_id_04_00000835.png,normal,,,,,,train,835,
6_dB_id_04_00000836.png,normal,,,,,,train,836,
6_dB_id_04_00000837.png,normal,,,,,,train,837,
6_dB_id_04_00000838.png,normal,,,,,,train,838,
6_dB_id_04_00000839.png,normal,,,,,,train,839,
6_dB_id_04_00000840.png,normal,,,,,,train,840,
6_dB_id_04_00000841.png,normal,,,,,,train,841,
6_dB_id_04_00000842.png,normal,,,,,,train,842,
6_dB_id_04_00000843.png,normal,,,,,,train,843,
6_dB_id_04_00000844.png,normal,,,,,,train,844,
6_dB_id_04_00000845.png,normal,,,,,,train,845,
6_dB_id_04_00000846.png,normal,,,,,,train,846,
6_dB_id_04_00000847.png,normal,,,,,,train,847,
6_dB_id_04_00000848.png,normal,,,,,,train,848,
6_dB_id_04_00000849.png,normal,,,,,,train,849,
6_dB_id_04_00000850.png,normal,,,,,,train,850,
6_dB_id_04_00000851.png,normal,,,,,,train,851,
6_dB_id_04_00000852.png,normal,,,,,,train,852,
6_dB_id_04_00000853.png,normal,,,,,,train,853,
6_dB_id_04_00000854.png,normal,,,,,,train,854,
6_dB_id_04_00000855.png,normal,,,,,,train,855,
6_dB_id_04_00000856.png,normal,,,,,,train,856,
6_dB_id_04_00000857.png,normal,,,,,,train,857,
6_dB_id_04_00000858.png,normal,,,,,,train,858,
6_dB_id_04_00000859.png,normal,,,,,,train,859,
6_dB_id_04_00000860.png,normal,,,,,,train,860,
6_dB_id_04_00000861.png,normal,,,,,,train,861,
6_dB_id_04_00000862.png,normal,,,,,,train,862,
6_dB_id_04_00000863.png,normal,,,,,,train,863,
6_dB_id_04_00000864.png,normal,,,,,,train,864,
6_dB_id_04_00000865.png,normal,,,,,,train,865,
6_dB_id_04_00000866.png,normal,,,,,,train,866,
6_dB_id_04_00000867.png,normal,,,,,,train,867,
6_dB_id_04_00000868.png,normal,,,,,,train,868,
6_dB_id_04_00000869.png,normal,,,,,,train,869,
6_dB_id_04_00000870.png,normal,,,,,,train,870,
6_dB_id_04_00000871.png,normal,,,,,,train,871,
6_dB_id_04_00000872.png,normal,,,,,,train,872,
6_dB_id_04_00000873.png,normal,,,,,,train,873,
6_dB_id_04_00000874.png,normal,,,,,,train,874,
6_dB_id_04_00000875.png,normal,,,,,,train,875,
6_dB_id_04_00000876.png,normal,,,,,,train,876,
6_dB_id_04_00000877.png,normal,,,,,,train,877,
6_dB_id_04_00000878.png,normal,,,,,,train,878,
6_dB_id_04_00000879.png,normal,,,,,,train,879,
6_dB_id_04_00000880.png,normal,,,,,,train,880,
6_dB_id_04_00000881.png,normal,,,,,,train,881,
6_dB_id_04_00000882.png,normal,,,,,,train,882,
6_dB_id_04_00000883.png,normal,,,,,,train,883,
6_dB_id_04_00000884.png,normal,,,,,,train,884,
6_dB_id_04_00000885.png,normal,,,,,,train,885,
6_dB_id_04_00000886.png,normal,,,,,,train,886,
6_dB_id_04_00000887.png,normal,,,,,,train,887,
6_dB_id_04_00000888.png,normal,,,,,,train,888,
6_dB_id_04_00000889.png,normal,,,,,,train,889,
6_dB_id_04_00000890.png,normal,,,,,,train,890,
6_dB_id_04_00000891.png,normal,,,,,,train,891,
6_dB_id_04_00000892.png,normal,,,,,,train,892,
6_dB_id_04_00000893.png,normal,,,,,,train,893,
6_dB_id_04_00000894.png,normal,,,,,,train,894,
6_dB_id_04_00000895.png,normal,,,,,,train,895,
6_dB_id_04_00000896.png,normal,,,,,,train,896,
6_dB_id_04_00000897.png,normal,,,,,,train,897,
6_dB_id_04_00000898.png,normal,,,,,,train,898,
6_dB_id_04_00000899.png,normal,,,,,,train,899,
6_dB_id_04_00000900.png,normal,,,,,,train,900,
6_dB_id_04_00000901.png,normal,,,,,,train,901,
6_dB_id_04_00000902.png,normal,,,,,,train,902,
6_dB_id_04_00000903.png,normal,,,,,,train,903,
6_dB_id_04_00000904.png,normal,,,,,,train,904,
6_dB_id_04_00000905.png,normal,,,,,,train,905,
6_dB_id_04_00000906.png,normal,,,,,,train,906,
6_dB_id_04_00000907.png,normal,,,,,,train,907,
6_dB_id_04_00000908.png,normal,,,,,,train,908,
6_dB_id_04_00000909.png,normal,,,,,,train,909,
6_dB_id_04_00000910.png,normal,,,,,,train,910,
6_dB_id_04_00000911.png,normal,,,,,,train,911,
6_dB_id_04_00000912.png,normal,,,,,,train,912,
6_dB_id_04_00000913.png,normal,,,,,,train,913,
6_dB_id_04_00000914.png,normal,,,,,,train,914,
6_dB_id_04_00000915.png,normal,,,,,,train,915,
6_dB_id_04_00000916.png,normal,,,,,,train,916,
6_dB_id_04_00000917.png,normal,,,,,,train,917,
6_dB_id_04_00000918.png,normal,,,,,,train,918,
6_dB_id_04_00000919.png,normal,,,,,,train,919,
6_dB_id_04_00000920.png,normal,,,,,,train,920,
6_dB_id_04_00000921.png,normal,,,,,,train,921,
6_dB_id_04_00000922.png,normal,,,,,,train,922,
6_dB_id_04_00000923.png,normal,,,,,,train,923,
6_dB_id_04_00000924.png,normal,,,,,,train,924,
6_dB_id_04_00000925.png,normal,,,,,,train,925,
6_dB_id_04_00000926.png,normal,,,,,,train,926,
6_dB_id_04_00000927.png,normal,,,,,,train,927,
6_dB_id_04_00000928.png,normal,,,,,,train,928,
6_dB_id_04_00000929.png,normal,,,,,,train,929,
6_dB_id_04_00000930.png,normal,,,,,,train,930,
6_dB_id_04_00000931.png,normal,,,,,,train,931,
6_dB_id_04_00000932.png,normal,,,,,,train,932,
6_dB_id_04_00000933.png,normal,,,,,,train,933,
6_dB_id_04_00000934.png,normal,,,,,,train,934,
6_dB_id_04_00000935.png,normal,,,,,,train,935,
6_dB_id_04_00000936.png,normal,,,,,,train,936,
6_dB_id_04_00000937.png,normal,,,,,,train,937,
6_dB_id_04_00000938.png,normal,,,,,,train,938,
6_dB_id_04_00000939.png,normal,,,,,,train,939,
6_dB_id_04_00000940.png,normal,,,,,,train,940,
6_dB_id_04_00000941.png,normal,,,,,,train,941,
6_dB_id_04_00000942.png,normal,,,,,,train,942,
6_dB_id_04_00000943.png,normal,,,,,,train,943,
6_dB_id_04_00000944.png,normal,,,,,,train,944,
6_dB_id_04_00000945.png,normal,,,,,,train,945,
6_dB_id_04_00000946.png,normal,,,,,,train,946,
6_dB_id_04_00000947.png,normal,,,,,,train,947,
6_dB_id_04_00000948.png,normal,,,,,,train,948,
6_dB_id_04_00000949.png,normal,,,,,,train,949,
6_dB_id_04_00000950.png,normal,,,,,,train,950,
6_dB_id_04_00000951.png,normal,,,,,,train,951,
6_dB_id_04_00000952.png,normal,,,,,,train,952,
6_dB_id_04_00000953.png,normal,,,,,,train,953,
6_dB_id_04_00000954.png,normal,,,,,,train,954,
6_dB_id_04_00000955.png,normal,,,,,,train,955,
6_dB_id_04_00000956.png,normal,,,,,,train,956,
6_dB_id_04_00000957.png,normal,,,,,,train,957,
6_dB_id_04_00000958.png,normal,,,,,,train,958,
6_dB_id_04_00000959.png,normal,,,,,,train,959,
6_dB_id_04_00000960.png,normal,,,,,,train,960,
6_dB_id_04_00000961.png,normal,,,,,,train,961,
6_dB_id_04_00000962.png,normal,,,,,,train,962,
6_dB_id_04_00000963.png,normal,,,,,,train,963,
6_dB_id_04_00000964.png,normal,,,,,,train,964,
6_dB_id_04_00000965.png,normal,,,,,,train,965,
6_dB_id_04_00000966.png,normal,,,,,,train,966,
6_dB_id_04_00000967.png,normal,,,,,,train,967,
6_dB_id_04_00000968.png,normal,,,,,,train,968,
6_dB_id_04_00000969.png,normal,,,,,,train,969,
6_dB_id_04_00000970.png,normal,,,,,,train,970,
6_dB_id_04_00000971.png,normal,,,,,,train,971,
6_dB_id_04_00000972.png,normal,,,,,,train,972,
6_dB_id_04_00000973.png,normal,,,,,,train,973,
6_dB_id_04_00000974.png,normal,,,,,,train,974,
6_dB_id_04_00000975.png,normal,,,,,,train,975,
6_dB_id_04_00000976.png,normal,,,,,,train,976,
6_dB_id_04_00000977.png,normal,,,,,,train,977,
6_dB_id_04_00000978.png,normal,,,,,,train,978,
6_dB_id_04_00000979.png,normal,,,,,,train,979,
6_dB_id_04_00000980.png,normal,,,,,,train,980,
6_dB_id_04_00000981.png,normal,,,,,,train,981,
6_dB_id_04_00000982.png,normal,,,,,,train,982,
6_dB_id_04_00000983.png,normal,,,,,,train,983,
6_dB_id_04_00000984.png,normal,,,,,,train,984,
6_dB_id_04_00000985.png,normal,,,,,,train,985,
6_dB_id_04_00000986.png,normal,,,,,,train,986,
6_dB_id_04_00000987.png,normal,,,,,,train,987,
6_dB_id_04_00000988.png,normal,,,,,,train,988,
6_dB_id_04_00000989.png,normal,,,,,,train,989,
6_dB_id_04_00000990.png,normal,,,,,,train,990,
6_dB_id_04_00000991.png,normal,,,,,,train,991,
6_dB_id_04_00000992.png,normal,,,,,,train,992,
6_dB_id_04_00000993.png,normal,,,,,,train,993,
6_dB_id_04_00000994.png,normal,,,,,,train,994,
6_dB_id_04_00000995.png,normal,,,,,,train,995,
6_dB_id_04_00000996.png,normal,,,,,,train,996,
6_dB_id_04_00000997.png,normal,,,,,,train,997,
6_dB_id_04_00000998.png,normal,,,,,,train,998,
6_dB_id_04_00000999.png,normal,,,,,,train,999,
6_dB_id_04_00001000.png,normal,,,,,,train,1000,
6_dB_id_04_00001001.png,normal,,,,,,train,1001,
6_dB_id_04_00001002.png,normal,,,,,,train,1002,
6_dB_id_04_00001003.png,normal,,,,,,train,1003,
6_dB_id_04_00001004.png,normal,,,,,,train,1004,
6_dB_id_04_00001005.png,normal,,,,,,train,1005,
6_dB_id_04_00001006.png,normal,,,,,,train,1006,
6_dB_id_04_00001007.png,normal,,,,,,train,1007,
6_dB_id_04_00001008.png,normal,,,,,,train,1008,
6_dB_id_04_00001009.png,normal,,,,,,train,1009,
6_dB_id_04_00001010.png,normal,,,,,,train,1010,
6_dB_id_04_00001011.png,normal,,,,,,train,1011,
6_dB_id_04_00001012.png,normal,,,,,,train,1012,
6_dB_id_04_00001013.png,normal,,,,,,train,1013,
6_dB_id_04_00001014.png,normal,,,,,,train,1014,
6_dB_id_04_00001015.png,normal,,,,,,train,1015,
6_dB_id_04_00001016.png,normal,,,,,,train,1016,
6_dB_id_04_00001017.png,normal,,,,,,train,1017,
6_dB_id_04_00001018.png,normal,,,,,,train,1018,
6_dB_id_04_00001019.png,normal,,,,,,train,1019,
6_dB_id_04_00001020.png,normal,,,,,,train,1020,
6_dB_id_04_00001021.png,normal,,,,,,train,1021,
6_dB_id_04_00001022.png,normal,,,,,,train,1022,
6_dB_id_04_00001023.png,normal,,,,,,train,1023,
6_dB_id_04_00001024.png,normal,,,,,,train,1024,
6_dB_id_04_00001025.png,normal,,,,,,train,1025,
6_dB_id_04_00001026.png,normal,,,,,,train,1026,
6_dB_id_04_00001027.png,normal,,,,,,train,1027,
6_dB_id_04_00001028.png,normal,,,,,,train,1028,
6_dB_id_04_00001029.png,normal,,,,,,train,1029,
6_dB_id_04_00001030.png,normal,,,,,,train,1030,
6_dB_id_04_00001031.png,normal,,,,,,train,1031,
6_dB_id_04_00001032.png,normal,,,,,,train,1032,
6_dB_id_06_00000000.png,normal,,,,,,train,0,
6_dB_id_06_00000001.png,normal,,,,,,train,1,
6_dB_id_06_00000002.png,normal,,,,,,train,2,
6_dB_id_06_00000003.png,normal,,,,,,train,3,
6_dB_id_06_00000004.png,normal,,,,,,train,4,
6_dB_id_06_00000005.png,normal,,,,,,train,5,
6_dB_id_06_00000006.png,normal,,,,,,train,6,
6_dB_id_06_00000007.png,normal,,,,,,train,7,
6_dB_id_06_00000008.png,normal,,,,,,train,8,
6_dB_id_06_00000009.png,normal,,,,,,train,9,
6_dB_id_06_00000010.png,normal,,,,,,train,10,
6_dB_id_06_00000011.png,normal,,,,,,train,11,
6_dB_id_06_00000012.png,normal,,,,,,train,12,
6_dB_id_06_00000013.png,normal,,,,,,train,13,
6_dB_id_06_00000014.png,normal,,,,,,train,14,
6_dB_id_06_00000015.png,normal,,,,,,train,15,
6_dB_id_06_00000016.png,normal,,,,,,train,16,
6_dB_id_06_00000017.png,normal,,,,,,train,17,
6_dB_id_06_00000018.png,normal,,,,,,train,18,
6_dB_id_06_00000019.png,normal,,,,,,train,19,
6_dB_id_06_00000020.png,normal,,,,,,train,20,
6_dB_id_06_00000021.png,normal,,,,,,train,21,
6_dB_id_06_00000022.png,normal,,,,,,train,22,
6_dB_id_06_00000023.png,normal,,,,,,train,23,
6_dB_id_06_00000024.png,normal,,,,,,train,24,
6_dB_id_06_00000025.png,normal,,,,,,train,25,
6_dB_id_06_00000026.png,normal,,,,,,train,26,
6_dB_id_06_00000027.png,normal,,,,,,train,27,
6_dB_id_06_00000028.png,normal,,,,,,train,28,
6_dB_id_06_00000029.png,normal,,,,,,train,29,
6_dB_id_06_00000030.png,normal,,,,,,train,30,
6_dB_id_06_00000031.png,normal,,,,,,train,31,
6_dB_id_06_00000032.png,normal,,,,,,train,32,
6_dB_id_06_00000033.png,normal,,,,,,train,33,
6_dB_id_06_00000034.png,normal,,,,,,train,34,
6_dB_id_06_00000035.png,normal,,,,,,train,35,
6_dB_id_06_00000036.png,normal,,,,,,train,36,
6_dB_id_06_00000037.png,normal,,,,,,train,37,
6_dB_id_06_00000038.png,normal,,,,,,train,38,
6_dB_id_06_00000039.png,normal,,,,,,train,39,
6_dB_id_06_00000040.png,normal,,,,,,train,40,
6_dB_id_06_00000041.png,normal,,,,,,train,41,
6_dB_id_06_00000042.png,normal,,,,,,train,42,
6_dB_id_06_00000043.png,normal,,,,,,train,43,
6_dB_id_06_00000044.png,normal,,,,,,train,44,
6_dB_id_06_00000045.png,normal,,,,,,train,45,
6_dB_id_06_00000046.png,normal,,,,,,train,46,
6_dB_id_06_00000047.png,normal,,,,,,train,47,
6_dB_id_06_00000048.png,normal,,,,,,train,48,
6_dB_id_06_00000049.png,normal,,,,,,train,49,
6_dB_id_06_00000050.png,normal,,,,,,train,50,
6_dB_id_06_00000051.png,normal,,,,,,train,51,
6_dB_id_06_00000052.png,normal,,,,,,train,52,
6_dB_id_06_00000053.png,normal,,,,,,train,53,
6_dB_id_06_00000054.png,normal,,,,,,train,54,
6_dB_id_06_00000055.png,normal,,,,,,train,55,
6_dB_id_06_00000056.png,normal,,,,,,train,56,
6_dB_id_06_00000057.png,normal,,,,,,train,57,
6_dB_id_06_00000058.png,normal,,,,,,train,58,
6_dB_id_06_00000059.png,normal,,,,,,train,59,
6_dB_id_06_00000060.png,normal,,,,,,train,60,
6_dB_id_06_00000061.png,normal,,,,,,train,61,
6_dB_id_06_00000062.png,normal,,,,,,train,62,
6_dB_id_06_00000063.png,normal,,,,,,train,63,
6_dB_id_06_00000064.png,normal,,,,,,train,64,
6_dB_id_06_00000065.png,normal,,,,,,train,65,
6_dB_id_06_00000066.png,normal,,,,,,train,66,
6_dB_id_06_00000067.png,normal,,,,,,train,67,
6_dB_id_06_00000068.png,normal,,,,,,train,68,
6_dB_id_06_00000069.png,normal,,,,,,train,69,
6_dB_id_06_00000070.png,normal,,,,,,train,70,
6_dB_id_06_00000071.png,normal,,,,,,train,71,
6_dB_id_06_00000072.png,normal,,,,,,train,72,
6_dB_id_06_00000073.png,normal,,,,,,train,73,
6_dB_id_06_00000074.png,normal,,,,,,train,74,
6_dB_id_06_00000075.png,normal,,,,,,train,75,
6_dB_id_06_00000076.png,normal,,,,,,train,76,
6_dB_id_06_00000077.png,normal,,,,,,train,77,
6_dB_id_06_00000078.png,normal,,,,,,train,78,
6_dB_id_06_00000079.png,normal,,,,,,train,79,
6_dB_id_06_00000080.png,normal,,,,,,train,80,
6_dB_id_06_00000081.png,normal,,,,,,train,81,
6_dB_id_06_00000082.png,normal,,,,,,train,82,
6_dB_id_06_00000083.png,normal,,,,,,train,83,
6_dB_id_06_00000084.png,normal,,,,,,train,84,
6_dB_id_06_00000085.png,normal,,,,,,train,85,
6_dB_id_06_00000086.png,normal,,,,,,train,86,
6_dB_id_06_00000087.png,normal,,,,,,train,87,
6_dB_id_06_00000088.png,normal,,,,,,train,88,
6_dB_id_06_00000089.png,normal,,,,,,train,89,
6_dB_id_06_00000090.png,normal,,,,,,train,90,
6_dB_id_06_00000091.png,normal,,,,,,train,91,
6_dB_id_06_00000092.png,normal,,,,,,train,92,
6_dB_id_06_00000093.png,normal,,,,,,train,93,
6_dB_id_06_00000094.png,normal,,,,,,train,94,
6_dB_id_06_00000095.png,normal,,,,,,train,95,
6_dB_id_06_00000096.png,normal,,,,,,train,96,
6_dB_id_06_00000097.png,normal,,,,,,train,97,
6_dB_id_06_00000098.png,normal,,,,,,train,98,
6_dB_id_06_00000099.png,normal,,,,,,train,99,
6_dB_id_06_00000100.png,normal,,,,,,train,100,
6_dB_id_06_00000101.png,normal,,,,,,train,101,
6_dB_id_06_00000102.png,normal,,,,,,train,102,
6_dB_id_06_00000103.png,normal,,,,,,train,103,
6_dB_id_06_00000104.png,normal,,,,,,train,104,
6_dB_id_06_00000105.png,normal,,,,,,train,105,
6_dB_id_06_00000106.png,normal,,,,,,train,106,
6_dB_id_06_00000107.png,normal,,,,,,train,107,
6_dB_id_06_00000108.png,normal,,,,,,train,108,
6_dB_id_06_00000109.png,normal,,,,,,train,109,
6_dB_id_06_00000110.png,normal,,,,,,train,110,
6_dB_id_06_00000111.png,normal,,,,,,train,111,
6_dB_id_06_00000112.png,normal,,,,,,train,112,
6_dB_id_06_00000113.png,normal,,,,,,train,113,
6_dB_id_06_00000114.png,normal,,,,,,train,114,
6_dB_id_06_00000115.png,normal,,,,,,train,115,
6_dB_id_06_00000116.png,normal,,,,,,train,116,
6_dB_id_06_00000117.png,normal,,,,,,train,117,
6_dB_id_06_00000118.png,normal,,,,,,train,118,
6_dB_id_06_00000119.png,normal,,,,,,train,119,
6_dB_id_06_00000120.png,normal,,,,,,train,120,
6_dB_id_06_00000121.png,normal,,,,,,train,121,
6_dB_id_06_00000122.png,normal,,,,,,train,122,
6_dB_id_06_00000123.png,normal,,,,,,train,123,
6_dB_id_06_00000124.png,normal,,,,,,train,124,
6_dB_id_06_00000125.png,normal,,,,,,train,125,
6_dB_id_06_00000126.png,normal,,,,,,train,126,
6_dB_id_06_00000127.png,normal,,,,,,train,127,
6_dB_id_06_00000128.png,normal,,,,,,train,128,
6_dB_id_06_00000129.png,normal,,,,,,train,129,
6_dB_id_06_00000130.png,normal,,,,,,train,130,
6_dB_id_06_00000131.png,normal,,,,,,train,131,
6_dB_id_06_00000132.png,normal,,,,,,train,132,
6_dB_id_06_00000133.png,normal,,,,,,train,133,
6_dB_id_06_00000134.png,normal,,,,,,train,134,
6_dB_id_06_00000135.png,normal,,,,,,train,135,
6_dB_id_06_00000136.png,normal,,,,,,train,136,
6_dB_id_06_00000137.png,normal,,,,,,train,137,
6_dB_id_06_00000138.png,normal,,,,,,train,138,
6_dB_id_06_00000139.png,normal,,,,,,train,139,
6_dB_id_06_00000140.png,normal,,,,,,train,140,
6_dB_id_06_00000141.png,normal,,,,,,train,141,
6_dB_id_06_00000142.png,normal,,,,,,train,142,
6_dB_id_06_00000143.png,normal,,,,,,train,143,
6_dB_id_06_00000144.png,normal,,,,,,train,144,
6_dB_id_06_00000145.png,normal,,,,,,train,145,
6_dB_id_06_00000146.png,normal,,,,,,train,146,
6_dB_id_06_00000147.png,normal,,,,,,train,147,
6_dB_id_06_00000148.png,normal,,,,,,train,148,
6_dB_id_06_00000149.png,normal,,,,,,train,149,
6_dB_id_06_00000150.png,normal,,,,,,train,150,
6_dB_id_06_00000151.png,normal,,,,,,train,151,
6_dB_id_06_00000152.png,normal,,,,,,train,152,
6_dB_id_06_00000153.png,normal,,,,,,train,153,
6_dB_id_06_00000154.png,normal,,,,,,train,154,
6_dB_id_06_00000155.png,normal,,,,,,train,155,
6_dB_id_06_00000156.png,normal,,,,,,train,156,
6_dB_id_06_00000157.png,normal,,,,,,train,157,
6_dB_id_06_00000158.png,normal,,,,,,train,158,
6_dB_id_06_00000159.png,normal,,,,,,train,159,
6_dB_id_06_00000160.png,normal,,,,,,train,160,
6_dB_id_06_00000161.png,normal,,,,,,train,161,
6_dB_id_06_00000162.png,normal,,,,,,train,162,
6_dB_id_06_00000163.png,normal,,,,,,train,163,
6_dB_id_06_00000164.png,normal,,,,,,train,164,
6_dB_id_06_00000165.png,normal,,,,,,train,165,
6_dB_id_06_00000166.png,normal,,,,,,train,166,
6_dB_id_06_00000167.png,normal,,,,,,train,167,
6_dB_id_06_00000168.png,normal,,,,,,train,168,
6_dB_id_06_00000169.png,normal,,,,,,train,169,
6_dB_id_06_00000170.png,normal,,,,,,train,170,
6_dB_id_06_00000171.png,normal,,,,,,train,171,
6_dB_id_06_00000172.png,normal,,,,,,train,172,
6_dB_id_06_00000173.png,normal,,,,,,train,173,
6_dB_id_06_00000174.png,normal,,,,,,train,174,
6_dB_id_06_00000175.png,normal,,,,,,train,175,
6_dB_id_06_00000176.png,normal,,,,,,train,176,
6_dB_id_06_00000177.png,normal,,,,,,train,177,
6_dB_id_06_00000178.png,normal,,,,,,train,178,
6_dB_id_06_00000179.png,normal,,,,,,train,179,
6_dB_id_06_00000180.png,normal,,,,,,train,180,
6_dB_id_06_00000181.png,normal,,,,,,train,181,
6_dB_id_06_00000182.png,normal,,,,,,train,182,
6_dB_id_06_00000183.png,normal,,,,,,train,183,
6_dB_id_06_00000184.png,normal,,,,,,train,184,
6_dB_id_06_00000185.png,normal,,,,,,train,185,
6_dB_id_06_00000186.png,normal,,,,,,train,186,
6_dB_id_06_00000187.png,normal,,,,,,train,187,
6_dB_id_06_00000188.png,normal,,,,,,train,188,
6_dB_id_06_00000189.png,normal,,,,,,train,189,
6_dB_id_06_00000190.png,normal,,,,,,train,190,
6_dB_id_06_00000191.png,normal,,,,,,train,191,
6_dB_id_06_00000192.png,normal,,,,,,train,192,
6_dB_id_06_00000193.png,normal,,,,,,train,193,
6_dB_id_06_00000194.png,normal,,,,,,train,194,
6_dB_id_06_00000195.png,normal,,,,,,train,195,
6_dB_id_06_00000196.png,normal,,,,,,train,196,
6_dB_id_06_00000197.png,normal,,,,,,train,197,
6_dB_id_06_00000198.png,normal,,,,,,train,198,
6_dB_id_06_00000199.png,normal,,,,,,train,199,
6_dB_id_06_00000200.png,normal,,,,,,train,200,
6_dB_id_06_00000201.png,normal,,,,,,train,201,
6_dB_id_06_00000202.png,normal,,,,,,train,202,
6_dB_id_06_00000203.png,normal,,,,,,train,203,
6_dB_id_06_00000204.png,normal,,,,,,train,204,
6_dB_id_06_00000205.png,normal,,,,,,train,205,
6_dB_id_06_00000206.png,normal,,,,,,train,206,
6_dB_id_06_00000207.png,normal,,,,,,train,207,
6_dB_id_06_00000208.png,normal,,,,,,train,208,
6_dB_id_06_00000209.png,normal,,,,,,train,209,
6_dB_id_06_00000210.png,normal,,,,,,train,210,
6_dB_id_06_00000211.png,normal,,,,,,train,211,
6_dB_id_06_00000212.png,normal,,,,,,train,212,
6_dB_id_06_00000213.png,normal,,,,,,train,213,
6_dB_id_06_00000214.png,normal,,,,,,train,214,
6_dB_id_06_00000215.png,normal,,,,,,train,215,
6_dB_id_06_00000216.png,normal,,,,,,train,216,
6_dB_id_06_00000217.png,normal,,,,,,train,217,
6_dB_id_06_00000218.png,normal,,,,,,train,218,
6_dB_id_06_00000219.png,normal,,,,,,train,219,
6_dB_id_06_00000220.png,normal,,,,,,train,220,
6_dB_id_06_00000221.png,normal,,,,,,train,221,
6_dB_id_06_00000222.png,normal,,,,,,train,222,
6_dB_id_06_00000223.png,normal,,,,,,train,223,
6_dB_id_06_00000224.png,normal,,,,,,train,224,
6_dB_id_06_00000225.png,normal,,,,,,train,225,
6_dB_id_06_00000226.png,normal,,,,,,train,226,
6_dB_id_06_00000227.png,normal,,,,,,train,227,
6_dB_id_06_00000228.png,normal,,,,,,train,228,
6_dB_id_06_00000229.png,normal,,,,,,train,229,
6_dB_id_06_00000230.png,normal,,,,,,train,230,
6_dB_id_06_00000231.png,normal,,,,,,train,231,
6_dB_id_06_00000232.png,normal,,,,,,train,232,
6_dB_id_06_00000233.png,normal,,,,,,train,233,
6_dB_id_06_00000234.png,normal,,,,,,train,234,
6_dB_id_06_00000235.png,normal,,,,,,train,235,
6_dB_id_06_00000236.png,normal,,,,,,train,236,
6_dB_id_06_00000237.png,normal,,,,,,train,237,
6_dB_id_06_00000238.png,normal,,,,,,train,238,
6_dB_id_06_00000239.png,normal,,,,,,train,239,
6_dB_id_06_00000240.png,normal,,,,,,train,240,
6_dB_id_06_00000241.png,normal,,,,,,train,241,
6_dB_id_06_00000242.png,normal,,,,,,train,242,
6_dB_id_06_00000243.png,normal,,,,,,train,243,
6_dB_id_06_00000244.png,normal,,,,,,train,244,
6_dB_id_06_00000245.png,normal,,,,,,train,245,
6_dB_id_06_00000246.png,normal,,,,,,train,246,
6_dB_id_06_00000247.png,normal,,,,,,train,247,
6_dB_id_06_00000248.png,normal,,,,,,train,248,
6_dB_id_06_00000249.png,normal,,,,,,train,249,
6_dB_id_06_00000250.png,normal,,,,,,train,250,
6_dB_id_06_00000251.png,normal,,,,,,train,251,
6_dB_id_06_00000252.png,normal,,,,,,train,252,
6_dB_id_06_00000253.png,normal,,,,,,train,253,
6_dB_id_06_00000254.png,normal,,,,,,train,254,
6_dB_id_06_00000255.png,normal,,,,,,train,255,
6_dB_id_06_00000256.png,normal,,,,,,train,256,
6_dB_id_06_00000257.png,normal,,,,,,train,257,
6_dB_id_06_00000258.png,normal,,,,,,train,258,
6_dB_id_06_00000259.png,normal,,,,,,train,259,
6_dB_id_06_00000260.png,normal,,,,,,train,260,
6_dB_id_06_00000261.png,normal,,,,,,train,261,
6_dB_id_06_00000262.png,normal,,,,,,train,262,
6_dB_id_06_00000263.png,normal,,,,,,train,263,
6_dB_id_06_00000264.png,normal,,,,,,train,264,
6_dB_id_06_00000265.png,normal,,,,,,train,265,
6_dB_id_06_00000266.png,normal,,,,,,train,266,
6_dB_id_06_00000267.png,normal,,,,,,train,267,
6_dB_id_06_00000268.png,normal,,,,,,train,268,
6_dB_id_06_00000269.png,normal,,,,,,train,269,
6_dB_id_06_00000270.png,normal,,,,,,train,270,
6_dB_id_06_00000271.png,normal,,,,,,train,271,
6_dB_id_06_00000272.png,normal,,,,,,train,272,
6_dB_id_06_00000273.png,normal,,,,,,train,273,
6_dB_id_06_00000274.png,normal,,,,,,train,274,
6_dB_id_06_00000275.png,normal,,,,,,train,275,
6_dB_id_06_00000276.png,normal,,,,,,train,276,
6_dB_id_06_00000277.png,normal,,,,,,train,277,
6_dB_id_06_00000278.png,normal,,,,,,train,278,
6_dB_id_06_00000279.png,normal,,,,,,train,279,
6_dB_id_06_00000280.png,normal,,,,,,train,280,
6_dB_id_06_00000281.png,normal,,,,,,train,281,
6_dB_id_06_00000282.png,normal,,,,,,train,282,
6_dB_id_06_00000283.png,normal,,,,,,train,283,
6_dB_id_06_00000284.png,normal,,,,,,train,284,
6_dB_id_06_00000285.png,normal,,,,,,train,285,
6_dB_id_06_00000286.png,normal,,,,,,train,286,
6_dB_id_06_00000287.png,normal,,,,,,train,287,
6_dB_id_06_00000288.png,normal,,,,,,train,288,
6_dB_id_06_00000289.png,normal,,,,,,train,289,
6_dB_id_06_00000290.png,normal,,,,,,train,290,
6_dB_id_06_00000291.png,normal,,,,,,train,291,
6_dB_id_06_00000292.png,normal,,,,,,train,292,
6_dB_id_06_00000293.png,normal,,,,,,train,293,
6_dB_id_06_00000294.png,normal,,,,,,train,294,
6_dB_id_06_00000295.png,normal,,,,,,train,295,
6_dB_id_06_00000296.png,normal,,,,,,train,296,
6_dB_id_06_00000297.png,normal,,,,,,train,297,
6_dB_id_06_00000298.png,normal,,,,,,train,298,
6_dB_id_06_00000299.png,normal,,,,,,train,299,
6_dB_id_06_00000300.png,normal,,,,,,train,300,
6_dB_id_06_00000301.png,normal,,,,,,train,301,
6_dB_id_06_00000302.png,normal,,,,,,train,302,
6_dB_id_06_00000303.png,normal,,,,,,train,303,
6_dB_id_06_00000304.png,normal,,,,,,train,304,
6_dB_id_06_00000305.png,normal,,,,,,train,305,
6_dB_id_06_00000306.png,normal,,,,,,train,306,
6_dB_id_06_00000307.png,normal,,,,,,train,307,
6_dB_id_06_00000308.png,normal,,,,,,train,308,
6_dB_id_06_00000309.png,normal,,,,,,train,309,
6_dB_id_06_00000310.png,normal,,,,,,train,310,
6_dB_id_06_00000311.png,normal,,,,,,train,311,
6_dB_id_06_00000312.png,normal,,,,,,train,312,
6_dB_id_06_00000313.png,normal,,,,,,train,313,
6_dB_id_06_00000314.png,normal,,,,,,train,314,
6_dB_id_06_00000315.png,normal,,,,,,train,315,
6_dB_id_06_00000316.png,normal,,,,,,train,316,
6_dB_id_06_00000317.png,normal,,,,,,train,317,
6_dB_id_06_00000318.png,normal,,,,,,train,318,
6_dB_id_06_00000319.png,normal,,,,,,train,319,
6_dB_id_06_00000320.png,normal,,,,,,train,320,
6_dB_id_06_00000321.png,normal,,,,,,train,321,
6_dB_id_06_00000322.png,normal,,,,,,train,322,
6_dB_id_06_00000323.png,normal,,,,,,train,323,
6_dB_id_06_00000324.png,normal,,,,,,train,324,
6_dB_id_06_00000325.png,normal,,,,,,train,325,
6_dB_id_06_00000326.png,normal,,,,,,train,326,
6_dB_id_06_00000327.png,normal,,,,,,train,327,
6_dB_id_06_00000328.png,normal,,,,,,train,328,
6_dB_id_06_00000329.png,normal,,,,,,train,329,
6_dB_id_06_00000330.png,normal,,,,,,train,330,
6_dB_id_06_00000331.png,normal,,,,,,train,331,
6_dB_id_06_00000332.png,normal,,,,,,train,332,
6_dB_id_06_00000333.png,normal,,,,,,train,333,
6_dB_id_06_00000334.png,normal,,,,,,train,334,
6_dB_id_06_00000335.png,normal,,,,,,train,335,
6_dB_id_06_00000336.png,normal,,,,,,train,336,
6_dB_id_06_00000337.png,normal,,,,,,train,337,
6_dB_id_06_00000338.png,normal,,,,,,train,338,
6_dB_id_06_00000339.png,normal,,,,,,train,339,
6_dB_id_06_00000340.png,normal,,,,,,train,340,
6_dB_id_06_00000341.png,normal,,,,,,train,341,
6_dB_id_06_00000342.png,normal,,,,,,train,342,
6_dB_id_06_00000343.png,normal,,,,,,train,343,
6_dB_id_06_00000344.png,normal,,,,,,train,344,
6_dB_id_06_00000345.png,normal,,,,,,train,345,
6_dB_id_06_00000346.png,normal,,,,,,train,346,
6_dB_id_06_00000347.png,normal,,,,,,train,347,
6_dB_id_06_00000348.png,normal,,,,,,train,348,
6_dB_id_06_00000349.png,normal,,,,,,train,349,
6_dB_id_06_00000350.png,normal,,,,,,train,350,
6_dB_id_06_00000351.png,normal,,,,,,train,351,
6_dB_id_06_00000352.png,normal,,,,,,train,352,
6_dB_id_06_00000353.png,normal,,,,,,train,353,
6_dB_id_06_00000354.png,normal,,,,,,train,354,
6_dB_id_06_00000355.png,normal,,,,,,train,355,
6_dB_id_06_00000356.png,normal,,,,,,train,356,
6_dB_id_06_00000357.png,normal,,,,,,train,357,
6_dB_id_06_00000358.png,normal,,,,,,train,358,
6_dB_id_06_00000359.png,normal,,,,,,train,359,
6_dB_id_06_00000360.png,normal,,,,,,train,360,
6_dB_id_06_00000361.png,normal,,,,,,train,361,
6_dB_id_06_00000362.png,normal,,,,,,train,362,
6_dB_id_06_00000363.png,normal,,,,,,train,363,
6_dB_id_06_00000364.png,normal,,,,,,train,364,
6_dB_id_06_00000365.png,normal,,,,,,train,365,
6_dB_id_06_00000366.png,normal,,,,,,train,366,
6_dB_id_06_00000367.png,normal,,,,,,train,367,
6_dB_id_06_00000368.png,normal,,,,,,train,368,
6_dB_id_06_00000369.png,normal,,,,,,train,369,
6_dB_id_06_00000370.png,normal,,,,,,train,370,
6_dB_id_06_00000371.png,normal,,,,,,train,371,
6_dB_id_06_00000372.png,normal,,,,,,train,372,
6_dB_id_06_00000373.png,normal,,,,,,train,373,
6_dB_id_06_00000374.png,normal,,,,,,train,374,
6_dB_id_06_00000375.png,normal,,,,,,train,375,
6_dB_id_06_00000376.png,normal,,,,,,train,376,
6_dB_id_06_00000377.png,normal,,,,,,train,377,
6_dB_id_06_00000378.png,normal,,,,,,train,378,
6_dB_id_06_00000379.png,normal,,,,,,train,379,
6_dB_id_06_00000380.png,normal,,,,,,train,380,
6_dB_id_06_00000381.png,normal,,,,,,train,381,
6_dB_id_06_00000382.png,normal,,,,,,train,382,
6_dB_id_06_00000383.png,normal,,,,,,train,383,
6_dB_id_06_00000384.png,normal,,,,,,train,384,
6_dB_id_06_00000385.png,normal,,,,,,train,385,
6_dB_id_06_00000386.png,normal,,,,,,train,386,
6_dB_id_06_00000387.png,normal,,,,,,train,387,
6_dB_id_06_00000388.png,normal,,,,,,train,388,
6_dB_id_06_00000389.png,normal,,,,,,train,389,
6_dB_id_06_00000390.png,normal,,,,,,train,390,
6_dB_id_06_00000391.png,normal,,,,,,train,391,
6_dB_id_06_00000392.png,normal,,,,,,train,392,
6_dB_id_06_00000393.png,normal,,,,,,train,393,
6_dB_id_06_00000394.png,normal,,,,,,train,394,
6_dB_id_06_00000395.png,normal,,,,,,train,395,
6_dB_id_06_00000396.png,normal,,,,,,train,396,
6_dB_id_06_00000397.png,normal,,,,,,train,397,
6_dB_id_06_00000398.png,normal,,,,,,train,398,
6_dB_id_06_00000399.png,normal,,,,,,train,399,
6_dB_id_06_00000400.png,normal,,,,,,train,400,
6_dB_id_06_00000401.png,normal,,,,,,train,401,
6_dB_id_06_00000402.png,normal,,,,,,train,402,
6_dB_id_06_00000403.png,normal,,,,,,train,403,
6_dB_id_06_00000404.png,normal,,,,,,train,404,
6_dB_id_06_00000405.png,normal,,,,,,train,405,
6_dB_id_06_00000406.png,normal,,,,,,train,406,
6_dB_id_06_00000407.png,normal,,,,,,train,407,
6_dB_id_06_00000408.png,normal,,,,,,train,408,
6_dB_id_06_00000409.png,normal,,,,,,train,409,
6_dB_id_06_00000410.png,normal,,,,,,train,410,
6_dB_id_06_00000411.png,normal,,,,,,train,411,
6_dB_id_06_00000412.png,normal,,,,,,train,412,
6_dB_id_06_00000413.png,normal,,,,,,train,413,
6_dB_id_06_00000414.png,normal,,,,,,train,414,
6_dB_id_06_00000415.png,normal,,,,,,train,415,
6_dB_id_06_00000416.png,normal,,,,,,train,416,
6_dB_id_06_00000417.png,normal,,,,,,train,417,
6_dB_id_06_00000418.png,normal,,,,,,train,418,
6_dB_id_06_00000419.png,normal,,,,,,train,419,
6_dB_id_06_00000420.png,normal,,,,,,train,420,
6_dB_id_06_00000421.png,normal,,,,,,train,421,
6_dB_id_06_00000422.png,normal,,,,,,train,422,
6_dB_id_06_00000423.png,normal,,,,,,train,423,
6_dB_id_06_00000424.png,normal,,,,,,train,424,
6_dB_id_06_00000425.png,normal,,,,,,train,425,
6_dB_id_06_00000426.png,normal,,,,,,train,426,
6_dB_id_06_00000427.png,normal,,,,,,train,427,
6_dB_id_06_00000428.png,normal,,,,,,train,428,
6_dB_id_06_00000429.png,normal,,,,,,train,429,
6_dB_id_06_00000430.png,normal,,,,,,train,430,
6_dB_id_06_00000431.png,normal,,,,,,train,431,
6_dB_id_06_00000432.png,normal,,,,,,train,432,
6_dB_id_06_00000433.png,normal,,,,,,train,433,
6_dB_id_06_00000434.png,normal,,,,,,train,434,
6_dB_id_06_00000435.png,normal,,,,,,train,435,
6_dB_id_06_00000436.png,normal,,,,,,train,436,
6_dB_id_06_00000437.png,normal,,,,,,train,437,
6_dB_id_06_00000438.png,normal,,,,,,train,438,
6_dB_id_06_00000439.png,normal,,,,,,train,439,
6_dB_id_06_00000440.png,normal,,,,,,train,440,
6_dB_id_06_00000441.png,normal,,,,,,train,441,
6_dB_id_06_00000442.png,normal,,,,,,train,442,
6_dB_id_06_00000443.png,normal,,,,,,train,443,
6_dB_id_06_00000444.png,normal,,,,,,train,444,
6_dB_id_06_00000445.png,normal,,,,,,train,445,
6_dB_id_06_00000446.png,normal,,,,,,train,446,
6_dB_id_06_00000447.png,normal,,,,,,train,447,
6_dB_id_06_00000448.png,normal,,,,,,train,448,
6_dB_id_06_00000449.png,normal,,,,,,train,449,
6_dB_id_06_00000450.png,normal,,,,,,train,450,
6_dB_id_06_00000451.png,normal,,,,,,train,451,
6_dB_id_06_00000452.png,normal,,,,,,train,452,
6_dB_id_06_00000453.png,normal,,,,,,train,453,
6_dB_id_06_00000454.png,normal,,,,,,train,454,
6_dB_id_06_00000455.png,normal,,,,,,train,455,
6_dB_id_06_00000456.png,normal,,,,,,train,456,
6_dB_id_06_00000457.png,normal,,,,,,train,457,
6_dB_id_06_00000458.png,normal,,,,,,train,458,
6_dB_id_06_00000459.png,normal,,,,,,train,459,
6_dB_id_06_00000460.png,normal,,,,,,train,460,
6_dB_id_06_00000461.png,normal,,,,,,train,461,
6_dB_id_06_00000462.png,normal,,,,,,train,462,
6_dB_id_06_00000463.png,normal,,,,,,train,463,
6_dB_id_06_00000464.png,normal,,,,,,train,464,
6_dB_id_06_00000465.png,normal,,,,,,train,465,
6_dB_id_06_00000466.png,normal,,,,,,train,466,
6_dB_id_06_00000467.png,normal,,,,,,train,467,
6_dB_id_06_00000468.png,normal,,,,,,train,468,
6_dB_id_06_00000469.png,normal,,,,,,train,469,
6_dB_id_06_00000470.png,normal,,,,,,train,470,
6_dB_id_06_00000471.png,normal,,,,,,train,471,
6_dB_id_06_00000472.png,normal,,,,,,train,472,
6_dB_id_06_00000473.png,normal,,,,,,train,473,
6_dB_id_06_00000474.png,normal,,,,,,train,474,
6_dB_id_06_00000475.png,normal,,,,,,train,475,
6_dB_id_06_00000476.png,normal,,,,,,train,476,
6_dB_id_06_00000477.png,normal,,,,,,train,477,
6_dB_id_06_00000478.png,normal,,,,,,train,478,
6_dB_id_06_00000479.png,normal,,,,,,train,479,
6_dB_id_06_00000480.png,normal,,,,,,train,480,
6_dB_id_06_00000481.png,normal,,,,,,train,481,
6_dB_id_06_00000482.png,normal,,,,,,train,482,
6_dB_id_06_00000483.png,normal,,,,,,train,483,
6_dB_id_06_00000484.png,normal,,,,,,train,484,
6_dB_id_06_00000485.png,normal,,,,,,train,485,
6_dB_id_06_00000486.png,normal,,,,,,train,486,
6_dB_id_06_00000487.png,normal,,,,,,train,487,
6_dB_id_06_00000488.png,normal,,,,,,train,488,
6_dB_id_06_00000489.png,normal,,,,,,train,489,
6_dB_id_06_00000490.png,normal,,,,,,train,490,
6_dB_id_06_00000491.png,normal,,,,,,train,491,
6_dB_id_06_00000492.png,normal,,,,,,train,492,
6_dB_id_06_00000493.png,normal,,,,,,train,493,
6_dB_id_06_00000494.png,normal,,,,,,train,494,
6_dB_id_06_00000495.png,normal,,,,,,train,495,
6_dB_id_06_00000496.png,normal,,,,,,train,496,
6_dB_id_06_00000497.png,normal,,,,,,train,497,
6_dB_id_06_00000498.png,normal,,,,,,train,498,
6_dB_id_06_00000499.png,normal,,,,,,train,499,
6_dB_id_06_00000500.png,normal,,,,,,train,500,
6_dB_id_06_00000501.png,normal,,,,,,train,501,
6_dB_id_06_00000502.png,normal,,,,,,train,502,
6_dB_id_06_00000503.png,normal,,,,,,train,503,
6_dB_id_06_00000504.png,normal,,,,,,train,504,
6_dB_id_06_00000505.png,normal,,,,,,train,505,
6_dB_id_06_00000506.png,normal,,,,,,train,506,
6_dB_id_06_00000507.png,normal,,,,,,train,507,
6_dB_id_06_00000508.png,normal,,,,,,train,508,
6_dB_id_06_00000509.png,normal,,,,,,train,509,
6_dB_id_06_00000510.png,normal,,,,,,train,510,
6_dB_id_06_00000511.png,normal,,,,,,train,511,
6_dB_id_06_00000512.png,normal,,,,,,train,512,
6_dB_id_06_00000513.png,normal,,,,,,train,513,
6_dB_id_06_00000514.png,normal,,,,,,train,514,
6_dB_id_06_00000515.png,normal,,,,,,train,515,
6_dB_id_06_00000516.png,normal,,,,,,train,516,
6_dB_id_06_00000517.png,normal,,,,,,train,517,
6_dB_id_06_00000518.png,normal,,,,,,train,518,
6_dB_id_06_00000519.png,normal,,,,,,train,519,
6_dB_id_06_00000520.png,normal,,,,,,train,520,
6_dB_id_06_00000521.png,normal,,,,,,train,521,
6_dB_id_06_00000522.png,normal,,,,,,train,522,
6_dB_id_06_00000523.png,normal,,,,,,train,523,
6_dB_id_06_00000524.png,normal,,,,,,train,524,
6_dB_id_06_00000525.png,normal,,,,,,train,525,
6_dB_id_06_00000526.png,normal,,,,,,train,526,
6_dB_id_06_00000527.png,normal,,,,,,train,527,
6_dB_id_06_00000528.png,normal,,,,,,train,528,
6_dB_id_06_00000529.png,normal,,,,,,train,529,
6_dB_id_06_00000530.png,normal,,,,,,train,530,
6_dB_id_06_00000531.png,normal,,,,,,train,531,
6_dB_id_06_00000532.png,normal,,,,,,train,532,
6_dB_id_06_00000533.png,normal,,,,,,train,533,
6_dB_id_06_00000534.png,normal,,,,,,train,534,
6_dB_id_06_00000535.png,normal,,,,,,train,535,
6_dB_id_06_00000536.png,normal,,,,,,train,536,
6_dB_id_06_00000537.png,normal,,,,,,train,537,
6_dB_id_06_00000538.png,normal,,,,,,train,538,
6_dB_id_06_00000539.png,normal,,,,,,train,539,
6_dB_id_06_00000540.png,normal,,,,,,train,540,
6_dB_id_06_00000541.png,normal,,,,,,train,541,
6_dB_id_06_00000542.png,normal,,,,,,train,542,
6_dB_id_06_00000543.png,normal,,,,,,train,543,
6_dB_id_06_00000544.png,normal,,,,,,train,544,
6_dB_id_06_00000545.png,normal,,,,,,train,545,
6_dB_id_06_00000546.png,normal,,,,,,train,546,
6_dB_id_06_00000547.png,normal,,,,,,train,547,
6_dB_id_06_00000548.png,normal,,,,,,train,548,
6_dB_id_06_00000549.png,normal,,,,,,train,549,
6_dB_id_06_00000550.png,normal,,,,,,train,550,
6_dB_id_06_00000551.png,normal,,,,,,train,551,
6_dB_id_06_00000552.png,normal,,,,,,train,552,
6_dB_id_06_00000553.png,normal,,,,,,train,553,
6_dB_id_06_00000554.png,normal,,,,,,train,554,
6_dB_id_06_00000555.png,normal,,,,,,train,555,
6_dB_id_06_00000556.png,normal,,,,,,train,556,
6_dB_id_06_00000557.png,normal,,,,,,train,557,
6_dB_id_06_00000558.png,normal,,,,,,train,558,
6_dB_id_06_00000559.png,normal,,,,,,train,559,
6_dB_id_06_00000560.png,normal,,,,,,train,560,
6_dB_id_06_00000561.png,normal,,,,,,train,561,
6_dB_id_06_00000562.png,normal,,,,,,train,562,
6_dB_id_06_00000563.png,normal,,,,,,train,563,
6_dB_id_06_00000564.png,normal,,,,,,train,564,
6_dB_id_06_00000565.png,normal,,,,,,train,565,
6_dB_id_06_00000566.png,normal,,,,,,train,566,
6_dB_id_06_00000567.png,normal,,,,,,train,567,
6_dB_id_06_00000568.png,normal,,,,,,train,568,
6_dB_id_06_00000569.png,normal,,,,,,train,569,
6_dB_id_06_00000570.png,normal,,,,,,train,570,
6_dB_id_06_00000571.png,normal,,,,,,train,571,
6_dB_id_06_00000572.png,normal,,,,,,train,572,
6_dB_id_06_00000573.png,normal,,,,,,train,573,
6_dB_id_06_00000574.png,normal,,,,,,train,574,
6_dB_id_06_00000575.png,normal,,,,,,train,575,
6_dB_id_06_00000576.png,normal,,,,,,train,576,
6_dB_id_06_00000577.png,normal,,,,,,train,577,
6_dB_id_06_00000578.png,normal,,,,,,train,578,
6_dB_id_06_00000579.png,normal,,,,,,train,579,
6_dB_id_06_00000580.png,normal,,,,,,train,580,
6_dB_id_06_00000581.png,normal,,,,,,train,581,
6_dB_id_06_00000582.png,normal,,,,,,train,582,
6_dB_id_06_00000583.png,normal,,,,,,train,583,
6_dB_id_06_00000584.png,normal,,,,,,train,584,
6_dB_id_06_00000585.png,normal,,,,,,train,585,
6_dB_id_06_00000586.png,normal,,,,,,train,586,
6_dB_id_06_00000587.png,normal,,,,,,train,587,
6_dB_id_06_00000588.png,normal,,,,,,train,588,
6_dB_id_06_00000589.png,normal,,,,,,train,589,
6_dB_id_06_00000590.png,normal,,,,,,train,590,
6_dB_id_06_00000591.png,normal,,,,,,train,591,
6_dB_id_06_00000592.png,normal,,,,,,train,592,
6_dB_id_06_00000593.png,normal,,,,,,train,593,
6_dB_id_06_00000594.png,normal,,,,,,train,594,
6_dB_id_06_00000595.png,normal,,,,,,train,595,
6_dB_id_06_00000596.png,normal,,,,,,train,596,
6_dB_id_06_00000597.png,normal,,,,,,train,597,
6_dB_id_06_00000598.png,normal,,,,,,train,598,
6_dB_id_06_00000599.png,normal,,,,,,train,599,
6_dB_id_06_00000600.png,normal,,,,,,train,600,
6_dB_id_06_00000601.png,normal,,,,,,train,601,
6_dB_id_06_00000602.png,normal,,,,,,train,602,
6_dB_id_06_00000603.png,normal,,,,,,train,603,
6_dB_id_06_00000604.png,normal,,,,,,train,604,
6_dB_id_06_00000605.png,normal,,,,,,train,605,
6_dB_id_06_00000606.png,normal,,,,,,train,606,
6_dB_id_06_00000607.png,normal,,,,,,train,607,
6_dB_id_06_00000608.png,normal,,,,,,train,608,
6_dB_id_06_00000609.png,normal,,,,,,train,609,
6_dB_id_06_00000610.png,normal,,,,,,train,610,
6_dB_id_06_00000611.png,normal,,,,,,train,611,
6_dB_id_06_00000612.png,normal,,,,,,train,612,
6_dB_id_06_00000613.png,normal,,,,,,train,613,
6_dB_id_06_00000614.png,normal,,,,,,train,614,
6_dB_id_06_00000615.png,normal,,,,,,train,615,
6_dB_id_06_00000616.png,normal,,,,,,train,616,
6_dB_id_06_00000617.png,normal,,,,,,train,617,
6_dB_id_06_00000618.png,normal,,,,,,train,618,
6_dB_id_06_00000619.png,normal,,,,,,train,619,
6_dB_id_06_00000620.png,normal,,,,,,train,620,
6_dB_id_06_00000621.png,normal,,,,,,train,621,
6_dB_id_06_00000622.png,normal,,,,,,train,622,
6_dB_id_06_00000623.png,normal,,,,,,train,623,
6_dB_id_06_00000624.png,normal,,,,,,train,624,
6_dB_id_06_00000625.png,normal,,,,,,train,625,
6_dB_id_06_00000626.png,normal,,,,,,train,626,
6_dB_id_06_00000627.png,normal,,,,,,train,627,
6_dB_id_06_00000628.png,normal,,,,,,train,628,
6_dB_id_06_00000629.png,normal,,,,,,train,629,
6_dB_id_06_00000630.png,normal,,,,,,train,630,
6_dB_id_06_00000631.png,normal,,,,,,train,631,
6_dB_id_06_00000632.png,normal,,,,,,train,632,
6_dB_id_06_00000633.png,normal,,,,,,train,633,
6_dB_id_06_00000634.png,normal,,,,,,train,634,
6_dB_id_06_00000635.png,normal,,,,,,train,635,
6_dB_id_06_00000636.png,normal,,,,,,train,636,
6_dB_id_06_00000637.png,normal,,,,,,train,637,
6_dB_id_06_00000638.png,normal,,,,,,train,638,
6_dB_id_06_00000639.png,normal,,,,,,train,639,
6_dB_id_06_00000640.png,normal,,,,,,train,640,
6_dB_id_06_00000641.png,normal,,,,,,train,641,
6_dB_id_06_00000642.png,normal,,,,,,train,642,
6_dB_id_06_00000643.png,normal,,,,,,train,643,
6_dB_id_06_00000644.png,normal,,,,,,train,644,
6_dB_id_06_00000645.png,normal,,,,,,train,645,
6_dB_id_06_00000646.png,normal,,,,,,train,646,
6_dB_id_06_00000647.png,normal,,,,,,train,647,
6_dB_id_06_00000648.png,normal,,,,,,train,648,
6_dB_id_06_00000649.png,normal,,,,,,train,649,
6_dB_id_06_00000650.png,normal,,,,,,train,650,
6_dB_id_06_00000651.png,normal,,,,,,train,651,
6_dB_id_06_00000652.png,normal,,,,,,train,652,
6_dB_id_06_00000653.png,normal,,,,,,train,653,
6_dB_id_06_00000654.png,normal,,,,,,train,654,
6_dB_id_06_00000655.png,normal,,,,,,train,655,
6_dB_id_06_00000656.png,normal,,,,,,train,656,
6_dB_id_06_00000657.png,normal,,,,,,train,657,
6_dB_id_06_00000658.png,normal,,,,,,train,658,
6_dB_id_06_00000659.png,normal,,,,,,train,659,
6_dB_id_06_00000660.png,normal,,,,,,train,660,
6_dB_id_06_00000661.png,normal,,,,,,train,661,
6_dB_id_06_00000662.png,normal,,,,,,train,662,
6_dB_id_06_00000663.png,normal,,,,,,train,663,
6_dB_id_06_00000664.png,normal,,,,,,train,664,
6_dB_id_06_00000665.png,normal,,,,,,train,665,
6_dB_id_06_00000666.png,normal,,,,,,train,666,
6_dB_id_06_00000667.png,normal,,,,,,train,667,
6_dB_id_06_00000668.png,normal,,,,,,train,668,
6_dB_id_06_00000669.png,normal,,,,,,train,669,
6_dB_id_06_00000670.png,normal,,,,,,train,670,
6_dB_id_06_00000671.png,normal,,,,,,train,671,
6_dB_id_06_00000672.png,normal,,,,,,train,672,
6_dB_id_06_00000673.png,normal,,,,,,train,673,
6_dB_id_06_00000674.png,normal,,,,,,train,674,
6_dB_id_06_00000675.png,normal,,,,,,train,675,
6_dB_id_06_00000676.png,normal,,,,,,train,676,
6_dB_id_06_00000677.png,normal,,,,,,train,677,
6_dB_id_06_00000678.png,normal,,,,,,train,678,
6_dB_id_06_00000679.png,normal,,,,,,train,679,
6_dB_id_06_00000680.png,normal,,,,,,train,680,
6_dB_id_06_00000681.png,normal,,,,,,train,681,
6_dB_id_06_00000682.png,normal,,,,,,train,682,
6_dB_id_06_00000683.png,normal,,,,,,train,683,
6_dB_id_06_00000684.png,normal,,,,,,train,684,
6_dB_id_06_00000685.png,normal,,,,,,train,685,
6_dB_id_06_00000686.png,normal,,,,,,train,686,
6_dB_id_06_00000687.png,normal,,,,,,train,687,
6_dB_id_06_00000688.png,normal,,,,,,train,688,
6_dB_id_06_00000689.png,normal,,,,,,train,689,
6_dB_id_06_00000690.png,normal,,,,,,train,690,
6_dB_id_06_00000691.png,normal,,,,,,train,691,
6_dB_id_06_00000692.png,normal,,,,,,train,692,
6_dB_id_06_00000693.png,normal,,,,,,train,693,
6_dB_id_06_00000694.png,normal,,,,,,train,694,
6_dB_id_06_00000695.png,normal,,,,,,train,695,
6_dB_id_06_00000696.png,normal,,,,,,train,696,
6_dB_id_06_00000697.png,normal,,,,,,train,697,
6_dB_id_06_00000698.png,normal,,,,,,train,698,
6_dB_id_06_00000699.png,normal,,,,,,train,699,
6_dB_id_06_00000700.png,normal,,,,,,train,700,
6_dB_id_06_00000701.png,normal,,,,,,train,701,
6_dB_id_06_00000702.png,normal,,,,,,train,702,
6_dB_id_06_00000703.png,normal,,,,,,train,703,
6_dB_id_06_00000704.png,normal,,,,,,train,704,
6_dB_id_06_00000705.png,normal,,,,,,train,705,
6_dB_id_06_00000706.png,normal,,,,,,train,706,
6_dB_id_06_00000707.png,normal,,,,,,train,707,
6_dB_id_06_00000708.png,normal,,,,,,train,708,
6_dB_id_06_00000709.png,normal,,,,,,train,709,
6_dB_id_06_00000710.png,normal,,,,,,train,710,
6_dB_id_06_00000711.png,normal,,,,,,train,711,
6_dB_id_06_00000712.png,normal,,,,,,train,712,
6_dB_id_06_00000713.png,normal,,,,,,train,713,
6_dB_id_06_00000714.png,normal,,,,,,train,714,
6_dB_id_06_00000715.png,normal,,,,,,train,715,
6_dB_id_06_00000716.png,normal,,,,,,train,716,
6_dB_id_06_00000717.png,normal,,,,,,train,717,
6_dB_id_06_00000718.png,normal,,,,,,train,718,
6_dB_id_06_00000719.png,normal,,,,,,train,719,
6_dB_id_06_00000720.png,normal,,,,,,train,720,
6_dB_id_06_00000721.png,normal,,,,,,train,721,
6_dB_id_06_00000722.png,normal,,,,,,train,722,
6_dB_id_06_00000723.png,normal,,,,,,train,723,
6_dB_id_06_00000724.png,normal,,,,,,train,724,
6_dB_id_06_00000725.png,normal,,,,,,train,725,
6_dB_id_06_00000726.png,normal,,,,,,train,726,
6_dB_id_06_00000727.png,normal,,,,,,train,727,
6_dB_id_06_00000728.png,normal,,,,,,train,728,
6_dB_id_06_00000729.png,normal,,,,,,train,729,
6_dB_id_06_00000730.png,normal,,,,,,train,730,
6_dB_id_06_00000731.png,normal,,,,,,train,731,
6_dB_id_06_00000732.png,normal,,,,,,train,732,
6_dB_id_06_00000733.png,normal,,,,,,train,733,
6_dB_id_06_00000734.png,normal,,,,,,train,734,
6_dB_id_06_00000735.png,normal,,,,,,train,735,
6_dB_id_06_00000736.png,normal,,,,,,train,736,
6_dB_id_06_00000737.png,normal,,,,,,train,737,
6_dB_id_06_00000738.png,normal,,,,,,train,738,
6_dB_id_06_00000739.png,normal,,,,,,train,739,
6_dB_id_06_00000740.png,normal,,,,,,train,740,
6_dB_id_06_00000741.png,normal,,,,,,train,741,
6_dB_id_06_00000742.png,normal,,,,,,train,742,
6_dB_id_06_00000743.png,normal,,,,,,train,743,
6_dB_id_06_00000744.png,normal,,,,,,train,744,
6_dB_id_06_00000745.png,normal,,,,,,train,745,
6_dB_id_06_00000746.png,normal,,,,,,train,746,
6_dB_id_06_00000747.png,normal,,,,,,train,747,
6_dB_id_06_00000748.png,normal,,,,,,train,748,
6_dB_id_06_00000749.png,normal,,,,,,train,749,
6_dB_id_06_00000750.png,normal,,,,,,train,750,
6_dB_id_06_00000751.png,normal,,,,,,train,751,
6_dB_id_06_00000752.png,normal,,,,,,train,752,
6_dB_id_06_00000753.png,normal,,,,,,train,753,
6_dB_id_06_00000754.png,normal,,,,,,train,754,
6_dB_id_06_00000755.png,normal,,,,,,train,755,
6_dB_id_06_00000756.png,normal,,,,,,train,756,
6_dB_id_06_00000757.png,normal,,,,,,train,757,
6_dB_id_06_00000758.png,normal,,,,,,train,758,
6_dB_id_06_00000759.png,normal,,,,,,train,759,
6_dB_id_06_00000760.png,normal,,,,,,train,760,
6_dB_id_06_00000761.png,normal,,,,,,train,761,
6_dB_id_06_00000762.png,normal,,,,,,train,762,
6_dB_id_06_00000763.png,normal,,,,,,train,763,
6_dB_id_06_00000764.png,normal,,,,,,train,764,
6_dB_id_06_00000765.png,normal,,,,,,train,765,
6_dB_id_06_00000766.png,normal,,,,,,train,766,
6_dB_id_06_00000767.png,normal,,,,,,train,767,
6_dB_id_06_00000768.png,normal,,,,,,train,768,
6_dB_id_06_00000769.png,normal,,,,,,train,769,
6_dB_id_06_00000770.png,normal,,,,,,train,770,
6_dB_id_06_00000771.png,normal,,,,,,train,771,
6_dB_id_06_00000772.png,normal,,,,,,train,772,
6_dB_id_06_00000773.png,normal,,,,,,train,773,
6_dB_id_06_00000774.png,normal,,,,,,train,774,
6_dB_id_06_00000775.png,normal,,,,,,train,775,
6_dB_id_06_00000776.png,normal,,,,,,train,776,
6_dB_id_06_00000777.png,normal,,,,,,train,777,
6_dB_id_06_00000778.png,normal,,,,,,train,778,
6_dB_id_06_00000779.png,normal,,,,,,train,779,
6_dB_id_06_00000780.png,normal,,,,,,train,780,
6_dB_id_06_00000781.png,normal,,,,,,train,781,
6_dB_id_06_00000782.png,normal,,,,,,train,782,
6_dB_id_06_00000783.png,normal,,,,,,train,783,
6_dB_id_06_00000784.png,normal,,,,,,train,784,
6_dB_id_06_00000785.png,normal,,,,,,train,785,
6_dB_id_06_00000786.png,normal,,,,,,train,786,
6_dB_id_06_00000787.png,normal,,,,,,train,787,
6_dB_id_06_00000788.png,normal,,,,,,train,788,
6_dB_id_06_00000789.png,normal,,,,,,train,789,
6_dB_id_06_00000790.png,normal,,,,,,train,790,
6_dB_id_06_00000791.png,normal,,,,,,train,791,
6_dB_id_06_00000792.png,normal,,,,,,train,792,
6_dB_id_06_00000793.png,normal,,,,,,train,793,
6_dB_id_06_00000794.png,normal,,,,,,train,794,
6_dB_id_06_00000795.png,normal,,,,,,train,795,
6_dB_id_06_00000796.png,normal,,,,,,train,796,
6_dB_id_06_00000797.png,normal,,,,,,train,797,
6_dB_id_06_00000798.png,normal,,,,,,train,798,
6_dB_id_06_00000799.png,normal,,,,,,train,799,
6_dB_id_06_00000800.png,normal,,,,,,train,800,
6_dB_id_06_00000801.png,normal,,,,,,train,801,
6_dB_id_06_00000802.png,normal,,,,,,train,802,
6_dB_id_06_00000803.png,normal,,,,,,train,803,
6_dB_id_06_00000804.png,normal,,,,,,train,804,
6_dB_id_06_00000805.png,normal,,,,,,train,805,
6_dB_id_06_00000806.png,normal,,,,,,train,806,
6_dB_id_06_00000807.png,normal,,,,,,train,807,
6_dB_id_06_00000808.png,normal,,,,,,train,808,
6_dB_id_06_00000809.png,normal,,,,,,train,809,
6_dB_id_06_00000810.png,normal,,,,,,train,810,
6_dB_id_06_00000811.png,normal,,,,,,train,811,
6_dB_id_06_00000812.png,normal,,,,,,train,812,
6_dB_id_06_00000813.png,normal,,,,,,train,813,
6_dB_id_06_00000814.png,normal,,,,,,train,814,
6_dB_id_06_00000815.png,normal,,,,,,train,815,
6_dB_id_06_00000816.png,normal,,,,,,train,816,
6_dB_id_06_00000817.png,normal,,,,,,train,817,
6_dB_id_06_00000818.png,normal,,,,,,train,818,
6_dB_id_06_00000819.png,normal,,,,,,train,819,
6_dB_id_06_00000820.png,normal,,,,,,train,820,
6_dB_id_06_00000821.png,normal,,,,,,train,821,
6_dB_id_06_00000822.png,normal,,,,,,train,822,
6_dB_id_06_00000823.png,normal,,,,,,train,823,
6_dB_id_06_00000824.png,normal,,,,,,train,824,
6_dB_id_06_00000825.png,normal,,,,,,train,825,
6_dB_id_06_00000826.png,normal,,,,,,train,826,
6_dB_id_06_00000827.png,normal,,,,,,train,827,
6_dB_id_06_00000828.png,normal,,,,,,train,828,
6_dB_id_06_00000829.png,normal,,,,,,train,829,
6_dB_id_06_00000830.png,normal,,,,,,train,830,
6_dB_id_06_00000831.png,normal,,,,,,train,831,
6_dB_id_06_00000832.png,normal,,,,,,train,832,
6_dB_id_06_00000833.png,normal,,,,,,train,833,
6_dB_id_06_00000834.png,normal,,,,,,train,834,
6_dB_id_06_00000835.png,normal,,,,,,train,835,
6_dB_id_06_00000836.png,normal,,,,,,train,836,
6_dB_id_06_00000837.png,normal,,,,,,train,837,
6_dB_id_06_00000838.png,normal,,,,,,train,838,
6_dB_id_06_00000839.png,normal,,,,,,train,839,
6_dB_id_06_00000840.png,normal,,,,,,train,840,
6_dB_id_06_00000841.png,normal,,,,,,train,841,
6_dB_id_06_00000842.png,normal,,,,,,train,842,
6_dB_id_06_00000843.png,normal,,,,,,train,843,
6_dB_id_06_00000844.png,normal,,,,,,train,844,
6_dB_id_06_00000845.png,normal,,,,,,train,845,
6_dB_id_06_00000846.png,normal,,,,,,train,846,
6_dB_id_06_00000847.png,normal,,,,,,train,847,
6_dB_id_06_00000848.png,normal,,,,,,train,848,
6_dB_id_06_00000849.png,normal,,,,,,train,849,
6_dB_id_06_00000850.png,normal,,,,,,train,850,
6_dB_id_06_00000851.png,normal,,,,,,train,851,
6_dB_id_06_00000852.png,normal,,,,,,train,852,
6_dB_id_06_00000853.png,normal,,,,,,train,853,
6_dB_id_06_00000854.png,normal,,,,,,train,854,
6_dB_id_06_00000855.png,normal,,,,,,train,855,
6_dB_id_06_00000856.png,normal,,,,,,train,856,
6_dB_id_06_00000857.png,normal,,,,,,train,857,
6_dB_id_06_00000858.png,normal,,,,,,train,858,
6_dB_id_06_00000859.png,normal,,,,,,train,859,
6_dB_id_06_00000860.png,normal,,,,,,train,860,
6_dB_id_06_00000861.png,normal,,,,,,train,861,
6_dB_id_06_00000862.png,normal,,,,,,train,862,
6_dB_id_06_00000863.png,normal,,,,,,train,863,
6_dB_id_06_00000864.png,normal,,,,,,train,864,
6_dB_id_06_00000865.png,normal,,,,,,train,865,
6_dB_id_06_00000866.png,normal,,,,,,train,866,
6_dB_id_06_00000867.png,normal,,,,,,train,867,
6_dB_id_06_00000868.png,normal,,,,,,train,868,
6_dB_id_06_00000869.png,normal,,,,,,train,869,
6_dB_id_06_00000870.png,normal,,,,,,train,870,
6_dB_id_06_00000871.png,normal,,,,,,train,871,
6_dB_id_06_00000872.png,normal,,,,,,train,872,
6_dB_id_06_00000873.png,normal,,,,,,train,873,
6_dB_id_06_00000874.png,normal,,,,,,train,874,
6_dB_id_06_00000875.png,normal,,,,,,train,875,
6_dB_id_06_00000876.png,normal,,,,,,train,876,
6_dB_id_06_00000877.png,normal,,,,,,train,877,
6_dB_id_06_00000878.png,normal,,,,,,train,878,
6_dB_id_06_00000879.png,normal,,,,,,train,879,
6_dB_id_06_00000880.png,normal,,,,,,train,880,
6_dB_id_06_00000881.png,normal,,,,,,train,881,
6_dB_id_06_00000882.png,normal,,,,,,train,882,
6_dB_id_06_00000883.png,normal,,,,,,train,883,
6_dB_id_06_00000884.png,normal,,,,,,train,884,
6_dB_id_06_00000885.png,normal,,,,,,train,885,
6_dB_id_06_00000886.png,normal,,,,,,train,886,
6_dB_id_06_00000887.png,normal,,,,,,train,887,
6_dB_id_06_00000888.png,normal,,,,,,train,888,
6_dB_id_06_00000889.png,normal,,,,,,train,889,
6_dB_id_06_00000890.png,normal,,,,,,train,890,
6_dB_id_06_00000891.png,normal,,,,,,train,891,
6_dB_id_06_00000892.png,normal,,,,,,train,892,
6_dB_id_06_00000893.png,normal,,,,,,train,893,
6_dB_id_06_00000894.png,normal,,,,,,train,894,
6_dB_id_06_00000895.png,normal,,,,,,train,895,
6_dB_id_06_00000896.png,normal,,,,,,train,896,
6_dB_id_06_00000897.png,normal,,,,,,train,897,
6_dB_id_06_00000898.png,normal,,,,,,train,898,
6_dB_id_06_00000899.png,normal,,,,,,train,899,
6_dB_id_06_00000900.png,normal,,,,,,train,900,
6_dB_id_06_00000901.png,normal,,,,,,train,901,
6_dB_id_06_00000902.png,normal,,,,,,train,902,
6_dB_id_06_00000903.png,normal,,,,,,train,903,
6_dB_id_06_00000904.png,normal,,,,,,train,904,
6_dB_id_06_00000905.png,normal,,,,,,train,905,
6_dB_id_06_00000906.png,normal,,,,,,train,906,
6_dB_id_06_00000907.png,normal,,,,,,train,907,
6_dB_id_06_00000908.png,normal,,,,,,train,908,
6_dB_id_06_00000909.png,normal,,,,,,train,909,
6_dB_id_06_00000910.png,normal,,,,,,train,910,
6_dB_id_06_00000911.png,normal,,,,,,train,911,
6_dB_id_06_00000912.png,normal,,,,,,train,912,
6_dB_id_06_00000913.png,normal,,,,,,train,913,
6_dB_id_06_00000914.png,normal,,,,,,train,914,
6_dB_id_06_00000915.png,normal,,,,,,train,915,
6_dB_id_06_00000916.png,normal,,,,,,train,916,
6_dB_id_06_00000917.png,normal,,,,,,train,917,
6_dB_id_06_00000918.png,normal,,,,,,train,918,
6_dB_id_06_00000919.png,normal,,,,,,train,919,
6_dB_id_06_00000920.png,normal,,,,,,train,920,
6_dB_id_06_00000921.png,normal,,,,,,train,921,
6_dB_id_06_00000922.png,normal,,,,,,train,922,
6_dB_id_06_00000923.png,normal,,,,,,train,923,
6_dB_id_06_00000924.png,normal,,,,,,train,924,
6_dB_id_06_00000925.png,normal,,,,,,train,925,
6_dB_id_06_00000926.png,normal,,,,,,train,926,
6_dB_id_06_00000927.png,normal,,,,,,train,927,
6_dB_id_06_00000928.png,normal,,,,,,train,928,
6_dB_id_06_00000929.png,normal,,,,,,train,929,
6_dB_id_06_00000930.png,normal,,,,,,train,930,
6_dB_id_06_00000931.png,normal,,,,,,train,931,
6_dB_id_06_00000932.png,normal,,,,,,train,932,
6_dB_id_06_00000933.png,normal,,,,,,train,933,
6_dB_id_06_00000934.png,normal,,,,,,train,934,
6_dB_id_06_00000935.png,normal,,,,,,train,935,
6_dB_id_06_00000936.png,normal,,,,,,train,936,
6_dB_id_06_00000937.png,normal,,,,,,train,937,
6_dB_id_06_00000938.png,normal,,,,,,train,938,
6_dB_id_06_00000939.png,normal,,,,,,train,939,
6_dB_id_06_00000940.png,normal,,,,,,train,940,
6_dB_id_06_00000941.png,normal,,,,,,train,941,
6_dB_id_06_00000942.png,normal,,,,,,train,942,
6_dB_id_06_00000943.png,normal,,,,,,train,943,
6_dB_id_06_00000944.png,normal,,,,,,train,944,
6_dB_id_06_00000945.png,normal,,,,,,train,945,
6_dB_id_06_00000946.png,normal,,,,,,train,946,
6_dB_id_06_00000947.png,normal,,,,,,train,947,
6_dB_id_06_00000948.png,normal,,,,,,train,948,
6_dB_id_06_00000949.png,normal,,,,,,train,949,
6_dB_id_06_00000950.png,normal,,,,,,train,950,
6_dB_id_06_00000951.png,normal,,,,,,train,951,
6_dB_id_06_00000952.png,normal,,,,,,train,952,
6_dB_id_06_00000953.png,normal,,,,,,train,953,
6_dB_id_06_00000954.png,normal,,,,,,train,954,
6_dB_id_06_00000955.png,normal,,,,,,train,955,
6_dB_id_06_00000956.png,normal,,,,,,train,956,
6_dB_id_06_00000957.png,normal,,,,,,train,957,
6_dB_id_06_00000958.png,normal,,,,,,train,958,
6_dB_id_06_00000959.png,normal,,,,,,train,959,
6_dB_id_06_00000960.png,normal,,,,,,train,960,
6_dB_id_06_00000961.png,normal,,,,,,train,961,
6_dB_id_06_00000962.png,normal,,,,,,train,962,
6_dB_id_06_00000963.png,normal,,,,,,train,963,
6_dB_id_06_00000964.png,normal,,,,,,train,964,
6_dB_id_06_00000965.png,normal,,,,,,train,965,
6_dB_id_06_00000966.png,normal,,,,,,train,966,
6_dB_id_06_00000967.png,normal,,,,,,train,967,
6_dB_id_06_00000968.png,normal,,,,,,train,968,
6_dB_id_06_00000969.png,normal,,,,,,train,969,
6_dB_id_06_00000970.png,normal,,,,,,train,970,
6_dB_id_06_00000971.png,normal,,,,,,train,971,
6_dB_id_06_00000972.png,normal,,,,,,train,972,
6_dB_id_06_00000973.png,normal,,,,,,train,973,
6_dB_id_06_00000974.png,normal,,,,,,train,974,
6_dB_id_06_00000975.png,normal,,,,,,train,975,
6_dB_id_06_00000976.png,normal,,,,,,train,976,
6_dB_id_06_00000977.png,normal,,,,,,train,977,
6_dB_id_06_00000978.png,normal,,,,,,train,978,
6_dB_id_06_00000979.png,normal,,,,,,train,979,
6_dB_id_06_00000980.png,normal,,,,,,train,980,
6_dB_id_06_00000981.png,normal,,,,,,train,981,
6_dB_id_06_00000982.png,normal,,,,,,train,982,
6_dB_id_06_00000983.png,normal,,,,,,train,983,
6_dB_id_06_00000984.png,normal,,,,,,train,984,
6_dB_id_06_00000985.png,normal,,,,,,train,985,
6_dB_id_06_00000986.png,normal,,,,,,train,986,
6_dB_id_06_00000987.png,normal,,,,,,train,987,
6_dB_id_06_00000988.png,normal,,,,,,train,988,
6_dB_id_06_00000989.png,normal,,,,,,train,989,
6_dB_id_06_00000990.png,normal,,,,,,train,990,
6_dB_id_06_00000991.png,normal,,,,,,train,991,
6_dB_id_06_00000992.png,normal,,,,,,train,992,
6_dB_id_06_00000993.png,normal,,,,,,train,993,
6_dB_id_06_00000994.png,normal,,,,,,train,994,
6_dB_id_06_00000995.png,normal,,,,,,train,995,
6_dB_id_06_00000996.png,normal,,,,,,train,996,
6_dB_id_06_00000997.png,normal,,,,,,train,997,
6_dB_id_06_00000998.png,normal,,,,,,train,998,
6_dB_id_06_00000999.png,normal,,,,,,train,999,
6_dB_id_06_00001000.png,normal,,,,,,train,1000,
6_dB_id_06_00001001.png,normal,,,,,,train,1001,
6_dB_id_06_00001002.png,normal,,,,,,train,1002,
6_dB_id_06_00001003.png,normal,,,,,,train,1003,
6_dB_id_06_00001004.png,normal,,,,,,train,1004,
6_dB_id_06_00001005.png,normal,,,,,,train,1005,
6_dB_id_06_00001006.png,normal,,,,,,train,1006,
6_dB_id_06_00001007.png,normal,,,,,,train,1007,
6_dB_id_06_00001008.png,normal,,,,,,train,1008,
6_dB_id_06_00001009.png,normal,,,,,,train,1009,
6_dB_id_06_00001010.png,normal,,,,,,train,1010,
6_dB_id_06_00001011.png,normal,,,,,,train,1011,
6_dB_id_06_00001012.png,normal,,,,,,train,1012,
6_dB_id_06_00001013.png,normal,,,,,,train,1013,
6_dB_id_06_00001014.png,normal,,,,,,train,1014,
6_dB_id_06_00001015.png,normal,,,,,,train,1015,
6_dB_id_06_00001016.png,normal,,,,,,train,1016,
6_dB_id_06_00001017.png,normal,,,,,,train,1017,
6_dB_id_06_00001018.png,normal,,,,,,train,1018,
6_dB_id_06_00001019.png,normal,,,,,,train,1019,
6_dB_id_06_00001020.png,normal,,,,,,train,1020,
6_dB_id_06_00001021.png,normal,,,,,,train,1021,
6_dB_id_06_00001022.png,normal,,,,,,train,1022,
6_dB_id_06_00001023.png,normal,,,,,,train,1023,
6_dB_id_06_00001024.png,normal,,,,,,train,1024,
6_dB_id_06_00001025.png,normal,,,,,,train,1025,
6_dB_id_06_00001026.png,normal,,,,,,train,1026,
6_dB_id_06_00001027.png,normal,,,,,,train,1027,
6_dB_id_06_00001028.png,normal,,,,,,train,1028,
6_dB_id_06_00001029.png,normal,,,,,,train,1029,
6_dB_id_06_00001030.png,normal,,,,,,train,1030,
6_dB_id_06_00001031.png,normal,,,,,,train,1031,
6_dB_id_06_00001032.png,normal,,,,,,train,1032,
6_dB_id_06_00001033.png,normal,,,,,,train,1033,
6_dB_id_06_00001034.png,normal,,,,,,train,1034,
6_dB_id_06_00001035.png,normal,,,,,,train,1035,
0_dB_id_02_00000000.png,abnormal,,,,,,val,0,
0_dB_id_02_00000001.png,abnormal,,,,,,val,1,
0_dB_id_02_00000002.png,abnormal,,,,,,val,2,
0_dB_id_02_00000003.png,abnormal,,,,,,val,3,
0_dB_id_02_00000004.png,abnormal,,,,,,val,4,
0_dB_id_02_00000005.png,abnormal,,,,,,val,5,
0_dB_id_02_00000006.png,abnormal,,,,,,val,6,
0_dB_id_02_00000007.png,abnormal,,,,,,val,7,
0_dB_id_02_00000008.png,abnormal,,,,,,val,8,
0_dB_id_02_00000009.png,abnormal,,,,,,val,9,
0_dB_id_02_00000010.png,abnormal,,,,,,val,10,
0_dB_id_02_00000011.png,abnormal,,,,,,val,11,
0_dB_id_02_00000012.png,abnormal,,,,,,val,12,
0_dB_id_02_00000013.png,abnormal,,,,,,val,13,
0_dB_id_02_00000014.png,abnormal,,,,,,val,14,
0_dB_id_02_00000015.png,abnormal,,,,,,val,15,
0_dB_id_02_00000016.png,abnormal,,,,,,val,16,
0_dB_id_02_00000017.png,abnormal,,,,,,val,17,
0_dB_id_02_00000018.png,abnormal,,,,,,val,18,
0_dB_id_02_00000019.png,abnormal,,,,,,val,19,
0_dB_id_02_00000020.png,abnormal,,,,,,val,20,
0_dB_id_02_00000021.png,abnormal,,,,,,val,21,
0_dB_id_02_00000022.png,abnormal,,,,,,val,22,
0_dB_id_02_00000023.png,abnormal,,,,,,val,23,
0_dB_id_02_00000024.png,abnormal,,,,,,val,24,
0_dB_id_02_00000025.png,abnormal,,,,,,val,25,
0_dB_id_02_00000026.png,abnormal,,,,,,val,26,
0_dB_id_02_00000027.png,abnormal,,,,,,val,27,
0_dB_id_02_00000028.png,abnormal,,,,,,val,28,
0_dB_id_02_00000029.png,abnormal,,,,,,val,29,
0_dB_id_02_00000030.png,abnormal,,,,,,val,30,
0_dB_id_02_00000031.png,abnormal,,,,,,val,31,
0_dB_id_02_00000032.png,abnormal,,,,,,val,32,
0_dB_id_02_00000033.png,abnormal,,,,,,val,33,
0_dB_id_02_00000034.png,abnormal,,,,,,val,34,
0_dB_id_02_00000035.png,abnormal,,,,,,val,35,
0_dB_id_02_00000036.png,abnormal,,,,,,val,36,
0_dB_id_02_00000037.png,abnormal,,,,,,val,37,
0_dB_id_02_00000038.png,abnormal,,,,,,val,38,
0_dB_id_02_00000039.png,abnormal,,,,,,val,39,
0_dB_id_02_00000040.png,abnormal,,,,,,val,40,
0_dB_id_02_00000041.png,abnormal,,,,,,val,41,
0_dB_id_02_00000042.png,abnormal,,,,,,val,42,
0_dB_id_02_00000043.png,abnormal,,,,,,val,43,
0_dB_id_02_00000044.png,abnormal,,,,,,val,44,
0_dB_id_02_00000045.png,abnormal,,,,,,val,45,
0_dB_id_02_00000046.png,abnormal,,,,,,val,46,
0_dB_id_02_00000047.png,abnormal,,,,,,val,47,
0_dB_id_02_00000048.png,abnormal,,,,,,val,48,
0_dB_id_02_00000049.png,abnormal,,,,,,val,49,
0_dB_id_02_00000050.png,abnormal,,,,,,val,50,
0_dB_id_02_00000051.png,abnormal,,,,,,val,51,
0_dB_id_02_00000052.png,abnormal,,,,,,val,52,
0_dB_id_02_00000053.png,abnormal,,,,,,val,53,
0_dB_id_02_00000054.png,abnormal,,,,,,val,54,
0_dB_id_02_00000055.png,abnormal,,,,,,val,55,
0_dB_id_02_00000056.png,abnormal,,,,,,val,56,
0_dB_id_02_00000057.png,abnormal,,,,,,val,57,
0_dB_id_02_00000058.png,abnormal,,,,,,val,58,
0_dB_id_02_00000059.png,abnormal,,,,,,val,59,
0_dB_id_02_00000060.png,abnormal,,,,,,val,60,
0_dB_id_02_00000061.png,abnormal,,,,,,val,61,
0_dB_id_02_00000062.png,abnormal,,,,,,val,62,
0_dB_id_02_00000063.png,abnormal,,,,,,val,63,
0_dB_id_02_00000064.png,abnormal,,,,,,val,64,
0_dB_id_02_00000065.png,abnormal,,,,,,val,65,
0_dB_id_02_00000066.png,abnormal,,,,,,val,66,
0_dB_id_02_00000067.png,abnormal,,,,,,val,67,
0_dB_id_02_00000068.png,abnormal,,,,,,val,68,
0_dB_id_02_00000069.png,abnormal,,,,,,val,69,
0_dB_id_02_00000070.png,abnormal,,,,,,val,70,
0_dB_id_02_00000071.png,abnormal,,,,,,val,71,
0_dB_id_02_00000072.png,abnormal,,,,,,val,72,
0_dB_id_02_00000073.png,abnormal,,,,,,val,73,
0_dB_id_02_00000074.png,abnormal,,,,,,val,74,
0_dB_id_02_00000075.png,abnormal,,,,,,val,75,
0_dB_id_02_00000076.png,abnormal,,,,,,val,76,
0_dB_id_02_00000077.png,abnormal,,,,,,val,77,
0_dB_id_02_00000078.png,abnormal,,,,,,val,78,
0_dB_id_02_00000079.png,abnormal,,,,,,val,79,
0_dB_id_02_00000080.png,abnormal,,,,,,val,80,
0_dB_id_02_00000081.png,abnormal,,,,,,val,81,
0_dB_id_02_00000082.png,abnormal,,,,,,val,82,
0_dB_id_02_00000083.png,abnormal,,,,,,val,83,
0_dB_id_02_00000084.png,abnormal,,,,,,val,84,
0_dB_id_02_00000085.png,abnormal,,,,,,val,85,
0_dB_id_02_00000086.png,abnormal,,,,,,val,86,
0_dB_id_02_00000087.png,abnormal,,,,,,val,87,
0_dB_id_02_00000088.png,abnormal,,,,,,val,88,
0_dB_id_02_00000089.png,abnormal,,,,,,val,89,
0_dB_id_02_00000090.png,abnormal,,,,,,val,90,
0_dB_id_02_00000091.png,abnormal,,,,,,val,91,
0_dB_id_02_00000092.png,abnormal,,,,,,val,92,
0_dB_id_02_00000093.png,abnormal,,,,,,val,93,
0_dB_id_02_00000094.png,abnormal,,,,,,val,94,
0_dB_id_02_00000095.png,abnormal,,,,,,val,95,
0_dB_id_02_00000096.png,abnormal,,,,,,val,96,
0_dB_id_02_00000097.png,abnormal,,,,,,val,97,
0_dB_id_02_00000098.png,abnormal,,,,,,val,98,
0_dB_id_02_00000099.png,abnormal,,,,,,val,99,
0_dB_id_02_00000100.png,abnormal,,,,,,val,100,
0_dB_id_02_00000101.png,abnormal,,,,,,val,101,
0_dB_id_02_00000102.png,abnormal,,,,,,val,102,
0_dB_id_02_00000103.png,abnormal,,,,,,val,103,
0_dB_id_02_00000104.png,abnormal,,,,,,val,104,
0_dB_id_02_00000105.png,abnormal,,,,,,val,105,
0_dB_id_02_00000106.png,abnormal,,,,,,val,106,
0_dB_id_02_00000107.png,abnormal,,,,,,val,107,
0_dB_id_02_00000108.png,abnormal,,,,,,val,108,
0_dB_id_02_00000109.png,abnormal,,,,,,val,109,
0_dB_id_02_00000110.png,abnormal,,,,,,val,110,
0_dB_id_02_00000111.png,abnormal,,,,,,val,111,
0_dB_id_02_00000112.png,abnormal,,,,,,val,112,
0_dB_id_02_00000113.png,abnormal,,,,,,val,113,
0_dB_id_02_00000114.png,abnormal,,,,,,val,114,
0_dB_id_02_00000115.png,abnormal,,,,,,val,115,
0_dB_id_02_00000116.png,abnormal,,,,,,val,116,
0_dB_id_02_00000117.png,abnormal,,,,,,val,117,
0_dB_id_02_00000118.png,abnormal,,,,,,val,118,
0_dB_id_02_00000119.png,abnormal,,,,,,val,119,
0_dB_id_02_00000120.png,abnormal,,,,,,val,120,
0_dB_id_02_00000121.png,abnormal,,,,,,val,121,
0_dB_id_02_00000122.png,abnormal,,,,,,val,122,
0_dB_id_02_00000123.png,abnormal,,,,,,val,123,
0_dB_id_02_00000124.png,abnormal,,,,,,val,124,
0_dB_id_02_00000125.png,abnormal,,,,,,val,125,
0_dB_id_02_00000126.png,abnormal,,,,,,val,126,
0_dB_id_02_00000127.png,abnormal,,,,,,val,127,
0_dB_id_02_00000128.png,abnormal,,,,,,val,128,
0_dB_id_02_00000129.png,abnormal,,,,,,val,129,
0_dB_id_02_00000130.png,abnormal,,,,,,val,130,
0_dB_id_02_00000131.png,abnormal,,,,,,val,131,
0_dB_id_02_00000132.png,abnormal,,,,,,val,132,
0_dB_id_02_00000133.png,abnormal,,,,,,val,133,
0_dB_id_02_00000134.png,abnormal,,,,,,val,134,
0_dB_id_02_00000135.png,abnormal,,,,,,val,135,
0_dB_id_02_00000136.png,abnormal,,,,,,val,136,
0_dB_id_02_00000137.png,abnormal,,,,,,val,137,
0_dB_id_02_00000138.png,abnormal,,,,,,val,138,
0_dB_id_02_00000139.png,abnormal,,,,,,val,139,
0_dB_id_02_00000140.png,abnormal,,,,,,val,140,
0_dB_id_02_00000141.png,abnormal,,,,,,val,141,
0_dB_id_02_00000142.png,abnormal,,,,,,val,142,
0_dB_id_02_00000143.png,abnormal,,,,,,val,143,
0_dB_id_02_00000144.png,abnormal,,,,,,val,144,
0_dB_id_02_00000145.png,abnormal,,,,,,val,145,
0_dB_id_02_00000146.png,abnormal,,,,,,val,146,
0_dB_id_02_00000147.png,abnormal,,,,,,val,147,
0_dB_id_02_00000148.png,abnormal,,,,,,val,148,
0_dB_id_02_00000149.png,abnormal,,,,,,val,149,
0_dB_id_02_00000150.png,abnormal,,,,,,val,150,
0_dB_id_02_00000151.png,abnormal,,,,,,val,151,
0_dB_id_02_00000152.png,abnormal,,,,,,val,152,
0_dB_id_02_00000153.png,abnormal,,,,,,val,153,
0_dB_id_02_00000154.png,abnormal,,,,,,val,154,
0_dB_id_02_00000155.png,abnormal,,,,,,val,155,
0_dB_id_02_00000156.png,abnormal,,,,,,val,156,
0_dB_id_02_00000157.png,abnormal,,,,,,val,157,
0_dB_id_02_00000158.png,abnormal,,,,,,val,158,
0_dB_id_02_00000159.png,abnormal,,,,,,val,159,
0_dB_id_02_00000160.png,abnormal,,,,,,val,160,
0_dB_id_02_00000161.png,abnormal,,,,,,val,161,
0_dB_id_02_00000162.png,abnormal,,,,,,val,162,
0_dB_id_02_00000163.png,abnormal,,,,,,val,163,
0_dB_id_02_00000164.png,abnormal,,,,,,val,164,
0_dB_id_02_00000165.png,abnormal,,,,,,val,165,
0_dB_id_02_00000166.png,abnormal,,,,,,val,166,
0_dB_id_02_00000167.png,abnormal,,,,,,val,167,
0_dB_id_02_00000168.png,abnormal,,,,,,val,168,
0_dB_id_02_00000169.png,abnormal,,,,,,val,169,
0_dB_id_02_00000170.png,abnormal,,,,,,val,170,
0_dB_id_02_00000171.png,abnormal,,,,,,val,171,
0_dB_id_02_00000172.png,abnormal,,,,,,val,172,
0_dB_id_02_00000173.png,abnormal,,,,,,val,173,
0_dB_id_02_00000174.png,abnormal,,,,,,val,174,
0_dB_id_02_00000175.png,abnormal,,,,,,val,175,
0_dB_id_02_00000176.png,abnormal,,,,,,val,176,
0_dB_id_02_00000177.png,abnormal,,,,,,val,177,
0_dB_id_02_00000178.png,abnormal,,,,,,val,178,
0_dB_id_02_00000179.png,abnormal,,,,,,val,179,
0_dB_id_02_00000180.png,abnormal,,,,,,val,180,
0_dB_id_02_00000181.png,abnormal,,,,,,val,181,
0_dB_id_02_00000182.png,abnormal,,,,,,val,182,
0_dB_id_02_00000183.png,abnormal,,,,,,val,183,
0_dB_id_02_00000184.png,abnormal,,,,,,val,184,
0_dB_id_02_00000185.png,abnormal,,,,,,val,185,
0_dB_id_02_00000186.png,abnormal,,,,,,val,186,
0_dB_id_02_00000187.png,abnormal,,,,,,val,187,
0_dB_id_02_00000188.png,abnormal,,,,,,val,188,
0_dB_id_02_00000189.png,abnormal,,,,,,val,189,
0_dB_id_02_00000190.png,abnormal,,,,,,val,190,
0_dB_id_02_00000191.png,abnormal,,,,,,val,191,
0_dB_id_02_00000192.png,abnormal,,,,,,val,192,
0_dB_id_02_00000193.png,abnormal,,,,,,val,193,
0_dB_id_02_00000194.png,abnormal,,,,,,val,194,
0_dB_id_02_00000195.png,abnormal,,,,,,val,195,
0_dB_id_02_00000196.png,abnormal,,,,,,val,196,
0_dB_id_02_00000197.png,abnormal,,,,,,val,197,
0_dB_id_02_00000198.png,abnormal,,,,,,val,198,
0_dB_id_02_00000199.png,abnormal,,,,,,val,199,
0_dB_id_02_00000200.png,abnormal,,,,,,val,200,
0_dB_id_02_00000201.png,abnormal,,,,,,val,201,
0_dB_id_02_00000202.png,abnormal,,,,,,val,202,
0_dB_id_02_00000203.png,abnormal,,,,,,val,203,
0_dB_id_02_00000204.png,abnormal,,,,,,val,204,
0_dB_id_02_00000205.png,abnormal,,,,,,val,205,
0_dB_id_02_00000206.png,abnormal,,,,,,val,206,
0_dB_id_02_00000207.png,abnormal,,,,,,val,207,
0_dB_id_02_00000208.png,abnormal,,,,,,val,208,
0_dB_id_02_00000209.png,abnormal,,,,,,val,209,
0_dB_id_02_00000210.png,abnormal,,,,,,val,210,
0_dB_id_02_00000211.png,abnormal,,,,,,val,211,
0_dB_id_02_00000212.png,abnormal,,,,,,val,212,
0_dB_id_02_00000213.png,abnormal,,,,,,val,213,
0_dB_id_02_00000214.png,abnormal,,,,,,val,214,
0_dB_id_02_00000215.png,abnormal,,,,,,val,215,
0_dB_id_02_00000216.png,abnormal,,,,,,val,216,
0_dB_id_02_00000217.png,abnormal,,,,,,val,217,
0_dB_id_02_00000218.png,abnormal,,,,,,val,218,
0_dB_id_02_00000219.png,abnormal,,,,,,val,219,
0_dB_id_02_00000220.png,abnormal,,,,,,val,220,
0_dB_id_02_00000221.png,abnormal,,,,,,val,221,
0_dB_id_02_00000222.png,abnormal,,,,,,val,222,
0_dB_id_02_00000223.png,abnormal,,,,,,val,223,
0_dB_id_02_00000224.png,abnormal,,,,,,val,224,
0_dB_id_02_00000225.png,abnormal,,,,,,val,225,
0_dB_id_02_00000226.png,abnormal,,,,,,val,226,
0_dB_id_02_00000227.png,abnormal,,,,,,val,227,
0_dB_id_02_00000228.png,abnormal,,,,,,val,228,
0_dB_id_02_00000229.png,abnormal,,,,,,val,229,
0_dB_id_02_00000230.png,abnormal,,,,,,val,230,
0_dB_id_02_00000231.png,abnormal,,,,,,val,231,
0_dB_id_02_00000232.png,abnormal,,,,,,val,232,
0_dB_id_02_00000233.png,abnormal,,,,,,val,233,
0_dB_id_02_00000234.png,abnormal,,,,,,val,234,
0_dB_id_02_00000235.png,abnormal,,,,,,val,235,
0_dB_id_02_00000236.png,abnormal,,,,,,val,236,
0_dB_id_02_00000237.png,abnormal,,,,,,val,237,
0_dB_id_02_00000238.png,abnormal,,,,,,val,238,
0_dB_id_02_00000239.png,abnormal,,,,,,val,239,
0_dB_id_02_00000240.png,abnormal,,,,,,val,240,
0_dB_id_02_00000241.png,abnormal,,,,,,val,241,
0_dB_id_02_00000242.png,abnormal,,,,,,val,242,
0_dB_id_02_00000243.png,abnormal,,,,,,val,243,
0_dB_id_02_00000244.png,abnormal,,,,,,val,244,
0_dB_id_02_00000245.png,abnormal,,,,,,val,245,
0_dB_id_02_00000246.png,abnormal,,,,,,val,246,
0_dB_id_02_00000247.png,abnormal,,,,,,val,247,
0_dB_id_02_00000248.png,abnormal,,,,,,val,248,
0_dB_id_02_00000249.png,abnormal,,,,,,val,249,
0_dB_id_02_00000250.png,abnormal,,,,,,val,250,
0_dB_id_02_00000251.png,abnormal,,,,,,val,251,
0_dB_id_02_00000252.png,abnormal,,,,,,val,252,
0_dB_id_02_00000253.png,abnormal,,,,,,val,253,
0_dB_id_02_00000254.png,abnormal,,,,,,val,254,
0_dB_id_02_00000255.png,abnormal,,,,,,val,255,
0_dB_id_02_00000256.png,abnormal,,,,,,val,256,
0_dB_id_02_00000257.png,abnormal,,,,,,val,257,
0_dB_id_02_00000258.png,abnormal,,,,,,val,258,
0_dB_id_02_00000259.png,abnormal,,,,,,val,259,
0_dB_id_02_00000260.png,abnormal,,,,,,val,260,
0_dB_id_02_00000261.png,abnormal,,,,,,val,261,
0_dB_id_02_00000262.png,abnormal,,,,,,val,262,
0_dB_id_02_00000263.png,abnormal,,,,,,val,263,
0_dB_id_02_00000264.png,abnormal,,,,,,val,264,
0_dB_id_02_00000265.png,abnormal,,,,,,val,265,
0_dB_id_02_00000266.png,abnormal,,,,,,val,266,
0_dB_id_02_00000267.png,abnormal,,,,,,val,267,
0_dB_id_02_00000268.png,abnormal,,,,,,val,268,
0_dB_id_02_00000269.png,abnormal,,,,,,val,269,
0_dB_id_02_00000270.png,abnormal,,,,,,val,270,
0_dB_id_02_00000271.png,abnormal,,,,,,val,271,
0_dB_id_02_00000272.png,abnormal,,,,,,val,272,
0_dB_id_02_00000273.png,abnormal,,,,,,val,273,
0_dB_id_02_00000274.png,abnormal,,,,,,val,274,
0_dB_id_02_00000275.png,abnormal,,,,,,val,275,
0_dB_id_02_00000276.png,abnormal,,,,,,val,276,
0_dB_id_02_00000277.png,abnormal,,,,,,val,277,
0_dB_id_02_00000278.png,abnormal,,,,,,val,278,
0_dB_id_02_00000279.png,abnormal,,,,,,val,279,
0_dB_id_02_00000280.png,abnormal,,,,,,val,280,
0_dB_id_02_00000281.png,abnormal,,,,,,val,281,
0_dB_id_02_00000282.png,abnormal,,,,,,val,282,
0_dB_id_02_00000283.png,abnormal,,,,,,val,283,
0_dB_id_02_00000284.png,abnormal,,,,,,val,284,
0_dB_id_02_00000285.png,abnormal,,,,,,val,285,
0_dB_id_02_00000286.png,abnormal,,,,,,val,286,
0_dB_id_02_00000287.png,abnormal,,,,,,val,287,
0_dB_id_02_00000288.png,abnormal,,,,,,val,288,
0_dB_id_02_00000289.png,abnormal,,,,,,val,289,
0_dB_id_02_00000290.png,abnormal,,,,,,val,290,
0_dB_id_02_00000291.png,abnormal,,,,,,val,291,
0_dB_id_02_00000292.png,abnormal,,,,,,val,292,
0_dB_id_02_00000293.png,abnormal,,,,,,val,293,
0_dB_id_02_00000294.png,abnormal,,,,,,val,294,
0_dB_id_02_00000295.png,abnormal,,,,,,val,295,
0_dB_id_02_00000296.png,abnormal,,,,,,val,296,
0_dB_id_02_00000297.png,abnormal,,,,,,val,297,
0_dB_id_02_00000298.png,abnormal,,,,,,val,298,
0_dB_id_02_00000299.png,abnormal,,,,,,val,299,
0_dB_id_02_00000300.png,abnormal,,,,,,val,300,
0_dB_id_02_00000301.png,abnormal,,,,,,val,301,
0_dB_id_02_00000302.png,abnormal,,,,,,val,302,
0_dB_id_02_00000303.png,abnormal,,,,,,val,303,
0_dB_id_02_00000304.png,abnormal,,,,,,val,304,
0_dB_id_02_00000305.png,abnormal,,,,,,val,305,
0_dB_id_02_00000306.png,abnormal,,,,,,val,306,
0_dB_id_02_00000307.png,abnormal,,,,,,val,307,
0_dB_id_02_00000308.png,abnormal,,,,,,val,308,
0_dB_id_02_00000309.png,abnormal,,,,,,val,309,
0_dB_id_02_00000310.png,abnormal,,,,,,val,310,
0_dB_id_02_00000311.png,abnormal,,,,,,val,311,
0_dB_id_02_00000312.png,abnormal,,,,,,val,312,
0_dB_id_02_00000313.png,abnormal,,,,,,val,313,
0_dB_id_02_00000314.png,abnormal,,,,,,val,314,
0_dB_id_02_00000315.png,abnormal,,,,,,val,315,
0_dB_id_02_00000316.png,abnormal,,,,,,val,316,
0_dB_id_02_00000317.png,abnormal,,,,,,val,317,
0_dB_id_02_00000318.png,abnormal,,,,,,val,318,
0_dB_id_02_00000319.png,abnormal,,,,,,val,319,
0_dB_id_02_00000320.png,abnormal,,,,,,val,320,
0_dB_id_02_00000321.png,abnormal,,,,,,val,321,
0_dB_id_02_00000322.png,abnormal,,,,,,val,322,
0_dB_id_02_00000323.png,abnormal,,,,,,val,323,
0_dB_id_02_00000324.png,abnormal,,,,,,val,324,
0_dB_id_02_00000325.png,abnormal,,,,,,val,325,
0_dB_id_02_00000326.png,abnormal,,,,,,val,326,
0_dB_id_02_00000327.png,abnormal,,,,,,val,327,
0_dB_id_02_00000328.png,abnormal,,,,,,val,328,
0_dB_id_02_00000329.png,abnormal,,,,,,val,329,
0_dB_id_02_00000330.png,abnormal,,,,,,val,330,
0_dB_id_02_00000331.png,abnormal,,,,,,val,331,
0_dB_id_02_00000332.png,abnormal,,,,,,val,332,
0_dB_id_02_00000333.png,abnormal,,,,,,val,333,
0_dB_id_02_00000334.png,abnormal,,,,,,val,334,
0_dB_id_02_00000335.png,abnormal,,,,,,val,335,
0_dB_id_02_00000336.png,abnormal,,,,,,val,336,
0_dB_id_02_00000337.png,abnormal,,,,,,val,337,
0_dB_id_02_00000338.png,abnormal,,,,,,val,338,
0_dB_id_02_00000339.png,abnormal,,,,,,val,339,
0_dB_id_02_00000340.png,abnormal,,,,,,val,340,
0_dB_id_02_00000341.png,abnormal,,,,,,val,341,
0_dB_id_02_00000342.png,abnormal,,,,,,val,342,
0_dB_id_02_00000343.png,abnormal,,,,,,val,343,
0_dB_id_02_00000344.png,abnormal,,,,,,val,344,
0_dB_id_02_00000345.png,abnormal,,,,,,val,345,
0_dB_id_02_00000346.png,abnormal,,,,,,val,346,
0_dB_id_02_00000347.png,abnormal,,,,,,val,347,
0_dB_id_02_00000348.png,abnormal,,,,,,val,348,
0_dB_id_02_00000349.png,abnormal,,,,,,val,349,
0_dB_id_02_00000350.png,abnormal,,,,,,val,350,
0_dB_id_02_00000351.png,abnormal,,,,,,val,351,
0_dB_id_02_00000352.png,abnormal,,,,,,val,352,
0_dB_id_02_00000353.png,abnormal,,,,,,val,353,
0_dB_id_02_00000354.png,abnormal,,,,,,val,354,
0_dB_id_02_00000355.png,abnormal,,,,,,val,355,
0_dB_id_02_00000356.png,abnormal,,,,,,val,356,
0_dB_id_02_00000357.png,abnormal,,,,,,val,357,
0_dB_id_02_00000358.png,abnormal,,,,,,val,358,
6_dB_id_02_00000000.png,abnormal,,,,,,val,0,
6_dB_id_02_00000001.png,abnormal,,,,,,val,1,
6_dB_id_02_00000002.png,abnormal,,,,,,val,2,
6_dB_id_02_00000003.png,abnormal,,,,,,val,3,
6_dB_id_02_00000004.png,abnormal,,,,,,val,4,
6_dB_id_02_00000005.png,abnormal,,,,,,val,5,
6_dB_id_02_00000006.png,abnormal,,,,,,val,6,
6_dB_id_02_00000007.png,abnormal,,,,,,val,7,
6_dB_id_02_00000008.png,abnormal,,,,,,val,8,
6_dB_id_02_00000009.png,abnormal,,,,,,val,9,
6_dB_id_02_00000010.png,abnormal,,,,,,val,10,
6_dB_id_02_00000011.png,abnormal,,,,,,val,11,
6_dB_id_02_00000012.png,abnormal,,,,,,val,12,
6_dB_id_02_00000013.png,abnormal,,,,,,val,13,
6_dB_id_02_00000014.png,abnormal,,,,,,val,14,
6_dB_id_02_00000015.png,abnormal,,,,,,val,15,
6_dB_id_02_00000016.png,abnormal,,,,,,val,16,
6_dB_id_02_00000017.png,abnormal,,,,,,val,17,
6_dB_id_02_00000018.png,abnormal,,,,,,val,18,
6_dB_id_02_00000019.png,abnormal,,,,,,val,19,
6_dB_id_02_00000020.png,abnormal,,,,,,val,20,
6_dB_id_02_00000021.png,abnormal,,,,,,val,21,
6_dB_id_02_00000022.png,abnormal,,,,,,val,22,
6_dB_id_02_00000023.png,abnormal,,,,,,val,23,
6_dB_id_02_00000024.png,abnormal,,,,,,val,24,
6_dB_id_02_00000025.png,abnormal,,,,,,val,25,
6_dB_id_02_00000026.png,abnormal,,,,,,val,26,
6_dB_id_02_00000027.png,abnormal,,,,,,val,27,
6_dB_id_02_00000028.png,abnormal,,,,,,val,28,
6_dB_id_02_00000029.png,abnormal,,,,,,val,29,
6_dB_id_02_00000030.png,abnormal,,,,,,val,30,
6_dB_id_02_00000031.png,abnormal,,,,,,val,31,
6_dB_id_02_00000032.png,abnormal,,,,,,val,32,
6_dB_id_02_00000033.png,abnormal,,,,,,val,33,
6_dB_id_02_00000034.png,abnormal,,,,,,val,34,
6_dB_id_02_00000035.png,abnormal,,,,,,val,35,
6_dB_id_02_00000036.png,abnormal,,,,,,val,36,
6_dB_id_02_00000037.png,abnormal,,,,,,val,37,
6_dB_id_02_00000038.png,abnormal,,,,,,val,38,
6_dB_id_02_00000039.png,abnormal,,,,,,val,39,
6_dB_id_02_00000040.png,abnormal,,,,,,val,40,
6_dB_id_02_00000041.png,abnormal,,,,,,val,41,
6_dB_id_02_00000042.png,abnormal,,,,,,val,42,
6_dB_id_02_00000043.png,abnormal,,,,,,val,43,
6_dB_id_02_00000044.png,abnormal,,,,,,val,44,
6_dB_id_02_00000045.png,abnormal,,,,,,val,45,
6_dB_id_02_00000046.png,abnormal,,,,,,val,46,
6_dB_id_02_00000047.png,abnormal,,,,,,val,47,
6_dB_id_02_00000048.png,abnormal,,,,,,val,48,
6_dB_id_02_00000049.png,abnormal,,,,,,val,49,
6_dB_id_02_00000050.png,abnormal,,,,,,val,50,
6_dB_id_02_00000051.png,abnormal,,,,,,val,51,
6_dB_id_02_00000052.png,abnormal,,,,,,val,52,
6_dB_id_02_00000053.png,abnormal,,,,,,val,53,
6_dB_id_02_00000054.png,abnormal,,,,,,val,54,
6_dB_id_02_00000055.png,abnormal,,,,,,val,55,
6_dB_id_02_00000056.png,abnormal,,,,,,val,56,
6_dB_id_02_00000057.png,abnormal,,,,,,val,57,
6_dB_id_02_00000058.png,abnormal,,,,,,val,58,
6_dB_id_02_00000059.png,abnormal,,,,,,val,59,
6_dB_id_02_00000060.png,abnormal,,,,,,val,60,
6_dB_id_02_00000061.png,abnormal,,,,,,val,61,
6_dB_id_02_00000062.png,abnormal,,,,,,val,62,
6_dB_id_02_00000063.png,abnormal,,,,,,val,63,
6_dB_id_02_00000064.png,abnormal,,,,,,val,64,
6_dB_id_02_00000065.png,abnormal,,,,,,val,65,
6_dB_id_02_00000066.png,abnormal,,,,,,val,66,
6_dB_id_02_00000067.png,abnormal,,,,,,val,67,
6_dB_id_02_00000068.png,abnormal,,,,,,val,68,
6_dB_id_02_00000069.png,abnormal,,,,,,val,69,
6_dB_id_02_00000070.png,abnormal,,,,,,val,70,
6_dB_id_02_00000071.png,abnormal,,,,,,val,71,
6_dB_id_02_00000072.png,abnormal,,,,,,val,72,
6_dB_id_02_00000073.png,abnormal,,,,,,val,73,
6_dB_id_02_00000074.png,abnormal,,,,,,val,74,
6_dB_id_02_00000075.png,abnormal,,,,,,val,75,
6_dB_id_02_00000076.png,abnormal,,,,,,val,76,
6_dB_id_02_00000077.png,abnormal,,,,,,val,77,
6_dB_id_02_00000078.png,abnormal,,,,,,val,78,
6_dB_id_02_00000079.png,abnormal,,,,,,val,79,
6_dB_id_02_00000080.png,abnormal,,,,,,val,80,
6_dB_id_02_00000081.png,abnormal,,,,,,val,81,
6_dB_id_02_00000082.png,abnormal,,,,,,val,82,
6_dB_id_02_00000083.png,abnormal,,,,,,val,83,
6_dB_id_02_00000084.png,abnormal,,,,,,val,84,
6_dB_id_02_00000085.png,abnormal,,,,,,val,85,
6_dB_id_02_00000086.png,abnormal,,,,,,val,86,
6_dB_id_02_00000087.png,abnormal,,,,,,val,87,
6_dB_id_02_00000088.png,abnormal,,,,,,val,88,
6_dB_id_02_00000089.png,abnormal,,,,,,val,89,
6_dB_id_02_00000090.png,abnormal,,,,,,val,90,
6_dB_id_02_00000091.png,abnormal,,,,,,val,91,
6_dB_id_02_00000092.png,abnormal,,,,,,val,92,
6_dB_id_02_00000093.png,abnormal,,,,,,val,93,
6_dB_id_02_00000094.png,abnormal,,,,,,val,94,
6_dB_id_02_00000095.png,abnormal,,,,,,val,95,
6_dB_id_02_00000096.png,abnormal,,,,,,val,96,
6_dB_id_02_00000097.png,abnormal,,,,,,val,97,
6_dB_id_02_00000098.png,abnormal,,,,,,val,98,
6_dB_id_02_00000099.png,abnormal,,,,,,val,99,
6_dB_id_02_00000100.png,abnormal,,,,,,val,100,
6_dB_id_02_00000101.png,abnormal,,,,,,val,101,
6_dB_id_02_00000102.png,abnormal,,,,,,val,102,
6_dB_id_02_00000103.png,abnormal,,,,,,val,103,
6_dB_id_02_00000104.png,abnormal,,,,,,val,104,
6_dB_id_02_00000105.png,abnormal,,,,,,val,105,
6_dB_id_02_00000106.png,abnormal,,,,,,val,106,
6_dB_id_02_00000107.png,abnormal,,,,,,val,107,
6_dB_id_02_00000108.png,abnormal,,,,,,val,108,
6_dB_id_02_00000109.png,abnormal,,,,,,val,109,
6_dB_id_02_00000110.png,abnormal,,,,,,val,110,
6_dB_id_02_00000111.png,abnormal,,,,,,val,111,
6_dB_id_02_00000112.png,abnormal,,,,,,val,112,
6_dB_id_02_00000113.png,abnormal,,,,,,val,113,
6_dB_id_02_00000114.png,abnormal,,,,,,val,114,
6_dB_id_02_00000115.png,abnormal,,,,,,val,115,
6_dB_id_02_00000116.png,abnormal,,,,,,val,116,
6_dB_id_02_00000117.png,abnormal,,,,,,val,117,
6_dB_id_02_00000118.png,abnormal,,,,,,val,118,
6_dB_id_02_00000119.png,abnormal,,,,,,val,119,
6_dB_id_02_00000120.png,abnormal,,,,,,val,120,
6_dB_id_02_00000121.png,abnormal,,,,,,val,121,
6_dB_id_02_00000122.png,abnormal,,,,,,val,122,
6_dB_id_02_00000123.png,abnormal,,,,,,val,123,
6_dB_id_02_00000124.png,abnormal,,,,,,val,124,
6_dB_id_02_00000125.png,abnormal,,,,,,val,125,
6_dB_id_02_00000126.png,abnormal,,,,,,val,126,
6_dB_id_02_00000127.png,abnormal,,,,,,val,127,
6_dB_id_02_00000128.png,abnormal,,,,,,val,128,
6_dB_id_02_00000129.png,abnormal,,,,,,val,129,
6_dB_id_02_00000130.png,abnormal,,,,,,val,130,
6_dB_id_02_00000131.png,abnormal,,,,,,val,131,
6_dB_id_02_00000132.png,abnormal,,,,,,val,132,
6_dB_id_02_00000133.png,abnormal,,,,,,val,133,
6_dB_id_02_00000134.png,abnormal,,,,,,val,134,
6_dB_id_02_00000135.png,abnormal,,,,,,val,135,
6_dB_id_02_00000136.png,abnormal,,,,,,val,136,
6_dB_id_02_00000137.png,abnormal,,,,,,val,137,
6_dB_id_02_00000138.png,abnormal,,,,,,val,138,
6_dB_id_02_00000139.png,abnormal,,,,,,val,139,
6_dB_id_02_00000140.png,abnormal,,,,,,val,140,
6_dB_id_02_00000141.png,abnormal,,,,,,val,141,
6_dB_id_02_00000142.png,abnormal,,,,,,val,142,
6_dB_id_02_00000143.png,abnormal,,,,,,val,143,
6_dB_id_02_00000144.png,abnormal,,,,,,val,144,
6_dB_id_02_00000145.png,abnormal,,,,,,val,145,
6_dB_id_02_00000146.png,abnormal,,,,,,val,146,
6_dB_id_02_00000147.png,abnormal,,,,,,val,147,
6_dB_id_02_00000148.png,abnormal,,,,,,val,148,
6_dB_id_02_00000149.png,abnormal,,,,,,val,149,
6_dB_id_02_00000150.png,abnormal,,,,,,val,150,
6_dB_id_02_00000151.png,abnormal,,,,,,val,151,
6_dB_id_02_00000152.png,abnormal,,,,,,val,152,
6_dB_id_02_00000153.png,abnormal,,,,,,val,153,
6_dB_id_02_00000154.png,abnormal,,,,,,val,154,
6_dB_id_02_00000155.png,abnormal,,,,,,val,155,
6_dB_id_02_00000156.png,abnormal,,,,,,val,156,
6_dB_id_02_00000157.png,abnormal,,,,,,val,157,
6_dB_id_02_00000158.png,abnormal,,,,,,val,158,
6_dB_id_02_00000159.png,abnormal,,,,,,val,159,
6_dB_id_02_00000160.png,abnormal,,,,,,val,160,
6_dB_id_02_00000161.png,abnormal,,,,,,val,161,
6_dB_id_02_00000162.png,abnormal,,,,,,val,162,
6_dB_id_02_00000163.png,abnormal,,,,,,val,163,
6_dB_id_02_00000164.png,abnormal,,,,,,val,164,
6_dB_id_02_00000165.png,abnormal,,,,,,val,165,
6_dB_id_02_00000166.png,abnormal,,,,,,val,166,
6_dB_id_02_00000167.png,abnormal,,,,,,val,167,
6_dB_id_02_00000168.png,abnormal,,,,,,val,168,
6_dB_id_02_00000169.png,abnormal,,,,,,val,169,
6_dB_id_02_00000170.png,abnormal,,,,,,val,170,
6_dB_id_02_00000171.png,abnormal,,,,,,val,171,
6_dB_id_02_00000172.png,abnormal,,,,,,val,172,
6_dB_id_02_00000173.png,abnormal,,,,,,val,173,
6_dB_id_02_00000174.png,abnormal,,,,,,val,174,
6_dB_id_02_00000175.png,abnormal,,,,,,val,175,
6_dB_id_02_00000176.png,abnormal,,,,,,val,176,
6_dB_id_02_00000177.png,abnormal,,,,,,val,177,
6_dB_id_02_00000178.png,abnormal,,,,,,val,178,
6_dB_id_02_00000179.png,abnormal,,,,,,val,179,
6_dB_id_02_00000180.png,abnormal,,,,,,val,180,
6_dB_id_02_00000181.png,abnormal,,,,,,val,181,
6_dB_id_02_00000182.png,abnormal,,,,,,val,182,
6_dB_id_02_00000183.png,abnormal,,,,,,val,183,
6_dB_id_02_00000184.png,abnormal,,,,,,val,184,
6_dB_id_02_00000185.png,abnormal,,,,,,val,185,
6_dB_id_02_00000186.png,abnormal,,,,,,val,186,
6_dB_id_02_00000187.png,abnormal,,,,,,val,187,
6_dB_id_02_00000188.png,abnormal,,,,,,val,188,
6_dB_id_02_00000189.png,abnormal,,,,,,val,189,
6_dB_id_02_00000190.png,abnormal,,,,,,val,190,
6_dB_id_02_00000191.png,abnormal,,,,,,val,191,
6_dB_id_02_00000192.png,abnormal,,,,,,val,192,
6_dB_id_02_00000193.png,abnormal,,,,,,val,193,
6_dB_id_02_00000194.png,abnormal,,,,,,val,194,
6_dB_id_02_00000195.png,abnormal,,,,,,val,195,
6_dB_id_02_00000196.png,abnormal,,,,,,val,196,
6_dB_id_02_00000197.png,abnormal,,,,,,val,197,
6_dB_id_02_00000198.png,abnormal,,,,,,val,198,
6_dB_id_02_00000199.png,abnormal,,,,,,val,199,
6_dB_id_02_00000200.png,abnormal,,,,,,val,200,
6_dB_id_02_00000201.png,abnormal,,,,,,val,201,
6_dB_id_02_00000202.png,abnormal,,,,,,val,202,
6_dB_id_02_00000203.png,abnormal,,,,,,val,203,
6_dB_id_02_00000204.png,abnormal,,,,,,val,204,
6_dB_id_02_00000205.png,abnormal,,,,,,val,205,
6_dB_id_02_00000206.png,abnormal,,,,,,val,206,
6_dB_id_02_00000207.png,abnormal,,,,,,val,207,
6_dB_id_02_00000208.png,abnormal,,,,,,val,208,
6_dB_id_02_00000209.png,abnormal,,,,,,val,209,
6_dB_id_02_00000210.png,abnormal,,,,,,val,210,
6_dB_id_02_00000211.png,abnormal,,,,,,val,211,
6_dB_id_02_00000212.png,abnormal,,,,,,val,212,
6_dB_id_02_00000213.png,abnormal,,,,,,val,213,
6_dB_id_02_00000214.png,abnormal,,,,,,val,214,
6_dB_id_02_00000215.png,abnormal,,,,,,val,215,
6_dB_id_02_00000216.png,abnormal,,,,,,val,216,
6_dB_id_02_00000217.png,abnormal,,,,,,val,217,
6_dB_id_02_00000218.png,abnormal,,,,,,val,218,
6_dB_id_02_00000219.png,abnormal,,,,,,val,219,
6_dB_id_02_00000220.png,abnormal,,,,,,val,220,
6_dB_id_02_00000221.png,abnormal,,,,,,val,221,
6_dB_id_02_00000222.png,abnormal,,,,,,val,222,
6_dB_id_02_00000223.png,abnormal,,,,,,val,223,
6_dB_id_02_00000224.png,abnormal,,,,,,val,224,
6_dB_id_02_00000225.png,abnormal,,,,,,val,225,
6_dB_id_02_00000226.png,abnormal,,,,,,val,226,
6_dB_id_02_00000227.png,abnormal,,,,,,val,227,
6_dB_id_02_00000228.png,abnormal,,,,,,val,228,
6_dB_id_02_00000229.png,abnormal,,,,,,val,229,
6_dB_id_02_00000230.png,abnormal,,,,,,val,230,
6_dB_id_02_00000231.png,abnormal,,,,,,val,231,
6_dB_id_02_00000232.png,abnormal,,,,,,val,232,
6_dB_id_02_00000233.png,abnormal,,,,,,val,233,
6_dB_id_02_00000234.png,abnormal,,,,,,val,234,
6_dB_id_02_00000235.png,abnormal,,,,,,val,235,
6_dB_id_02_00000236.png,abnormal,,,,,,val,236,
6_dB_id_02_00000237.png,abnormal,,,,,,val,237,
6_dB_id_02_00000238.png,abnormal,,,,,,val,238,
6_dB_id_02_00000239.png,abnormal,,,,,,val,239,
6_dB_id_02_00000240.png,abnormal,,,,,,val,240,
6_dB_id_02_00000241.png,abnormal,,,,,,val,241,
6_dB_id_02_00000242.png,abnormal,,,,,,val,242,
6_dB_id_02_00000243.png,abnormal,,,,,,val,243,
6_dB_id_02_00000244.png,abnormal,,,,,,val,244,
6_dB_id_02_00000245.png,abnormal,,,,,,val,245,
6_dB_id_02_00000246.png,abnormal,,,,,,val,246,
6_dB_id_02_00000247.png,abnormal,,,,,,val,247,
6_dB_id_02_00000248.png,abnormal,,,,,,val,248,
6_dB_id_02_00000249.png,abnormal,,,,,,val,249,
6_dB_id_02_00000250.png,abnormal,,,,,,val,250,
6_dB_id_02_00000251.png,abnormal,,,,,,val,251,
6_dB_id_02_00000252.png,abnormal,,,,,,val,252,
6_dB_id_02_00000253.png,abnormal,,,,,,val,253,
6_dB_id_02_00000254.png,abnormal,,,,,,val,254,
6_dB_id_02_00000255.png,abnormal,,,,,,val,255,
6_dB_id_02_00000256.png,abnormal,,,,,,val,256,
6_dB_id_02_00000257.png,abnormal,,,,,,val,257,
6_dB_id_02_00000258.png,abnormal,,,,,,val,258,
6_dB_id_02_00000259.png,abnormal,,,,,,val,259,
6_dB_id_02_00000260.png,abnormal,,,,,,val,260,
6_dB_id_02_00000261.png,abnormal,,,,,,val,261,
6_dB_id_02_00000262.png,abnormal,,,,,,val,262,
6_dB_id_02_00000263.png,abnormal,,,,,,val,263,
6_dB_id_02_00000264.png,abnormal,,,,,,val,264,
6_dB_id_02_00000265.png,abnormal,,,,,,val,265,
6_dB_id_02_00000266.png,abnormal,,,,,,val,266,
6_dB_id_02_00000267.png,abnormal,,,,,,val,267,
6_dB_id_02_00000268.png,abnormal,,,,,,val,268,
6_dB_id_02_00000269.png,abnormal,,,,,,val,269,
6_dB_id_02_00000270.png,abnormal,,,,,,val,270,
6_dB_id_02_00000271.png,abnormal,,,,,,val,271,
6_dB_id_02_00000272.png,abnormal,,,,,,val,272,
6_dB_id_02_00000273.png,abnormal,,,,,,val,273,
6_dB_id_02_00000274.png,abnormal,,,,,,val,274,
6_dB_id_02_00000275.png,abnormal,,,,,,val,275,
6_dB_id_02_00000276.png,abnormal,,,,,,val,276,
6_dB_id_02_00000277.png,abnormal,,,,,,val,277,
6_dB_id_02_00000278.png,abnormal,,,,,,val,278,
6_dB_id_02_00000279.png,abnormal,,,,,,val,279,
6_dB_id_02_00000280.png,abnormal,,,,,,val,280,
6_dB_id_02_00000281.png,abnormal,,,,,,val,281,
6_dB_id_02_00000282.png,abnormal,,,,,,val,282,
6_dB_id_02_00000283.png,abnormal,,,,,,val,283,
6_dB_id_02_00000284.png,abnormal,,,,,,val,284,
6_dB_id_02_00000285.png,abnormal,,,,,,val,285,
6_dB_id_02_00000286.png,abnormal,,,,,,val,286,
6_dB_id_02_00000287.png,abnormal,,,,,,val,287,
6_dB_id_02_00000288.png,abnormal,,,,,,val,288,
6_dB_id_02_00000289.png,abnormal,,,,,,val,289,
6_dB_id_02_00000290.png,abnormal,,,,,,val,290,
6_dB_id_02_00000291.png,abnormal,,,,,,val,291,
6_dB_id_02_00000292.png,abnormal,,,,,,val,292,
6_dB_id_02_00000293.png,abnormal,,,,,,val,293,
6_dB_id_02_00000294.png,abnormal,,,,,,val,294,
6_dB_id_02_00000295.png,abnormal,,,,,,val,295,
6_dB_id_02_00000296.png,abnormal,,,,,,val,296,
6_dB_id_02_00000297.png,abnormal,,,,,,val,297,
6_dB_id_02_00000298.png,abnormal,,,,,,val,298,
6_dB_id_02_00000299.png,abnormal,,,,,,val,299,
6_dB_id_02_00000300.png,abnormal,,,,,,val,300,
6_dB_id_02_00000301.png,abnormal,,,,,,val,301,
6_dB_id_02_00000302.png,abnormal,,,,,,val,302,
6_dB_id_02_00000303.png,abnormal,,,,,,val,303,
6_dB_id_02_00000304.png,abnormal,,,,,,val,304,
6_dB_id_02_00000305.png,abnormal,,,,,,val,305,
6_dB_id_02_00000306.png,abnormal,,,,,,val,306,
6_dB_id_02_00000307.png,abnormal,,,,,,val,307,
6_dB_id_02_00000308.png,abnormal,,,,,,val,308,
6_dB_id_02_00000309.png,abnormal,,,,,,val,309,
6_dB_id_02_00000310.png,abnormal,,,,,,val,310,
6_dB_id_02_00000311.png,abnormal,,,,,,val,311,
6_dB_id_02_00000312.png,abnormal,,,,,,val,312,
6_dB_id_02_00000313.png,abnormal,,,,,,val,313,
6_dB_id_02_00000314.png,abnormal,,,,,,val,314,
6_dB_id_02_00000315.png,abnormal,,,,,,val,315,
6_dB_id_02_00000316.png,abnormal,,,,,,val,316,
6_dB_id_02_00000317.png,abnormal,,,,,,val,317,
6_dB_id_02_00000318.png,abnormal,,,,,,val,318,
6_dB_id_02_00000319.png,abnormal,,,,,,val,319,
6_dB_id_02_00000320.png,abnormal,,,,,,val,320,
6_dB_id_02_00000321.png,abnormal,,,,,,val,321,
6_dB_id_02_00000322.png,abnormal,,,,,,val,322,
6_dB_id_02_00000323.png,abnormal,,,,,,val,323,
6_dB_id_02_00000324.png,abnormal,,,,,,val,324,
6_dB_id_02_00000325.png,abnormal,,,,,,val,325,
6_dB_id_02_00000326.png,abnormal,,,,,,val,326,
6_dB_id_02_00000327.png,abnormal,,,,,,val,327,
6_dB_id_02_00000328.png,abnormal,,,,,,val,328,
6_dB_id_02_00000329.png,abnormal,,,,,,val,329,
6_dB_id_02_00000330.png,abnormal,,,,,,val,330,
6_dB_id_02_00000331.png,abnormal,,,,,,val,331,
6_dB_id_02_00000332.png,abnormal,,,,,,val,332,
6_dB_id_02_00000333.png,abnormal,,,,,,val,333,
6_dB_id_02_00000334.png,abnormal,,,,,,val,334,
6_dB_id_02_00000335.png,abnormal,,,,,,val,335,
6_dB_id_02_00000336.png,abnormal,,,,,,val,336,
6_dB_id_02_00000337.png,abnormal,,,,,,val,337,
6_dB_id_02_00000338.png,abnormal,,,,,,val,338,
6_dB_id_02_00000339.png,abnormal,,,,,,val,339,
6_dB_id_02_00000340.png,abnormal,,,,,,val,340,
6_dB_id_02_00000341.png,abnormal,,,,,,val,341,
6_dB_id_02_00000342.png,abnormal,,,,,,val,342,
6_dB_id_02_00000343.png,abnormal,,,,,,val,343,
6_dB_id_02_00000344.png,abnormal,,,,,,val,344,
6_dB_id_02_00000345.png,abnormal,,,,,,val,345,
6_dB_id_02_00000346.png,abnormal,,,,,,val,346,
6_dB_id_02_00000347.png,abnormal,,,,,,val,347,
6_dB_id_02_00000348.png,abnormal,,,,,,val,348,
6_dB_id_02_00000349.png,abnormal,,,,,,val,349,
6_dB_id_02_00000350.png,abnormal,,,,,,val,350,
6_dB_id_02_00000351.png,abnormal,,,,,,val,351,
6_dB_id_02_00000352.png,abnormal,,,,,,val,352,
6_dB_id_02_00000353.png,abnormal,,,,,,val,353,
6_dB_id_02_00000354.png,abnormal,,,,,,val,354,
6_dB_id_02_00000355.png,abnormal,,,,,,val,355,
6_dB_id_02_00000356.png,abnormal,,,,,,val,356,
6_dB_id_02_00000357.png,abnormal,,,,,,val,357,
6_dB_id_02_00000358.png,abnormal,,,,,,val,358,
0_dB_id_02_00000000.png,normal,,,,,,val,0,
0_dB_id_02_00000001.png,normal,,,,,,val,1,
0_dB_id_02_00000002.png,normal,,,,,,val,2,
0_dB_id_02_00000003.png,normal,,,,,,val,3,
0_dB_id_02_00000004.png,normal,,,,,,val,4,
0_dB_id_02_00000005.png,normal,,,,,,val,5,
0_dB_id_02_00000006.png,normal,,,,,,val,6,
0_dB_id_02_00000007.png,normal,,,,,,val,7,
0_dB_id_02_00000008.png,normal,,,,,,val,8,
0_dB_id_02_00000009.png,normal,,,,,,val,9,
0_dB_id_02_00000010.png,normal,,,,,,val,10,
0_dB_id_02_00000011.png,normal,,,,,,val,11,
0_dB_id_02_00000012.png,normal,,,,,,val,12,
0_dB_id_02_00000013.png,normal,,,,,,val,13,
0_dB_id_02_00000014.png,normal,,,,,,val,14,
0_dB_id_02_00000015.png,normal,,,,,,val,15,
0_dB_id_02_00000016.png,normal,,,,,,val,16,
0_dB_id_02_00000017.png,normal,,,,,,val,17,
0_dB_id_02_00000018.png,normal,,,,,,val,18,
0_dB_id_02_00000019.png,normal,,,,,,val,19,
0_dB_id_02_00000020.png,normal,,,,,,val,20,
0_dB_id_02_00000021.png,normal,,,,,,val,21,
0_dB_id_02_00000022.png,normal,,,,,,val,22,
0_dB_id_02_00000023.png,normal,,,,,,val,23,
0_dB_id_02_00000024.png,normal,,,,,,val,24,
0_dB_id_02_00000025.png,normal,,,,,,val,25,
0_dB_id_02_00000026.png,normal,,,,,,val,26,
0_dB_id_02_00000027.png,normal,,,,,,val,27,
0_dB_id_02_00000028.png,normal,,,,,,val,28,
0_dB_id_02_00000029.png,normal,,,,,,val,29,
0_dB_id_02_00000030.png,normal,,,,,,val,30,
0_dB_id_02_00000031.png,normal,,,,,,val,31,
0_dB_id_02_00000032.png,normal,,,,,,val,32,
0_dB_id_02_00000033.png,normal,,,,,,val,33,
0_dB_id_02_00000034.png,normal,,,,,,val,34,
0_dB_id_02_00000035.png,normal,,,,,,val,35,
0_dB_id_02_00000036.png,normal,,,,,,val,36,
0_dB_id_02_00000037.png,normal,,,,,,val,37,
0_dB_id_02_00000038.png,normal,,,,,,val,38,
0_dB_id_02_00000039.png,normal,,,,,,val,39,
0_dB_id_02_00000040.png,normal,,,,,,val,40,
0_dB_id_02_00000041.png,normal,,,,,,val,41,
0_dB_id_02_00000042.png,normal,,,,,,val,42,
0_dB_id_02_00000043.png,normal,,,,,,val,43,
0_dB_id_02_00000044.png,normal,,,,,,val,44,
0_dB_id_02_00000045.png,normal,,,,,,val,45,
0_dB_id_02_00000046.png,normal,,,,,,val,46,
0_dB_id_02_00000047.png,normal,,,,,,val,47,
0_dB_id_02_00000048.png,normal,,,,,,val,48,
0_dB_id_02_00000049.png,normal,,,,,,val,49,
0_dB_id_02_00000050.png,normal,,,,,,val,50,
0_dB_id_02_00000051.png,normal,,,,,,val,51,
0_dB_id_02_00000052.png,normal,,,,,,val,52,
0_dB_id_02_00000053.png,normal,,,,,,val,53,
0_dB_id_02_00000054.png,normal,,,,,,val,54,
0_dB_id_02_00000055.png,normal,,,,,,val,55,
0_dB_id_02_00000056.png,normal,,,,,,val,56,
0_dB_id_02_00000057.png,normal,,,,,,val,57,
0_dB_id_02_00000058.png,normal,,,,,,val,58,
0_dB_id_02_00000059.png,normal,,,,,,val,59,
0_dB_id_02_00000060.png,normal,,,,,,val,60,
0_dB_id_02_00000061.png,normal,,,,,,val,61,
0_dB_id_02_00000062.png,normal,,,,,,val,62,
0_dB_id_02_00000063.png,normal,,,,,,val,63,
0_dB_id_02_00000064.png,normal,,,,,,val,64,
0_dB_id_02_00000065.png,normal,,,,,,val,65,
0_dB_id_02_00000066.png,normal,,,,,,val,66,
0_dB_id_02_00000067.png,normal,,,,,,val,67,
0_dB_id_02_00000068.png,normal,,,,,,val,68,
0_dB_id_02_00000069.png,normal,,,,,,val,69,
0_dB_id_02_00000070.png,normal,,,,,,val,70,
0_dB_id_02_00000071.png,normal,,,,,,val,71,
0_dB_id_02_00000072.png,normal,,,,,,val,72,
0_dB_id_02_00000073.png,normal,,,,,,val,73,
0_dB_id_02_00000074.png,normal,,,,,,val,74,
0_dB_id_02_00000075.png,normal,,,,,,val,75,
0_dB_id_02_00000076.png,normal,,,,,,val,76,
0_dB_id_02_00000077.png,normal,,,,,,val,77,
0_dB_id_02_00000078.png,normal,,,,,,val,78,
0_dB_id_02_00000079.png,normal,,,,,,val,79,
0_dB_id_02_00000080.png,normal,,,,,,val,80,
0_dB_id_02_00000081.png,normal,,,,,,val,81,
0_dB_id_02_00000082.png,normal,,,,,,val,82,
0_dB_id_02_00000083.png,normal,,,,,,val,83,
0_dB_id_02_00000084.png,normal,,,,,,val,84,
0_dB_id_02_00000085.png,normal,,,,,,val,85,
0_dB_id_02_00000086.png,normal,,,,,,val,86,
0_dB_id_02_00000087.png,normal,,,,,,val,87,
0_dB_id_02_00000088.png,normal,,,,,,val,88,
0_dB_id_02_00000089.png,normal,,,,,,val,89,
0_dB_id_02_00000090.png,normal,,,,,,val,90,
0_dB_id_02_00000091.png,normal,,,,,,val,91,
0_dB_id_02_00000092.png,normal,,,,,,val,92,
0_dB_id_02_00000093.png,normal,,,,,,val,93,
0_dB_id_02_00000094.png,normal,,,,,,val,94,
0_dB_id_02_00000095.png,normal,,,,,,val,95,
0_dB_id_02_00000096.png,normal,,,,,,val,96,
0_dB_id_02_00000097.png,normal,,,,,,val,97,
0_dB_id_02_00000098.png,normal,,,,,,val,98,
0_dB_id_02_00000099.png,normal,,,,,,val,99,
0_dB_id_02_00000100.png,normal,,,,,,val,100,
0_dB_id_02_00000101.png,normal,,,,,,val,101,
0_dB_id_02_00000102.png,normal,,,,,,val,102,
0_dB_id_02_00000103.png,normal,,,,,,val,103,
0_dB_id_02_00000104.png,normal,,,,,,val,104,
0_dB_id_02_00000105.png,normal,,,,,,val,105,
0_dB_id_02_00000106.png,normal,,,,,,val,106,
0_dB_id_02_00000107.png,normal,,,,,,val,107,
0_dB_id_02_00000108.png,normal,,,,,,val,108,
0_dB_id_02_00000109.png,normal,,,,,,val,109,
0_dB_id_02_00000110.png,normal,,,,,,val,110,
0_dB_id_02_00000111.png,normal,,,,,,val,111,
0_dB_id_02_00000112.png,normal,,,,,,val,112,
0_dB_id_02_00000113.png,normal,,,,,,val,113,
0_dB_id_02_00000114.png,normal,,,,,,val,114,
0_dB_id_02_00000115.png,normal,,,,,,val,115,
0_dB_id_02_00000116.png,normal,,,,,,val,116,
0_dB_id_02_00000117.png,normal,,,,,,val,117,
0_dB_id_02_00000118.png,normal,,,,,,val,118,
0_dB_id_02_00000119.png,normal,,,,,,val,119,
0_dB_id_02_00000120.png,normal,,,,,,val,120,
0_dB_id_02_00000121.png,normal,,,,,,val,121,
0_dB_id_02_00000122.png,normal,,,,,,val,122,
0_dB_id_02_00000123.png,normal,,,,,,val,123,
0_dB_id_02_00000124.png,normal,,,,,,val,124,
0_dB_id_02_00000125.png,normal,,,,,,val,125,
0_dB_id_02_00000126.png,normal,,,,,,val,126,
0_dB_id_02_00000127.png,normal,,,,,,val,127,
0_dB_id_02_00000128.png,normal,,,,,,val,128,
0_dB_id_02_00000129.png,normal,,,,,,val,129,
0_dB_id_02_00000130.png,normal,,,,,,val,130,
0_dB_id_02_00000131.png,normal,,,,,,val,131,
0_dB_id_02_00000132.png,normal,,,,,,val,132,
0_dB_id_02_00000133.png,normal,,,,,,val,133,
0_dB_id_02_00000134.png,normal,,,,,,val,134,
0_dB_id_02_00000135.png,normal,,,,,,val,135,
0_dB_id_02_00000136.png,normal,,,,,,val,136,
0_dB_id_02_00000137.png,normal,,,,,,val,137,
0_dB_id_02_00000138.png,normal,,,,,,val,138,
0_dB_id_02_00000139.png,normal,,,,,,val,139,
0_dB_id_02_00000140.png,normal,,,,,,val,140,
0_dB_id_02_00000141.png,normal,,,,,,val,141,
0_dB_id_02_00000142.png,normal,,,,,,val,142,
0_dB_id_02_00000143.png,normal,,,,,,val,143,
0_dB_id_02_00000144.png,normal,,,,,,val,144,
0_dB_id_02_00000145.png,normal,,,,,,val,145,
0_dB_id_02_00000146.png,normal,,,,,,val,146,
0_dB_id_02_00000147.png,normal,,,,,,val,147,
0_dB_id_02_00000148.png,normal,,,,,,val,148,
0_dB_id_02_00000149.png,normal,,,,,,val,149,
0_dB_id_02_00000150.png,normal,,,,,,val,150,
0_dB_id_02_00000151.png,normal,,,,,,val,151,
0_dB_id_02_00000152.png,normal,,,,,,val,152,
0_dB_id_02_00000153.png,normal,,,,,,val,153,
0_dB_id_02_00000154.png,normal,,,,,,val,154,
0_dB_id_02_00000155.png,normal,,,,,,val,155,
0_dB_id_02_00000156.png,normal,,,,,,val,156,
0_dB_id_02_00000157.png,normal,,,,,,val,157,
0_dB_id_02_00000158.png,normal,,,,,,val,158,
0_dB_id_02_00000159.png,normal,,,,,,val,159,
0_dB_id_02_00000160.png,normal,,,,,,val,160,
0_dB_id_02_00000161.png,normal,,,,,,val,161,
0_dB_id_02_00000162.png,normal,,,,,,val,162,
0_dB_id_02_00000163.png,normal,,,,,,val,163,
0_dB_id_02_00000164.png,normal,,,,,,val,164,
0_dB_id_02_00000165.png,normal,,,,,,val,165,
0_dB_id_02_00000166.png,normal,,,,,,val,166,
0_dB_id_02_00000167.png,normal,,,,,,val,167,
0_dB_id_02_00000168.png,normal,,,,,,val,168,
0_dB_id_02_00000169.png,normal,,,,,,val,169,
0_dB_id_02_00000170.png,normal,,,,,,val,170,
0_dB_id_02_00000171.png,normal,,,,,,val,171,
0_dB_id_02_00000172.png,normal,,,,,,val,172,
0_dB_id_02_00000173.png,normal,,,,,,val,173,
0_dB_id_02_00000174.png,normal,,,,,,val,174,
0_dB_id_02_00000175.png,normal,,,,,,val,175,
0_dB_id_02_00000176.png,normal,,,,,,val,176,
0_dB_id_02_00000177.png,normal,,,,,,val,177,
0_dB_id_02_00000178.png,normal,,,,,,val,178,
0_dB_id_02_00000179.png,normal,,,,,,val,179,
0_dB_id_02_00000180.png,normal,,,,,,val,180,
0_dB_id_02_00000181.png,normal,,,,,,val,181,
0_dB_id_02_00000182.png,normal,,,,,,val,182,
0_dB_id_02_00000183.png,normal,,,,,,val,183,
0_dB_id_02_00000184.png,normal,,,,,,val,184,
0_dB_id_02_00000185.png,normal,,,,,,val,185,
0_dB_id_02_00000186.png,normal,,,,,,val,186,
0_dB_id_02_00000187.png,normal,,,,,,val,187,
0_dB_id_02_00000188.png,normal,,,,,,val,188,
0_dB_id_02_00000189.png,normal,,,,,,val,189,
0_dB_id_02_00000190.png,normal,,,,,,val,190,
0_dB_id_02_00000191.png,normal,,,,,,val,191,
0_dB_id_02_00000192.png,normal,,,,,,val,192,
0_dB_id_02_00000193.png,normal,,,,,,val,193,
0_dB_id_02_00000194.png,normal,,,,,,val,194,
0_dB_id_02_00000195.png,normal,,,,,,val,195,
0_dB_id_02_00000196.png,normal,,,,,,val,196,
0_dB_id_02_00000197.png,normal,,,,,,val,197,
0_dB_id_02_00000198.png,normal,,,,,,val,198,
0_dB_id_02_00000199.png,normal,,,,,,val,199,
0_dB_id_02_00000200.png,normal,,,,,,val,200,
0_dB_id_02_00000201.png,normal,,,,,,val,201,
0_dB_id_02_00000202.png,normal,,,,,,val,202,
0_dB_id_02_00000203.png,normal,,,,,,val,203,
0_dB_id_02_00000204.png,normal,,,,,,val,204,
0_dB_id_02_00000205.png,normal,,,,,,val,205,
0_dB_id_02_00000206.png,normal,,,,,,val,206,
0_dB_id_02_00000207.png,normal,,,,,,val,207,
0_dB_id_02_00000208.png,normal,,,,,,val,208,
0_dB_id_02_00000209.png,normal,,,,,,val,209,
0_dB_id_02_00000210.png,normal,,,,,,val,210,
0_dB_id_02_00000211.png,normal,,,,,,val,211,
0_dB_id_02_00000212.png,normal,,,,,,val,212,
0_dB_id_02_00000213.png,normal,,,,,,val,213,
0_dB_id_02_00000214.png,normal,,,,,,val,214,
0_dB_id_02_00000215.png,normal,,,,,,val,215,
0_dB_id_02_00000216.png,normal,,,,,,val,216,
0_dB_id_02_00000217.png,normal,,,,,,val,217,
0_dB_id_02_00000218.png,normal,,,,,,val,218,
0_dB_id_02_00000219.png,normal,,,,,,val,219,
0_dB_id_02_00000220.png,normal,,,,,,val,220,
0_dB_id_02_00000221.png,normal,,,,,,val,221,
0_dB_id_02_00000222.png,normal,,,,,,val,222,
0_dB_id_02_00000223.png,normal,,,,,,val,223,
0_dB_id_02_00000224.png,normal,,,,,,val,224,
0_dB_id_02_00000225.png,normal,,,,,,val,225,
0_dB_id_02_00000226.png,normal,,,,,,val,226,
0_dB_id_02_00000227.png,normal,,,,,,val,227,
0_dB_id_02_00000228.png,normal,,,,,,val,228,
0_dB_id_02_00000229.png,normal,,,,,,val,229,
0_dB_id_02_00000230.png,normal,,,,,,val,230,
0_dB_id_02_00000231.png,normal,,,,,,val,231,
0_dB_id_02_00000232.png,normal,,,,,,val,232,
0_dB_id_02_00000233.png,normal,,,,,,val,233,
0_dB_id_02_00000234.png,normal,,,,,,val,234,
0_dB_id_02_00000235.png,normal,,,,,,val,235,
0_dB_id_02_00000236.png,normal,,,,,,val,236,
0_dB_id_02_00000237.png,normal,,,,,,val,237,
0_dB_id_02_00000238.png,normal,,,,,,val,238,
0_dB_id_02_00000239.png,normal,,,,,,val,239,
0_dB_id_02_00000240.png,normal,,,,,,val,240,
0_dB_id_02_00000241.png,normal,,,,,,val,241,
0_dB_id_02_00000242.png,normal,,,,,,val,242,
0_dB_id_02_00000243.png,normal,,,,,,val,243,
0_dB_id_02_00000244.png,normal,,,,,,val,244,
0_dB_id_02_00000245.png,normal,,,,,,val,245,
0_dB_id_02_00000246.png,normal,,,,,,val,246,
0_dB_id_02_00000247.png,normal,,,,,,val,247,
0_dB_id_02_00000248.png,normal,,,,,,val,248,
0_dB_id_02_00000249.png,normal,,,,,,val,249,
0_dB_id_02_00000250.png,normal,,,,,,val,250,
0_dB_id_02_00000251.png,normal,,,,,,val,251,
0_dB_id_02_00000252.png,normal,,,,,,val,252,
0_dB_id_02_00000253.png,normal,,,,,,val,253,
0_dB_id_02_00000254.png,normal,,,,,,val,254,
0_dB_id_02_00000255.png,normal,,,,,,val,255,
0_dB_id_02_00000256.png,normal,,,,,,val,256,
0_dB_id_02_00000257.png,normal,,,,,,val,257,
0_dB_id_02_00000258.png,normal,,,,,,val,258,
0_dB_id_02_00000259.png,normal,,,,,,val,259,
0_dB_id_02_00000260.png,normal,,,,,,val,260,
0_dB_id_02_00000261.png,normal,,,,,,val,261,
0_dB_id_02_00000262.png,normal,,,,,,val,262,
0_dB_id_02_00000263.png,normal,,,,,,val,263,
0_dB_id_02_00000264.png,normal,,,,,,val,264,
0_dB_id_02_00000265.png,normal,,,,,,val,265,
0_dB_id_02_00000266.png,normal,,,,,,val,266,
0_dB_id_02_00000267.png,normal,,,,,,val,267,
0_dB_id_02_00000268.png,normal,,,,,,val,268,
0_dB_id_02_00000269.png,normal,,,,,,val,269,
0_dB_id_02_00000270.png,normal,,,,,,val,270,
0_dB_id_02_00000271.png,normal,,,,,,val,271,
0_dB_id_02_00000272.png,normal,,,,,,val,272,
0_dB_id_02_00000273.png,normal,,,,,,val,273,
0_dB_id_02_00000274.png,normal,,,,,,val,274,
0_dB_id_02_00000275.png,normal,,,,,,val,275,
0_dB_id_02_00000276.png,normal,,,,,,val,276,
0_dB_id_02_00000277.png,normal,,,,,,val,277,
0_dB_id_02_00000278.png,normal,,,,,,val,278,
0_dB_id_02_00000279.png,normal,,,,,,val,279,
0_dB_id_02_00000280.png,normal,,,,,,val,280,
0_dB_id_02_00000281.png,normal,,,,,,val,281,
0_dB_id_02_00000282.png,normal,,,,,,val,282,
0_dB_id_02_00000283.png,normal,,,,,,val,283,
0_dB_id_02_00000284.png,normal,,,,,,val,284,
0_dB_id_02_00000285.png,normal,,,,,,val,285,
0_dB_id_02_00000286.png,normal,,,,,,val,286,
0_dB_id_02_00000287.png,normal,,,,,,val,287,
0_dB_id_02_00000288.png,normal,,,,,,val,288,
0_dB_id_02_00000289.png,normal,,,,,,val,289,
0_dB_id_02_00000290.png,normal,,,,,,val,290,
0_dB_id_02_00000291.png,normal,,,,,,val,291,
0_dB_id_02_00000292.png,normal,,,,,,val,292,
0_dB_id_02_00000293.png,normal,,,,,,val,293,
0_dB_id_02_00000294.png,normal,,,,,,val,294,
0_dB_id_02_00000295.png,normal,,,,,,val,295,
0_dB_id_02_00000296.png,normal,,,,,,val,296,
0_dB_id_02_00000297.png,normal,,,,,,val,297,
0_dB_id_02_00000298.png,normal,,,,,,val,298,
0_dB_id_02_00000299.png,normal,,,,,,val,299,
0_dB_id_02_00000300.png,normal,,,,,,val,300,
0_dB_id_02_00000301.png,normal,,,,,,val,301,
0_dB_id_02_00000302.png,normal,,,,,,val,302,
0_dB_id_02_00000303.png,normal,,,,,,val,303,
0_dB_id_02_00000304.png,normal,,,,,,val,304,
0_dB_id_02_00000305.png,normal,,,,,,val,305,
0_dB_id_02_00000306.png,normal,,,,,,val,306,
0_dB_id_02_00000307.png,normal,,,,,,val,307,
0_dB_id_02_00000308.png,normal,,,,,,val,308,
0_dB_id_02_00000309.png,normal,,,,,,val,309,
0_dB_id_02_00000310.png,normal,,,,,,val,310,
0_dB_id_02_00000311.png,normal,,,,,,val,311,
0_dB_id_02_00000312.png,normal,,,,,,val,312,
0_dB_id_02_00000313.png,normal,,,,,,val,313,
0_dB_id_02_00000314.png,normal,,,,,,val,314,
0_dB_id_02_00000315.png,normal,,,,,,val,315,
0_dB_id_02_00000316.png,normal,,,,,,val,316,
0_dB_id_02_00000317.png,normal,,,,,,val,317,
0_dB_id_02_00000318.png,normal,,,,,,val,318,
0_dB_id_02_00000319.png,normal,,,,,,val,319,
0_dB_id_02_00000320.png,normal,,,,,,val,320,
0_dB_id_02_00000321.png,normal,,,,,,val,321,
0_dB_id_02_00000322.png,normal,,,,,,val,322,
0_dB_id_02_00000323.png,normal,,,,,,val,323,
0_dB_id_02_00000324.png,normal,,,,,,val,324,
0_dB_id_02_00000325.png,normal,,,,,,val,325,
0_dB_id_02_00000326.png,normal,,,,,,val,326,
0_dB_id_02_00000327.png,normal,,,,,,val,327,
0_dB_id_02_00000328.png,normal,,,,,,val,328,
0_dB_id_02_00000329.png,normal,,,,,,val,329,
0_dB_id_02_00000330.png,normal,,,,,,val,330,
0_dB_id_02_00000331.png,normal,,,,,,val,331,
0_dB_id_02_00000332.png,normal,,,,,,val,332,
0_dB_id_02_00000333.png,normal,,,,,,val,333,
0_dB_id_02_00000334.png,normal,,,,,,val,334,
0_dB_id_02_00000335.png,normal,,,,,,val,335,
0_dB_id_02_00000336.png,normal,,,,,,val,336,
0_dB_id_02_00000337.png,normal,,,,,,val,337,
0_dB_id_02_00000338.png,normal,,,,,,val,338,
0_dB_id_02_00000339.png,normal,,,,,,val,339,
0_dB_id_02_00000340.png,normal,,,,,,val,340,
0_dB_id_02_00000341.png,normal,,,,,,val,341,
0_dB_id_02_00000342.png,normal,,,,,,val,342,
0_dB_id_02_00000343.png,normal,,,,,,val,343,
0_dB_id_02_00000344.png,normal,,,,,,val,344,
0_dB_id_02_00000345.png,normal,,,,,,val,345,
0_dB_id_02_00000346.png,normal,,,,,,val,346,
0_dB_id_02_00000347.png,normal,,,,,,val,347,
0_dB_id_02_00000348.png,normal,,,,,,val,348,
0_dB_id_02_00000349.png,normal,,,,,,val,349,
0_dB_id_02_00000350.png,normal,,,,,,val,350,
0_dB_id_02_00000351.png,normal,,,,,,val,351,
0_dB_id_02_00000352.png,normal,,,,,,val,352,
0_dB_id_02_00000353.png,normal,,,,,,val,353,
0_dB_id_02_00000354.png,normal,,,,,,val,354,
0_dB_id_02_00000355.png,normal,,,,,,val,355,
0_dB_id_02_00000356.png,normal,,,,,,val,356,
0_dB_id_02_00000357.png,normal,,,,,,val,357,
0_dB_id_02_00000358.png,normal,,,,,,val,358,
0_dB_id_02_00000359.png,normal,,,,,,val,359,
0_dB_id_02_00000360.png,normal,,,,,,val,360,
0_dB_id_02_00000361.png,normal,,,,,,val,361,
0_dB_id_02_00000362.png,normal,,,,,,val,362,
0_dB_id_02_00000363.png,normal,,,,,,val,363,
0_dB_id_02_00000364.png,normal,,,,,,val,364,
0_dB_id_02_00000365.png,normal,,,,,,val,365,
0_dB_id_02_00000366.png,normal,,,,,,val,366,
0_dB_id_02_00000367.png,normal,,,,,,val,367,
0_dB_id_02_00000368.png,normal,,,,,,val,368,
0_dB_id_02_00000369.png,normal,,,,,,val,369,
0_dB_id_02_00000370.png,normal,,,,,,val,370,
0_dB_id_02_00000371.png,normal,,,,,,val,371,
0_dB_id_02_00000372.png,normal,,,,,,val,372,
0_dB_id_02_00000373.png,normal,,,,,,val,373,
0_dB_id_02_00000374.png,normal,,,,,,val,374,
0_dB_id_02_00000375.png,normal,,,,,,val,375,
0_dB_id_02_00000376.png,normal,,,,,,val,376,
0_dB_id_02_00000377.png,normal,,,,,,val,377,
0_dB_id_02_00000378.png,normal,,,,,,val,378,
0_dB_id_02_00000379.png,normal,,,,,,val,379,
0_dB_id_02_00000380.png,normal,,,,,,val,380,
0_dB_id_02_00000381.png,normal,,,,,,val,381,
0_dB_id_02_00000382.png,normal,,,,,,val,382,
0_dB_id_02_00000383.png,normal,,,,,,val,383,
0_dB_id_02_00000384.png,normal,,,,,,val,384,
0_dB_id_02_00000385.png,normal,,,,,,val,385,
0_dB_id_02_00000386.png,normal,,,,,,val,386,
0_dB_id_02_00000387.png,normal,,,,,,val,387,
0_dB_id_02_00000388.png,normal,,,,,,val,388,
0_dB_id_02_00000389.png,normal,,,,,,val,389,
0_dB_id_02_00000390.png,normal,,,,,,val,390,
0_dB_id_02_00000391.png,normal,,,,,,val,391,
0_dB_id_02_00000392.png,normal,,,,,,val,392,
0_dB_id_02_00000393.png,normal,,,,,,val,393,
0_dB_id_02_00000394.png,normal,,,,,,val,394,
0_dB_id_02_00000395.png,normal,,,,,,val,395,
0_dB_id_02_00000396.png,normal,,,,,,val,396,
0_dB_id_02_00000397.png,normal,,,,,,val,397,
0_dB_id_02_00000398.png,normal,,,,,,val,398,
0_dB_id_02_00000399.png,normal,,,,,,val,399,
0_dB_id_02_00000400.png,normal,,,,,,val,400,
0_dB_id_02_00000401.png,normal,,,,,,val,401,
0_dB_id_02_00000402.png,normal,,,,,,val,402,
0_dB_id_02_00000403.png,normal,,,,,,val,403,
0_dB_id_02_00000404.png,normal,,,,,,val,404,
0_dB_id_02_00000405.png,normal,,,,,,val,405,
0_dB_id_02_00000406.png,normal,,,,,,val,406,
0_dB_id_02_00000407.png,normal,,,,,,val,407,
0_dB_id_02_00000408.png,normal,,,,,,val,408,
0_dB_id_02_00000409.png,normal,,,,,,val,409,
0_dB_id_02_00000410.png,normal,,,,,,val,410,
0_dB_id_02_00000411.png,normal,,,,,,val,411,
0_dB_id_02_00000412.png,normal,,,,,,val,412,
0_dB_id_02_00000413.png,normal,,,,,,val,413,
0_dB_id_02_00000414.png,normal,,,,,,val,414,
0_dB_id_02_00000415.png,normal,,,,,,val,415,
0_dB_id_02_00000416.png,normal,,,,,,val,416,
0_dB_id_02_00000417.png,normal,,,,,,val,417,
0_dB_id_02_00000418.png,normal,,,,,,val,418,
0_dB_id_02_00000419.png,normal,,,,,,val,419,
0_dB_id_02_00000420.png,normal,,,,,,val,420,
0_dB_id_02_00000421.png,normal,,,,,,val,421,
0_dB_id_02_00000422.png,normal,,,,,,val,422,
0_dB_id_02_00000423.png,normal,,,,,,val,423,
0_dB_id_02_00000424.png,normal,,,,,,val,424,
0_dB_id_02_00000425.png,normal,,,,,,val,425,
0_dB_id_02_00000426.png,normal,,,,,,val,426,
0_dB_id_02_00000427.png,normal,,,,,,val,427,
0_dB_id_02_00000428.png,normal,,,,,,val,428,
0_dB_id_02_00000429.png,normal,,,,,,val,429,
0_dB_id_02_00000430.png,normal,,,,,,val,430,
0_dB_id_02_00000431.png,normal,,,,,,val,431,
0_dB_id_02_00000432.png,normal,,,,,,val,432,
0_dB_id_02_00000433.png,normal,,,,,,val,433,
0_dB_id_02_00000434.png,normal,,,,,,val,434,
0_dB_id_02_00000435.png,normal,,,,,,val,435,
0_dB_id_02_00000436.png,normal,,,,,,val,436,
0_dB_id_02_00000437.png,normal,,,,,,val,437,
0_dB_id_02_00000438.png,normal,,,,,,val,438,
0_dB_id_02_00000439.png,normal,,,,,,val,439,
0_dB_id_02_00000440.png,normal,,,,,,val,440,
0_dB_id_02_00000441.png,normal,,,,,,val,441,
0_dB_id_02_00000442.png,normal,,,,,,val,442,
0_dB_id_02_00000443.png,normal,,,,,,val,443,
0_dB_id_02_00000444.png,normal,,,,,,val,444,
0_dB_id_02_00000445.png,normal,,,,,,val,445,
0_dB_id_02_00000446.png,normal,,,,,,val,446,
0_dB_id_02_00000447.png,normal,,,,,,val,447,
0_dB_id_02_00000448.png,normal,,,,,,val,448,
0_dB_id_02_00000449.png,normal,,,,,,val,449,
0_dB_id_02_00000450.png,normal,,,,,,val,450,
0_dB_id_02_00000451.png,normal,,,,,,val,451,
0_dB_id_02_00000452.png,normal,,,,,,val,452,
0_dB_id_02_00000453.png,normal,,,,,,val,453,
0_dB_id_02_00000454.png,normal,,,,,,val,454,
0_dB_id_02_00000455.png,normal,,,,,,val,455,
0_dB_id_02_00000456.png,normal,,,,,,val,456,
0_dB_id_02_00000457.png,normal,,,,,,val,457,
0_dB_id_02_00000458.png,normal,,,,,,val,458,
0_dB_id_02_00000459.png,normal,,,,,,val,459,
0_dB_id_02_00000460.png,normal,,,,,,val,460,
0_dB_id_02_00000461.png,normal,,,,,,val,461,
0_dB_id_02_00000462.png,normal,,,,,,val,462,
0_dB_id_02_00000463.png,normal,,,,,,val,463,
0_dB_id_02_00000464.png,normal,,,,,,val,464,
0_dB_id_02_00000465.png,normal,,,,,,val,465,
0_dB_id_02_00000466.png,normal,,,,,,val,466,
0_dB_id_02_00000467.png,normal,,,,,,val,467,
0_dB_id_02_00000468.png,normal,,,,,,val,468,
0_dB_id_02_00000469.png,normal,,,,,,val,469,
0_dB_id_02_00000470.png,normal,,,,,,val,470,
0_dB_id_02_00000471.png,normal,,,,,,val,471,
0_dB_id_02_00000472.png,normal,,,,,,val,472,
0_dB_id_02_00000473.png,normal,,,,,,val,473,
0_dB_id_02_00000474.png,normal,,,,,,val,474,
0_dB_id_02_00000475.png,normal,,,,,,val,475,
0_dB_id_02_00000476.png,normal,,,,,,val,476,
0_dB_id_02_00000477.png,normal,,,,,,val,477,
0_dB_id_02_00000478.png,normal,,,,,,val,478,
0_dB_id_02_00000479.png,normal,,,,,,val,479,
0_dB_id_02_00000480.png,normal,,,,,,val,480,
0_dB_id_02_00000481.png,normal,,,,,,val,481,
0_dB_id_02_00000482.png,normal,,,,,,val,482,
0_dB_id_02_00000483.png,normal,,,,,,val,483,
0_dB_id_02_00000484.png,normal,,,,,,val,484,
0_dB_id_02_00000485.png,normal,,,,,,val,485,
0_dB_id_02_00000486.png,normal,,,,,,val,486,
0_dB_id_02_00000487.png,normal,,,,,,val,487,
0_dB_id_02_00000488.png,normal,,,,,,val,488,
0_dB_id_02_00000489.png,normal,,,,,,val,489,
0_dB_id_02_00000490.png,normal,,,,,,val,490,
0_dB_id_02_00000491.png,normal,,,,,,val,491,
0_dB_id_02_00000492.png,normal,,,,,,val,492,
0_dB_id_02_00000493.png,normal,,,,,,val,493,
0_dB_id_02_00000494.png,normal,,,,,,val,494,
0_dB_id_02_00000495.png,normal,,,,,,val,495,
0_dB_id_02_00000496.png,normal,,,,,,val,496,
0_dB_id_02_00000497.png,normal,,,,,,val,497,
0_dB_id_02_00000498.png,normal,,,,,,val,498,
0_dB_id_02_00000499.png,normal,,,,,,val,499,
0_dB_id_02_00000500.png,normal,,,,,,val,500,
0_dB_id_02_00000501.png,normal,,,,,,val,501,
0_dB_id_02_00000502.png,normal,,,,,,val,502,
0_dB_id_02_00000503.png,normal,,,,,,val,503,
0_dB_id_02_00000504.png,normal,,,,,,val,504,
0_dB_id_02_00000505.png,normal,,,,,,val,505,
0_dB_id_02_00000506.png,normal,,,,,,val,506,
0_dB_id_02_00000507.png,normal,,,,,,val,507,
0_dB_id_02_00000508.png,normal,,,,,,val,508,
0_dB_id_02_00000509.png,normal,,,,,,val,509,
0_dB_id_02_00000510.png,normal,,,,,,val,510,
0_dB_id_02_00000511.png,normal,,,,,,val,511,
0_dB_id_02_00000512.png,normal,,,,,,val,512,
0_dB_id_02_00000513.png,normal,,,,,,val,513,
0_dB_id_02_00000514.png,normal,,,,,,val,514,
0_dB_id_02_00000515.png,normal,,,,,,val,515,
0_dB_id_02_00000516.png,normal,,,,,,val,516,
0_dB_id_02_00000517.png,normal,,,,,,val,517,
0_dB_id_02_00000518.png,normal,,,,,,val,518,
0_dB_id_02_00000519.png,normal,,,,,,val,519,
0_dB_id_02_00000520.png,normal,,,,,,val,520,
0_dB_id_02_00000521.png,normal,,,,,,val,521,
0_dB_id_02_00000522.png,normal,,,,,,val,522,
0_dB_id_02_00000523.png,normal,,,,,,val,523,
0_dB_id_02_00000524.png,normal,,,,,,val,524,
0_dB_id_02_00000525.png,normal,,,,,,val,525,
0_dB_id_02_00000526.png,normal,,,,,,val,526,
0_dB_id_02_00000527.png,normal,,,,,,val,527,
0_dB_id_02_00000528.png,normal,,,,,,val,528,
0_dB_id_02_00000529.png,normal,,,,,,val,529,
0_dB_id_02_00000530.png,normal,,,,,,val,530,
0_dB_id_02_00000531.png,normal,,,,,,val,531,
0_dB_id_02_00000532.png,normal,,,,,,val,532,
0_dB_id_02_00000533.png,normal,,,,,,val,533,
0_dB_id_02_00000534.png,normal,,,,,,val,534,
0_dB_id_02_00000535.png,normal,,,,,,val,535,
0_dB_id_02_00000536.png,normal,,,,,,val,536,
0_dB_id_02_00000537.png,normal,,,,,,val,537,
0_dB_id_02_00000538.png,normal,,,,,,val,538,
0_dB_id_02_00000539.png,normal,,,,,,val,539,
0_dB_id_02_00000540.png,normal,,,,,,val,540,
0_dB_id_02_00000541.png,normal,,,,,,val,541,
0_dB_id_02_00000542.png,normal,,,,,,val,542,
0_dB_id_02_00000543.png,normal,,,,,,val,543,
0_dB_id_02_00000544.png,normal,,,,,,val,544,
0_dB_id_02_00000545.png,normal,,,,,,val,545,
0_dB_id_02_00000546.png,normal,,,,,,val,546,
0_dB_id_02_00000547.png,normal,,,,,,val,547,
0_dB_id_02_00000548.png,normal,,,,,,val,548,
0_dB_id_02_00000549.png,normal,,,,,,val,549,
0_dB_id_02_00000550.png,normal,,,,,,val,550,
0_dB_id_02_00000551.png,normal,,,,,,val,551,
0_dB_id_02_00000552.png,normal,,,,,,val,552,
0_dB_id_02_00000553.png,normal,,,,,,val,553,
0_dB_id_02_00000554.png,normal,,,,,,val,554,
0_dB_id_02_00000555.png,normal,,,,,,val,555,
0_dB_id_02_00000556.png,normal,,,,,,val,556,
0_dB_id_02_00000557.png,normal,,,,,,val,557,
0_dB_id_02_00000558.png,normal,,,,,,val,558,
0_dB_id_02_00000559.png,normal,,,,,,val,559,
0_dB_id_02_00000560.png,normal,,,,,,val,560,
0_dB_id_02_00000561.png,normal,,,,,,val,561,
0_dB_id_02_00000562.png,normal,,,,,,val,562,
0_dB_id_02_00000563.png,normal,,,,,,val,563,
0_dB_id_02_00000564.png,normal,,,,,,val,564,
0_dB_id_02_00000565.png,normal,,,,,,val,565,
0_dB_id_02_00000566.png,normal,,,,,,val,566,
0_dB_id_02_00000567.png,normal,,,,,,val,567,
0_dB_id_02_00000568.png,normal,,,,,,val,568,
0_dB_id_02_00000569.png,normal,,,,,,val,569,
0_dB_id_02_00000570.png,normal,,,,,,val,570,
0_dB_id_02_00000571.png,normal,,,,,,val,571,
0_dB_id_02_00000572.png,normal,,,,,,val,572,
0_dB_id_02_00000573.png,normal,,,,,,val,573,
0_dB_id_02_00000574.png,normal,,,,,,val,574,
0_dB_id_02_00000575.png,normal,,,,,,val,575,
0_dB_id_02_00000576.png,normal,,,,,,val,576,
0_dB_id_02_00000577.png,normal,,,,,,val,577,
0_dB_id_02_00000578.png,normal,,,,,,val,578,
0_dB_id_02_00000579.png,normal,,,,,,val,579,
0_dB_id_02_00000580.png,normal,,,,,,val,580,
0_dB_id_02_00000581.png,normal,,,,,,val,581,
0_dB_id_02_00000582.png,normal,,,,,,val,582,
0_dB_id_02_00000583.png,normal,,,,,,val,583,
0_dB_id_02_00000584.png,normal,,,,,,val,584,
0_dB_id_02_00000585.png,normal,,,,,,val,585,
0_dB_id_02_00000586.png,normal,,,,,,val,586,
0_dB_id_02_00000587.png,normal,,,,,,val,587,
0_dB_id_02_00000588.png,normal,,,,,,val,588,
0_dB_id_02_00000589.png,normal,,,,,,val,589,
0_dB_id_02_00000590.png,normal,,,,,,val,590,
0_dB_id_02_00000591.png,normal,,,,,,val,591,
0_dB_id_02_00000592.png,normal,,,,,,val,592,
0_dB_id_02_00000593.png,normal,,,,,,val,593,
0_dB_id_02_00000594.png,normal,,,,,,val,594,
0_dB_id_02_00000595.png,normal,,,,,,val,595,
0_dB_id_02_00000596.png,normal,,,,,,val,596,
0_dB_id_02_00000597.png,normal,,,,,,val,597,
0_dB_id_02_00000598.png,normal,,,,,,val,598,
0_dB_id_02_00000599.png,normal,,,,,,val,599,
0_dB_id_02_00000600.png,normal,,,,,,val,600,
0_dB_id_02_00000601.png,normal,,,,,,val,601,
0_dB_id_02_00000602.png,normal,,,,,,val,602,
0_dB_id_02_00000603.png,normal,,,,,,val,603,
0_dB_id_02_00000604.png,normal,,,,,,val,604,
0_dB_id_02_00000605.png,normal,,,,,,val,605,
0_dB_id_02_00000606.png,normal,,,,,,val,606,
0_dB_id_02_00000607.png,normal,,,,,,val,607,
0_dB_id_02_00000608.png,normal,,,,,,val,608,
0_dB_id_02_00000609.png,normal,,,,,,val,609,
0_dB_id_02_00000610.png,normal,,,,,,val,610,
0_dB_id_02_00000611.png,normal,,,,,,val,611,
0_dB_id_02_00000612.png,normal,,,,,,val,612,
0_dB_id_02_00000613.png,normal,,,,,,val,613,
0_dB_id_02_00000614.png,normal,,,,,,val,614,
0_dB_id_02_00000615.png,normal,,,,,,val,615,
0_dB_id_02_00000616.png,normal,,,,,,val,616,
0_dB_id_02_00000617.png,normal,,,,,,val,617,
0_dB_id_02_00000618.png,normal,,,,,,val,618,
0_dB_id_02_00000619.png,normal,,,,,,val,619,
0_dB_id_02_00000620.png,normal,,,,,,val,620,
0_dB_id_02_00000621.png,normal,,,,,,val,621,
0_dB_id_02_00000622.png,normal,,,,,,val,622,
0_dB_id_02_00000623.png,normal,,,,,,val,623,
0_dB_id_02_00000624.png,normal,,,,,,val,624,
0_dB_id_02_00000625.png,normal,,,,,,val,625,
0_dB_id_02_00000626.png,normal,,,,,,val,626,
0_dB_id_02_00000627.png,normal,,,,,,val,627,
0_dB_id_02_00000628.png,normal,,,,,,val,628,
0_dB_id_02_00000629.png,normal,,,,,,val,629,
0_dB_id_02_00000630.png,normal,,,,,,val,630,
0_dB_id_02_00000631.png,normal,,,,,,val,631,
0_dB_id_02_00000632.png,normal,,,,,,val,632,
0_dB_id_02_00000633.png,normal,,,,,,val,633,
0_dB_id_02_00000634.png,normal,,,,,,val,634,
0_dB_id_02_00000635.png,normal,,,,,,val,635,
0_dB_id_02_00000636.png,normal,,,,,,val,636,
0_dB_id_02_00000637.png,normal,,,,,,val,637,
0_dB_id_02_00000638.png,normal,,,,,,val,638,
0_dB_id_02_00000639.png,normal,,,,,,val,639,
0_dB_id_02_00000640.png,normal,,,,,,val,640,
0_dB_id_02_00000641.png,normal,,,,,,val,641,
0_dB_id_02_00000642.png,normal,,,,,,val,642,
0_dB_id_02_00000643.png,normal,,,,,,val,643,
0_dB_id_02_00000644.png,normal,,,,,,val,644,
0_dB_id_02_00000645.png,normal,,,,,,val,645,
0_dB_id_02_00000646.png,normal,,,,,,val,646,
0_dB_id_02_00000647.png,normal,,,,,,val,647,
0_dB_id_02_00000648.png,normal,,,,,,val,648,
0_dB_id_02_00000649.png,normal,,,,,,val,649,
0_dB_id_02_00000650.png,normal,,,,,,val,650,
0_dB_id_02_00000651.png,normal,,,,,,val,651,
0_dB_id_02_00000652.png,normal,,,,,,val,652,
0_dB_id_02_00000653.png,normal,,,,,,val,653,
0_dB_id_02_00000654.png,normal,,,,,,val,654,
0_dB_id_02_00000655.png,normal,,,,,,val,655,
0_dB_id_02_00000656.png,normal,,,,,,val,656,
0_dB_id_02_00000657.png,normal,,,,,,val,657,
0_dB_id_02_00000658.png,normal,,,,,,val,658,
0_dB_id_02_00000659.png,normal,,,,,,val,659,
0_dB_id_02_00000660.png,normal,,,,,,val,660,
0_dB_id_02_00000661.png,normal,,,,,,val,661,
0_dB_id_02_00000662.png,normal,,,,,,val,662,
0_dB_id_02_00000663.png,normal,,,,,,val,663,
0_dB_id_02_00000664.png,normal,,,,,,val,664,
0_dB_id_02_00000665.png,normal,,,,,,val,665,
0_dB_id_02_00000666.png,normal,,,,,,val,666,
0_dB_id_02_00000667.png,normal,,,,,,val,667,
0_dB_id_02_00000668.png,normal,,,,,,val,668,
0_dB_id_02_00000669.png,normal,,,,,,val,669,
0_dB_id_02_00000670.png,normal,,,,,,val,670,
0_dB_id_02_00000671.png,normal,,,,,,val,671,
0_dB_id_02_00000672.png,normal,,,,,,val,672,
0_dB_id_02_00000673.png,normal,,,,,,val,673,
0_dB_id_02_00000674.png,normal,,,,,,val,674,
0_dB_id_02_00000675.png,normal,,,,,,val,675,
0_dB_id_02_00000676.png,normal,,,,,,val,676,
0_dB_id_02_00000677.png,normal,,,,,,val,677,
0_dB_id_02_00000678.png,normal,,,,,,val,678,
0_dB_id_02_00000679.png,normal,,,,,,val,679,
0_dB_id_02_00000680.png,normal,,,,,,val,680,
0_dB_id_02_00000681.png,normal,,,,,,val,681,
0_dB_id_02_00000682.png,normal,,,,,,val,682,
0_dB_id_02_00000683.png,normal,,,,,,val,683,
0_dB_id_02_00000684.png,normal,,,,,,val,684,
0_dB_id_02_00000685.png,normal,,,,,,val,685,
0_dB_id_02_00000686.png,normal,,,,,,val,686,
0_dB_id_02_00000687.png,normal,,,,,,val,687,
0_dB_id_02_00000688.png,normal,,,,,,val,688,
0_dB_id_02_00000689.png,normal,,,,,,val,689,
0_dB_id_02_00000690.png,normal,,,,,,val,690,
0_dB_id_02_00000691.png,normal,,,,,,val,691,
0_dB_id_02_00000692.png,normal,,,,,,val,692,
0_dB_id_02_00000693.png,normal,,,,,,val,693,
0_dB_id_02_00000694.png,normal,,,,,,val,694,
0_dB_id_02_00000695.png,normal,,,,,,val,695,
0_dB_id_02_00000696.png,normal,,,,,,val,696,
0_dB_id_02_00000697.png,normal,,,,,,val,697,
0_dB_id_02_00000698.png,normal,,,,,,val,698,
0_dB_id_02_00000699.png,normal,,,,,,val,699,
0_dB_id_02_00000700.png,normal,,,,,,val,700,
0_dB_id_02_00000701.png,normal,,,,,,val,701,
0_dB_id_02_00000702.png,normal,,,,,,val,702,
0_dB_id_02_00000703.png,normal,,,,,,val,703,
0_dB_id_02_00000704.png,normal,,,,,,val,704,
0_dB_id_02_00000705.png,normal,,,,,,val,705,
0_dB_id_02_00000706.png,normal,,,,,,val,706,
0_dB_id_02_00000707.png,normal,,,,,,val,707,
0_dB_id_02_00000708.png,normal,,,,,,val,708,
0_dB_id_02_00000709.png,normal,,,,,,val,709,
0_dB_id_02_00000710.png,normal,,,,,,val,710,
0_dB_id_02_00000711.png,normal,,,,,,val,711,
0_dB_id_02_00000712.png,normal,,,,,,val,712,
0_dB_id_02_00000713.png,normal,,,,,,val,713,
0_dB_id_02_00000714.png,normal,,,,,,val,714,
0_dB_id_02_00000715.png,normal,,,,,,val,715,
0_dB_id_02_00000716.png,normal,,,,,,val,716,
0_dB_id_02_00000717.png,normal,,,,,,val,717,
0_dB_id_02_00000718.png,normal,,,,,,val,718,
0_dB_id_02_00000719.png,normal,,,,,,val,719,
0_dB_id_02_00000720.png,normal,,,,,,val,720,
0_dB_id_02_00000721.png,normal,,,,,,val,721,
0_dB_id_02_00000722.png,normal,,,,,,val,722,
0_dB_id_02_00000723.png,normal,,,,,,val,723,
0_dB_id_02_00000724.png,normal,,,,,,val,724,
0_dB_id_02_00000725.png,normal,,,,,,val,725,
0_dB_id_02_00000726.png,normal,,,,,,val,726,
0_dB_id_02_00000727.png,normal,,,,,,val,727,
0_dB_id_02_00000728.png,normal,,,,,,val,728,
0_dB_id_02_00000729.png,normal,,,,,,val,729,
0_dB_id_02_00000730.png,normal,,,,,,val,730,
0_dB_id_02_00000731.png,normal,,,,,,val,731,
0_dB_id_02_00000732.png,normal,,,,,,val,732,
0_dB_id_02_00000733.png,normal,,,,,,val,733,
0_dB_id_02_00000734.png,normal,,,,,,val,734,
0_dB_id_02_00000735.png,normal,,,,,,val,735,
0_dB_id_02_00000736.png,normal,,,,,,val,736,
0_dB_id_02_00000737.png,normal,,,,,,val,737,
0_dB_id_02_00000738.png,normal,,,,,,val,738,
0_dB_id_02_00000739.png,normal,,,,,,val,739,
0_dB_id_02_00000740.png,normal,,,,,,val,740,
0_dB_id_02_00000741.png,normal,,,,,,val,741,
0_dB_id_02_00000742.png,normal,,,,,,val,742,
0_dB_id_02_00000743.png,normal,,,,,,val,743,
0_dB_id_02_00000744.png,normal,,,,,,val,744,
0_dB_id_02_00000745.png,normal,,,,,,val,745,
0_dB_id_02_00000746.png,normal,,,,,,val,746,
0_dB_id_02_00000747.png,normal,,,,,,val,747,
0_dB_id_02_00000748.png,normal,,,,,,val,748,
0_dB_id_02_00000749.png,normal,,,,,,val,749,
0_dB_id_02_00000750.png,normal,,,,,,val,750,
0_dB_id_02_00000751.png,normal,,,,,,val,751,
0_dB_id_02_00000752.png,normal,,,,,,val,752,
0_dB_id_02_00000753.png,normal,,,,,,val,753,
0_dB_id_02_00000754.png,normal,,,,,,val,754,
0_dB_id_02_00000755.png,normal,,,,,,val,755,
0_dB_id_02_00000756.png,normal,,,,,,val,756,
0_dB_id_02_00000757.png,normal,,,,,,val,757,
0_dB_id_02_00000758.png,normal,,,,,,val,758,
0_dB_id_02_00000759.png,normal,,,,,,val,759,
0_dB_id_02_00000760.png,normal,,,,,,val,760,
0_dB_id_02_00000761.png,normal,,,,,,val,761,
0_dB_id_02_00000762.png,normal,,,,,,val,762,
0_dB_id_02_00000763.png,normal,,,,,,val,763,
0_dB_id_02_00000764.png,normal,,,,,,val,764,
0_dB_id_02_00000765.png,normal,,,,,,val,765,
0_dB_id_02_00000766.png,normal,,,,,,val,766,
0_dB_id_02_00000767.png,normal,,,,,,val,767,
0_dB_id_02_00000768.png,normal,,,,,,val,768,
0_dB_id_02_00000769.png,normal,,,,,,val,769,
0_dB_id_02_00000770.png,normal,,,,,,val,770,
0_dB_id_02_00000771.png,normal,,,,,,val,771,
0_dB_id_02_00000772.png,normal,,,,,,val,772,
0_dB_id_02_00000773.png,normal,,,,,,val,773,
0_dB_id_02_00000774.png,normal,,,,,,val,774,
0_dB_id_02_00000775.png,normal,,,,,,val,775,
0_dB_id_02_00000776.png,normal,,,,,,val,776,
0_dB_id_02_00000777.png,normal,,,,,,val,777,
0_dB_id_02_00000778.png,normal,,,,,,val,778,
0_dB_id_02_00000779.png,normal,,,,,,val,779,
0_dB_id_02_00000780.png,normal,,,,,,val,780,
0_dB_id_02_00000781.png,normal,,,,,,val,781,
0_dB_id_02_00000782.png,normal,,,,,,val,782,
0_dB_id_02_00000783.png,normal,,,,,,val,783,
0_dB_id_02_00000784.png,normal,,,,,,val,784,
0_dB_id_02_00000785.png,normal,,,,,,val,785,
0_dB_id_02_00000786.png,normal,,,,,,val,786,
0_dB_id_02_00000787.png,normal,,,,,,val,787,
0_dB_id_02_00000788.png,normal,,,,,,val,788,
0_dB_id_02_00000789.png,normal,,,,,,val,789,
0_dB_id_02_00000790.png,normal,,,,,,val,790,
0_dB_id_02_00000791.png,normal,,,,,,val,791,
0_dB_id_02_00000792.png,normal,,,,,,val,792,
0_dB_id_02_00000793.png,normal,,,,,,val,793,
0_dB_id_02_00000794.png,normal,,,,,,val,794,
0_dB_id_02_00000795.png,normal,,,,,,val,795,
0_dB_id_02_00000796.png,normal,,,,,,val,796,
0_dB_id_02_00000797.png,normal,,,,,,val,797,
0_dB_id_02_00000798.png,normal,,,,,,val,798,
0_dB_id_02_00000799.png,normal,,,,,,val,799,
0_dB_id_02_00000800.png,normal,,,,,,val,800,
0_dB_id_02_00000801.png,normal,,,,,,val,801,
0_dB_id_02_00000802.png,normal,,,,,,val,802,
0_dB_id_02_00000803.png,normal,,,,,,val,803,
0_dB_id_02_00000804.png,normal,,,,,,val,804,
0_dB_id_02_00000805.png,normal,,,,,,val,805,
0_dB_id_02_00000806.png,normal,,,,,,val,806,
0_dB_id_02_00000807.png,normal,,,,,,val,807,
0_dB_id_02_00000808.png,normal,,,,,,val,808,
0_dB_id_02_00000809.png,normal,,,,,,val,809,
0_dB_id_02_00000810.png,normal,,,,,,val,810,
0_dB_id_02_00000811.png,normal,,,,,,val,811,
0_dB_id_02_00000812.png,normal,,,,,,val,812,
0_dB_id_02_00000813.png,normal,,,,,,val,813,
0_dB_id_02_00000814.png,normal,,,,,,val,814,
0_dB_id_02_00000815.png,normal,,,,,,val,815,
0_dB_id_02_00000816.png,normal,,,,,,val,816,
0_dB_id_02_00000817.png,normal,,,,,,val,817,
0_dB_id_02_00000818.png,normal,,,,,,val,818,
0_dB_id_02_00000819.png,normal,,,,,,val,819,
0_dB_id_02_00000820.png,normal,,,,,,val,820,
0_dB_id_02_00000821.png,normal,,,,,,val,821,
0_dB_id_02_00000822.png,normal,,,,,,val,822,
0_dB_id_02_00000823.png,normal,,,,,,val,823,
0_dB_id_02_00000824.png,normal,,,,,,val,824,
0_dB_id_02_00000825.png,normal,,,,,,val,825,
0_dB_id_02_00000826.png,normal,,,,,,val,826,
0_dB_id_02_00000827.png,normal,,,,,,val,827,
0_dB_id_02_00000828.png,normal,,,,,,val,828,
0_dB_id_02_00000829.png,normal,,,,,,val,829,
0_dB_id_02_00000830.png,normal,,,,,,val,830,
0_dB_id_02_00000831.png,normal,,,,,,val,831,
0_dB_id_02_00000832.png,normal,,,,,,val,832,
0_dB_id_02_00000833.png,normal,,,,,,val,833,
0_dB_id_02_00000834.png,normal,,,,,,val,834,
0_dB_id_02_00000835.png,normal,,,,,,val,835,
0_dB_id_02_00000836.png,normal,,,,,,val,836,
0_dB_id_02_00000837.png,normal,,,,,,val,837,
0_dB_id_02_00000838.png,normal,,,,,,val,838,
0_dB_id_02_00000839.png,normal,,,,,,val,839,
0_dB_id_02_00000840.png,normal,,,,,,val,840,
0_dB_id_02_00000841.png,normal,,,,,,val,841,
0_dB_id_02_00000842.png,normal,,,,,,val,842,
0_dB_id_02_00000843.png,normal,,,,,,val,843,
0_dB_id_02_00000844.png,normal,,,,,,val,844,
0_dB_id_02_00000845.png,normal,,,,,,val,845,
0_dB_id_02_00000846.png,normal,,,,,,val,846,
0_dB_id_02_00000847.png,normal,,,,,,val,847,
0_dB_id_02_00000848.png,normal,,,,,,val,848,
0_dB_id_02_00000849.png,normal,,,,,,val,849,
0_dB_id_02_00000850.png,normal,,,,,,val,850,
0_dB_id_02_00000851.png,normal,,,,,,val,851,
0_dB_id_02_00000852.png,normal,,,,,,val,852,
0_dB_id_02_00000853.png,normal,,,,,,val,853,
0_dB_id_02_00000854.png,normal,,,,,,val,854,
0_dB_id_02_00000855.png,normal,,,,,,val,855,
0_dB_id_02_00000856.png,normal,,,,,,val,856,
0_dB_id_02_00000857.png,normal,,,,,,val,857,
0_dB_id_02_00000858.png,normal,,,,,,val,858,
0_dB_id_02_00000859.png,normal,,,,,,val,859,
0_dB_id_02_00000860.png,normal,,,,,,val,860,
0_dB_id_02_00000861.png,normal,,,,,,val,861,
0_dB_id_02_00000862.png,normal,,,,,,val,862,
0_dB_id_02_00000863.png,normal,,,,,,val,863,
0_dB_id_02_00000864.png,normal,,,,,,val,864,
0_dB_id_02_00000865.png,normal,,,,,,val,865,
0_dB_id_02_00000866.png,normal,,,,,,val,866,
0_dB_id_02_00000867.png,normal,,,,,,val,867,
0_dB_id_02_00000868.png,normal,,,,,,val,868,
0_dB_id_02_00000869.png,normal,,,,,,val,869,
0_dB_id_02_00000870.png,normal,,,,,,val,870,
0_dB_id_02_00000871.png,normal,,,,,,val,871,
0_dB_id_02_00000872.png,normal,,,,,,val,872,
0_dB_id_02_00000873.png,normal,,,,,,val,873,
0_dB_id_02_00000874.png,normal,,,,,,val,874,
0_dB_id_02_00000875.png,normal,,,,,,val,875,
0_dB_id_02_00000876.png,normal,,,,,,val,876,
0_dB_id_02_00000877.png,normal,,,,,,val,877,
0_dB_id_02_00000878.png,normal,,,,,,val,878,
0_dB_id_02_00000879.png,normal,,,,,,val,879,
0_dB_id_02_00000880.png,normal,,,,,,val,880,
0_dB_id_02_00000881.png,normal,,,,,,val,881,
0_dB_id_02_00000882.png,normal,,,,,,val,882,
0_dB_id_02_00000883.png,normal,,,,,,val,883,
0_dB_id_02_00000884.png,normal,,,,,,val,884,
0_dB_id_02_00000885.png,normal,,,,,,val,885,
0_dB_id_02_00000886.png,normal,,,,,,val,886,
0_dB_id_02_00000887.png,normal,,,,,,val,887,
0_dB_id_02_00000888.png,normal,,,,,,val,888,
0_dB_id_02_00000889.png,normal,,,,,,val,889,
0_dB_id_02_00000890.png,normal,,,,,,val,890,
0_dB_id_02_00000891.png,normal,,,,,,val,891,
0_dB_id_02_00000892.png,normal,,,,,,val,892,
0_dB_id_02_00000893.png,normal,,,,,,val,893,
0_dB_id_02_00000894.png,normal,,,,,,val,894,
0_dB_id_02_00000895.png,normal,,,,,,val,895,
0_dB_id_02_00000896.png,normal,,,,,,val,896,
0_dB_id_02_00000897.png,normal,,,,,,val,897,
0_dB_id_02_00000898.png,normal,,,,,,val,898,
0_dB_id_02_00000899.png,normal,,,,,,val,899,
0_dB_id_02_00000900.png,normal,,,,,,val,900,
0_dB_id_02_00000901.png,normal,,,,,,val,901,
0_dB_id_02_00000902.png,normal,,,,,,val,902,
0_dB_id_02_00000903.png,normal,,,,,,val,903,
0_dB_id_02_00000904.png,normal,,,,,,val,904,
0_dB_id_02_00000905.png,normal,,,,,,val,905,
0_dB_id_02_00000906.png,normal,,,,,,val,906,
0_dB_id_02_00000907.png,normal,,,,,,val,907,
0_dB_id_02_00000908.png,normal,,,,,,val,908,
0_dB_id_02_00000909.png,normal,,,,,,val,909,
0_dB_id_02_00000910.png,normal,,,,,,val,910,
0_dB_id_02_00000911.png,normal,,,,,,val,911,
0_dB_id_02_00000912.png,normal,,,,,,val,912,
0_dB_id_02_00000913.png,normal,,,,,,val,913,
0_dB_id_02_00000914.png,normal,,,,,,val,914,
0_dB_id_02_00000915.png,normal,,,,,,val,915,
0_dB_id_02_00000916.png,normal,,,,,,val,916,
0_dB_id_02_00000917.png,normal,,,,,,val,917,
0_dB_id_02_00000918.png,normal,,,,,,val,918,
0_dB_id_02_00000919.png,normal,,,,,,val,919,
0_dB_id_02_00000920.png,normal,,,,,,val,920,
0_dB_id_02_00000921.png,normal,,,,,,val,921,
0_dB_id_02_00000922.png,normal,,,,,,val,922,
0_dB_id_02_00000923.png,normal,,,,,,val,923,
0_dB_id_02_00000924.png,normal,,,,,,val,924,
0_dB_id_02_00000925.png,normal,,,,,,val,925,
0_dB_id_02_00000926.png,normal,,,,,,val,926,
0_dB_id_02_00000927.png,normal,,,,,,val,927,
0_dB_id_02_00000928.png,normal,,,,,,val,928,
0_dB_id_02_00000929.png,normal,,,,,,val,929,
0_dB_id_02_00000930.png,normal,,,,,,val,930,
0_dB_id_02_00000931.png,normal,,,,,,val,931,
0_dB_id_02_00000932.png,normal,,,,,,val,932,
0_dB_id_02_00000933.png,normal,,,,,,val,933,
0_dB_id_02_00000934.png,normal,,,,,,val,934,
0_dB_id_02_00000935.png,normal,,,,,,val,935,
0_dB_id_02_00000936.png,normal,,,,,,val,936,
0_dB_id_02_00000937.png,normal,,,,,,val,937,
0_dB_id_02_00000938.png,normal,,,,,,val,938,
0_dB_id_02_00000939.png,normal,,,,,,val,939,
0_dB_id_02_00000940.png,normal,,,,,,val,940,
0_dB_id_02_00000941.png,normal,,,,,,val,941,
0_dB_id_02_00000942.png,normal,,,,,,val,942,
0_dB_id_02_00000943.png,normal,,,,,,val,943,
0_dB_id_02_00000944.png,normal,,,,,,val,944,
0_dB_id_02_00000945.png,normal,,,,,,val,945,
0_dB_id_02_00000946.png,normal,,,,,,val,946,
0_dB_id_02_00000947.png,normal,,,,,,val,947,
0_dB_id_02_00000948.png,normal,,,,,,val,948,
0_dB_id_02_00000949.png,normal,,,,,,val,949,
0_dB_id_02_00000950.png,normal,,,,,,val,950,
0_dB_id_02_00000951.png,normal,,,,,,val,951,
0_dB_id_02_00000952.png,normal,,,,,,val,952,
0_dB_id_02_00000953.png,normal,,,,,,val,953,
0_dB_id_02_00000954.png,normal,,,,,,val,954,
0_dB_id_02_00000955.png,normal,,,,,,val,955,
0_dB_id_02_00000956.png,normal,,,,,,val,956,
0_dB_id_02_00000957.png,normal,,,,,,val,957,
0_dB_id_02_00000958.png,normal,,,,,,val,958,
0_dB_id_02_00000959.png,normal,,,,,,val,959,
0_dB_id_02_00000960.png,normal,,,,,,val,960,
0_dB_id_02_00000961.png,normal,,,,,,val,961,
0_dB_id_02_00000962.png,normal,,,,,,val,962,
0_dB_id_02_00000963.png,normal,,,,,,val,963,
0_dB_id_02_00000964.png,normal,,,,,,val,964,
0_dB_id_02_00000965.png,normal,,,,,,val,965,
0_dB_id_02_00000966.png,normal,,,,,,val,966,
0_dB_id_02_00000967.png,normal,,,,,,val,967,
0_dB_id_02_00000968.png,normal,,,,,,val,968,
0_dB_id_02_00000969.png,normal,,,,,,val,969,
0_dB_id_02_00000970.png,normal,,,,,,val,970,
0_dB_id_02_00000971.png,normal,,,,,,val,971,
0_dB_id_02_00000972.png,normal,,,,,,val,972,
0_dB_id_02_00000973.png,normal,,,,,,val,973,
0_dB_id_02_00000974.png,normal,,,,,,val,974,
0_dB_id_02_00000975.png,normal,,,,,,val,975,
0_dB_id_02_00000976.png,normal,,,,,,val,976,
0_dB_id_02_00000977.png,normal,,,,,,val,977,
0_dB_id_02_00000978.png,normal,,,,,,val,978,
0_dB_id_02_00000979.png,normal,,,,,,val,979,
0_dB_id_02_00000980.png,normal,,,,,,val,980,
0_dB_id_02_00000981.png,normal,,,,,,val,981,
0_dB_id_02_00000982.png,normal,,,,,,val,982,
0_dB_id_02_00000983.png,normal,,,,,,val,983,
0_dB_id_02_00000984.png,normal,,,,,,val,984,
0_dB_id_02_00000985.png,normal,,,,,,val,985,
0_dB_id_02_00000986.png,normal,,,,,,val,986,
0_dB_id_02_00000987.png,normal,,,,,,val,987,
0_dB_id_02_00000988.png,normal,,,,,,val,988,
0_dB_id_02_00000989.png,normal,,,,,,val,989,
0_dB_id_02_00000990.png,normal,,,,,,val,990,
0_dB_id_02_00000991.png,normal,,,,,,val,991,
0_dB_id_02_00000992.png,normal,,,,,,val,992,
0_dB_id_02_00000993.png,normal,,,,,,val,993,
0_dB_id_02_00000994.png,normal,,,,,,val,994,
0_dB_id_02_00000995.png,normal,,,,,,val,995,
0_dB_id_02_00000996.png,normal,,,,,,val,996,
0_dB_id_02_00000997.png,normal,,,,,,val,997,
0_dB_id_02_00000998.png,normal,,,,,,val,998,
0_dB_id_02_00000999.png,normal,,,,,,val,999,
0_dB_id_02_00001000.png,normal,,,,,,val,1000,
0_dB_id_02_00001001.png,normal,,,,,,val,1001,
0_dB_id_02_00001002.png,normal,,,,,,val,1002,
0_dB_id_02_00001003.png,normal,,,,,,val,1003,
0_dB_id_02_00001004.png,normal,,,,,,val,1004,
0_dB_id_02_00001005.png,normal,,,,,,val,1005,
0_dB_id_02_00001006.png,normal,,,,,,val,1006,
0_dB_id_02_00001007.png,normal,,,,,,val,1007,
0_dB_id_02_00001008.png,normal,,,,,,val,1008,
0_dB_id_02_00001009.png,normal,,,,,,val,1009,
0_dB_id_02_00001010.png,normal,,,,,,val,1010,
0_dB_id_02_00001011.png,normal,,,,,,val,1011,
0_dB_id_02_00001012.png,normal,,,,,,val,1012,
0_dB_id_02_00001013.png,normal,,,,,,val,1013,
0_dB_id_02_00001014.png,normal,,,,,,val,1014,
0_dB_id_02_00001015.png,normal,,,,,,val,1015,
0_dB_id_02_00001016.png,normal,,,,,,val,1016,
0_dB_id_02_00001017.png,normal,,,,,,val,1017,
0_dB_id_02_00001018.png,normal,,,,,,val,1018,
0_dB_id_02_00001019.png,normal,,,,,,val,1019,
0_dB_id_02_00001020.png,normal,,,,,,val,1020,
0_dB_id_02_00001021.png,normal,,,,,,val,1021,
0_dB_id_02_00001022.png,normal,,,,,,val,1022,
0_dB_id_02_00001023.png,normal,,,,,,val,1023,
0_dB_id_02_00001024.png,normal,,,,,,val,1024,
0_dB_id_02_00001025.png,normal,,,,,,val,1025,
0_dB_id_02_00001026.png,normal,,,,,,val,1026,
0_dB_id_02_00001027.png,normal,,,,,,val,1027,
0_dB_id_02_00001028.png,normal,,,,,,val,1028,
0_dB_id_02_00001029.png,normal,,,,,,val,1029,
0_dB_id_02_00001030.png,normal,,,,,,val,1030,
0_dB_id_02_00001031.png,normal,,,,,,val,1031,
0_dB_id_02_00001032.png,normal,,,,,,val,1032,
0_dB_id_02_00001033.png,normal,,,,,,val,1033,
0_dB_id_02_00001034.png,normal,,,,,,val,1034,
0_dB_id_02_00001035.png,normal,,,,,,val,1035,
0_dB_id_02_00001036.png,normal,,,,,,val,1036,
0_dB_id_02_00001037.png,normal,,,,,,val,1037,
0_dB_id_02_00001038.png,normal,,,,,,val,1038,
0_dB_id_02_00001039.png,normal,,,,,,val,1039,
0_dB_id_02_00001040.png,normal,,,,,,val,1040,
0_dB_id_02_00001041.png,normal,,,,,,val,1041,
0_dB_id_02_00001042.png,normal,,,,,,val,1042,
0_dB_id_02_00001043.png,normal,,,,,,val,1043,
0_dB_id_02_00001044.png,normal,,,,,,val,1044,
0_dB_id_02_00001045.png,normal,,,,,,val,1045,
0_dB_id_02_00001046.png,normal,,,,,,val,1046,
0_dB_id_02_00001047.png,normal,,,,,,val,1047,
0_dB_id_02_00001048.png,normal,,,,,,val,1048,
0_dB_id_02_00001049.png,normal,,,,,,val,1049,
0_dB_id_02_00001050.png,normal,,,,,,val,1050,
0_dB_id_02_00001051.png,normal,,,,,,val,1051,
0_dB_id_02_00001052.png,normal,,,,,,val,1052,
0_dB_id_02_00001053.png,normal,,,,,,val,1053,
0_dB_id_02_00001054.png,normal,,,,,,val,1054,
0_dB_id_02_00001055.png,normal,,,,,,val,1055,
0_dB_id_02_00001056.png,normal,,,,,,val,1056,
0_dB_id_02_00001057.png,normal,,,,,,val,1057,
0_dB_id_02_00001058.png,normal,,,,,,val,1058,
0_dB_id_02_00001059.png,normal,,,,,,val,1059,
0_dB_id_02_00001060.png,normal,,,,,,val,1060,
0_dB_id_02_00001061.png,normal,,,,,,val,1061,
0_dB_id_02_00001062.png,normal,,,,,,val,1062,
0_dB_id_02_00001063.png,normal,,,,,,val,1063,
0_dB_id_02_00001064.png,normal,,,,,,val,1064,
0_dB_id_02_00001065.png,normal,,,,,,val,1065,
0_dB_id_02_00001066.png,normal,,,,,,val,1066,
0_dB_id_02_00001067.png,normal,,,,,,val,1067,
6_dB_id_02_00000000.png,normal,,,,,,val,0,
6_dB_id_02_00000001.png,normal,,,,,,val,1,
6_dB_id_02_00000002.png,normal,,,,,,val,2,
6_dB_id_02_00000003.png,normal,,,,,,val,3,
6_dB_id_02_00000004.png,normal,,,,,,val,4,
6_dB_id_02_00000005.png,normal,,,,,,val,5,
6_dB_id_02_00000006.png,normal,,,,,,val,6,
6_dB_id_02_00000007.png,normal,,,,,,val,7,
6_dB_id_02_00000008.png,normal,,,,,,val,8,
6_dB_id_02_00000009.png,normal,,,,,,val,9,
6_dB_id_02_00000010.png,normal,,,,,,val,10,
6_dB_id_02_00000011.png,normal,,,,,,val,11,
6_dB_id_02_00000012.png,normal,,,,,,val,12,
6_dB_id_02_00000013.png,normal,,,,,,val,13,
6_dB_id_02_00000014.png,normal,,,,,,val,14,
6_dB_id_02_00000015.png,normal,,,,,,val,15,
6_dB_id_02_00000016.png,normal,,,,,,val,16,
6_dB_id_02_00000017.png,normal,,,,,,val,17,
6_dB_id_02_00000018.png,normal,,,,,,val,18,
6_dB_id_02_00000019.png,normal,,,,,,val,19,
6_dB_id_02_00000020.png,normal,,,,,,val,20,
6_dB_id_02_00000021.png,normal,,,,,,val,21,
6_dB_id_02_00000022.png,normal,,,,,,val,22,
6_dB_id_02_00000023.png,normal,,,,,,val,23,
6_dB_id_02_00000024.png,normal,,,,,,val,24,
6_dB_id_02_00000025.png,normal,,,,,,val,25,
6_dB_id_02_00000026.png,normal,,,,,,val,26,
6_dB_id_02_00000027.png,normal,,,,,,val,27,
6_dB_id_02_00000028.png,normal,,,,,,val,28,
6_dB_id_02_00000029.png,normal,,,,,,val,29,
6_dB_id_02_00000030.png,normal,,,,,,val,30,
6_dB_id_02_00000031.png,normal,,,,,,val,31,
6_dB_id_02_00000032.png,normal,,,,,,val,32,
6_dB_id_02_00000033.png,normal,,,,,,val,33,
6_dB_id_02_00000034.png,normal,,,,,,val,34,
6_dB_id_02_00000035.png,normal,,,,,,val,35,
6_dB_id_02_00000036.png,normal,,,,,,val,36,
6_dB_id_02_00000037.png,normal,,,,,,val,37,
6_dB_id_02_00000038.png,normal,,,,,,val,38,
6_dB_id_02_00000039.png,normal,,,,,,val,39,
6_dB_id_02_00000040.png,normal,,,,,,val,40,
6_dB_id_02_00000041.png,normal,,,,,,val,41,
6_dB_id_02_00000042.png,normal,,,,,,val,42,
6_dB_id_02_00000043.png,normal,,,,,,val,43,
6_dB_id_02_00000044.png,normal,,,,,,val,44,
6_dB_id_02_00000045.png,normal,,,,,,val,45,
6_dB_id_02_00000046.png,normal,,,,,,val,46,
6_dB_id_02_00000047.png,normal,,,,,,val,47,
6_dB_id_02_00000048.png,normal,,,,,,val,48,
6_dB_id_02_00000049.png,normal,,,,,,val,49,
6_dB_id_02_00000050.png,normal,,,,,,val,50,
6_dB_id_02_00000051.png,normal,,,,,,val,51,
6_dB_id_02_00000052.png,normal,,,,,,val,52,
6_dB_id_02_00000053.png,normal,,,,,,val,53,
6_dB_id_02_00000054.png,normal,,,,,,val,54,
6_dB_id_02_00000055.png,normal,,,,,,val,55,
6_dB_id_02_00000056.png,normal,,,,,,val,56,
6_dB_id_02_00000057.png,normal,,,,,,val,57,
6_dB_id_02_00000058.png,normal,,,,,,val,58,
6_dB_id_02_00000059.png,normal,,,,,,val,59,
6_dB_id_02_00000060.png,normal,,,,,,val,60,
6_dB_id_02_00000061.png,normal,,,,,,val,61,
6_dB_id_02_00000062.png,normal,,,,,,val,62,
6_dB_id_02_00000063.png,normal,,,,,,val,63,
6_dB_id_02_00000064.png,normal,,,,,,val,64,
6_dB_id_02_00000065.png,normal,,,,,,val,65,
6_dB_id_02_00000066.png,normal,,,,,,val,66,
6_dB_id_02_00000067.png,normal,,,,,,val,67,
6_dB_id_02_00000068.png,normal,,,,,,val,68,
6_dB_id_02_00000069.png,normal,,,,,,val,69,
6_dB_id_02_00000070.png,normal,,,,,,val,70,
6_dB_id_02_00000071.png,normal,,,,,,val,71,
6_dB_id_02_00000072.png,normal,,,,,,val,72,
6_dB_id_02_00000073.png,normal,,,,,,val,73,
6_dB_id_02_00000074.png,normal,,,,,,val,74,
6_dB_id_02_00000075.png,normal,,,,,,val,75,
6_dB_id_02_00000076.png,normal,,,,,,val,76,
6_dB_id_02_00000077.png,normal,,,,,,val,77,
6_dB_id_02_00000078.png,normal,,,,,,val,78,
6_dB_id_02_00000079.png,normal,,,,,,val,79,
6_dB_id_02_00000080.png,normal,,,,,,val,80,
6_dB_id_02_00000081.png,normal,,,,,,val,81,
6_dB_id_02_00000082.png,normal,,,,,,val,82,
6_dB_id_02_00000083.png,normal,,,,,,val,83,
6_dB_id_02_00000084.png,normal,,,,,,val,84,
6_dB_id_02_00000085.png,normal,,,,,,val,85,
6_dB_id_02_00000086.png,normal,,,,,,val,86,
6_dB_id_02_00000087.png,normal,,,,,,val,87,
6_dB_id_02_00000088.png,normal,,,,,,val,88,
6_dB_id_02_00000089.png,normal,,,,,,val,89,
6_dB_id_02_00000090.png,normal,,,,,,val,90,
6_dB_id_02_00000091.png,normal,,,,,,val,91,
6_dB_id_02_00000092.png,normal,,,,,,val,92,
6_dB_id_02_00000093.png,normal,,,,,,val,93,
6_dB_id_02_00000094.png,normal,,,,,,val,94,
6_dB_id_02_00000095.png,normal,,,,,,val,95,
6_dB_id_02_00000096.png,normal,,,,,,val,96,
6_dB_id_02_00000097.png,normal,,,,,,val,97,
6_dB_id_02_00000098.png,normal,,,,,,val,98,
6_dB_id_02_00000099.png,normal,,,,,,val,99,
6_dB_id_02_00000100.png,normal,,,,,,val,100,
6_dB_id_02_00000101.png,normal,,,,,,val,101,
6_dB_id_02_00000102.png,normal,,,,,,val,102,
6_dB_id_02_00000103.png,normal,,,,,,val,103,
6_dB_id_02_00000104.png,normal,,,,,,val,104,
6_dB_id_02_00000105.png,normal,,,,,,val,105,
6_dB_id_02_00000106.png,normal,,,,,,val,106,
6_dB_id_02_00000107.png,normal,,,,,,val,107,
6_dB_id_02_00000108.png,normal,,,,,,val,108,
6_dB_id_02_00000109.png,normal,,,,,,val,109,
6_dB_id_02_00000110.png,normal,,,,,,val,110,
6_dB_id_02_00000111.png,normal,,,,,,val,111,
6_dB_id_02_00000112.png,normal,,,,,,val,112,
6_dB_id_02_00000113.png,normal,,,,,,val,113,
6_dB_id_02_00000114.png,normal,,,,,,val,114,
6_dB_id_02_00000115.png,normal,,,,,,val,115,
6_dB_id_02_00000116.png,normal,,,,,,val,116,
6_dB_id_02_00000117.png,normal,,,,,,val,117,
6_dB_id_02_00000118.png,normal,,,,,,val,118,
6_dB_id_02_00000119.png,normal,,,,,,val,119,
6_dB_id_02_00000120.png,normal,,,,,,val,120,
6_dB_id_02_00000121.png,normal,,,,,,val,121,
6_dB_id_02_00000122.png,normal,,,,,,val,122,
6_dB_id_02_00000123.png,normal,,,,,,val,123,
6_dB_id_02_00000124.png,normal,,,,,,val,124,
6_dB_id_02_00000125.png,normal,,,,,,val,125,
6_dB_id_02_00000126.png,normal,,,,,,val,126,
6_dB_id_02_00000127.png,normal,,,,,,val,127,
6_dB_id_02_00000128.png,normal,,,,,,val,128,
6_dB_id_02_00000129.png,normal,,,,,,val,129,
6_dB_id_02_00000130.png,normal,,,,,,val,130,
6_dB_id_02_00000131.png,normal,,,,,,val,131,
6_dB_id_02_00000132.png,normal,,,,,,val,132,
6_dB_id_02_00000133.png,normal,,,,,,val,133,
6_dB_id_02_00000134.png,normal,,,,,,val,134,
6_dB_id_02_00000135.png,normal,,,,,,val,135,
6_dB_id_02_00000136.png,normal,,,,,,val,136,
6_dB_id_02_00000137.png,normal,,,,,,val,137,
6_dB_id_02_00000138.png,normal,,,,,,val,138,
6_dB_id_02_00000139.png,normal,,,,,,val,139,
6_dB_id_02_00000140.png,normal,,,,,,val,140,
6_dB_id_02_00000141.png,normal,,,,,,val,141,
6_dB_id_02_00000142.png,normal,,,,,,val,142,
6_dB_id_02_00000143.png,normal,,,,,,val,143,
6_dB_id_02_00000144.png,normal,,,,,,val,144,
6_dB_id_02_00000145.png,normal,,,,,,val,145,
6_dB_id_02_00000146.png,normal,,,,,,val,146,
6_dB_id_02_00000147.png,normal,,,,,,val,147,
6_dB_id_02_00000148.png,normal,,,,,,val,148,
6_dB_id_02_00000149.png,normal,,,,,,val,149,
6_dB_id_02_00000150.png,normal,,,,,,val,150,
6_dB_id_02_00000151.png,normal,,,,,,val,151,
6_dB_id_02_00000152.png,normal,,,,,,val,152,
6_dB_id_02_00000153.png,normal,,,,,,val,153,
6_dB_id_02_00000154.png,normal,,,,,,val,154,
6_dB_id_02_00000155.png,normal,,,,,,val,155,
6_dB_id_02_00000156.png,normal,,,,,,val,156,
6_dB_id_02_00000157.png,normal,,,,,,val,157,
6_dB_id_02_00000158.png,normal,,,,,,val,158,
6_dB_id_02_00000159.png,normal,,,,,,val,159,
6_dB_id_02_00000160.png,normal,,,,,,val,160,
6_dB_id_02_00000161.png,normal,,,,,,val,161,
6_dB_id_02_00000162.png,normal,,,,,,val,162,
6_dB_id_02_00000163.png,normal,,,,,,val,163,
6_dB_id_02_00000164.png,normal,,,,,,val,164,
6_dB_id_02_00000165.png,normal,,,,,,val,165,
6_dB_id_02_00000166.png,normal,,,,,,val,166,
6_dB_id_02_00000167.png,normal,,,,,,val,167,
6_dB_id_02_00000168.png,normal,,,,,,val,168,
6_dB_id_02_00000169.png,normal,,,,,,val,169,
6_dB_id_02_00000170.png,normal,,,,,,val,170,
6_dB_id_02_00000171.png,normal,,,,,,val,171,
6_dB_id_02_00000172.png,normal,,,,,,val,172,
6_dB_id_02_00000173.png,normal,,,,,,val,173,
6_dB_id_02_00000174.png,normal,,,,,,val,174,
6_dB_id_02_00000175.png,normal,,,,,,val,175,
6_dB_id_02_00000176.png,normal,,,,,,val,176,
6_dB_id_02_00000177.png,normal,,,,,,val,177,
6_dB_id_02_00000178.png,normal,,,,,,val,178,
6_dB_id_02_00000179.png,normal,,,,,,val,179,
6_dB_id_02_00000180.png,normal,,,,,,val,180,
6_dB_id_02_00000181.png,normal,,,,,,val,181,
6_dB_id_02_00000182.png,normal,,,,,,val,182,
6_dB_id_02_00000183.png,normal,,,,,,val,183,
6_dB_id_02_00000184.png,normal,,,,,,val,184,
6_dB_id_02_00000185.png,normal,,,,,,val,185,
6_dB_id_02_00000186.png,normal,,,,,,val,186,
6_dB_id_02_00000187.png,normal,,,,,,val,187,
6_dB_id_02_00000188.png,normal,,,,,,val,188,
6_dB_id_02_00000189.png,normal,,,,,,val,189,
6_dB_id_02_00000190.png,normal,,,,,,val,190,
6_dB_id_02_00000191.png,normal,,,,,,val,191,
6_dB_id_02_00000192.png,normal,,,,,,val,192,
6_dB_id_02_00000193.png,normal,,,,,,val,193,
6_dB_id_02_00000194.png,normal,,,,,,val,194,
6_dB_id_02_00000195.png,normal,,,,,,val,195,
6_dB_id_02_00000196.png,normal,,,,,,val,196,
6_dB_id_02_00000197.png,normal,,,,,,val,197,
6_dB_id_02_00000198.png,normal,,,,,,val,198,
6_dB_id_02_00000199.png,normal,,,,,,val,199,
6_dB_id_02_00000200.png,normal,,,,,,val,200,
6_dB_id_02_00000201.png,normal,,,,,,val,201,
6_dB_id_02_00000202.png,normal,,,,,,val,202,
6_dB_id_02_00000203.png,normal,,,,,,val,203,
6_dB_id_02_00000204.png,normal,,,,,,val,204,
6_dB_id_02_00000205.png,normal,,,,,,val,205,
6_dB_id_02_00000206.png,normal,,,,,,val,206,
6_dB_id_02_00000207.png,normal,,,,,,val,207,
6_dB_id_02_00000208.png,normal,,,,,,val,208,
6_dB_id_02_00000209.png,normal,,,,,,val,209,
6_dB_id_02_00000210.png,normal,,,,,,val,210,
6_dB_id_02_00000211.png,normal,,,,,,val,211,
6_dB_id_02_00000212.png,normal,,,,,,val,212,
6_dB_id_02_00000213.png,normal,,,,,,val,213,
6_dB_id_02_00000214.png,normal,,,,,,val,214,
6_dB_id_02_00000215.png,normal,,,,,,val,215,
6_dB_id_02_00000216.png,normal,,,,,,val,216,
6_dB_id_02_00000217.png,normal,,,,,,val,217,
6_dB_id_02_00000218.png,normal,,,,,,val,218,
6_dB_id_02_00000219.png,normal,,,,,,val,219,
6_dB_id_02_00000220.png,normal,,,,,,val,220,
6_dB_id_02_00000221.png,normal,,,,,,val,221,
6_dB_id_02_00000222.png,normal,,,,,,val,222,
6_dB_id_02_00000223.png,normal,,,,,,val,223,
6_dB_id_02_00000224.png,normal,,,,,,val,224,
6_dB_id_02_00000225.png,normal,,,,,,val,225,
6_dB_id_02_00000226.png,normal,,,,,,val,226,
6_dB_id_02_00000227.png,normal,,,,,,val,227,
6_dB_id_02_00000228.png,normal,,,,,,val,228,
6_dB_id_02_00000229.png,normal,,,,,,val,229,
6_dB_id_02_00000230.png,normal,,,,,,val,230,
6_dB_id_02_00000231.png,normal,,,,,,val,231,
6_dB_id_02_00000232.png,normal,,,,,,val,232,
6_dB_id_02_00000233.png,normal,,,,,,val,233,
6_dB_id_02_00000234.png,normal,,,,,,val,234,
6_dB_id_02_00000235.png,normal,,,,,,val,235,
6_dB_id_02_00000236.png,normal,,,,,,val,236,
6_dB_id_02_00000237.png,normal,,,,,,val,237,
6_dB_id_02_00000238.png,normal,,,,,,val,238,
6_dB_id_02_00000239.png,normal,,,,,,val,239,
6_dB_id_02_00000240.png,normal,,,,,,val,240,
6_dB_id_02_00000241.png,normal,,,,,,val,241,
6_dB_id_02_00000242.png,normal,,,,,,val,242,
6_dB_id_02_00000243.png,normal,,,,,,val,243,
6_dB_id_02_00000244.png,normal,,,,,,val,244,
6_dB_id_02_00000245.png,normal,,,,,,val,245,
6_dB_id_02_00000246.png,normal,,,,,,val,246,
6_dB_id_02_00000247.png,normal,,,,,,val,247,
6_dB_id_02_00000248.png,normal,,,,,,val,248,
6_dB_id_02_00000249.png,normal,,,,,,val,249,
6_dB_id_02_00000250.png,normal,,,,,,val,250,
6_dB_id_02_00000251.png,normal,,,,,,val,251,
6_dB_id_02_00000252.png,normal,,,,,,val,252,
6_dB_id_02_00000253.png,normal,,,,,,val,253,
6_dB_id_02_00000254.png,normal,,,,,,val,254,
6_dB_id_02_00000255.png,normal,,,,,,val,255,
6_dB_id_02_00000256.png,normal,,,,,,val,256,
6_dB_id_02_00000257.png,normal,,,,,,val,257,
6_dB_id_02_00000258.png,normal,,,,,,val,258,
6_dB_id_02_00000259.png,normal,,,,,,val,259,
6_dB_id_02_00000260.png,normal,,,,,,val,260,
6_dB_id_02_00000261.png,normal,,,,,,val,261,
6_dB_id_02_00000262.png,normal,,,,,,val,262,
6_dB_id_02_00000263.png,normal,,,,,,val,263,
6_dB_id_02_00000264.png,normal,,,,,,val,264,
6_dB_id_02_00000265.png,normal,,,,,,val,265,
6_dB_id_02_00000266.png,normal,,,,,,val,266,
6_dB_id_02_00000267.png,normal,,,,,,val,267,
6_dB_id_02_00000268.png,normal,,,,,,val,268,
6_dB_id_02_00000269.png,normal,,,,,,val,269,
6_dB_id_02_00000270.png,normal,,,,,,val,270,
6_dB_id_02_00000271.png,normal,,,,,,val,271,
6_dB_id_02_00000272.png,normal,,,,,,val,272,
6_dB_id_02_00000273.png,normal,,,,,,val,273,
6_dB_id_02_00000274.png,normal,,,,,,val,274,
6_dB_id_02_00000275.png,normal,,,,,,val,275,
6_dB_id_02_00000276.png,normal,,,,,,val,276,
6_dB_id_02_00000277.png,normal,,,,,,val,277,
6_dB_id_02_00000278.png,normal,,,,,,val,278,
6_dB_id_02_00000279.png,normal,,,,,,val,279,
6_dB_id_02_00000280.png,normal,,,,,,val,280,
6_dB_id_02_00000281.png,normal,,,,,,val,281,
6_dB_id_02_00000282.png,normal,,,,,,val,282,
6_dB_id_02_00000283.png,normal,,,,,,val,283,
6_dB_id_02_00000284.png,normal,,,,,,val,284,
6_dB_id_02_00000285.png,normal,,,,,,val,285,
6_dB_id_02_00000286.png,normal,,,,,,val,286,
6_dB_id_02_00000287.png,normal,,,,,,val,287,
6_dB_id_02_00000288.png,normal,,,,,,val,288,
6_dB_id_02_00000289.png,normal,,,,,,val,289,
6_dB_id_02_00000290.png,normal,,,,,,val,290,
6_dB_id_02_00000291.png,normal,,,,,,val,291,
6_dB_id_02_00000292.png,normal,,,,,,val,292,
6_dB_id_02_00000293.png,normal,,,,,,val,293,
6_dB_id_02_00000294.png,normal,,,,,,val,294,
6_dB_id_02_00000295.png,normal,,,,,,val,295,
6_dB_id_02_00000296.png,normal,,,,,,val,296,
6_dB_id_02_00000297.png,normal,,,,,,val,297,
6_dB_id_02_00000298.png,normal,,,,,,val,298,
6_dB_id_02_00000299.png,normal,,,,,,val,299,
6_dB_id_02_00000300.png,normal,,,,,,val,300,
6_dB_id_02_00000301.png,normal,,,,,,val,301,
6_dB_id_02_00000302.png,normal,,,,,,val,302,
6_dB_id_02_00000303.png,normal,,,,,,val,303,
6_dB_id_02_00000304.png,normal,,,,,,val,304,
6_dB_id_02_00000305.png,normal,,,,,,val,305,
6_dB_id_02_00000306.png,normal,,,,,,val,306,
6_dB_id_02_00000307.png,normal,,,,,,val,307,
6_dB_id_02_00000308.png,normal,,,,,,val,308,
6_dB_id_02_00000309.png,normal,,,,,,val,309,
6_dB_id_02_00000310.png,normal,,,,,,val,310,
6_dB_id_02_00000311.png,normal,,,,,,val,311,
6_dB_id_02_00000312.png,normal,,,,,,val,312,
6_dB_id_02_00000313.png,normal,,,,,,val,313,
6_dB_id_02_00000314.png,normal,,,,,,val,314,
6_dB_id_02_00000315.png,normal,,,,,,val,315,
6_dB_id_02_00000316.png,normal,,,,,,val,316,
6_dB_id_02_00000317.png,normal,,,,,,val,317,
6_dB_id_02_00000318.png,normal,,,,,,val,318,
6_dB_id_02_00000319.png,normal,,,,,,val,319,
6_dB_id_02_00000320.png,normal,,,,,,val,320,
6_dB_id_02_00000321.png,normal,,,,,,val,321,
6_dB_id_02_00000322.png,normal,,,,,,val,322,
6_dB_id_02_00000323.png,normal,,,,,,val,323,
6_dB_id_02_00000324.png,normal,,,,,,val,324,
6_dB_id_02_00000325.png,normal,,,,,,val,325,
6_dB_id_02_00000326.png,normal,,,,,,val,326,
6_dB_id_02_00000327.png,normal,,,,,,val,327,
6_dB_id_02_00000328.png,normal,,,,,,val,328,
6_dB_id_02_00000329.png,normal,,,,,,val,329,
6_dB_id_02_00000330.png,normal,,,,,,val,330,
6_dB_id_02_00000331.png,normal,,,,,,val,331,
6_dB_id_02_00000332.png,normal,,,,,,val,332,
6_dB_id_02_00000333.png,normal,,,,,,val,333,
6_dB_id_02_00000334.png,normal,,,,,,val,334,
6_dB_id_02_00000335.png,normal,,,,,,val,335,
6_dB_id_02_00000336.png,normal,,,,,,val,336,
6_dB_id_02_00000337.png,normal,,,,,,val,337,
6_dB_id_02_00000338.png,normal,,,,,,val,338,
6_dB_id_02_00000339.png,normal,,,,,,val,339,
6_dB_id_02_00000340.png,normal,,,,,,val,340,
6_dB_id_02_00000341.png,normal,,,,,,val,341,
6_dB_id_02_00000342.png,normal,,,,,,val,342,
6_dB_id_02_00000343.png,normal,,,,,,val,343,
6_dB_id_02_00000344.png,normal,,,,,,val,344,
6_dB_id_02_00000345.png,normal,,,,,,val,345,
6_dB_id_02_00000346.png,normal,,,,,,val,346,
6_dB_id_02_00000347.png,normal,,,,,,val,347,
6_dB_id_02_00000348.png,normal,,,,,,val,348,
6_dB_id_02_00000349.png,normal,,,,,,val,349,
6_dB_id_02_00000350.png,normal,,,,,,val,350,
6_dB_id_02_00000351.png,normal,,,,,,val,351,
6_dB_id_02_00000352.png,normal,,,,,,val,352,
6_dB_id_02_00000353.png,normal,,,,,,val,353,
6_dB_id_02_00000354.png,normal,,,,,,val,354,
6_dB_id_02_00000355.png,normal,,,,,,val,355,
6_dB_id_02_00000356.png,normal,,,,,,val,356,
6_dB_id_02_00000357.png,normal,,,,,,val,357,
6_dB_id_02_00000358.png,normal,,,,,,val,358,
6_dB_id_02_00000359.png,normal,,,,,,val,359,
6_dB_id_02_00000360.png,normal,,,,,,val,360,
6_dB_id_02_00000361.png,normal,,,,,,val,361,
6_dB_id_02_00000362.png,normal,,,,,,val,362,
6_dB_id_02_00000363.png,normal,,,,,,val,363,
6_dB_id_02_00000364.png,normal,,,,,,val,364,
6_dB_id_02_00000365.png,normal,,,,,,val,365,
6_dB_id_02_00000366.png,normal,,,,,,val,366,
6_dB_id_02_00000367.png,normal,,,,,,val,367,
6_dB_id_02_00000368.png,normal,,,,,,val,368,
6_dB_id_02_00000369.png,normal,,,,,,val,369,
6_dB_id_02_00000370.png,normal,,,,,,val,370,
6_dB_id_02_00000371.png,normal,,,,,,val,371,
6_dB_id_02_00000372.png,normal,,,,,,val,372,
6_dB_id_02_00000373.png,normal,,,,,,val,373,
6_dB_id_02_00000374.png,normal,,,,,,val,374,
6_dB_id_02_00000375.png,normal,,,,,,val,375,
6_dB_id_02_00000376.png,normal,,,,,,val,376,
6_dB_id_02_00000377.png,normal,,,,,,val,377,
6_dB_id_02_00000378.png,normal,,,,,,val,378,
6_dB_id_02_00000379.png,normal,,,,,,val,379,
6_dB_id_02_00000380.png,normal,,,,,,val,380,
6_dB_id_02_00000381.png,normal,,,,,,val,381,
6_dB_id_02_00000382.png,normal,,,,,,val,382,
6_dB_id_02_00000383.png,normal,,,,,,val,383,
6_dB_id_02_00000384.png,normal,,,,,,val,384,
6_dB_id_02_00000385.png,normal,,,,,,val,385,
6_dB_id_02_00000386.png,normal,,,,,,val,386,
6_dB_id_02_00000387.png,normal,,,,,,val,387,
6_dB_id_02_00000388.png,normal,,,,,,val,388,
6_dB_id_02_00000389.png,normal,,,,,,val,389,
6_dB_id_02_00000390.png,normal,,,,,,val,390,
6_dB_id_02_00000391.png,normal,,,,,,val,391,
6_dB_id_02_00000392.png,normal,,,,,,val,392,
6_dB_id_02_00000393.png,normal,,,,,,val,393,
6_dB_id_02_00000394.png,normal,,,,,,val,394,
6_dB_id_02_00000395.png,normal,,,,,,val,395,
6_dB_id_02_00000396.png,normal,,,,,,val,396,
6_dB_id_02_00000397.png,normal,,,,,,val,397,
6_dB_id_02_00000398.png,normal,,,,,,val,398,
6_dB_id_02_00000399.png,normal,,,,,,val,399,
6_dB_id_02_00000400.png,normal,,,,,,val,400,
6_dB_id_02_00000401.png,normal,,,,,,val,401,
6_dB_id_02_00000402.png,normal,,,,,,val,402,
6_dB_id_02_00000403.png,normal,,,,,,val,403,
6_dB_id_02_00000404.png,normal,,,,,,val,404,
6_dB_id_02_00000405.png,normal,,,,,,val,405,
6_dB_id_02_00000406.png,normal,,,,,,val,406,
6_dB_id_02_00000407.png,normal,,,,,,val,407,
6_dB_id_02_00000408.png,normal,,,,,,val,408,
6_dB_id_02_00000409.png,normal,,,,,,val,409,
6_dB_id_02_00000410.png,normal,,,,,,val,410,
6_dB_id_02_00000411.png,normal,,,,,,val,411,
6_dB_id_02_00000412.png,normal,,,,,,val,412,
6_dB_id_02_00000413.png,normal,,,,,,val,413,
6_dB_id_02_00000414.png,normal,,,,,,val,414,
6_dB_id_02_00000415.png,normal,,,,,,val,415,
6_dB_id_02_00000416.png,normal,,,,,,val,416,
6_dB_id_02_00000417.png,normal,,,,,,val,417,
6_dB_id_02_00000418.png,normal,,,,,,val,418,
6_dB_id_02_00000419.png,normal,,,,,,val,419,
6_dB_id_02_00000420.png,normal,,,,,,val,420,
6_dB_id_02_00000421.png,normal,,,,,,val,421,
6_dB_id_02_00000422.png,normal,,,,,,val,422,
6_dB_id_02_00000423.png,normal,,,,,,val,423,
6_dB_id_02_00000424.png,normal,,,,,,val,424,
6_dB_id_02_00000425.png,normal,,,,,,val,425,
6_dB_id_02_00000426.png,normal,,,,,,val,426,
6_dB_id_02_00000427.png,normal,,,,,,val,427,
6_dB_id_02_00000428.png,normal,,,,,,val,428,
6_dB_id_02_00000429.png,normal,,,,,,val,429,
6_dB_id_02_00000430.png,normal,,,,,,val,430,
6_dB_id_02_00000431.png,normal,,,,,,val,431,
6_dB_id_02_00000432.png,normal,,,,,,val,432,
6_dB_id_02_00000433.png,normal,,,,,,val,433,
6_dB_id_02_00000434.png,normal,,,,,,val,434,
6_dB_id_02_00000435.png,normal,,,,,,val,435,
6_dB_id_02_00000436.png,normal,,,,,,val,436,
6_dB_id_02_00000437.png,normal,,,,,,val,437,
6_dB_id_02_00000438.png,normal,,,,,,val,438,
6_dB_id_02_00000439.png,normal,,,,,,val,439,
6_dB_id_02_00000440.png,normal,,,,,,val,440,
6_dB_id_02_00000441.png,normal,,,,,,val,441,
6_dB_id_02_00000442.png,normal,,,,,,val,442,
6_dB_id_02_00000443.png,normal,,,,,,val,443,
6_dB_id_02_00000444.png,normal,,,,,,val,444,
6_dB_id_02_00000445.png,normal,,,,,,val,445,
6_dB_id_02_00000446.png,normal,,,,,,val,446,
6_dB_id_02_00000447.png,normal,,,,,,val,447,
6_dB_id_02_00000448.png,normal,,,,,,val,448,
6_dB_id_02_00000449.png,normal,,,,,,val,449,
6_dB_id_02_00000450.png,normal,,,,,,val,450,
6_dB_id_02_00000451.png,normal,,,,,,val,451,
6_dB_id_02_00000452.png,normal,,,,,,val,452,
6_dB_id_02_00000453.png,normal,,,,,,val,453,
6_dB_id_02_00000454.png,normal,,,,,,val,454,
6_dB_id_02_00000455.png,normal,,,,,,val,455,
6_dB_id_02_00000456.png,normal,,,,,,val,456,
6_dB_id_02_00000457.png,normal,,,,,,val,457,
6_dB_id_02_00000458.png,normal,,,,,,val,458,
6_dB_id_02_00000459.png,normal,,,,,,val,459,
6_dB_id_02_00000460.png,normal,,,,,,val,460,
6_dB_id_02_00000461.png,normal,,,,,,val,461,
6_dB_id_02_00000462.png,normal,,,,,,val,462,
6_dB_id_02_00000463.png,normal,,,,,,val,463,
6_dB_id_02_00000464.png,normal,,,,,,val,464,
6_dB_id_02_00000465.png,normal,,,,,,val,465,
6_dB_id_02_00000466.png,normal,,,,,,val,466,
6_dB_id_02_00000467.png,normal,,,,,,val,467,
6_dB_id_02_00000468.png,normal,,,,,,val,468,
6_dB_id_02_00000469.png,normal,,,,,,val,469,
6_dB_id_02_00000470.png,normal,,,,,,val,470,
6_dB_id_02_00000471.png,normal,,,,,,val,471,
6_dB_id_02_00000472.png,normal,,,,,,val,472,
6_dB_id_02_00000473.png,normal,,,,,,val,473,
6_dB_id_02_00000474.png,normal,,,,,,val,474,
6_dB_id_02_00000475.png,normal,,,,,,val,475,
6_dB_id_02_00000476.png,normal,,,,,,val,476,
6_dB_id_02_00000477.png,normal,,,,,,val,477,
6_dB_id_02_00000478.png,normal,,,,,,val,478,
6_dB_id_02_00000479.png,normal,,,,,,val,479,
6_dB_id_02_00000480.png,normal,,,,,,val,480,
6_dB_id_02_00000481.png,normal,,,,,,val,481,
6_dB_id_02_00000482.png,normal,,,,,,val,482,
6_dB_id_02_00000483.png,normal,,,,,,val,483,
6_dB_id_02_00000484.png,normal,,,,,,val,484,
6_dB_id_02_00000485.png,normal,,,,,,val,485,
6_dB_id_02_00000486.png,normal,,,,,,val,486,
6_dB_id_02_00000487.png,normal,,,,,,val,487,
6_dB_id_02_00000488.png,normal,,,,,,val,488,
6_dB_id_02_00000489.png,normal,,,,,,val,489,
6_dB_id_02_00000490.png,normal,,,,,,val,490,
6_dB_id_02_00000491.png,normal,,,,,,val,491,
6_dB_id_02_00000492.png,normal,,,,,,val,492,
6_dB_id_02_00000493.png,normal,,,,,,val,493,
6_dB_id_02_00000494.png,normal,,,,,,val,494,
6_dB_id_02_00000495.png,normal,,,,,,val,495,
6_dB_id_02_00000496.png,normal,,,,,,val,496,
6_dB_id_02_00000497.png,normal,,,,,,val,497,
6_dB_id_02_00000498.png,normal,,,,,,val,498,
6_dB_id_02_00000499.png,normal,,,,,,val,499,
6_dB_id_02_00000500.png,normal,,,,,,val,500,
6_dB_id_02_00000501.png,normal,,,,,,val,501,
6_dB_id_02_00000502.png,normal,,,,,,val,502,
6_dB_id_02_00000503.png,normal,,,,,,val,503,
6_dB_id_02_00000504.png,normal,,,,,,val,504,
6_dB_id_02_00000505.png,normal,,,,,,val,505,
6_dB_id_02_00000506.png,normal,,,,,,val,506,
6_dB_id_02_00000507.png,normal,,,,,,val,507,
6_dB_id_02_00000508.png,normal,,,,,,val,508,
6_dB_id_02_00000509.png,normal,,,,,,val,509,
6_dB_id_02_00000510.png,normal,,,,,,val,510,
6_dB_id_02_00000511.png,normal,,,,,,val,511,
6_dB_id_02_00000512.png,normal,,,,,,val,512,
6_dB_id_02_00000513.png,normal,,,,,,val,513,
6_dB_id_02_00000514.png,normal,,,,,,val,514,
6_dB_id_02_00000515.png,normal,,,,,,val,515,
6_dB_id_02_00000516.png,normal,,,,,,val,516,
6_dB_id_02_00000517.png,normal,,,,,,val,517,
6_dB_id_02_00000518.png,normal,,,,,,val,518,
6_dB_id_02_00000519.png,normal,,,,,,val,519,
6_dB_id_02_00000520.png,normal,,,,,,val,520,
6_dB_id_02_00000521.png,normal,,,,,,val,521,
6_dB_id_02_00000522.png,normal,,,,,,val,522,
6_dB_id_02_00000523.png,normal,,,,,,val,523,
6_dB_id_02_00000524.png,normal,,,,,,val,524,
6_dB_id_02_00000525.png,normal,,,,,,val,525,
6_dB_id_02_00000526.png,normal,,,,,,val,526,
6_dB_id_02_00000527.png,normal,,,,,,val,527,
6_dB_id_02_00000528.png,normal,,,,,,val,528,
6_dB_id_02_00000529.png,normal,,,,,,val,529,
6_dB_id_02_00000530.png,normal,,,,,,val,530,
6_dB_id_02_00000531.png,normal,,,,,,val,531,
6_dB_id_02_00000532.png,normal,,,,,,val,532,
6_dB_id_02_00000533.png,normal,,,,,,val,533,
6_dB_id_02_00000534.png,normal,,,,,,val,534,
6_dB_id_02_00000535.png,normal,,,,,,val,535,
6_dB_id_02_00000536.png,normal,,,,,,val,536,
6_dB_id_02_00000537.png,normal,,,,,,val,537,
6_dB_id_02_00000538.png,normal,,,,,,val,538,
6_dB_id_02_00000539.png,normal,,,,,,val,539,
6_dB_id_02_00000540.png,normal,,,,,,val,540,
6_dB_id_02_00000541.png,normal,,,,,,val,541,
6_dB_id_02_00000542.png,normal,,,,,,val,542,
6_dB_id_02_00000543.png,normal,,,,,,val,543,
6_dB_id_02_00000544.png,normal,,,,,,val,544,
6_dB_id_02_00000545.png,normal,,,,,,val,545,
6_dB_id_02_00000546.png,normal,,,,,,val,546,
6_dB_id_02_00000547.png,normal,,,,,,val,547,
6_dB_id_02_00000548.png,normal,,,,,,val,548,
6_dB_id_02_00000549.png,normal,,,,,,val,549,
6_dB_id_02_00000550.png,normal,,,,,,val,550,
6_dB_id_02_00000551.png,normal,,,,,,val,551,
6_dB_id_02_00000552.png,normal,,,,,,val,552,
6_dB_id_02_00000553.png,normal,,,,,,val,553,
6_dB_id_02_00000554.png,normal,,,,,,val,554,
6_dB_id_02_00000555.png,normal,,,,,,val,555,
6_dB_id_02_00000556.png,normal,,,,,,val,556,
6_dB_id_02_00000557.png,normal,,,,,,val,557,
6_dB_id_02_00000558.png,normal,,,,,,val,558,
6_dB_id_02_00000559.png,normal,,,,,,val,559,
6_dB_id_02_00000560.png,normal,,,,,,val,560,
6_dB_id_02_00000561.png,normal,,,,,,val,561,
6_dB_id_02_00000562.png,normal,,,,,,val,562,
6_dB_id_02_00000563.png,normal,,,,,,val,563,
6_dB_id_02_00000564.png,normal,,,,,,val,564,
6_dB_id_02_00000565.png,normal,,,,,,val,565,
6_dB_id_02_00000566.png,normal,,,,,,val,566,
6_dB_id_02_00000567.png,normal,,,,,,val,567,
6_dB_id_02_00000568.png,normal,,,,,,val,568,
6_dB_id_02_00000569.png,normal,,,,,,val,569,
6_dB_id_02_00000570.png,normal,,,,,,val,570,
6_dB_id_02_00000571.png,normal,,,,,,val,571,
6_dB_id_02_00000572.png,normal,,,,,,val,572,
6_dB_id_02_00000573.png,normal,,,,,,val,573,
6_dB_id_02_00000574.png,normal,,,,,,val,574,
6_dB_id_02_00000575.png,normal,,,,,,val,575,
6_dB_id_02_00000576.png,normal,,,,,,val,576,
6_dB_id_02_00000577.png,normal,,,,,,val,577,
6_dB_id_02_00000578.png,normal,,,,,,val,578,
6_dB_id_02_00000579.png,normal,,,,,,val,579,
6_dB_id_02_00000580.png,normal,,,,,,val,580,
6_dB_id_02_00000581.png,normal,,,,,,val,581,
6_dB_id_02_00000582.png,normal,,,,,,val,582,
6_dB_id_02_00000583.png,normal,,,,,,val,583,
6_dB_id_02_00000584.png,normal,,,,,,val,584,
6_dB_id_02_00000585.png,normal,,,,,,val,585,
6_dB_id_02_00000586.png,normal,,,,,,val,586,
6_dB_id_02_00000587.png,normal,,,,,,val,587,
6_dB_id_02_00000588.png,normal,,,,,,val,588,
6_dB_id_02_00000589.png,normal,,,,,,val,589,
6_dB_id_02_00000590.png,normal,,,,,,val,590,
6_dB_id_02_00000591.png,normal,,,,,,val,591,
6_dB_id_02_00000592.png,normal,,,,,,val,592,
6_dB_id_02_00000593.png,normal,,,,,,val,593,
6_dB_id_02_00000594.png,normal,,,,,,val,594,
6_dB_id_02_00000595.png,normal,,,,,,val,595,
6_dB_id_02_00000596.png,normal,,,,,,val,596,
6_dB_id_02_00000597.png,normal,,,,,,val,597,
6_dB_id_02_00000598.png,normal,,,,,,val,598,
6_dB_id_02_00000599.png,normal,,,,,,val,599,
6_dB_id_02_00000600.png,normal,,,,,,val,600,
6_dB_id_02_00000601.png,normal,,,,,,val,601,
6_dB_id_02_00000602.png,normal,,,,,,val,602,
6_dB_id_02_00000603.png,normal,,,,,,val,603,
6_dB_id_02_00000604.png,normal,,,,,,val,604,
6_dB_id_02_00000605.png,normal,,,,,,val,605,
6_dB_id_02_00000606.png,normal,,,,,,val,606,
6_dB_id_02_00000607.png,normal,,,,,,val,607,
6_dB_id_02_00000608.png,normal,,,,,,val,608,
6_dB_id_02_00000609.png,normal,,,,,,val,609,
6_dB_id_02_00000610.png,normal,,,,,,val,610,
6_dB_id_02_00000611.png,normal,,,,,,val,611,
6_dB_id_02_00000612.png,normal,,,,,,val,612,
6_dB_id_02_00000613.png,normal,,,,,,val,613,
6_dB_id_02_00000614.png,normal,,,,,,val,614,
6_dB_id_02_00000615.png,normal,,,,,,val,615,
6_dB_id_02_00000616.png,normal,,,,,,val,616,
6_dB_id_02_00000617.png,normal,,,,,,val,617,
6_dB_id_02_00000618.png,normal,,,,,,val,618,
6_dB_id_02_00000619.png,normal,,,,,,val,619,
6_dB_id_02_00000620.png,normal,,,,,,val,620,
6_dB_id_02_00000621.png,normal,,,,,,val,621,
6_dB_id_02_00000622.png,normal,,,,,,val,622,
6_dB_id_02_00000623.png,normal,,,,,,val,623,
6_dB_id_02_00000624.png,normal,,,,,,val,624,
6_dB_id_02_00000625.png,normal,,,,,,val,625,
6_dB_id_02_00000626.png,normal,,,,,,val,626,
6_dB_id_02_00000627.png,normal,,,,,,val,627,
6_dB_id_02_00000628.png,normal,,,,,,val,628,
6_dB_id_02_00000629.png,normal,,,,,,val,629,
6_dB_id_02_00000630.png,normal,,,,,,val,630,
6_dB_id_02_00000631.png,normal,,,,,,val,631,
6_dB_id_02_00000632.png,normal,,,,,,val,632,
6_dB_id_02_00000633.png,normal,,,,,,val,633,
6_dB_id_02_00000634.png,normal,,,,,,val,634,
6_dB_id_02_00000635.png,normal,,,,,,val,635,
6_dB_id_02_00000636.png,normal,,,,,,val,636,
6_dB_id_02_00000637.png,normal,,,,,,val,637,
6_dB_id_02_00000638.png,normal,,,,,,val,638,
6_dB_id_02_00000639.png,normal,,,,,,val,639,
6_dB_id_02_00000640.png,normal,,,,,,val,640,
6_dB_id_02_00000641.png,normal,,,,,,val,641,
6_dB_id_02_00000642.png,normal,,,,,,val,642,
6_dB_id_02_00000643.png,normal,,,,,,val,643,
6_dB_id_02_00000644.png,normal,,,,,,val,644,
6_dB_id_02_00000645.png,normal,,,,,,val,645,
6_dB_id_02_00000646.png,normal,,,,,,val,646,
6_dB_id_02_00000647.png,normal,,,,,,val,647,
6_dB_id_02_00000648.png,normal,,,,,,val,648,
6_dB_id_02_00000649.png,normal,,,,,,val,649,
6_dB_id_02_00000650.png,normal,,,,,,val,650,
6_dB_id_02_00000651.png,normal,,,,,,val,651,
6_dB_id_02_00000652.png,normal,,,,,,val,652,
6_dB_id_02_00000653.png,normal,,,,,,val,653,
6_dB_id_02_00000654.png,normal,,,,,,val,654,
6_dB_id_02_00000655.png,normal,,,,,,val,655,
6_dB_id_02_00000656.png,normal,,,,,,val,656,
6_dB_id_02_00000657.png,normal,,,,,,val,657,
6_dB_id_02_00000658.png,normal,,,,,,val,658,
6_dB_id_02_00000659.png,normal,,,,,,val,659,
6_dB_id_02_00000660.png,normal,,,,,,val,660,
6_dB_id_02_00000661.png,normal,,,,,,val,661,
6_dB_id_02_00000662.png,normal,,,,,,val,662,
6_dB_id_02_00000663.png,normal,,,,,,val,663,
6_dB_id_02_00000664.png,normal,,,,,,val,664,
6_dB_id_02_00000665.png,normal,,,,,,val,665,
6_dB_id_02_00000666.png,normal,,,,,,val,666,
6_dB_id_02_00000667.png,normal,,,,,,val,667,
6_dB_id_02_00000668.png,normal,,,,,,val,668,
6_dB_id_02_00000669.png,normal,,,,,,val,669,
6_dB_id_02_00000670.png,normal,,,,,,val,670,
6_dB_id_02_00000671.png,normal,,,,,,val,671,
6_dB_id_02_00000672.png,normal,,,,,,val,672,
6_dB_id_02_00000673.png,normal,,,,,,val,673,
6_dB_id_02_00000674.png,normal,,,,,,val,674,
6_dB_id_02_00000675.png,normal,,,,,,val,675,
6_dB_id_02_00000676.png,normal,,,,,,val,676,
6_dB_id_02_00000677.png,normal,,,,,,val,677,
6_dB_id_02_00000678.png,normal,,,,,,val,678,
6_dB_id_02_00000679.png,normal,,,,,,val,679,
6_dB_id_02_00000680.png,normal,,,,,,val,680,
6_dB_id_02_00000681.png,normal,,,,,,val,681,
6_dB_id_02_00000682.png,normal,,,,,,val,682,
6_dB_id_02_00000683.png,normal,,,,,,val,683,
6_dB_id_02_00000684.png,normal,,,,,,val,684,
6_dB_id_02_00000685.png,normal,,,,,,val,685,
6_dB_id_02_00000686.png,normal,,,,,,val,686,
6_dB_id_02_00000687.png,normal,,,,,,val,687,
6_dB_id_02_00000688.png,normal,,,,,,val,688,
6_dB_id_02_00000689.png,normal,,,,,,val,689,
6_dB_id_02_00000690.png,normal,,,,,,val,690,
6_dB_id_02_00000691.png,normal,,,,,,val,691,
6_dB_id_02_00000692.png,normal,,,,,,val,692,
6_dB_id_02_00000693.png,normal,,,,,,val,693,
6_dB_id_02_00000694.png,normal,,,,,,val,694,
6_dB_id_02_00000695.png,normal,,,,,,val,695,
6_dB_id_02_00000696.png,normal,,,,,,val,696,
6_dB_id_02_00000697.png,normal,,,,,,val,697,
6_dB_id_02_00000698.png,normal,,,,,,val,698,
6_dB_id_02_00000699.png,normal,,,,,,val,699,
6_dB_id_02_00000700.png,normal,,,,,,val,700,
6_dB_id_02_00000701.png,normal,,,,,,val,701,
6_dB_id_02_00000702.png,normal,,,,,,val,702,
6_dB_id_02_00000703.png,normal,,,,,,val,703,
6_dB_id_02_00000704.png,normal,,,,,,val,704,
6_dB_id_02_00000705.png,normal,,,,,,val,705,
6_dB_id_02_00000706.png,normal,,,,,,val,706,
6_dB_id_02_00000707.png,normal,,,,,,val,707,
6_dB_id_02_00000708.png,normal,,,,,,val,708,
6_dB_id_02_00000709.png,normal,,,,,,val,709,
6_dB_id_02_00000710.png,normal,,,,,,val,710,
6_dB_id_02_00000711.png,normal,,,,,,val,711,
6_dB_id_02_00000712.png,normal,,,,,,val,712,
6_dB_id_02_00000713.png,normal,,,,,,val,713,
6_dB_id_02_00000714.png,normal,,,,,,val,714,
6_dB_id_02_00000715.png,normal,,,,,,val,715,
6_dB_id_02_00000716.png,normal,,,,,,val,716,
6_dB_id_02_00000717.png,normal,,,,,,val,717,
6_dB_id_02_00000718.png,normal,,,,,,val,718,
6_dB_id_02_00000719.png,normal,,,,,,val,719,
6_dB_id_02_00000720.png,normal,,,,,,val,720,
6_dB_id_02_00000721.png,normal,,,,,,val,721,
6_dB_id_02_00000722.png,normal,,,,,,val,722,
6_dB_id_02_00000723.png,normal,,,,,,val,723,
6_dB_id_02_00000724.png,normal,,,,,,val,724,
6_dB_id_02_00000725.png,normal,,,,,,val,725,
6_dB_id_02_00000726.png,normal,,,,,,val,726,
6_dB_id_02_00000727.png,normal,,,,,,val,727,
6_dB_id_02_00000728.png,normal,,,,,,val,728,
6_dB_id_02_00000729.png,normal,,,,,,val,729,
6_dB_id_02_00000730.png,normal,,,,,,val,730,
6_dB_id_02_00000731.png,normal,,,,,,val,731,
6_dB_id_02_00000732.png,normal,,,,,,val,732,
6_dB_id_02_00000733.png,normal,,,,,,val,733,
6_dB_id_02_00000734.png,normal,,,,,,val,734,
6_dB_id_02_00000735.png,normal,,,,,,val,735,
6_dB_id_02_00000736.png,normal,,,,,,val,736,
6_dB_id_02_00000737.png,normal,,,,,,val,737,
6_dB_id_02_00000738.png,normal,,,,,,val,738,
6_dB_id_02_00000739.png,normal,,,,,,val,739,
6_dB_id_02_00000740.png,normal,,,,,,val,740,
6_dB_id_02_00000741.png,normal,,,,,,val,741,
6_dB_id_02_00000742.png,normal,,,,,,val,742,
6_dB_id_02_00000743.png,normal,,,,,,val,743,
6_dB_id_02_00000744.png,normal,,,,,,val,744,
6_dB_id_02_00000745.png,normal,,,,,,val,745,
6_dB_id_02_00000746.png,normal,,,,,,val,746,
6_dB_id_02_00000747.png,normal,,,,,,val,747,
6_dB_id_02_00000748.png,normal,,,,,,val,748,
6_dB_id_02_00000749.png,normal,,,,,,val,749,
6_dB_id_02_00000750.png,normal,,,,,,val,750,
6_dB_id_02_00000751.png,normal,,,,,,val,751,
6_dB_id_02_00000752.png,normal,,,,,,val,752,
6_dB_id_02_00000753.png,normal,,,,,,val,753,
6_dB_id_02_00000754.png,normal,,,,,,val,754,
6_dB_id_02_00000755.png,normal,,,,,,val,755,
6_dB_id_02_00000756.png,normal,,,,,,val,756,
6_dB_id_02_00000757.png,normal,,,,,,val,757,
6_dB_id_02_00000758.png,normal,,,,,,val,758,
6_dB_id_02_00000759.png,normal,,,,,,val,759,
6_dB_id_02_00000760.png,normal,,,,,,val,760,
6_dB_id_02_00000761.png,normal,,,,,,val,761,
6_dB_id_02_00000762.png,normal,,,,,,val,762,
6_dB_id_02_00000763.png,normal,,,,,,val,763,
6_dB_id_02_00000764.png,normal,,,,,,val,764,
6_dB_id_02_00000765.png,normal,,,,,,val,765,
6_dB_id_02_00000766.png,normal,,,,,,val,766,
6_dB_id_02_00000767.png,normal,,,,,,val,767,
6_dB_id_02_00000768.png,normal,,,,,,val,768,
6_dB_id_02_00000769.png,normal,,,,,,val,769,
6_dB_id_02_00000770.png,normal,,,,,,val,770,
6_dB_id_02_00000771.png,normal,,,,,,val,771,
6_dB_id_02_00000772.png,normal,,,,,,val,772,
6_dB_id_02_00000773.png,normal,,,,,,val,773,
6_dB_id_02_00000774.png,normal,,,,,,val,774,
6_dB_id_02_00000775.png,normal,,,,,,val,775,
6_dB_id_02_00000776.png,normal,,,,,,val,776,
6_dB_id_02_00000777.png,normal,,,,,,val,777,
6_dB_id_02_00000778.png,normal,,,,,,val,778,
6_dB_id_02_00000779.png,normal,,,,,,val,779,
6_dB_id_02_00000780.png,normal,,,,,,val,780,
6_dB_id_02_00000781.png,normal,,,,,,val,781,
6_dB_id_02_00000782.png,normal,,,,,,val,782,
6_dB_id_02_00000783.png,normal,,,,,,val,783,
6_dB_id_02_00000784.png,normal,,,,,,val,784,
6_dB_id_02_00000785.png,normal,,,,,,val,785,
6_dB_id_02_00000786.png,normal,,,,,,val,786,
6_dB_id_02_00000787.png,normal,,,,,,val,787,
6_dB_id_02_00000788.png,normal,,,,,,val,788,
6_dB_id_02_00000789.png,normal,,,,,,val,789,
6_dB_id_02_00000790.png,normal,,,,,,val,790,
6_dB_id_02_00000791.png,normal,,,,,,val,791,
6_dB_id_02_00000792.png,normal,,,,,,val,792,
6_dB_id_02_00000793.png,normal,,,,,,val,793,
6_dB_id_02_00000794.png,normal,,,,,,val,794,
6_dB_id_02_00000795.png,normal,,,,,,val,795,
6_dB_id_02_00000796.png,normal,,,,,,val,796,
6_dB_id_02_00000797.png,normal,,,,,,val,797,
6_dB_id_02_00000798.png,normal,,,,,,val,798,
6_dB_id_02_00000799.png,normal,,,,,,val,799,
6_dB_id_02_00000800.png,normal,,,,,,val,800,
6_dB_id_02_00000801.png,normal,,,,,,val,801,
6_dB_id_02_00000802.png,normal,,,,,,val,802,
6_dB_id_02_00000803.png,normal,,,,,,val,803,
6_dB_id_02_00000804.png,normal,,,,,,val,804,
6_dB_id_02_00000805.png,normal,,,,,,val,805,
6_dB_id_02_00000806.png,normal,,,,,,val,806,
6_dB_id_02_00000807.png,normal,,,,,,val,807,
6_dB_id_02_00000808.png,normal,,,,,,val,808,
6_dB_id_02_00000809.png,normal,,,,,,val,809,
6_dB_id_02_00000810.png,normal,,,,,,val,810,
6_dB_id_02_00000811.png,normal,,,,,,val,811,
6_dB_id_02_00000812.png,normal,,,,,,val,812,
6_dB_id_02_00000813.png,normal,,,,,,val,813,
6_dB_id_02_00000814.png,normal,,,,,,val,814,
6_dB_id_02_00000815.png,normal,,,,,,val,815,
6_dB_id_02_00000816.png,normal,,,,,,val,816,
6_dB_id_02_00000817.png,normal,,,,,,val,817,
6_dB_id_02_00000818.png,normal,,,,,,val,818,
6_dB_id_02_00000819.png,normal,,,,,,val,819,
6_dB_id_02_00000820.png,normal,,,,,,val,820,
6_dB_id_02_00000821.png,normal,,,,,,val,821,
6_dB_id_02_00000822.png,normal,,,,,,val,822,
6_dB_id_02_00000823.png,normal,,,,,,val,823,
6_dB_id_02_00000824.png,normal,,,,,,val,824,
6_dB_id_02_00000825.png,normal,,,,,,val,825,
6_dB_id_02_00000826.png,normal,,,,,,val,826,
6_dB_id_02_00000827.png,normal,,,,,,val,827,
6_dB_id_02_00000828.png,normal,,,,,,val,828,
6_dB_id_02_00000829.png,normal,,,,,,val,829,
6_dB_id_02_00000830.png,normal,,,,,,val,830,
6_dB_id_02_00000831.png,normal,,,,,,val,831,
6_dB_id_02_00000832.png,normal,,,,,,val,832,
6_dB_id_02_00000833.png,normal,,,,,,val,833,
6_dB_id_02_00000834.png,normal,,,,,,val,834,
6_dB_id_02_00000835.png,normal,,,,,,val,835,
6_dB_id_02_00000836.png,normal,,,,,,val,836,
6_dB_id_02_00000837.png,normal,,,,,,val,837,
6_dB_id_02_00000838.png,normal,,,,,,val,838,
6_dB_id_02_00000839.png,normal,,,,,,val,839,
6_dB_id_02_00000840.png,normal,,,,,,val,840,
6_dB_id_02_00000841.png,normal,,,,,,val,841,
6_dB_id_02_00000842.png,normal,,,,,,val,842,
6_dB_id_02_00000843.png,normal,,,,,,val,843,
6_dB_id_02_00000844.png,normal,,,,,,val,844,
6_dB_id_02_00000845.png,normal,,,,,,val,845,
6_dB_id_02_00000846.png,normal,,,,,,val,846,
6_dB_id_02_00000847.png,normal,,,,,,val,847,
6_dB_id_02_00000848.png,normal,,,,,,val,848,
6_dB_id_02_00000849.png,normal,,,,,,val,849,
6_dB_id_02_00000850.png,normal,,,,,,val,850,
6_dB_id_02_00000851.png,normal,,,,,,val,851,
6_dB_id_02_00000852.png,normal,,,,,,val,852,
6_dB_id_02_00000853.png,normal,,,,,,val,853,
6_dB_id_02_00000854.png,normal,,,,,,val,854,
6_dB_id_02_00000855.png,normal,,,,,,val,855,
6_dB_id_02_00000856.png,normal,,,,,,val,856,
6_dB_id_02_00000857.png,normal,,,,,,val,857,
6_dB_id_02_00000858.png,normal,,,,,,val,858,
6_dB_id_02_00000859.png,normal,,,,,,val,859,
6_dB_id_02_00000860.png,normal,,,,,,val,860,
6_dB_id_02_00000861.png,normal,,,,,,val,861,
6_dB_id_02_00000862.png,normal,,,,,,val,862,
6_dB_id_02_00000863.png,normal,,,,,,val,863,
6_dB_id_02_00000864.png,normal,,,,,,val,864,
6_dB_id_02_00000865.png,normal,,,,,,val,865,
6_dB_id_02_00000866.png,normal,,,,,,val,866,
6_dB_id_02_00000867.png,normal,,,,,,val,867,
6_dB_id_02_00000868.png,normal,,,,,,val,868,
6_dB_id_02_00000869.png,normal,,,,,,val,869,
6_dB_id_02_00000870.png,normal,,,,,,val,870,
6_dB_id_02_00000871.png,normal,,,,,,val,871,
6_dB_id_02_00000872.png,normal,,,,,,val,872,
6_dB_id_02_00000873.png,normal,,,,,,val,873,
6_dB_id_02_00000874.png,normal,,,,,,val,874,
6_dB_id_02_00000875.png,normal,,,,,,val,875,
6_dB_id_02_00000876.png,normal,,,,,,val,876,
6_dB_id_02_00000877.png,normal,,,,,,val,877,
6_dB_id_02_00000878.png,normal,,,,,,val,878,
6_dB_id_02_00000879.png,normal,,,,,,val,879,
6_dB_id_02_00000880.png,normal,,,,,,val,880,
6_dB_id_02_00000881.png,normal,,,,,,val,881,
6_dB_id_02_00000882.png,normal,,,,,,val,882,
6_dB_id_02_00000883.png,normal,,,,,,val,883,
6_dB_id_02_00000884.png,normal,,,,,,val,884,
6_dB_id_02_00000885.png,normal,,,,,,val,885,
6_dB_id_02_00000886.png,normal,,,,,,val,886,
6_dB_id_02_00000887.png,normal,,,,,,val,887,
6_dB_id_02_00000888.png,normal,,,,,,val,888,
6_dB_id_02_00000889.png,normal,,,,,,val,889,
6_dB_id_02_00000890.png,normal,,,,,,val,890,
6_dB_id_02_00000891.png,normal,,,,,,val,891,
6_dB_id_02_00000892.png,normal,,,,,,val,892,
6_dB_id_02_00000893.png,normal,,,,,,val,893,
6_dB_id_02_00000894.png,normal,,,,,,val,894,
6_dB_id_02_00000895.png,normal,,,,,,val,895,
6_dB_id_02_00000896.png,normal,,,,,,val,896,
6_dB_id_02_00000897.png,normal,,,,,,val,897,
6_dB_id_02_00000898.png,normal,,,,,,val,898,
6_dB_id_02_00000899.png,normal,,,,,,val,899,
6_dB_id_02_00000900.png,normal,,,,,,val,900,
6_dB_id_02_00000901.png,normal,,,,,,val,901,
6_dB_id_02_00000902.png,normal,,,,,,val,902,
6_dB_id_02_00000903.png,normal,,,,,,val,903,
6_dB_id_02_00000904.png,normal,,,,,,val,904,
6_dB_id_02_00000905.png,normal,,,,,,val,905,
6_dB_id_02_00000906.png,normal,,,,,,val,906,
6_dB_id_02_00000907.png,normal,,,,,,val,907,
6_dB_id_02_00000908.png,normal,,,,,,val,908,
6_dB_id_02_00000909.png,normal,,,,,,val,909,
6_dB_id_02_00000910.png,normal,,,,,,val,910,
6_dB_id_02_00000911.png,normal,,,,,,val,911,
6_dB_id_02_00000912.png,normal,,,,,,val,912,
6_dB_id_02_00000913.png,normal,,,,,,val,913,
6_dB_id_02_00000914.png,normal,,,,,,val,914,
6_dB_id_02_00000915.png,normal,,,,,,val,915,
6_dB_id_02_00000916.png,normal,,,,,,val,916,
6_dB_id_02_00000917.png,normal,,,,,,val,917,
6_dB_id_02_00000918.png,normal,,,,,,val,918,
6_dB_id_02_00000919.png,normal,,,,,,val,919,
6_dB_id_02_00000920.png,normal,,,,,,val,920,
6_dB_id_02_00000921.png,normal,,,,,,val,921,
6_dB_id_02_00000922.png,normal,,,,,,val,922,
6_dB_id_02_00000923.png,normal,,,,,,val,923,
6_dB_id_02_00000924.png,normal,,,,,,val,924,
6_dB_id_02_00000925.png,normal,,,,,,val,925,
6_dB_id_02_00000926.png,normal,,,,,,val,926,
6_dB_id_02_00000927.png,normal,,,,,,val,927,
6_dB_id_02_00000928.png,normal,,,,,,val,928,
6_dB_id_02_00000929.png,normal,,,,,,val,929,
6_dB_id_02_00000930.png,normal,,,,,,val,930,
6_dB_id_02_00000931.png,normal,,,,,,val,931,
6_dB_id_02_00000932.png,normal,,,,,,val,932,
6_dB_id_02_00000933.png,normal,,,,,,val,933,
6_dB_id_02_00000934.png,normal,,,,,,val,934,
6_dB_id_02_00000935.png,normal,,,,,,val,935,
6_dB_id_02_00000936.png,normal,,,,,,val,936,
6_dB_id_02_00000937.png,normal,,,,,,val,937,
6_dB_id_02_00000938.png,normal,,,,,,val,938,
6_dB_id_02_00000939.png,normal,,,,,,val,939,
6_dB_id_02_00000940.png,normal,,,,,,val,940,
6_dB_id_02_00000941.png,normal,,,,,,val,941,
6_dB_id_02_00000942.png,normal,,,,,,val,942,
6_dB_id_02_00000943.png,normal,,,,,,val,943,
6_dB_id_02_00000944.png,normal,,,,,,val,944,
6_dB_id_02_00000945.png,normal,,,,,,val,945,
6_dB_id_02_00000946.png,normal,,,,,,val,946,
6_dB_id_02_00000947.png,normal,,,,,,val,947,
6_dB_id_02_00000948.png,normal,,,,,,val,948,
6_dB_id_02_00000949.png,normal,,,,,,val,949,
6_dB_id_02_00000950.png,normal,,,,,,val,950,
6_dB_id_02_00000951.png,normal,,,,,,val,951,
6_dB_id_02_00000952.png,normal,,,,,,val,952,
6_dB_id_02_00000953.png,normal,,,,,,val,953,
6_dB_id_02_00000954.png,normal,,,,,,val,954,
6_dB_id_02_00000955.png,normal,,,,,,val,955,
6_dB_id_02_00000956.png,normal,,,,,,val,956,
6_dB_id_02_00000957.png,normal,,,,,,val,957,
6_dB_id_02_00000958.png,normal,,,,,,val,958,
6_dB_id_02_00000959.png,normal,,,,,,val,959,
6_dB_id_02_00000960.png,normal,,,,,,val,960,
6_dB_id_02_00000961.png,normal,,,,,,val,961,
6_dB_id_02_00000962.png,normal,,,,,,val,962,
6_dB_id_02_00000963.png,normal,,,,,,val,963,
6_dB_id_02_00000964.png,normal,,,,,,val,964,
6_dB_id_02_00000965.png,normal,,,,,,val,965,
6_dB_id_02_00000966.png,normal,,,,,,val,966,
6_dB_id_02_00000967.png,normal,,,,,,val,967,
6_dB_id_02_00000968.png,normal,,,,,,val,968,
6_dB_id_02_00000969.png,normal,,,,,,val,969,
6_dB_id_02_00000970.png,normal,,,,,,val,970,
6_dB_id_02_00000971.png,normal,,,,,,val,971,
6_dB_id_02_00000972.png,normal,,,,,,val,972,
6_dB_id_02_00000973.png,normal,,,,,,val,973,
6_dB_id_02_00000974.png,normal,,,,,,val,974,
6_dB_id_02_00000975.png,normal,,,,,,val,975,
6_dB_id_02_00000976.png,normal,,,,,,val,976,
6_dB_id_02_00000977.png,normal,,,,,,val,977,
6_dB_id_02_00000978.png,normal,,,,,,val,978,
6_dB_id_02_00000979.png,normal,,,,,,val,979,
6_dB_id_02_00000980.png,normal,,,,,,val,980,
6_dB_id_02_00000981.png,normal,,,,,,val,981,
6_dB_id_02_00000982.png,normal,,,,,,val,982,
6_dB_id_02_00000983.png,normal,,,,,,val,983,
6_dB_id_02_00000984.png,normal,,,,,,val,984,
6_dB_id_02_00000985.png,normal,,,,,,val,985,
6_dB_id_02_00000986.png,normal,,,,,,val,986,
6_dB_id_02_00000987.png,normal,,,,,,val,987,
6_dB_id_02_00000988.png,normal,,,,,,val,988,
6_dB_id_02_00000989.png,normal,,,,,,val,989,
6_dB_id_02_00000990.png,normal,,,,,,val,990,
6_dB_id_02_00000991.png,normal,,,,,,val,991,
6_dB_id_02_00000992.png,normal,,,,,,val,992,
6_dB_id_02_00000993.png,normal,,,,,,val,993,
6_dB_id_02_00000994.png,normal,,,,,,val,994,
6_dB_id_02_00000995.png,normal,,,,,,val,995,
6_dB_id_02_00000996.png,normal,,,,,,val,996,
6_dB_id_02_00000997.png,normal,,,,,,val,997,
6_dB_id_02_00000998.png,normal,,,,,,val,998,
6_dB_id_02_00000999.png,normal,,,,,,val,999,
6_dB_id_02_00001000.png,normal,,,,,,val,1000,
6_dB_id_02_00001001.png,normal,,,,,,val,1001,
6_dB_id_02_00001002.png,normal,,,,,,val,1002,
6_dB_id_02_00001003.png,normal,,,,,,val,1003,
6_dB_id_02_00001004.png,normal,,,,,,val,1004,
6_dB_id_02_00001005.png,normal,,,,,,val,1005,
6_dB_id_02_00001006.png,normal,,,,,,val,1006,
6_dB_id_02_00001007.png,normal,,,,,,val,1007,
6_dB_id_02_00001008.png,normal,,,,,,val,1008,
6_dB_id_02_00001009.png,normal,,,,,,val,1009,
6_dB_id_02_00001010.png,normal,,,,,,val,1010,
6_dB_id_02_00001011.png,normal,,,,,,val,1011,
6_dB_id_02_00001012.png,normal,,,,,,val,1012,
6_dB_id_02_00001013.png,normal,,,,,,val,1013,
6_dB_id_02_00001014.png,normal,,,,,,val,1014,
6_dB_id_02_00001015.png,normal,,,,,,val,1015,
6_dB_id_02_00001016.png,normal,,,,,,val,1016,
6_dB_id_02_00001017.png,normal,,,,,,val,1017,
6_dB_id_02_00001018.png,normal,,,,,,val,1018,
6_dB_id_02_00001019.png,normal,,,,,,val,1019,
6_dB_id_02_00001020.png,normal,,,,,,val,1020,
6_dB_id_02_00001021.png,normal,,,,,,val,1021,
6_dB_id_02_00001022.png,normal,,,,,,val,1022,
6_dB_id_02_00001023.png,normal,,,,,,val,1023,
6_dB_id_02_00001024.png,normal,,,,,,val,1024,
6_dB_id_02_00001025.png,normal,,,,,,val,1025,
6_dB_id_02_00001026.png,normal,,,,,,val,1026,
6_dB_id_02_00001027.png,normal,,,,,,val,1027,
6_dB_id_02_00001028.png,normal,,,,,,val,1028,
6_dB_id_02_00001029.png,normal,,,,,,val,1029,
6_dB_id_02_00001030.png,normal,,,,,,val,1030,
6_dB_id_02_00001031.png,normal,,,,,,val,1031,
6_dB_id_02_00001032.png,normal,,,,,,val,1032,
6_dB_id_02_00001033.png,normal,,,,,,val,1033,
6_dB_id_02_00001034.png,normal,,,,,,val,1034,
6_dB_id_02_00001035.png,normal,,,,,,val,1035,
6_dB_id_02_00001036.png,normal,,,,,,val,1036,
6_dB_id_02_00001037.png,normal,,,,,,val,1037,
6_dB_id_02_00001038.png,normal,,,,,,val,1038,
6_dB_id_02_00001039.png,normal,,,,,,val,1039,
6_dB_id_02_00001040.png,normal,,,,,,val,1040,
6_dB_id_02_00001041.png,normal,,,,,,val,1041,
6_dB_id_02_00001042.png,normal,,,,,,val,1042,
6_dB_id_02_00001043.png,normal,,,,,,val,1043,
6_dB_id_02_00001044.png,normal,,,,,,val,1044,
6_dB_id_02_00001045.png,normal,,,,,,val,1045,
6_dB_id_02_00001046.png,normal,,,,,,val,1046,
6_dB_id_02_00001047.png,normal,,,,,,val,1047,
6_dB_id_02_00001048.png,normal,,,,,,val,1048,
6_dB_id_02_00001049.png,normal,,,,,,val,1049,
6_dB_id_02_00001050.png,normal,,,,,,val,1050,
6_dB_id_02_00001051.png,normal,,,,,,val,1051,
6_dB_id_02_00001052.png,normal,,,,,,val,1052,
6_dB_id_02_00001053.png,normal,,,,,,val,1053,
6_dB_id_02_00001054.png,normal,,,,,,val,1054,
6_dB_id_02_00001055.png,normal,,,,,,val,1055,
6_dB_id_02_00001056.png,normal,,,,,,val,1056,
6_dB_id_02_00001057.png,normal,,,,,,val,1057,
6_dB_id_02_00001058.png,normal,,,,,,val,1058,
6_dB_id_02_00001059.png,normal,,,,,,val,1059,
6_dB_id_02_00001060.png,normal,,,,,,val,1060,
6_dB_id_02_00001061.png,normal,,,,,,val,1061,
6_dB_id_02_00001062.png,normal,,,,,,val,1062,
6_dB_id_02_00001063.png,normal,,,,,,val,1063,
6_dB_id_02_00001064.png,normal,,,,,,val,1064,
6_dB_id_02_00001065.png,normal,,,,,,val,1065,
6_dB_id_02_00001066.png,normal,,,,,,val,1066,
6_dB_id_02_00001067.png,normal,,,,,,val,1067,
0_dB_id_00_00000000.png,abnormal,,,,,,test,0,
0_dB_id_00_00000001.png,abnormal,,,,,,test,1,
0_dB_id_00_00000002.png,abnormal,,,,,,test,2,
0_dB_id_00_00000003.png,abnormal,,,,,,test,3,
0_dB_id_00_00000004.png,abnormal,,,,,,test,4,
0_dB_id_00_00000005.png,abnormal,,,,,,test,5,
0_dB_id_00_00000006.png,abnormal,,,,,,test,6,
0_dB_id_00_00000007.png,abnormal,,,,,,test,7,
0_dB_id_00_00000008.png,abnormal,,,,,,test,8,
0_dB_id_00_00000009.png,abnormal,,,,,,test,9,
0_dB_id_00_00000010.png,abnormal,,,,,,test,10,
0_dB_id_00_00000011.png,abnormal,,,,,,test,11,
0_dB_id_00_00000012.png,abnormal,,,,,,test,12,
0_dB_id_00_00000013.png,abnormal,,,,,,test,13,
0_dB_id_00_00000014.png,abnormal,,,,,,test,14,
0_dB_id_00_00000015.png,abnormal,,,,,,test,15,
0_dB_id_00_00000016.png,abnormal,,,,,,test,16,
0_dB_id_00_00000017.png,abnormal,,,,,,test,17,
0_dB_id_00_00000018.png,abnormal,,,,,,test,18,
0_dB_id_00_00000019.png,abnormal,,,,,,test,19,
0_dB_id_00_00000020.png,abnormal,,,,,,test,20,
0_dB_id_00_00000021.png,abnormal,,,,,,test,21,
0_dB_id_00_00000022.png,abnormal,,,,,,test,22,
0_dB_id_00_00000023.png,abnormal,,,,,,test,23,
0_dB_id_00_00000024.png,abnormal,,,,,,test,24,
0_dB_id_00_00000025.png,abnormal,,,,,,test,25,
0_dB_id_00_00000026.png,abnormal,,,,,,test,26,
0_dB_id_00_00000027.png,abnormal,,,,,,test,27,
0_dB_id_00_00000028.png,abnormal,,,,,,test,28,
0_dB_id_00_00000029.png,abnormal,,,,,,test,29,
0_dB_id_00_00000030.png,abnormal,,,,,,test,30,
0_dB_id_00_00000031.png,abnormal,,,,,,test,31,
0_dB_id_00_00000032.png,abnormal,,,,,,test,32,
0_dB_id_00_00000033.png,abnormal,,,,,,test,33,
0_dB_id_00_00000034.png,abnormal,,,,,,test,34,
0_dB_id_00_00000035.png,abnormal,,,,,,test,35,
0_dB_id_00_00000036.png,abnormal,,,,,,test,36,
0_dB_id_00_00000037.png,abnormal,,,,,,test,37,
0_dB_id_00_00000038.png,abnormal,,,,,,test,38,
0_dB_id_00_00000039.png,abnormal,,,,,,test,39,
0_dB_id_00_00000040.png,abnormal,,,,,,test,40,
0_dB_id_00_00000041.png,abnormal,,,,,,test,41,
0_dB_id_00_00000042.png,abnormal,,,,,,test,42,
0_dB_id_00_00000043.png,abnormal,,,,,,test,43,
0_dB_id_00_00000044.png,abnormal,,,,,,test,44,
0_dB_id_00_00000045.png,abnormal,,,,,,test,45,
0_dB_id_00_00000046.png,abnormal,,,,,,test,46,
0_dB_id_00_00000047.png,abnormal,,,,,,test,47,
0_dB_id_00_00000048.png,abnormal,,,,,,test,48,
0_dB_id_00_00000049.png,abnormal,,,,,,test,49,
0_dB_id_00_00000050.png,abnormal,,,,,,test,50,
0_dB_id_00_00000051.png,abnormal,,,,,,test,51,
0_dB_id_00_00000052.png,abnormal,,,,,,test,52,
0_dB_id_00_00000053.png,abnormal,,,,,,test,53,
0_dB_id_00_00000054.png,abnormal,,,,,,test,54,
0_dB_id_00_00000055.png,abnormal,,,,,,test,55,
0_dB_id_00_00000056.png,abnormal,,,,,,test,56,
0_dB_id_00_00000057.png,abnormal,,,,,,test,57,
0_dB_id_00_00000058.png,abnormal,,,,,,test,58,
0_dB_id_00_00000059.png,abnormal,,,,,,test,59,
0_dB_id_00_00000060.png,abnormal,,,,,,test,60,
0_dB_id_00_00000061.png,abnormal,,,,,,test,61,
0_dB_id_00_00000062.png,abnormal,,,,,,test,62,
0_dB_id_00_00000063.png,abnormal,,,,,,test,63,
0_dB_id_00_00000064.png,abnormal,,,,,,test,64,
0_dB_id_00_00000065.png,abnormal,,,,,,test,65,
0_dB_id_00_00000066.png,abnormal,,,,,,test,66,
0_dB_id_00_00000067.png,abnormal,,,,,,test,67,
0_dB_id_00_00000068.png,abnormal,,,,,,test,68,
0_dB_id_00_00000069.png,abnormal,,,,,,test,69,
0_dB_id_00_00000070.png,abnormal,,,,,,test,70,
0_dB_id_00_00000071.png,abnormal,,,,,,test,71,
0_dB_id_00_00000072.png,abnormal,,,,,,test,72,
0_dB_id_00_00000073.png,abnormal,,,,,,test,73,
0_dB_id_00_00000074.png,abnormal,,,,,,test,74,
0_dB_id_00_00000075.png,abnormal,,,,,,test,75,
0_dB_id_00_00000076.png,abnormal,,,,,,test,76,
0_dB_id_00_00000077.png,abnormal,,,,,,test,77,
0_dB_id_00_00000078.png,abnormal,,,,,,test,78,
0_dB_id_00_00000079.png,abnormal,,,,,,test,79,
0_dB_id_00_00000080.png,abnormal,,,,,,test,80,
0_dB_id_00_00000081.png,abnormal,,,,,,test,81,
0_dB_id_00_00000082.png,abnormal,,,,,,test,82,
0_dB_id_00_00000083.png,abnormal,,,,,,test,83,
0_dB_id_00_00000084.png,abnormal,,,,,,test,84,
0_dB_id_00_00000085.png,abnormal,,,,,,test,85,
0_dB_id_00_00000086.png,abnormal,,,,,,test,86,
0_dB_id_00_00000087.png,abnormal,,,,,,test,87,
0_dB_id_00_00000088.png,abnormal,,,,,,test,88,
0_dB_id_00_00000089.png,abnormal,,,,,,test,89,
0_dB_id_00_00000090.png,abnormal,,,,,,test,90,
0_dB_id_00_00000091.png,abnormal,,,,,,test,91,
0_dB_id_00_00000092.png,abnormal,,,,,,test,92,
0_dB_id_00_00000093.png,abnormal,,,,,,test,93,
0_dB_id_00_00000094.png,abnormal,,,,,,test,94,
0_dB_id_00_00000095.png,abnormal,,,,,,test,95,
0_dB_id_00_00000096.png,abnormal,,,,,,test,96,
0_dB_id_00_00000097.png,abnormal,,,,,,test,97,
0_dB_id_00_00000098.png,abnormal,,,,,,test,98,
0_dB_id_00_00000099.png,abnormal,,,,,,test,99,
0_dB_id_00_00000100.png,abnormal,,,,,,test,100,
0_dB_id_00_00000101.png,abnormal,,,,,,test,101,
0_dB_id_00_00000102.png,abnormal,,,,,,test,102,
0_dB_id_00_00000103.png,abnormal,,,,,,test,103,
0_dB_id_00_00000104.png,abnormal,,,,,,test,104,
0_dB_id_00_00000105.png,abnormal,,,,,,test,105,
0_dB_id_00_00000106.png,abnormal,,,,,,test,106,
0_dB_id_00_00000107.png,abnormal,,,,,,test,107,
0_dB_id_00_00000108.png,abnormal,,,,,,test,108,
0_dB_id_00_00000109.png,abnormal,,,,,,test,109,
0_dB_id_00_00000110.png,abnormal,,,,,,test,110,
0_dB_id_00_00000111.png,abnormal,,,,,,test,111,
0_dB_id_00_00000112.png,abnormal,,,,,,test,112,
0_dB_id_00_00000113.png,abnormal,,,,,,test,113,
0_dB_id_00_00000114.png,abnormal,,,,,,test,114,
0_dB_id_00_00000115.png,abnormal,,,,,,test,115,
0_dB_id_00_00000116.png,abnormal,,,,,,test,116,
0_dB_id_00_00000117.png,abnormal,,,,,,test,117,
0_dB_id_00_00000118.png,abnormal,,,,,,test,118,
0_dB_id_00_00000119.png,abnormal,,,,,,test,119,
0_dB_id_00_00000120.png,abnormal,,,,,,test,120,
0_dB_id_00_00000121.png,abnormal,,,,,,test,121,
0_dB_id_00_00000122.png,abnormal,,,,,,test,122,
0_dB_id_00_00000123.png,abnormal,,,,,,test,123,
0_dB_id_00_00000124.png,abnormal,,,,,,test,124,
0_dB_id_00_00000125.png,abnormal,,,,,,test,125,
0_dB_id_00_00000126.png,abnormal,,,,,,test,126,
0_dB_id_00_00000127.png,abnormal,,,,,,test,127,
0_dB_id_00_00000128.png,abnormal,,,,,,test,128,
0_dB_id_00_00000129.png,abnormal,,,,,,test,129,
0_dB_id_00_00000130.png,abnormal,,,,,,test,130,
0_dB_id_00_00000131.png,abnormal,,,,,,test,131,
0_dB_id_00_00000132.png,abnormal,,,,,,test,132,
0_dB_id_00_00000133.png,abnormal,,,,,,test,133,
0_dB_id_00_00000134.png,abnormal,,,,,,test,134,
0_dB_id_00_00000135.png,abnormal,,,,,,test,135,
0_dB_id_00_00000136.png,abnormal,,,,,,test,136,
0_dB_id_00_00000137.png,abnormal,,,,,,test,137,
0_dB_id_00_00000138.png,abnormal,,,,,,test,138,
0_dB_id_00_00000139.png,abnormal,,,,,,test,139,
0_dB_id_00_00000140.png,abnormal,,,,,,test,140,
0_dB_id_00_00000141.png,abnormal,,,,,,test,141,
0_dB_id_00_00000142.png,abnormal,,,,,,test,142,
0_dB_id_00_00000143.png,abnormal,,,,,,test,143,
0_dB_id_00_00000144.png,abnormal,,,,,,test,144,
0_dB_id_00_00000145.png,abnormal,,,,,,test,145,
0_dB_id_00_00000146.png,abnormal,,,,,,test,146,
0_dB_id_00_00000147.png,abnormal,,,,,,test,147,
0_dB_id_00_00000148.png,abnormal,,,,,,test,148,
0_dB_id_00_00000149.png,abnormal,,,,,,test,149,
0_dB_id_00_00000150.png,abnormal,,,,,,test,150,
0_dB_id_00_00000151.png,abnormal,,,,,,test,151,
0_dB_id_00_00000152.png,abnormal,,,,,,test,152,
0_dB_id_00_00000153.png,abnormal,,,,,,test,153,
0_dB_id_00_00000154.png,abnormal,,,,,,test,154,
0_dB_id_00_00000155.png,abnormal,,,,,,test,155,
0_dB_id_00_00000156.png,abnormal,,,,,,test,156,
0_dB_id_00_00000157.png,abnormal,,,,,,test,157,
0_dB_id_00_00000158.png,abnormal,,,,,,test,158,
0_dB_id_00_00000159.png,abnormal,,,,,,test,159,
0_dB_id_00_00000160.png,abnormal,,,,,,test,160,
0_dB_id_00_00000161.png,abnormal,,,,,,test,161,
0_dB_id_00_00000162.png,abnormal,,,,,,test,162,
0_dB_id_00_00000163.png,abnormal,,,,,,test,163,
0_dB_id_00_00000164.png,abnormal,,,,,,test,164,
0_dB_id_00_00000165.png,abnormal,,,,,,test,165,
0_dB_id_00_00000166.png,abnormal,,,,,,test,166,
0_dB_id_00_00000167.png,abnormal,,,,,,test,167,
0_dB_id_00_00000168.png,abnormal,,,,,,test,168,
0_dB_id_00_00000169.png,abnormal,,,,,,test,169,
0_dB_id_00_00000170.png,abnormal,,,,,,test,170,
0_dB_id_00_00000171.png,abnormal,,,,,,test,171,
0_dB_id_00_00000172.png,abnormal,,,,,,test,172,
0_dB_id_00_00000173.png,abnormal,,,,,,test,173,
0_dB_id_00_00000174.png,abnormal,,,,,,test,174,
0_dB_id_00_00000175.png,abnormal,,,,,,test,175,
0_dB_id_00_00000176.png,abnormal,,,,,,test,176,
0_dB_id_00_00000177.png,abnormal,,,,,,test,177,
0_dB_id_00_00000178.png,abnormal,,,,,,test,178,
0_dB_id_00_00000179.png,abnormal,,,,,,test,179,
0_dB_id_00_00000180.png,abnormal,,,,,,test,180,
0_dB_id_00_00000181.png,abnormal,,,,,,test,181,
0_dB_id_00_00000182.png,abnormal,,,,,,test,182,
0_dB_id_00_00000183.png,abnormal,,,,,,test,183,
0_dB_id_00_00000184.png,abnormal,,,,,,test,184,
0_dB_id_00_00000185.png,abnormal,,,,,,test,185,
0_dB_id_00_00000186.png,abnormal,,,,,,test,186,
0_dB_id_00_00000187.png,abnormal,,,,,,test,187,
0_dB_id_00_00000188.png,abnormal,,,,,,test,188,
0_dB_id_00_00000189.png,abnormal,,,,,,test,189,
0_dB_id_00_00000190.png,abnormal,,,,,,test,190,
0_dB_id_00_00000191.png,abnormal,,,,,,test,191,
0_dB_id_00_00000192.png,abnormal,,,,,,test,192,
0_dB_id_00_00000193.png,abnormal,,,,,,test,193,
0_dB_id_00_00000194.png,abnormal,,,,,,test,194,
0_dB_id_00_00000195.png,abnormal,,,,,,test,195,
0_dB_id_00_00000196.png,abnormal,,,,,,test,196,
0_dB_id_00_00000197.png,abnormal,,,,,,test,197,
0_dB_id_00_00000198.png,abnormal,,,,,,test,198,
0_dB_id_00_00000199.png,abnormal,,,,,,test,199,
0_dB_id_00_00000200.png,abnormal,,,,,,test,200,
0_dB_id_00_00000201.png,abnormal,,,,,,test,201,
0_dB_id_00_00000202.png,abnormal,,,,,,test,202,
0_dB_id_00_00000203.png,abnormal,,,,,,test,203,
0_dB_id_00_00000204.png,abnormal,,,,,,test,204,
0_dB_id_00_00000205.png,abnormal,,,,,,test,205,
0_dB_id_00_00000206.png,abnormal,,,,,,test,206,
0_dB_id_00_00000207.png,abnormal,,,,,,test,207,
0_dB_id_00_00000208.png,abnormal,,,,,,test,208,
0_dB_id_00_00000209.png,abnormal,,,,,,test,209,
0_dB_id_00_00000210.png,abnormal,,,,,,test,210,
0_dB_id_00_00000211.png,abnormal,,,,,,test,211,
0_dB_id_00_00000212.png,abnormal,,,,,,test,212,
0_dB_id_00_00000213.png,abnormal,,,,,,test,213,
0_dB_id_00_00000214.png,abnormal,,,,,,test,214,
0_dB_id_00_00000215.png,abnormal,,,,,,test,215,
0_dB_id_00_00000216.png,abnormal,,,,,,test,216,
0_dB_id_00_00000217.png,abnormal,,,,,,test,217,
0_dB_id_00_00000218.png,abnormal,,,,,,test,218,
0_dB_id_00_00000219.png,abnormal,,,,,,test,219,
0_dB_id_00_00000220.png,abnormal,,,,,,test,220,
0_dB_id_00_00000221.png,abnormal,,,,,,test,221,
0_dB_id_00_00000222.png,abnormal,,,,,,test,222,
0_dB_id_00_00000223.png,abnormal,,,,,,test,223,
0_dB_id_00_00000224.png,abnormal,,,,,,test,224,
0_dB_id_00_00000225.png,abnormal,,,,,,test,225,
0_dB_id_00_00000226.png,abnormal,,,,,,test,226,
0_dB_id_00_00000227.png,abnormal,,,,,,test,227,
0_dB_id_00_00000228.png,abnormal,,,,,,test,228,
0_dB_id_00_00000229.png,abnormal,,,,,,test,229,
0_dB_id_00_00000230.png,abnormal,,,,,,test,230,
0_dB_id_00_00000231.png,abnormal,,,,,,test,231,
0_dB_id_00_00000232.png,abnormal,,,,,,test,232,
0_dB_id_00_00000233.png,abnormal,,,,,,test,233,
0_dB_id_00_00000234.png,abnormal,,,,,,test,234,
0_dB_id_00_00000235.png,abnormal,,,,,,test,235,
0_dB_id_00_00000236.png,abnormal,,,,,,test,236,
0_dB_id_00_00000237.png,abnormal,,,,,,test,237,
0_dB_id_00_00000238.png,abnormal,,,,,,test,238,
0_dB_id_00_00000239.png,abnormal,,,,,,test,239,
0_dB_id_00_00000240.png,abnormal,,,,,,test,240,
0_dB_id_00_00000241.png,abnormal,,,,,,test,241,
0_dB_id_00_00000242.png,abnormal,,,,,,test,242,
0_dB_id_00_00000243.png,abnormal,,,,,,test,243,
0_dB_id_00_00000244.png,abnormal,,,,,,test,244,
0_dB_id_00_00000245.png,abnormal,,,,,,test,245,
0_dB_id_00_00000246.png,abnormal,,,,,,test,246,
0_dB_id_00_00000247.png,abnormal,,,,,,test,247,
0_dB_id_00_00000248.png,abnormal,,,,,,test,248,
0_dB_id_00_00000249.png,abnormal,,,,,,test,249,
0_dB_id_00_00000250.png,abnormal,,,,,,test,250,
0_dB_id_00_00000251.png,abnormal,,,,,,test,251,
0_dB_id_00_00000252.png,abnormal,,,,,,test,252,
0_dB_id_00_00000253.png,abnormal,,,,,,test,253,
0_dB_id_00_00000254.png,abnormal,,,,,,test,254,
0_dB_id_00_00000255.png,abnormal,,,,,,test,255,
0_dB_id_00_00000256.png,abnormal,,,,,,test,256,
0_dB_id_00_00000257.png,abnormal,,,,,,test,257,
0_dB_id_00_00000258.png,abnormal,,,,,,test,258,
0_dB_id_00_00000259.png,abnormal,,,,,,test,259,
0_dB_id_00_00000260.png,abnormal,,,,,,test,260,
0_dB_id_00_00000261.png,abnormal,,,,,,test,261,
0_dB_id_00_00000262.png,abnormal,,,,,,test,262,
0_dB_id_00_00000263.png,abnormal,,,,,,test,263,
0_dB_id_00_00000264.png,abnormal,,,,,,test,264,
0_dB_id_00_00000265.png,abnormal,,,,,,test,265,
0_dB_id_00_00000266.png,abnormal,,,,,,test,266,
0_dB_id_00_00000267.png,abnormal,,,,,,test,267,
0_dB_id_00_00000268.png,abnormal,,,,,,test,268,
0_dB_id_00_00000269.png,abnormal,,,,,,test,269,
0_dB_id_00_00000270.png,abnormal,,,,,,test,270,
0_dB_id_00_00000271.png,abnormal,,,,,,test,271,
0_dB_id_00_00000272.png,abnormal,,,,,,test,272,
0_dB_id_00_00000273.png,abnormal,,,,,,test,273,
0_dB_id_00_00000274.png,abnormal,,,,,,test,274,
0_dB_id_00_00000275.png,abnormal,,,,,,test,275,
0_dB_id_00_00000276.png,abnormal,,,,,,test,276,
0_dB_id_00_00000277.png,abnormal,,,,,,test,277,
0_dB_id_00_00000278.png,abnormal,,,,,,test,278,
0_dB_id_00_00000279.png,abnormal,,,,,,test,279,
0_dB_id_00_00000280.png,abnormal,,,,,,test,280,
0_dB_id_00_00000281.png,abnormal,,,,,,test,281,
0_dB_id_00_00000282.png,abnormal,,,,,,test,282,
0_dB_id_00_00000283.png,abnormal,,,,,,test,283,
0_dB_id_00_00000284.png,abnormal,,,,,,test,284,
0_dB_id_00_00000285.png,abnormal,,,,,,test,285,
0_dB_id_00_00000286.png,abnormal,,,,,,test,286,
0_dB_id_00_00000287.png,abnormal,,,,,,test,287,
0_dB_id_00_00000288.png,abnormal,,,,,,test,288,
0_dB_id_00_00000289.png,abnormal,,,,,,test,289,
0_dB_id_00_00000290.png,abnormal,,,,,,test,290,
0_dB_id_00_00000291.png,abnormal,,,,,,test,291,
0_dB_id_00_00000292.png,abnormal,,,,,,test,292,
0_dB_id_00_00000293.png,abnormal,,,,,,test,293,
0_dB_id_00_00000294.png,abnormal,,,,,,test,294,
0_dB_id_00_00000295.png,abnormal,,,,,,test,295,
0_dB_id_00_00000296.png,abnormal,,,,,,test,296,
0_dB_id_00_00000297.png,abnormal,,,,,,test,297,
0_dB_id_00_00000298.png,abnormal,,,,,,test,298,
0_dB_id_00_00000299.png,abnormal,,,,,,test,299,
0_dB_id_00_00000300.png,abnormal,,,,,,test,300,
0_dB_id_00_00000301.png,abnormal,,,,,,test,301,
0_dB_id_00_00000302.png,abnormal,,,,,,test,302,
0_dB_id_00_00000303.png,abnormal,,,,,,test,303,
0_dB_id_00_00000304.png,abnormal,,,,,,test,304,
0_dB_id_00_00000305.png,abnormal,,,,,,test,305,
0_dB_id_00_00000306.png,abnormal,,,,,,test,306,
0_dB_id_00_00000307.png,abnormal,,,,,,test,307,
0_dB_id_00_00000308.png,abnormal,,,,,,test,308,
0_dB_id_00_00000309.png,abnormal,,,,,,test,309,
0_dB_id_00_00000310.png,abnormal,,,,,,test,310,
0_dB_id_00_00000311.png,abnormal,,,,,,test,311,
0_dB_id_00_00000312.png,abnormal,,,,,,test,312,
0_dB_id_00_00000313.png,abnormal,,,,,,test,313,
0_dB_id_00_00000314.png,abnormal,,,,,,test,314,
0_dB_id_00_00000315.png,abnormal,,,,,,test,315,
0_dB_id_00_00000316.png,abnormal,,,,,,test,316,
0_dB_id_00_00000317.png,abnormal,,,,,,test,317,
0_dB_id_00_00000318.png,abnormal,,,,,,test,318,
0_dB_id_00_00000319.png,abnormal,,,,,,test,319,
0_dB_id_00_00000320.png,abnormal,,,,,,test,320,
0_dB_id_00_00000321.png,abnormal,,,,,,test,321,
0_dB_id_00_00000322.png,abnormal,,,,,,test,322,
0_dB_id_00_00000323.png,abnormal,,,,,,test,323,
0_dB_id_00_00000324.png,abnormal,,,,,,test,324,
0_dB_id_00_00000325.png,abnormal,,,,,,test,325,
0_dB_id_00_00000326.png,abnormal,,,,,,test,326,
0_dB_id_00_00000327.png,abnormal,,,,,,test,327,
0_dB_id_00_00000328.png,abnormal,,,,,,test,328,
0_dB_id_00_00000329.png,abnormal,,,,,,test,329,
0_dB_id_00_00000330.png,abnormal,,,,,,test,330,
0_dB_id_00_00000331.png,abnormal,,,,,,test,331,
0_dB_id_00_00000332.png,abnormal,,,,,,test,332,
0_dB_id_00_00000333.png,abnormal,,,,,,test,333,
0_dB_id_00_00000334.png,abnormal,,,,,,test,334,
0_dB_id_00_00000335.png,abnormal,,,,,,test,335,
0_dB_id_00_00000336.png,abnormal,,,,,,test,336,
0_dB_id_00_00000337.png,abnormal,,,,,,test,337,
0_dB_id_00_00000338.png,abnormal,,,,,,test,338,
0_dB_id_00_00000339.png,abnormal,,,,,,test,339,
0_dB_id_00_00000340.png,abnormal,,,,,,test,340,
0_dB_id_00_00000341.png,abnormal,,,,,,test,341,
0_dB_id_00_00000342.png,abnormal,,,,,,test,342,
0_dB_id_00_00000343.png,abnormal,,,,,,test,343,
0_dB_id_00_00000344.png,abnormal,,,,,,test,344,
0_dB_id_00_00000345.png,abnormal,,,,,,test,345,
0_dB_id_00_00000346.png,abnormal,,,,,,test,346,
0_dB_id_00_00000347.png,abnormal,,,,,,test,347,
0_dB_id_00_00000348.png,abnormal,,,,,,test,348,
0_dB_id_00_00000349.png,abnormal,,,,,,test,349,
0_dB_id_00_00000350.png,abnormal,,,,,,test,350,
0_dB_id_00_00000351.png,abnormal,,,,,,test,351,
0_dB_id_00_00000352.png,abnormal,,,,,,test,352,
0_dB_id_00_00000353.png,abnormal,,,,,,test,353,
0_dB_id_00_00000354.png,abnormal,,,,,,test,354,
0_dB_id_00_00000355.png,abnormal,,,,,,test,355,
0_dB_id_00_00000356.png,abnormal,,,,,,test,356,
0_dB_id_00_00000357.png,abnormal,,,,,,test,357,
0_dB_id_00_00000358.png,abnormal,,,,,,test,358,
0_dB_id_00_00000359.png,abnormal,,,,,,test,359,
0_dB_id_00_00000360.png,abnormal,,,,,,test,360,
0_dB_id_00_00000361.png,abnormal,,,,,,test,361,
0_dB_id_00_00000362.png,abnormal,,,,,,test,362,
0_dB_id_00_00000363.png,abnormal,,,,,,test,363,
0_dB_id_00_00000364.png,abnormal,,,,,,test,364,
0_dB_id_00_00000365.png,abnormal,,,,,,test,365,
0_dB_id_00_00000366.png,abnormal,,,,,,test,366,
0_dB_id_00_00000367.png,abnormal,,,,,,test,367,
0_dB_id_00_00000368.png,abnormal,,,,,,test,368,
0_dB_id_00_00000369.png,abnormal,,,,,,test,369,
0_dB_id_00_00000370.png,abnormal,,,,,,test,370,
0_dB_id_00_00000371.png,abnormal,,,,,,test,371,
0_dB_id_00_00000372.png,abnormal,,,,,,test,372,
0_dB_id_00_00000373.png,abnormal,,,,,,test,373,
0_dB_id_00_00000374.png,abnormal,,,,,,test,374,
0_dB_id_00_00000375.png,abnormal,,,,,,test,375,
0_dB_id_00_00000376.png,abnormal,,,,,,test,376,
0_dB_id_00_00000377.png,abnormal,,,,,,test,377,
0_dB_id_00_00000378.png,abnormal,,,,,,test,378,
0_dB_id_00_00000379.png,abnormal,,,,,,test,379,
0_dB_id_00_00000380.png,abnormal,,,,,,test,380,
0_dB_id_00_00000381.png,abnormal,,,,,,test,381,
0_dB_id_00_00000382.png,abnormal,,,,,,test,382,
0_dB_id_00_00000383.png,abnormal,,,,,,test,383,
0_dB_id_00_00000384.png,abnormal,,,,,,test,384,
0_dB_id_00_00000385.png,abnormal,,,,,,test,385,
0_dB_id_00_00000386.png,abnormal,,,,,,test,386,
0_dB_id_00_00000387.png,abnormal,,,,,,test,387,
0_dB_id_00_00000388.png,abnormal,,,,,,test,388,
0_dB_id_00_00000389.png,abnormal,,,,,,test,389,
0_dB_id_00_00000390.png,abnormal,,,,,,test,390,
0_dB_id_00_00000391.png,abnormal,,,,,,test,391,
0_dB_id_00_00000392.png,abnormal,,,,,,test,392,
0_dB_id_00_00000393.png,abnormal,,,,,,test,393,
0_dB_id_00_00000394.png,abnormal,,,,,,test,394,
0_dB_id_00_00000395.png,abnormal,,,,,,test,395,
0_dB_id_00_00000396.png,abnormal,,,,,,test,396,
0_dB_id_00_00000397.png,abnormal,,,,,,test,397,
0_dB_id_00_00000398.png,abnormal,,,,,,test,398,
0_dB_id_00_00000399.png,abnormal,,,,,,test,399,
0_dB_id_00_00000400.png,abnormal,,,,,,test,400,
0_dB_id_00_00000401.png,abnormal,,,,,,test,401,
0_dB_id_00_00000402.png,abnormal,,,,,,test,402,
0_dB_id_00_00000403.png,abnormal,,,,,,test,403,
0_dB_id_00_00000404.png,abnormal,,,,,,test,404,
0_dB_id_00_00000405.png,abnormal,,,,,,test,405,
0_dB_id_00_00000406.png,abnormal,,,,,,test,406,
6_dB_id_00_00000000.png,abnormal,,,,,,test,0,
6_dB_id_00_00000001.png,abnormal,,,,,,test,1,
6_dB_id_00_00000002.png,abnormal,,,,,,test,2,
6_dB_id_00_00000003.png,abnormal,,,,,,test,3,
6_dB_id_00_00000004.png,abnormal,,,,,,test,4,
6_dB_id_00_00000005.png,abnormal,,,,,,test,5,
6_dB_id_00_00000006.png,abnormal,,,,,,test,6,
6_dB_id_00_00000007.png,abnormal,,,,,,test,7,
6_dB_id_00_00000008.png,abnormal,,,,,,test,8,
6_dB_id_00_00000009.png,abnormal,,,,,,test,9,
6_dB_id_00_00000010.png,abnormal,,,,,,test,10,
6_dB_id_00_00000011.png,abnormal,,,,,,test,11,
6_dB_id_00_00000012.png,abnormal,,,,,,test,12,
6_dB_id_00_00000013.png,abnormal,,,,,,test,13,
6_dB_id_00_00000014.png,abnormal,,,,,,test,14,
6_dB_id_00_00000015.png,abnormal,,,,,,test,15,
6_dB_id_00_00000016.png,abnormal,,,,,,test,16,
6_dB_id_00_00000017.png,abnormal,,,,,,test,17,
6_dB_id_00_00000018.png,abnormal,,,,,,test,18,
6_dB_id_00_00000019.png,abnormal,,,,,,test,19,
6_dB_id_00_00000020.png,abnormal,,,,,,test,20,
6_dB_id_00_00000021.png,abnormal,,,,,,test,21,
6_dB_id_00_00000022.png,abnormal,,,,,,test,22,
6_dB_id_00_00000023.png,abnormal,,,,,,test,23,
6_dB_id_00_00000024.png,abnormal,,,,,,test,24,
6_dB_id_00_00000025.png,abnormal,,,,,,test,25,
6_dB_id_00_00000026.png,abnormal,,,,,,test,26,
6_dB_id_00_00000027.png,abnormal,,,,,,test,27,
6_dB_id_00_00000028.png,abnormal,,,,,,test,28,
6_dB_id_00_00000029.png,abnormal,,,,,,test,29,
6_dB_id_00_00000030.png,abnormal,,,,,,test,30,
6_dB_id_00_00000031.png,abnormal,,,,,,test,31,
6_dB_id_00_00000032.png,abnormal,,,,,,test,32,
6_dB_id_00_00000033.png,abnormal,,,,,,test,33,
6_dB_id_00_00000034.png,abnormal,,,,,,test,34,
6_dB_id_00_00000035.png,abnormal,,,,,,test,35,
6_dB_id_00_00000036.png,abnormal,,,,,,test,36,
6_dB_id_00_00000037.png,abnormal,,,,,,test,37,
6_dB_id_00_00000038.png,abnormal,,,,,,test,38,
6_dB_id_00_00000039.png,abnormal,,,,,,test,39,
6_dB_id_00_00000040.png,abnormal,,,,,,test,40,
6_dB_id_00_00000041.png,abnormal,,,,,,test,41,
6_dB_id_00_00000042.png,abnormal,,,,,,test,42,
6_dB_id_00_00000043.png,abnormal,,,,,,test,43,
6_dB_id_00_00000044.png,abnormal,,,,,,test,44,
6_dB_id_00_00000045.png,abnormal,,,,,,test,45,
6_dB_id_00_00000046.png,abnormal,,,,,,test,46,
6_dB_id_00_00000047.png,abnormal,,,,,,test,47,
6_dB_id_00_00000048.png,abnormal,,,,,,test,48,
6_dB_id_00_00000049.png,abnormal,,,,,,test,49,
6_dB_id_00_00000050.png,abnormal,,,,,,test,50,
6_dB_id_00_00000051.png,abnormal,,,,,,test,51,
6_dB_id_00_00000052.png,abnormal,,,,,,test,52,
6_dB_id_00_00000053.png,abnormal,,,,,,test,53,
6_dB_id_00_00000054.png,abnormal,,,,,,test,54,
6_dB_id_00_00000055.png,abnormal,,,,,,test,55,
6_dB_id_00_00000056.png,abnormal,,,,,,test,56,
6_dB_id_00_00000057.png,abnormal,,,,,,test,57,
6_dB_id_00_00000058.png,abnormal,,,,,,test,58,
6_dB_id_00_00000059.png,abnormal,,,,,,test,59,
6_dB_id_00_00000060.png,abnormal,,,,,,test,60,
6_dB_id_00_00000061.png,abnormal,,,,,,test,61,
6_dB_id_00_00000062.png,abnormal,,,,,,test,62,
6_dB_id_00_00000063.png,abnormal,,,,,,test,63,
6_dB_id_00_00000064.png,abnormal,,,,,,test,64,
6_dB_id_00_00000065.png,abnormal,,,,,,test,65,
6_dB_id_00_00000066.png,abnormal,,,,,,test,66,
6_dB_id_00_00000067.png,abnormal,,,,,,test,67,
6_dB_id_00_00000068.png,abnormal,,,,,,test,68,
6_dB_id_00_00000069.png,abnormal,,,,,,test,69,
6_dB_id_00_00000070.png,abnormal,,,,,,test,70,
6_dB_id_00_00000071.png,abnormal,,,,,,test,71,
6_dB_id_00_00000072.png,abnormal,,,,,,test,72,
6_dB_id_00_00000073.png,abnormal,,,,,,test,73,
6_dB_id_00_00000074.png,abnormal,,,,,,test,74,
6_dB_id_00_00000075.png,abnormal,,,,,,test,75,
6_dB_id_00_00000076.png,abnormal,,,,,,test,76,
6_dB_id_00_00000077.png,abnormal,,,,,,test,77,
6_dB_id_00_00000078.png,abnormal,,,,,,test,78,
6_dB_id_00_00000079.png,abnormal,,,,,,test,79,
6_dB_id_00_00000080.png,abnormal,,,,,,test,80,
6_dB_id_00_00000081.png,abnormal,,,,,,test,81,
6_dB_id_00_00000082.png,abnormal,,,,,,test,82,
6_dB_id_00_00000083.png,abnormal,,,,,,test,83,
6_dB_id_00_00000084.png,abnormal,,,,,,test,84,
6_dB_id_00_00000085.png,abnormal,,,,,,test,85,
6_dB_id_00_00000086.png,abnormal,,,,,,test,86,
6_dB_id_00_00000087.png,abnormal,,,,,,test,87,
6_dB_id_00_00000088.png,abnormal,,,,,,test,88,
6_dB_id_00_00000089.png,abnormal,,,,,,test,89,
6_dB_id_00_00000090.png,abnormal,,,,,,test,90,
6_dB_id_00_00000091.png,abnormal,,,,,,test,91,
6_dB_id_00_00000092.png,abnormal,,,,,,test,92,
6_dB_id_00_00000093.png,abnormal,,,,,,test,93,
6_dB_id_00_00000094.png,abnormal,,,,,,test,94,
6_dB_id_00_00000095.png,abnormal,,,,,,test,95,
6_dB_id_00_00000096.png,abnormal,,,,,,test,96,
6_dB_id_00_00000097.png,abnormal,,,,,,test,97,
6_dB_id_00_00000098.png,abnormal,,,,,,test,98,
6_dB_id_00_00000099.png,abnormal,,,,,,test,99,
6_dB_id_00_00000100.png,abnormal,,,,,,test,100,
6_dB_id_00_00000101.png,abnormal,,,,,,test,101,
6_dB_id_00_00000102.png,abnormal,,,,,,test,102,
6_dB_id_00_00000103.png,abnormal,,,,,,test,103,
6_dB_id_00_00000104.png,abnormal,,,,,,test,104,
6_dB_id_00_00000105.png,abnormal,,,,,,test,105,
6_dB_id_00_00000106.png,abnormal,,,,,,test,106,
6_dB_id_00_00000107.png,abnormal,,,,,,test,107,
6_dB_id_00_00000108.png,abnormal,,,,,,test,108,
6_dB_id_00_00000109.png,abnormal,,,,,,test,109,
6_dB_id_00_00000110.png,abnormal,,,,,,test,110,
6_dB_id_00_00000111.png,abnormal,,,,,,test,111,
6_dB_id_00_00000112.png,abnormal,,,,,,test,112,
6_dB_id_00_00000113.png,abnormal,,,,,,test,113,
6_dB_id_00_00000114.png,abnormal,,,,,,test,114,
6_dB_id_00_00000115.png,abnormal,,,,,,test,115,
6_dB_id_00_00000116.png,abnormal,,,,,,test,116,
6_dB_id_00_00000117.png,abnormal,,,,,,test,117,
6_dB_id_00_00000118.png,abnormal,,,,,,test,118,
6_dB_id_00_00000119.png,abnormal,,,,,,test,119,
6_dB_id_00_00000120.png,abnormal,,,,,,test,120,
6_dB_id_00_00000121.png,abnormal,,,,,,test,121,
6_dB_id_00_00000122.png,abnormal,,,,,,test,122,
6_dB_id_00_00000123.png,abnormal,,,,,,test,123,
6_dB_id_00_00000124.png,abnormal,,,,,,test,124,
6_dB_id_00_00000125.png,abnormal,,,,,,test,125,
6_dB_id_00_00000126.png,abnormal,,,,,,test,126,
6_dB_id_00_00000127.png,abnormal,,,,,,test,127,
6_dB_id_00_00000128.png,abnormal,,,,,,test,128,
6_dB_id_00_00000129.png,abnormal,,,,,,test,129,
6_dB_id_00_00000130.png,abnormal,,,,,,test,130,
6_dB_id_00_00000131.png,abnormal,,,,,,test,131,
6_dB_id_00_00000132.png,abnormal,,,,,,test,132,
6_dB_id_00_00000133.png,abnormal,,,,,,test,133,
6_dB_id_00_00000134.png,abnormal,,,,,,test,134,
6_dB_id_00_00000135.png,abnormal,,,,,,test,135,
6_dB_id_00_00000136.png,abnormal,,,,,,test,136,
6_dB_id_00_00000137.png,abnormal,,,,,,test,137,
6_dB_id_00_00000138.png,abnormal,,,,,,test,138,
6_dB_id_00_00000139.png,abnormal,,,,,,test,139,
6_dB_id_00_00000140.png,abnormal,,,,,,test,140,
6_dB_id_00_00000141.png,abnormal,,,,,,test,141,
6_dB_id_00_00000142.png,abnormal,,,,,,test,142,
6_dB_id_00_00000143.png,abnormal,,,,,,test,143,
6_dB_id_00_00000144.png,abnormal,,,,,,test,144,
6_dB_id_00_00000145.png,abnormal,,,,,,test,145,
6_dB_id_00_00000146.png,abnormal,,,,,,test,146,
6_dB_id_00_00000147.png,abnormal,,,,,,test,147,
6_dB_id_00_00000148.png,abnormal,,,,,,test,148,
6_dB_id_00_00000149.png,abnormal,,,,,,test,149,
6_dB_id_00_00000150.png,abnormal,,,,,,test,150,
6_dB_id_00_00000151.png,abnormal,,,,,,test,151,
6_dB_id_00_00000152.png,abnormal,,,,,,test,152,
6_dB_id_00_00000153.png,abnormal,,,,,,test,153,
6_dB_id_00_00000154.png,abnormal,,,,,,test,154,
6_dB_id_00_00000155.png,abnormal,,,,,,test,155,
6_dB_id_00_00000156.png,abnormal,,,,,,test,156,
6_dB_id_00_00000157.png,abnormal,,,,,,test,157,
6_dB_id_00_00000158.png,abnormal,,,,,,test,158,
6_dB_id_00_00000159.png,abnormal,,,,,,test,159,
6_dB_id_00_00000160.png,abnormal,,,,,,test,160,
6_dB_id_00_00000161.png,abnormal,,,,,,test,161,
6_dB_id_00_00000162.png,abnormal,,,,,,test,162,
6_dB_id_00_00000163.png,abnormal,,,,,,test,163,
6_dB_id_00_00000164.png,abnormal,,,,,,test,164,
6_dB_id_00_00000165.png,abnormal,,,,,,test,165,
6_dB_id_00_00000166.png,abnormal,,,,,,test,166,
6_dB_id_00_00000167.png,abnormal,,,,,,test,167,
6_dB_id_00_00000168.png,abnormal,,,,,,test,168,
6_dB_id_00_00000169.png,abnormal,,,,,,test,169,
6_dB_id_00_00000170.png,abnormal,,,,,,test,170,
6_dB_id_00_00000171.png,abnormal,,,,,,test,171,
6_dB_id_00_00000172.png,abnormal,,,,,,test,172,
6_dB_id_00_00000173.png,abnormal,,,,,,test,173,
6_dB_id_00_00000174.png,abnormal,,,,,,test,174,
6_dB_id_00_00000175.png,abnormal,,,,,,test,175,
6_dB_id_00_00000176.png,abnormal,,,,,,test,176,
6_dB_id_00_00000177.png,abnormal,,,,,,test,177,
6_dB_id_00_00000178.png,abnormal,,,,,,test,178,
6_dB_id_00_00000179.png,abnormal,,,,,,test,179,
6_dB_id_00_00000180.png,abnormal,,,,,,test,180,
6_dB_id_00_00000181.png,abnormal,,,,,,test,181,
6_dB_id_00_00000182.png,abnormal,,,,,,test,182,
6_dB_id_00_00000183.png,abnormal,,,,,,test,183,
6_dB_id_00_00000184.png,abnormal,,,,,,test,184,
6_dB_id_00_00000185.png,abnormal,,,,,,test,185,
6_dB_id_00_00000186.png,abnormal,,,,,,test,186,
6_dB_id_00_00000187.png,abnormal,,,,,,test,187,
6_dB_id_00_00000188.png,abnormal,,,,,,test,188,
6_dB_id_00_00000189.png,abnormal,,,,,,test,189,
6_dB_id_00_00000190.png,abnormal,,,,,,test,190,
6_dB_id_00_00000191.png,abnormal,,,,,,test,191,
6_dB_id_00_00000192.png,abnormal,,,,,,test,192,
6_dB_id_00_00000193.png,abnormal,,,,,,test,193,
6_dB_id_00_00000194.png,abnormal,,,,,,test,194,
6_dB_id_00_00000195.png,abnormal,,,,,,test,195,
6_dB_id_00_00000196.png,abnormal,,,,,,test,196,
6_dB_id_00_00000197.png,abnormal,,,,,,test,197,
6_dB_id_00_00000198.png,abnormal,,,,,,test,198,
6_dB_id_00_00000199.png,abnormal,,,,,,test,199,
6_dB_id_00_00000200.png,abnormal,,,,,,test,200,
6_dB_id_00_00000201.png,abnormal,,,,,,test,201,
6_dB_id_00_00000202.png,abnormal,,,,,,test,202,
6_dB_id_00_00000203.png,abnormal,,,,,,test,203,
6_dB_id_00_00000204.png,abnormal,,,,,,test,204,
6_dB_id_00_00000205.png,abnormal,,,,,,test,205,
6_dB_id_00_00000206.png,abnormal,,,,,,test,206,
6_dB_id_00_00000207.png,abnormal,,,,,,test,207,
6_dB_id_00_00000208.png,abnormal,,,,,,test,208,
6_dB_id_00_00000209.png,abnormal,,,,,,test,209,
6_dB_id_00_00000210.png,abnormal,,,,,,test,210,
6_dB_id_00_00000211.png,abnormal,,,,,,test,211,
6_dB_id_00_00000212.png,abnormal,,,,,,test,212,
6_dB_id_00_00000213.png,abnormal,,,,,,test,213,
6_dB_id_00_00000214.png,abnormal,,,,,,test,214,
6_dB_id_00_00000215.png,abnormal,,,,,,test,215,
6_dB_id_00_00000216.png,abnormal,,,,,,test,216,
6_dB_id_00_00000217.png,abnormal,,,,,,test,217,
6_dB_id_00_00000218.png,abnormal,,,,,,test,218,
6_dB_id_00_00000219.png,abnormal,,,,,,test,219,
6_dB_id_00_00000220.png,abnormal,,,,,,test,220,
6_dB_id_00_00000221.png,abnormal,,,,,,test,221,
6_dB_id_00_00000222.png,abnormal,,,,,,test,222,
6_dB_id_00_00000223.png,abnormal,,,,,,test,223,
6_dB_id_00_00000224.png,abnormal,,,,,,test,224,
6_dB_id_00_00000225.png,abnormal,,,,,,test,225,
6_dB_id_00_00000226.png,abnormal,,,,,,test,226,
6_dB_id_00_00000227.png,abnormal,,,,,,test,227,
6_dB_id_00_00000228.png,abnormal,,,,,,test,228,
6_dB_id_00_00000229.png,abnormal,,,,,,test,229,
6_dB_id_00_00000230.png,abnormal,,,,,,test,230,
6_dB_id_00_00000231.png,abnormal,,,,,,test,231,
6_dB_id_00_00000232.png,abnormal,,,,,,test,232,
6_dB_id_00_00000233.png,abnormal,,,,,,test,233,
6_dB_id_00_00000234.png,abnormal,,,,,,test,234,
6_dB_id_00_00000235.png,abnormal,,,,,,test,235,
6_dB_id_00_00000236.png,abnormal,,,,,,test,236,
6_dB_id_00_00000237.png,abnormal,,,,,,test,237,
6_dB_id_00_00000238.png,abnormal,,,,,,test,238,
6_dB_id_00_00000239.png,abnormal,,,,,,test,239,
6_dB_id_00_00000240.png,abnormal,,,,,,test,240,
6_dB_id_00_00000241.png,abnormal,,,,,,test,241,
6_dB_id_00_00000242.png,abnormal,,,,,,test,242,
6_dB_id_00_00000243.png,abnormal,,,,,,test,243,
6_dB_id_00_00000244.png,abnormal,,,,,,test,244,
6_dB_id_00_00000245.png,abnormal,,,,,,test,245,
6_dB_id_00_00000246.png,abnormal,,,,,,test,246,
6_dB_id_00_00000247.png,abnormal,,,,,,test,247,
6_dB_id_00_00000248.png,abnormal,,,,,,test,248,
6_dB_id_00_00000249.png,abnormal,,,,,,test,249,
6_dB_id_00_00000250.png,abnormal,,,,,,test,250,
6_dB_id_00_00000251.png,abnormal,,,,,,test,251,
6_dB_id_00_00000252.png,abnormal,,,,,,test,252,
6_dB_id_00_00000253.png,abnormal,,,,,,test,253,
6_dB_id_00_00000254.png,abnormal,,,,,,test,254,
6_dB_id_00_00000255.png,abnormal,,,,,,test,255,
6_dB_id_00_00000256.png,abnormal,,,,,,test,256,
6_dB_id_00_00000257.png,abnormal,,,,,,test,257,
6_dB_id_00_00000258.png,abnormal,,,,,,test,258,
6_dB_id_00_00000259.png,abnormal,,,,,,test,259,
6_dB_id_00_00000260.png,abnormal,,,,,,test,260,
6_dB_id_00_00000261.png,abnormal,,,,,,test,261,
6_dB_id_00_00000262.png,abnormal,,,,,,test,262,
6_dB_id_00_00000263.png,abnormal,,,,,,test,263,
6_dB_id_00_00000264.png,abnormal,,,,,,test,264,
6_dB_id_00_00000265.png,abnormal,,,,,,test,265,
6_dB_id_00_00000266.png,abnormal,,,,,,test,266,
6_dB_id_00_00000267.png,abnormal,,,,,,test,267,
6_dB_id_00_00000268.png,abnormal,,,,,,test,268,
6_dB_id_00_00000269.png,abnormal,,,,,,test,269,
6_dB_id_00_00000270.png,abnormal,,,,,,test,270,
6_dB_id_00_00000271.png,abnormal,,,,,,test,271,
6_dB_id_00_00000272.png,abnormal,,,,,,test,272,
6_dB_id_00_00000273.png,abnormal,,,,,,test,273,
6_dB_id_00_00000274.png,abnormal,,,,,,test,274,
6_dB_id_00_00000275.png,abnormal,,,,,,test,275,
6_dB_id_00_00000276.png,abnormal,,,,,,test,276,
6_dB_id_00_00000277.png,abnormal,,,,,,test,277,
6_dB_id_00_00000278.png,abnormal,,,,,,test,278,
6_dB_id_00_00000279.png,abnormal,,,,,,test,279,
6_dB_id_00_00000280.png,abnormal,,,,,,test,280,
6_dB_id_00_00000281.png,abnormal,,,,,,test,281,
6_dB_id_00_00000282.png,abnormal,,,,,,test,282,
6_dB_id_00_00000283.png,abnormal,,,,,,test,283,
6_dB_id_00_00000284.png,abnormal,,,,,,test,284,
6_dB_id_00_00000285.png,abnormal,,,,,,test,285,
6_dB_id_00_00000286.png,abnormal,,,,,,test,286,
6_dB_id_00_00000287.png,abnormal,,,,,,test,287,
6_dB_id_00_00000288.png,abnormal,,,,,,test,288,
6_dB_id_00_00000289.png,abnormal,,,,,,test,289,
6_dB_id_00_00000290.png,abnormal,,,,,,test,290,
6_dB_id_00_00000291.png,abnormal,,,,,,test,291,
6_dB_id_00_00000292.png,abnormal,,,,,,test,292,
6_dB_id_00_00000293.png,abnormal,,,,,,test,293,
6_dB_id_00_00000294.png,abnormal,,,,,,test,294,
6_dB_id_00_00000295.png,abnormal,,,,,,test,295,
6_dB_id_00_00000296.png,abnormal,,,,,,test,296,
6_dB_id_00_00000297.png,abnormal,,,,,,test,297,
6_dB_id_00_00000298.png,abnormal,,,,,,test,298,
6_dB_id_00_00000299.png,abnormal,,,,,,test,299,
6_dB_id_00_00000300.png,abnormal,,,,,,test,300,
6_dB_id_00_00000301.png,abnormal,,,,,,test,301,
6_dB_id_00_00000302.png,abnormal,,,,,,test,302,
6_dB_id_00_00000303.png,abnormal,,,,,,test,303,
6_dB_id_00_00000304.png,abnormal,,,,,,test,304,
6_dB_id_00_00000305.png,abnormal,,,,,,test,305,
6_dB_id_00_00000306.png,abnormal,,,,,,test,306,
6_dB_id_00_00000307.png,abnormal,,,,,,test,307,
6_dB_id_00_00000308.png,abnormal,,,,,,test,308,
6_dB_id_00_00000309.png,abnormal,,,,,,test,309,
6_dB_id_00_00000310.png,abnormal,,,,,,test,310,
6_dB_id_00_00000311.png,abnormal,,,,,,test,311,
6_dB_id_00_00000312.png,abnormal,,,,,,test,312,
6_dB_id_00_00000313.png,abnormal,,,,,,test,313,
6_dB_id_00_00000314.png,abnormal,,,,,,test,314,
6_dB_id_00_00000315.png,abnormal,,,,,,test,315,
6_dB_id_00_00000316.png,abnormal,,,,,,test,316,
6_dB_id_00_00000317.png,abnormal,,,,,,test,317,
6_dB_id_00_00000318.png,abnormal,,,,,,test,318,
6_dB_id_00_00000319.png,abnormal,,,,,,test,319,
6_dB_id_00_00000320.png,abnormal,,,,,,test,320,
6_dB_id_00_00000321.png,abnormal,,,,,,test,321,
6_dB_id_00_00000322.png,abnormal,,,,,,test,322,
6_dB_id_00_00000323.png,abnormal,,,,,,test,323,
6_dB_id_00_00000324.png,abnormal,,,,,,test,324,
6_dB_id_00_00000325.png,abnormal,,,,,,test,325,
6_dB_id_00_00000326.png,abnormal,,,,,,test,326,
6_dB_id_00_00000327.png,abnormal,,,,,,test,327,
6_dB_id_00_00000328.png,abnormal,,,,,,test,328,
6_dB_id_00_00000329.png,abnormal,,,,,,test,329,
6_dB_id_00_00000330.png,abnormal,,,,,,test,330,
6_dB_id_00_00000331.png,abnormal,,,,,,test,331,
6_dB_id_00_00000332.png,abnormal,,,,,,test,332,
6_dB_id_00_00000333.png,abnormal,,,,,,test,333,
6_dB_id_00_00000334.png,abnormal,,,,,,test,334,
6_dB_id_00_00000335.png,abnormal,,,,,,test,335,
6_dB_id_00_00000336.png,abnormal,,,,,,test,336,
6_dB_id_00_00000337.png,abnormal,,,,,,test,337,
6_dB_id_00_00000338.png,abnormal,,,,,,test,338,
6_dB_id_00_00000339.png,abnormal,,,,,,test,339,
6_dB_id_00_00000340.png,abnormal,,,,,,test,340,
6_dB_id_00_00000341.png,abnormal,,,,,,test,341,
6_dB_id_00_00000342.png,abnormal,,,,,,test,342,
6_dB_id_00_00000343.png,abnormal,,,,,,test,343,
6_dB_id_00_00000344.png,abnormal,,,,,,test,344,
6_dB_id_00_00000345.png,abnormal,,,,,,test,345,
6_dB_id_00_00000346.png,abnormal,,,,,,test,346,
6_dB_id_00_00000347.png,abnormal,,,,,,test,347,
6_dB_id_00_00000348.png,abnormal,,,,,,test,348,
6_dB_id_00_00000349.png,abnormal,,,,,,test,349,
6_dB_id_00_00000350.png,abnormal,,,,,,test,350,
6_dB_id_00_00000351.png,abnormal,,,,,,test,351,
6_dB_id_00_00000352.png,abnormal,,,,,,test,352,
6_dB_id_00_00000353.png,abnormal,,,,,,test,353,
6_dB_id_00_00000354.png,abnormal,,,,,,test,354,
6_dB_id_00_00000355.png,abnormal,,,,,,test,355,
6_dB_id_00_00000356.png,abnormal,,,,,,test,356,
6_dB_id_00_00000357.png,abnormal,,,,,,test,357,
6_dB_id_00_00000358.png,abnormal,,,,,,test,358,
6_dB_id_00_00000359.png,abnormal,,,,,,test,359,
6_dB_id_00_00000360.png,abnormal,,,,,,test,360,
6_dB_id_00_00000361.png,abnormal,,,,,,test,361,
6_dB_id_00_00000362.png,abnormal,,,,,,test,362,
6_dB_id_00_00000363.png,abnormal,,,,,,test,363,
6_dB_id_00_00000364.png,abnormal,,,,,,test,364,
6_dB_id_00_00000365.png,abnormal,,,,,,test,365,
6_dB_id_00_00000366.png,abnormal,,,,,,test,366,
6_dB_id_00_00000367.png,abnormal,,,,,,test,367,
6_dB_id_00_00000368.png,abnormal,,,,,,test,368,
6_dB_id_00_00000369.png,abnormal,,,,,,test,369,
6_dB_id_00_00000370.png,abnormal,,,,,,test,370,
6_dB_id_00_00000371.png,abnormal,,,,,,test,371,
6_dB_id_00_00000372.png,abnormal,,,,,,test,372,
6_dB_id_00_00000373.png,abnormal,,,,,,test,373,
6_dB_id_00_00000374.png,abnormal,,,,,,test,374,
6_dB_id_00_00000375.png,abnormal,,,,,,test,375,
6_dB_id_00_00000376.png,abnormal,,,,,,test,376,
6_dB_id_00_00000377.png,abnormal,,,,,,test,377,
6_dB_id_00_00000378.png,abnormal,,,,,,test,378,
6_dB_id_00_00000379.png,abnormal,,,,,,test,379,
6_dB_id_00_00000380.png,abnormal,,,,,,test,380,
6_dB_id_00_00000381.png,abnormal,,,,,,test,381,
6_dB_id_00_00000382.png,abnormal,,,,,,test,382,
6_dB_id_00_00000383.png,abnormal,,,,,,test,383,
6_dB_id_00_00000384.png,abnormal,,,,,,test,384,
6_dB_id_00_00000385.png,abnormal,,,,,,test,385,
6_dB_id_00_00000386.png,abnormal,,,,,,test,386,
6_dB_id_00_00000387.png,abnormal,,,,,,test,387,
6_dB_id_00_00000388.png,abnormal,,,,,,test,388,
6_dB_id_00_00000389.png,abnormal,,,,,,test,389,
6_dB_id_00_00000390.png,abnormal,,,,,,test,390,
6_dB_id_00_00000391.png,abnormal,,,,,,test,391,
6_dB_id_00_00000392.png,abnormal,,,,,,test,392,
6_dB_id_00_00000393.png,abnormal,,,,,,test,393,
6_dB_id_00_00000394.png,abnormal,,,,,,test,394,
6_dB_id_00_00000395.png,abnormal,,,,,,test,395,
6_dB_id_00_00000396.png,abnormal,,,,,,test,396,
6_dB_id_00_00000397.png,abnormal,,,,,,test,397,
6_dB_id_00_00000398.png,abnormal,,,,,,test,398,
6_dB_id_00_00000399.png,abnormal,,,,,,test,399,
6_dB_id_00_00000400.png,abnormal,,,,,,test,400,
6_dB_id_00_00000401.png,abnormal,,,,,,test,401,
6_dB_id_00_00000402.png,abnormal,,,,,,test,402,
6_dB_id_00_00000403.png,abnormal,,,,,,test,403,
6_dB_id_00_00000404.png,abnormal,,,,,,test,404,
6_dB_id_00_00000405.png,abnormal,,,,,,test,405,
6_dB_id_00_00000406.png,abnormal,,,,,,test,406,
0_dB_id_00_00000000.png,normal,,,,,,test,0,
0_dB_id_00_00000001.png,normal,,,,,,test,1,
0_dB_id_00_00000002.png,normal,,,,,,test,2,
0_dB_id_00_00000003.png,normal,,,,,,test,3,
0_dB_id_00_00000004.png,normal,,,,,,test,4,
0_dB_id_00_00000005.png,normal,,,,,,test,5,
0_dB_id_00_00000006.png,normal,,,,,,test,6,
0_dB_id_00_00000007.png,normal,,,,,,test,7,
0_dB_id_00_00000008.png,normal,,,,,,test,8,
0_dB_id_00_00000009.png,normal,,,,,,test,9,
0_dB_id_00_00000010.png,normal,,,,,,test,10,
0_dB_id_00_00000011.png,normal,,,,,,test,11,
0_dB_id_00_00000012.png,normal,,,,,,test,12,
0_dB_id_00_00000013.png,normal,,,,,,test,13,
0_dB_id_00_00000014.png,normal,,,,,,test,14,
0_dB_id_00_00000015.png,normal,,,,,,test,15,
0_dB_id_00_00000016.png,normal,,,,,,test,16,
0_dB_id_00_00000017.png,normal,,,,,,test,17,
0_dB_id_00_00000018.png,normal,,,,,,test,18,
0_dB_id_00_00000019.png,normal,,,,,,test,19,
0_dB_id_00_00000020.png,normal,,,,,,test,20,
0_dB_id_00_00000021.png,normal,,,,,,test,21,
0_dB_id_00_00000022.png,normal,,,,,,test,22,
0_dB_id_00_00000023.png,normal,,,,,,test,23,
0_dB_id_00_00000024.png,normal,,,,,,test,24,
0_dB_id_00_00000025.png,normal,,,,,,test,25,
0_dB_id_00_00000026.png,normal,,,,,,test,26,
0_dB_id_00_00000027.png,normal,,,,,,test,27,
0_dB_id_00_00000028.png,normal,,,,,,test,28,
0_dB_id_00_00000029.png,normal,,,,,,test,29,
0_dB_id_00_00000030.png,normal,,,,,,test,30,
0_dB_id_00_00000031.png,normal,,,,,,test,31,
0_dB_id_00_00000032.png,normal,,,,,,test,32,
0_dB_id_00_00000033.png,normal,,,,,,test,33,
0_dB_id_00_00000034.png,normal,,,,,,test,34,
0_dB_id_00_00000035.png,normal,,,,,,test,35,
0_dB_id_00_00000036.png,normal,,,,,,test,36,
0_dB_id_00_00000037.png,normal,,,,,,test,37,
0_dB_id_00_00000038.png,normal,,,,,,test,38,
0_dB_id_00_00000039.png,normal,,,,,,test,39,
0_dB_id_00_00000040.png,normal,,,,,,test,40,
0_dB_id_00_00000041.png,normal,,,,,,test,41,
0_dB_id_00_00000042.png,normal,,,,,,test,42,
0_dB_id_00_00000043.png,normal,,,,,,test,43,
0_dB_id_00_00000044.png,normal,,,,,,test,44,
0_dB_id_00_00000045.png,normal,,,,,,test,45,
0_dB_id_00_00000046.png,normal,,,,,,test,46,
0_dB_id_00_00000047.png,normal,,,,,,test,47,
0_dB_id_00_00000048.png,normal,,,,,,test,48,
0_dB_id_00_00000049.png,normal,,,,,,test,49,
0_dB_id_00_00000050.png,normal,,,,,,test,50,
0_dB_id_00_00000051.png,normal,,,,,,test,51,
0_dB_id_00_00000052.png,normal,,,,,,test,52,
0_dB_id_00_00000053.png,normal,,,,,,test,53,
0_dB_id_00_00000054.png,normal,,,,,,test,54,
0_dB_id_00_00000055.png,normal,,,,,,test,55,
0_dB_id_00_00000056.png,normal,,,,,,test,56,
0_dB_id_00_00000057.png,normal,,,,,,test,57,
0_dB_id_00_00000058.png,normal,,,,,,test,58,
0_dB_id_00_00000059.png,normal,,,,,,test,59,
0_dB_id_00_00000060.png,normal,,,,,,test,60,
0_dB_id_00_00000061.png,normal,,,,,,test,61,
0_dB_id_00_00000062.png,normal,,,,,,test,62,
0_dB_id_00_00000063.png,normal,,,,,,test,63,
0_dB_id_00_00000064.png,normal,,,,,,test,64,
0_dB_id_00_00000065.png,normal,,,,,,test,65,
0_dB_id_00_00000066.png,normal,,,,,,test,66,
0_dB_id_00_00000067.png,normal,,,,,,test,67,
0_dB_id_00_00000068.png,normal,,,,,,test,68,
0_dB_id_00_00000069.png,normal,,,,,,test,69,
0_dB_id_00_00000070.png,normal,,,,,,test,70,
0_dB_id_00_00000071.png,normal,,,,,,test,71,
0_dB_id_00_00000072.png,normal,,,,,,test,72,
0_dB_id_00_00000073.png,normal,,,,,,test,73,
0_dB_id_00_00000074.png,normal,,,,,,test,74,
0_dB_id_00_00000075.png,normal,,,,,,test,75,
0_dB_id_00_00000076.png,normal,,,,,,test,76,
0_dB_id_00_00000077.png,normal,,,,,,test,77,
0_dB_id_00_00000078.png,normal,,,,,,test,78,
0_dB_id_00_00000079.png,normal,,,,,,test,79,
0_dB_id_00_00000080.png,normal,,,,,,test,80,
0_dB_id_00_00000081.png,normal,,,,,,test,81,
0_dB_id_00_00000082.png,normal,,,,,,test,82,
0_dB_id_00_00000083.png,normal,,,,,,test,83,
0_dB_id_00_00000084.png,normal,,,,,,test,84,
0_dB_id_00_00000085.png,normal,,,,,,test,85,
0_dB_id_00_00000086.png,normal,,,,,,test,86,
0_dB_id_00_00000087.png,normal,,,,,,test,87,
0_dB_id_00_00000088.png,normal,,,,,,test,88,
0_dB_id_00_00000089.png,normal,,,,,,test,89,
0_dB_id_00_00000090.png,normal,,,,,,test,90,
0_dB_id_00_00000091.png,normal,,,,,,test,91,
0_dB_id_00_00000092.png,normal,,,,,,test,92,
0_dB_id_00_00000093.png,normal,,,,,,test,93,
0_dB_id_00_00000094.png,normal,,,,,,test,94,
0_dB_id_00_00000095.png,normal,,,,,,test,95,
0_dB_id_00_00000096.png,normal,,,,,,test,96,
0_dB_id_00_00000097.png,normal,,,,,,test,97,
0_dB_id_00_00000098.png,normal,,,,,,test,98,
0_dB_id_00_00000099.png,normal,,,,,,test,99,
0_dB_id_00_00000100.png,normal,,,,,,test,100,
0_dB_id_00_00000101.png,normal,,,,,,test,101,
0_dB_id_00_00000102.png,normal,,,,,,test,102,
0_dB_id_00_00000103.png,normal,,,,,,test,103,
0_dB_id_00_00000104.png,normal,,,,,,test,104,
0_dB_id_00_00000105.png,normal,,,,,,test,105,
0_dB_id_00_00000106.png,normal,,,,,,test,106,
0_dB_id_00_00000107.png,normal,,,,,,test,107,
0_dB_id_00_00000108.png,normal,,,,,,test,108,
0_dB_id_00_00000109.png,normal,,,,,,test,109,
0_dB_id_00_00000110.png,normal,,,,,,test,110,
0_dB_id_00_00000111.png,normal,,,,,,test,111,
0_dB_id_00_00000112.png,normal,,,,,,test,112,
0_dB_id_00_00000113.png,normal,,,,,,test,113,
0_dB_id_00_00000114.png,normal,,,,,,test,114,
0_dB_id_00_00000115.png,normal,,,,,,test,115,
0_dB_id_00_00000116.png,normal,,,,,,test,116,
0_dB_id_00_00000117.png,normal,,,,,,test,117,
0_dB_id_00_00000118.png,normal,,,,,,test,118,
0_dB_id_00_00000119.png,normal,,,,,,test,119,
0_dB_id_00_00000120.png,normal,,,,,,test,120,
0_dB_id_00_00000121.png,normal,,,,,,test,121,
0_dB_id_00_00000122.png,normal,,,,,,test,122,
0_dB_id_00_00000123.png,normal,,,,,,test,123,
0_dB_id_00_00000124.png,normal,,,,,,test,124,
0_dB_id_00_00000125.png,normal,,,,,,test,125,
0_dB_id_00_00000126.png,normal,,,,,,test,126,
0_dB_id_00_00000127.png,normal,,,,,,test,127,
0_dB_id_00_00000128.png,normal,,,,,,test,128,
0_dB_id_00_00000129.png,normal,,,,,,test,129,
0_dB_id_00_00000130.png,normal,,,,,,test,130,
0_dB_id_00_00000131.png,normal,,,,,,test,131,
0_dB_id_00_00000132.png,normal,,,,,,test,132,
0_dB_id_00_00000133.png,normal,,,,,,test,133,
0_dB_id_00_00000134.png,normal,,,,,,test,134,
0_dB_id_00_00000135.png,normal,,,,,,test,135,
0_dB_id_00_00000136.png,normal,,,,,,test,136,
0_dB_id_00_00000137.png,normal,,,,,,test,137,
0_dB_id_00_00000138.png,normal,,,,,,test,138,
0_dB_id_00_00000139.png,normal,,,,,,test,139,
0_dB_id_00_00000140.png,normal,,,,,,test,140,
0_dB_id_00_00000141.png,normal,,,,,,test,141,
0_dB_id_00_00000142.png,normal,,,,,,test,142,
0_dB_id_00_00000143.png,normal,,,,,,test,143,
0_dB_id_00_00000144.png,normal,,,,,,test,144,
0_dB_id_00_00000145.png,normal,,,,,,test,145,
0_dB_id_00_00000146.png,normal,,,,,,test,146,
0_dB_id_00_00000147.png,normal,,,,,,test,147,
0_dB_id_00_00000148.png,normal,,,,,,test,148,
0_dB_id_00_00000149.png,normal,,,,,,test,149,
0_dB_id_00_00000150.png,normal,,,,,,test,150,
0_dB_id_00_00000151.png,normal,,,,,,test,151,
0_dB_id_00_00000152.png,normal,,,,,,test,152,
0_dB_id_00_00000153.png,normal,,,,,,test,153,
0_dB_id_00_00000154.png,normal,,,,,,test,154,
0_dB_id_00_00000155.png,normal,,,,,,test,155,
0_dB_id_00_00000156.png,normal,,,,,,test,156,
0_dB_id_00_00000157.png,normal,,,,,,test,157,
0_dB_id_00_00000158.png,normal,,,,,,test,158,
0_dB_id_00_00000159.png,normal,,,,,,test,159,
0_dB_id_00_00000160.png,normal,,,,,,test,160,
0_dB_id_00_00000161.png,normal,,,,,,test,161,
0_dB_id_00_00000162.png,normal,,,,,,test,162,
0_dB_id_00_00000163.png,normal,,,,,,test,163,
0_dB_id_00_00000164.png,normal,,,,,,test,164,
0_dB_id_00_00000165.png,normal,,,,,,test,165,
0_dB_id_00_00000166.png,normal,,,,,,test,166,
0_dB_id_00_00000167.png,normal,,,,,,test,167,
0_dB_id_00_00000168.png,normal,,,,,,test,168,
0_dB_id_00_00000169.png,normal,,,,,,test,169,
0_dB_id_00_00000170.png,normal,,,,,,test,170,
0_dB_id_00_00000171.png,normal,,,,,,test,171,
0_dB_id_00_00000172.png,normal,,,,,,test,172,
0_dB_id_00_00000173.png,normal,,,,,,test,173,
0_dB_id_00_00000174.png,normal,,,,,,test,174,
0_dB_id_00_00000175.png,normal,,,,,,test,175,
0_dB_id_00_00000176.png,normal,,,,,,test,176,
0_dB_id_00_00000177.png,normal,,,,,,test,177,
0_dB_id_00_00000178.png,normal,,,,,,test,178,
0_dB_id_00_00000179.png,normal,,,,,,test,179,
0_dB_id_00_00000180.png,normal,,,,,,test,180,
0_dB_id_00_00000181.png,normal,,,,,,test,181,
0_dB_id_00_00000182.png,normal,,,,,,test,182,
0_dB_id_00_00000183.png,normal,,,,,,test,183,
0_dB_id_00_00000184.png,normal,,,,,,test,184,
0_dB_id_00_00000185.png,normal,,,,,,test,185,
0_dB_id_00_00000186.png,normal,,,,,,test,186,
0_dB_id_00_00000187.png,normal,,,,,,test,187,
0_dB_id_00_00000188.png,normal,,,,,,test,188,
0_dB_id_00_00000189.png,normal,,,,,,test,189,
0_dB_id_00_00000190.png,normal,,,,,,test,190,
0_dB_id_00_00000191.png,normal,,,,,,test,191,
0_dB_id_00_00000192.png,normal,,,,,,test,192,
0_dB_id_00_00000193.png,normal,,,,,,test,193,
0_dB_id_00_00000194.png,normal,,,,,,test,194,
0_dB_id_00_00000195.png,normal,,,,,,test,195,
0_dB_id_00_00000196.png,normal,,,,,,test,196,
0_dB_id_00_00000197.png,normal,,,,,,test,197,
0_dB_id_00_00000198.png,normal,,,,,,test,198,
0_dB_id_00_00000199.png,normal,,,,,,test,199,
0_dB_id_00_00000200.png,normal,,,,,,test,200,
0_dB_id_00_00000201.png,normal,,,,,,test,201,
0_dB_id_00_00000202.png,normal,,,,,,test,202,
0_dB_id_00_00000203.png,normal,,,,,,test,203,
0_dB_id_00_00000204.png,normal,,,,,,test,204,
0_dB_id_00_00000205.png,normal,,,,,,test,205,
0_dB_id_00_00000206.png,normal,,,,,,test,206,
0_dB_id_00_00000207.png,normal,,,,,,test,207,
0_dB_id_00_00000208.png,normal,,,,,,test,208,
0_dB_id_00_00000209.png,normal,,,,,,test,209,
0_dB_id_00_00000210.png,normal,,,,,,test,210,
0_dB_id_00_00000211.png,normal,,,,,,test,211,
0_dB_id_00_00000212.png,normal,,,,,,test,212,
0_dB_id_00_00000213.png,normal,,,,,,test,213,
0_dB_id_00_00000214.png,normal,,,,,,test,214,
0_dB_id_00_00000215.png,normal,,,,,,test,215,
0_dB_id_00_00000216.png,normal,,,,,,test,216,
0_dB_id_00_00000217.png,normal,,,,,,test,217,
0_dB_id_00_00000218.png,normal,,,,,,test,218,
0_dB_id_00_00000219.png,normal,,,,,,test,219,
0_dB_id_00_00000220.png,normal,,,,,,test,220,
0_dB_id_00_00000221.png,normal,,,,,,test,221,
0_dB_id_00_00000222.png,normal,,,,,,test,222,
0_dB_id_00_00000223.png,normal,,,,,,test,223,
0_dB_id_00_00000224.png,normal,,,,,,test,224,
0_dB_id_00_00000225.png,normal,,,,,,test,225,
0_dB_id_00_00000226.png,normal,,,,,,test,226,
0_dB_id_00_00000227.png,normal,,,,,,test,227,
0_dB_id_00_00000228.png,normal,,,,,,test,228,
0_dB_id_00_00000229.png,normal,,,,,,test,229,
0_dB_id_00_00000230.png,normal,,,,,,test,230,
0_dB_id_00_00000231.png,normal,,,,,,test,231,
0_dB_id_00_00000232.png,normal,,,,,,test,232,
0_dB_id_00_00000233.png,normal,,,,,,test,233,
0_dB_id_00_00000234.png,normal,,,,,,test,234,
0_dB_id_00_00000235.png,normal,,,,,,test,235,
0_dB_id_00_00000236.png,normal,,,,,,test,236,
0_dB_id_00_00000237.png,normal,,,,,,test,237,
0_dB_id_00_00000238.png,normal,,,,,,test,238,
0_dB_id_00_00000239.png,normal,,,,,,test,239,
0_dB_id_00_00000240.png,normal,,,,,,test,240,
0_dB_id_00_00000241.png,normal,,,,,,test,241,
0_dB_id_00_00000242.png,normal,,,,,,test,242,
0_dB_id_00_00000243.png,normal,,,,,,test,243,
0_dB_id_00_00000244.png,normal,,,,,,test,244,
0_dB_id_00_00000245.png,normal,,,,,,test,245,
0_dB_id_00_00000246.png,normal,,,,,,test,246,
0_dB_id_00_00000247.png,normal,,,,,,test,247,
0_dB_id_00_00000248.png,normal,,,,,,test,248,
0_dB_id_00_00000249.png,normal,,,,,,test,249,
0_dB_id_00_00000250.png,normal,,,,,,test,250,
0_dB_id_00_00000251.png,normal,,,,,,test,251,
0_dB_id_00_00000252.png,normal,,,,,,test,252,
0_dB_id_00_00000253.png,normal,,,,,,test,253,
0_dB_id_00_00000254.png,normal,,,,,,test,254,
0_dB_id_00_00000255.png,normal,,,,,,test,255,
0_dB_id_00_00000256.png,normal,,,,,,test,256,
0_dB_id_00_00000257.png,normal,,,,,,test,257,
0_dB_id_00_00000258.png,normal,,,,,,test,258,
0_dB_id_00_00000259.png,normal,,,,,,test,259,
0_dB_id_00_00000260.png,normal,,,,,,test,260,
0_dB_id_00_00000261.png,normal,,,,,,test,261,
0_dB_id_00_00000262.png,normal,,,,,,test,262,
0_dB_id_00_00000263.png,normal,,,,,,test,263,
0_dB_id_00_00000264.png,normal,,,,,,test,264,
0_dB_id_00_00000265.png,normal,,,,,,test,265,
0_dB_id_00_00000266.png,normal,,,,,,test,266,
0_dB_id_00_00000267.png,normal,,,,,,test,267,
0_dB_id_00_00000268.png,normal,,,,,,test,268,
0_dB_id_00_00000269.png,normal,,,,,,test,269,
0_dB_id_00_00000270.png,normal,,,,,,test,270,
0_dB_id_00_00000271.png,normal,,,,,,test,271,
0_dB_id_00_00000272.png,normal,,,,,,test,272,
0_dB_id_00_00000273.png,normal,,,,,,test,273,
0_dB_id_00_00000274.png,normal,,,,,,test,274,
0_dB_id_00_00000275.png,normal,,,,,,test,275,
0_dB_id_00_00000276.png,normal,,,,,,test,276,
0_dB_id_00_00000277.png,normal,,,,,,test,277,
0_dB_id_00_00000278.png,normal,,,,,,test,278,
0_dB_id_00_00000279.png,normal,,,,,,test,279,
0_dB_id_00_00000280.png,normal,,,,,,test,280,
0_dB_id_00_00000281.png,normal,,,,,,test,281,
0_dB_id_00_00000282.png,normal,,,,,,test,282,
0_dB_id_00_00000283.png,normal,,,,,,test,283,
0_dB_id_00_00000284.png,normal,,,,,,test,284,
0_dB_id_00_00000285.png,normal,,,,,,test,285,
0_dB_id_00_00000286.png,normal,,,,,,test,286,
0_dB_id_00_00000287.png,normal,,,,,,test,287,
0_dB_id_00_00000288.png,normal,,,,,,test,288,
0_dB_id_00_00000289.png,normal,,,,,,test,289,
0_dB_id_00_00000290.png,normal,,,,,,test,290,
0_dB_id_00_00000291.png,normal,,,,,,test,291,
0_dB_id_00_00000292.png,normal,,,,,,test,292,
0_dB_id_00_00000293.png,normal,,,,,,test,293,
0_dB_id_00_00000294.png,normal,,,,,,test,294,
0_dB_id_00_00000295.png,normal,,,,,,test,295,
0_dB_id_00_00000296.png,normal,,,,,,test,296,
0_dB_id_00_00000297.png,normal,,,,,,test,297,
0_dB_id_00_00000298.png,normal,,,,,,test,298,
0_dB_id_00_00000299.png,normal,,,,,,test,299,
0_dB_id_00_00000300.png,normal,,,,,,test,300,
0_dB_id_00_00000301.png,normal,,,,,,test,301,
0_dB_id_00_00000302.png,normal,,,,,,test,302,
0_dB_id_00_00000303.png,normal,,,,,,test,303,
0_dB_id_00_00000304.png,normal,,,,,,test,304,
0_dB_id_00_00000305.png,normal,,,,,,test,305,
0_dB_id_00_00000306.png,normal,,,,,,test,306,
0_dB_id_00_00000307.png,normal,,,,,,test,307,
0_dB_id_00_00000308.png,normal,,,,,,test,308,
0_dB_id_00_00000309.png,normal,,,,,,test,309,
0_dB_id_00_00000310.png,normal,,,,,,test,310,
0_dB_id_00_00000311.png,normal,,,,,,test,311,
0_dB_id_00_00000312.png,normal,,,,,,test,312,
0_dB_id_00_00000313.png,normal,,,,,,test,313,
0_dB_id_00_00000314.png,normal,,,,,,test,314,
0_dB_id_00_00000315.png,normal,,,,,,test,315,
0_dB_id_00_00000316.png,normal,,,,,,test,316,
0_dB_id_00_00000317.png,normal,,,,,,test,317,
0_dB_id_00_00000318.png,normal,,,,,,test,318,
0_dB_id_00_00000319.png,normal,,,,,,test,319,
0_dB_id_00_00000320.png,normal,,,,,,test,320,
0_dB_id_00_00000321.png,normal,,,,,,test,321,
0_dB_id_00_00000322.png,normal,,,,,,test,322,
0_dB_id_00_00000323.png,normal,,,,,,test,323,
0_dB_id_00_00000324.png,normal,,,,,,test,324,
0_dB_id_00_00000325.png,normal,,,,,,test,325,
0_dB_id_00_00000326.png,normal,,,,,,test,326,
0_dB_id_00_00000327.png,normal,,,,,,test,327,
0_dB_id_00_00000328.png,normal,,,,,,test,328,
0_dB_id_00_00000329.png,normal,,,,,,test,329,
0_dB_id_00_00000330.png,normal,,,,,,test,330,
0_dB_id_00_00000331.png,normal,,,,,,test,331,
0_dB_id_00_00000332.png,normal,,,,,,test,332,
0_dB_id_00_00000333.png,normal,,,,,,test,333,
0_dB_id_00_00000334.png,normal,,,,,,test,334,
0_dB_id_00_00000335.png,normal,,,,,,test,335,
0_dB_id_00_00000336.png,normal,,,,,,test,336,
0_dB_id_00_00000337.png,normal,,,,,,test,337,
0_dB_id_00_00000338.png,normal,,,,,,test,338,
0_dB_id_00_00000339.png,normal,,,,,,test,339,
0_dB_id_00_00000340.png,normal,,,,,,test,340,
0_dB_id_00_00000341.png,normal,,,,,,test,341,
0_dB_id_00_00000342.png,normal,,,,,,test,342,
0_dB_id_00_00000343.png,normal,,,,,,test,343,
0_dB_id_00_00000344.png,normal,,,,,,test,344,
0_dB_id_00_00000345.png,normal,,,,,,test,345,
0_dB_id_00_00000346.png,normal,,,,,,test,346,
0_dB_id_00_00000347.png,normal,,,,,,test,347,
0_dB_id_00_00000348.png,normal,,,,,,test,348,
0_dB_id_00_00000349.png,normal,,,,,,test,349,
0_dB_id_00_00000350.png,normal,,,,,,test,350,
0_dB_id_00_00000351.png,normal,,,,,,test,351,
0_dB_id_00_00000352.png,normal,,,,,,test,352,
0_dB_id_00_00000353.png,normal,,,,,,test,353,
0_dB_id_00_00000354.png,normal,,,,,,test,354,
0_dB_id_00_00000355.png,normal,,,,,,test,355,
0_dB_id_00_00000356.png,normal,,,,,,test,356,
0_dB_id_00_00000357.png,normal,,,,,,test,357,
0_dB_id_00_00000358.png,normal,,,,,,test,358,
0_dB_id_00_00000359.png,normal,,,,,,test,359,
0_dB_id_00_00000360.png,normal,,,,,,test,360,
0_dB_id_00_00000361.png,normal,,,,,,test,361,
0_dB_id_00_00000362.png,normal,,,,,,test,362,
0_dB_id_00_00000363.png,normal,,,,,,test,363,
0_dB_id_00_00000364.png,normal,,,,,,test,364,
0_dB_id_00_00000365.png,normal,,,,,,test,365,
0_dB_id_00_00000366.png,normal,,,,,,test,366,
0_dB_id_00_00000367.png,normal,,,,,,test,367,
0_dB_id_00_00000368.png,normal,,,,,,test,368,
0_dB_id_00_00000369.png,normal,,,,,,test,369,
0_dB_id_00_00000370.png,normal,,,,,,test,370,
0_dB_id_00_00000371.png,normal,,,,,,test,371,
0_dB_id_00_00000372.png,normal,,,,,,test,372,
0_dB_id_00_00000373.png,normal,,,,,,test,373,
0_dB_id_00_00000374.png,normal,,,,,,test,374,
0_dB_id_00_00000375.png,normal,,,,,,test,375,
0_dB_id_00_00000376.png,normal,,,,,,test,376,
0_dB_id_00_00000377.png,normal,,,,,,test,377,
0_dB_id_00_00000378.png,normal,,,,,,test,378,
0_dB_id_00_00000379.png,normal,,,,,,test,379,
0_dB_id_00_00000380.png,normal,,,,,,test,380,
0_dB_id_00_00000381.png,normal,,,,,,test,381,
0_dB_id_00_00000382.png,normal,,,,,,test,382,
0_dB_id_00_00000383.png,normal,,,,,,test,383,
0_dB_id_00_00000384.png,normal,,,,,,test,384,
0_dB_id_00_00000385.png,normal,,,,,,test,385,
0_dB_id_00_00000386.png,normal,,,,,,test,386,
0_dB_id_00_00000387.png,normal,,,,,,test,387,
0_dB_id_00_00000388.png,normal,,,,,,test,388,
0_dB_id_00_00000389.png,normal,,,,,,test,389,
0_dB_id_00_00000390.png,normal,,,,,,test,390,
0_dB_id_00_00000391.png,normal,,,,,,test,391,
0_dB_id_00_00000392.png,normal,,,,,,test,392,
0_dB_id_00_00000393.png,normal,,,,,,test,393,
0_dB_id_00_00000394.png,normal,,,,,,test,394,
0_dB_id_00_00000395.png,normal,,,,,,test,395,
0_dB_id_00_00000396.png,normal,,,,,,test,396,
0_dB_id_00_00000397.png,normal,,,,,,test,397,
0_dB_id_00_00000398.png,normal,,,,,,test,398,
0_dB_id_00_00000399.png,normal,,,,,,test,399,
0_dB_id_00_00000400.png,normal,,,,,,test,400,
0_dB_id_00_00000401.png,normal,,,,,,test,401,
0_dB_id_00_00000402.png,normal,,,,,,test,402,
0_dB_id_00_00000403.png,normal,,,,,,test,403,
0_dB_id_00_00000404.png,normal,,,,,,test,404,
0_dB_id_00_00000405.png,normal,,,,,,test,405,
0_dB_id_00_00000406.png,normal,,,,,,test,406,
0_dB_id_00_00000407.png,normal,,,,,,test,407,
0_dB_id_00_00000408.png,normal,,,,,,test,408,
0_dB_id_00_00000409.png,normal,,,,,,test,409,
0_dB_id_00_00000410.png,normal,,,,,,test,410,
0_dB_id_00_00000411.png,normal,,,,,,test,411,
0_dB_id_00_00000412.png,normal,,,,,,test,412,
0_dB_id_00_00000413.png,normal,,,,,,test,413,
0_dB_id_00_00000414.png,normal,,,,,,test,414,
0_dB_id_00_00000415.png,normal,,,,,,test,415,
0_dB_id_00_00000416.png,normal,,,,,,test,416,
0_dB_id_00_00000417.png,normal,,,,,,test,417,
0_dB_id_00_00000418.png,normal,,,,,,test,418,
0_dB_id_00_00000419.png,normal,,,,,,test,419,
0_dB_id_00_00000420.png,normal,,,,,,test,420,
0_dB_id_00_00000421.png,normal,,,,,,test,421,
0_dB_id_00_00000422.png,normal,,,,,,test,422,
0_dB_id_00_00000423.png,normal,,,,,,test,423,
0_dB_id_00_00000424.png,normal,,,,,,test,424,
0_dB_id_00_00000425.png,normal,,,,,,test,425,
0_dB_id_00_00000426.png,normal,,,,,,test,426,
0_dB_id_00_00000427.png,normal,,,,,,test,427,
0_dB_id_00_00000428.png,normal,,,,,,test,428,
0_dB_id_00_00000429.png,normal,,,,,,test,429,
0_dB_id_00_00000430.png,normal,,,,,,test,430,
0_dB_id_00_00000431.png,normal,,,,,,test,431,
0_dB_id_00_00000432.png,normal,,,,,,test,432,
0_dB_id_00_00000433.png,normal,,,,,,test,433,
0_dB_id_00_00000434.png,normal,,,,,,test,434,
0_dB_id_00_00000435.png,normal,,,,,,test,435,
0_dB_id_00_00000436.png,normal,,,,,,test,436,
0_dB_id_00_00000437.png,normal,,,,,,test,437,
0_dB_id_00_00000438.png,normal,,,,,,test,438,
0_dB_id_00_00000439.png,normal,,,,,,test,439,
0_dB_id_00_00000440.png,normal,,,,,,test,440,
0_dB_id_00_00000441.png,normal,,,,,,test,441,
0_dB_id_00_00000442.png,normal,,,,,,test,442,
0_dB_id_00_00000443.png,normal,,,,,,test,443,
0_dB_id_00_00000444.png,normal,,,,,,test,444,
0_dB_id_00_00000445.png,normal,,,,,,test,445,
0_dB_id_00_00000446.png,normal,,,,,,test,446,
0_dB_id_00_00000447.png,normal,,,,,,test,447,
0_dB_id_00_00000448.png,normal,,,,,,test,448,
0_dB_id_00_00000449.png,normal,,,,,,test,449,
0_dB_id_00_00000450.png,normal,,,,,,test,450,
0_dB_id_00_00000451.png,normal,,,,,,test,451,
0_dB_id_00_00000452.png,normal,,,,,,test,452,
0_dB_id_00_00000453.png,normal,,,,,,test,453,
0_dB_id_00_00000454.png,normal,,,,,,test,454,
0_dB_id_00_00000455.png,normal,,,,,,test,455,
0_dB_id_00_00000456.png,normal,,,,,,test,456,
0_dB_id_00_00000457.png,normal,,,,,,test,457,
0_dB_id_00_00000458.png,normal,,,,,,test,458,
0_dB_id_00_00000459.png,normal,,,,,,test,459,
0_dB_id_00_00000460.png,normal,,,,,,test,460,
0_dB_id_00_00000461.png,normal,,,,,,test,461,
0_dB_id_00_00000462.png,normal,,,,,,test,462,
0_dB_id_00_00000463.png,normal,,,,,,test,463,
0_dB_id_00_00000464.png,normal,,,,,,test,464,
0_dB_id_00_00000465.png,normal,,,,,,test,465,
0_dB_id_00_00000466.png,normal,,,,,,test,466,
0_dB_id_00_00000467.png,normal,,,,,,test,467,
0_dB_id_00_00000468.png,normal,,,,,,test,468,
0_dB_id_00_00000469.png,normal,,,,,,test,469,
0_dB_id_00_00000470.png,normal,,,,,,test,470,
0_dB_id_00_00000471.png,normal,,,,,,test,471,
0_dB_id_00_00000472.png,normal,,,,,,test,472,
0_dB_id_00_00000473.png,normal,,,,,,test,473,
0_dB_id_00_00000474.png,normal,,,,,,test,474,
0_dB_id_00_00000475.png,normal,,,,,,test,475,
0_dB_id_00_00000476.png,normal,,,,,,test,476,
0_dB_id_00_00000477.png,normal,,,,,,test,477,
0_dB_id_00_00000478.png,normal,,,,,,test,478,
0_dB_id_00_00000479.png,normal,,,,,,test,479,
0_dB_id_00_00000480.png,normal,,,,,,test,480,
0_dB_id_00_00000481.png,normal,,,,,,test,481,
0_dB_id_00_00000482.png,normal,,,,,,test,482,
0_dB_id_00_00000483.png,normal,,,,,,test,483,
0_dB_id_00_00000484.png,normal,,,,,,test,484,
0_dB_id_00_00000485.png,normal,,,,,,test,485,
0_dB_id_00_00000486.png,normal,,,,,,test,486,
0_dB_id_00_00000487.png,normal,,,,,,test,487,
0_dB_id_00_00000488.png,normal,,,,,,test,488,
0_dB_id_00_00000489.png,normal,,,,,,test,489,
0_dB_id_00_00000490.png,normal,,,,,,test,490,
0_dB_id_00_00000491.png,normal,,,,,,test,491,
0_dB_id_00_00000492.png,normal,,,,,,test,492,
0_dB_id_00_00000493.png,normal,,,,,,test,493,
0_dB_id_00_00000494.png,normal,,,,,,test,494,
0_dB_id_00_00000495.png,normal,,,,,,test,495,
0_dB_id_00_00000496.png,normal,,,,,,test,496,
0_dB_id_00_00000497.png,normal,,,,,,test,497,
0_dB_id_00_00000498.png,normal,,,,,,test,498,
0_dB_id_00_00000499.png,normal,,,,,,test,499,
0_dB_id_00_00000500.png,normal,,,,,,test,500,
0_dB_id_00_00000501.png,normal,,,,,,test,501,
0_dB_id_00_00000502.png,normal,,,,,,test,502,
0_dB_id_00_00000503.png,normal,,,,,,test,503,
0_dB_id_00_00000504.png,normal,,,,,,test,504,
0_dB_id_00_00000505.png,normal,,,,,,test,505,
0_dB_id_00_00000506.png,normal,,,,,,test,506,
0_dB_id_00_00000507.png,normal,,,,,,test,507,
0_dB_id_00_00000508.png,normal,,,,,,test,508,
0_dB_id_00_00000509.png,normal,,,,,,test,509,
0_dB_id_00_00000510.png,normal,,,,,,test,510,
0_dB_id_00_00000511.png,normal,,,,,,test,511,
0_dB_id_00_00000512.png,normal,,,,,,test,512,
0_dB_id_00_00000513.png,normal,,,,,,test,513,
0_dB_id_00_00000514.png,normal,,,,,,test,514,
0_dB_id_00_00000515.png,normal,,,,,,test,515,
0_dB_id_00_00000516.png,normal,,,,,,test,516,
0_dB_id_00_00000517.png,normal,,,,,,test,517,
0_dB_id_00_00000518.png,normal,,,,,,test,518,
0_dB_id_00_00000519.png,normal,,,,,,test,519,
0_dB_id_00_00000520.png,normal,,,,,,test,520,
0_dB_id_00_00000521.png,normal,,,,,,test,521,
0_dB_id_00_00000522.png,normal,,,,,,test,522,
0_dB_id_00_00000523.png,normal,,,,,,test,523,
0_dB_id_00_00000524.png,normal,,,,,,test,524,
0_dB_id_00_00000525.png,normal,,,,,,test,525,
0_dB_id_00_00000526.png,normal,,,,,,test,526,
0_dB_id_00_00000527.png,normal,,,,,,test,527,
0_dB_id_00_00000528.png,normal,,,,,,test,528,
0_dB_id_00_00000529.png,normal,,,,,,test,529,
0_dB_id_00_00000530.png,normal,,,,,,test,530,
0_dB_id_00_00000531.png,normal,,,,,,test,531,
0_dB_id_00_00000532.png,normal,,,,,,test,532,
0_dB_id_00_00000533.png,normal,,,,,,test,533,
0_dB_id_00_00000534.png,normal,,,,,,test,534,
0_dB_id_00_00000535.png,normal,,,,,,test,535,
0_dB_id_00_00000536.png,normal,,,,,,test,536,
0_dB_id_00_00000537.png,normal,,,,,,test,537,
0_dB_id_00_00000538.png,normal,,,,,,test,538,
0_dB_id_00_00000539.png,normal,,,,,,test,539,
0_dB_id_00_00000540.png,normal,,,,,,test,540,
0_dB_id_00_00000541.png,normal,,,,,,test,541,
0_dB_id_00_00000542.png,normal,,,,,,test,542,
0_dB_id_00_00000543.png,normal,,,,,,test,543,
0_dB_id_00_00000544.png,normal,,,,,,test,544,
0_dB_id_00_00000545.png,normal,,,,,,test,545,
0_dB_id_00_00000546.png,normal,,,,,,test,546,
0_dB_id_00_00000547.png,normal,,,,,,test,547,
0_dB_id_00_00000548.png,normal,,,,,,test,548,
0_dB_id_00_00000549.png,normal,,,,,,test,549,
0_dB_id_00_00000550.png,normal,,,,,,test,550,
0_dB_id_00_00000551.png,normal,,,,,,test,551,
0_dB_id_00_00000552.png,normal,,,,,,test,552,
0_dB_id_00_00000553.png,normal,,,,,,test,553,
0_dB_id_00_00000554.png,normal,,,,,,test,554,
0_dB_id_00_00000555.png,normal,,,,,,test,555,
0_dB_id_00_00000556.png,normal,,,,,,test,556,
0_dB_id_00_00000557.png,normal,,,,,,test,557,
0_dB_id_00_00000558.png,normal,,,,,,test,558,
0_dB_id_00_00000559.png,normal,,,,,,test,559,
0_dB_id_00_00000560.png,normal,,,,,,test,560,
0_dB_id_00_00000561.png,normal,,,,,,test,561,
0_dB_id_00_00000562.png,normal,,,,,,test,562,
0_dB_id_00_00000563.png,normal,,,,,,test,563,
0_dB_id_00_00000564.png,normal,,,,,,test,564,
0_dB_id_00_00000565.png,normal,,,,,,test,565,
0_dB_id_00_00000566.png,normal,,,,,,test,566,
0_dB_id_00_00000567.png,normal,,,,,,test,567,
0_dB_id_00_00000568.png,normal,,,,,,test,568,
0_dB_id_00_00000569.png,normal,,,,,,test,569,
0_dB_id_00_00000570.png,normal,,,,,,test,570,
0_dB_id_00_00000571.png,normal,,,,,,test,571,
0_dB_id_00_00000572.png,normal,,,,,,test,572,
0_dB_id_00_00000573.png,normal,,,,,,test,573,
0_dB_id_00_00000574.png,normal,,,,,,test,574,
0_dB_id_00_00000575.png,normal,,,,,,test,575,
0_dB_id_00_00000576.png,normal,,,,,,test,576,
0_dB_id_00_00000577.png,normal,,,,,,test,577,
0_dB_id_00_00000578.png,normal,,,,,,test,578,
0_dB_id_00_00000579.png,normal,,,,,,test,579,
0_dB_id_00_00000580.png,normal,,,,,,test,580,
0_dB_id_00_00000581.png,normal,,,,,,test,581,
0_dB_id_00_00000582.png,normal,,,,,,test,582,
0_dB_id_00_00000583.png,normal,,,,,,test,583,
0_dB_id_00_00000584.png,normal,,,,,,test,584,
0_dB_id_00_00000585.png,normal,,,,,,test,585,
0_dB_id_00_00000586.png,normal,,,,,,test,586,
0_dB_id_00_00000587.png,normal,,,,,,test,587,
0_dB_id_00_00000588.png,normal,,,,,,test,588,
0_dB_id_00_00000589.png,normal,,,,,,test,589,
0_dB_id_00_00000590.png,normal,,,,,,test,590,
0_dB_id_00_00000591.png,normal,,,,,,test,591,
0_dB_id_00_00000592.png,normal,,,,,,test,592,
0_dB_id_00_00000593.png,normal,,,,,,test,593,
0_dB_id_00_00000594.png,normal,,,,,,test,594,
0_dB_id_00_00000595.png,normal,,,,,,test,595,
0_dB_id_00_00000596.png,normal,,,,,,test,596,
0_dB_id_00_00000597.png,normal,,,,,,test,597,
0_dB_id_00_00000598.png,normal,,,,,,test,598,
0_dB_id_00_00000599.png,normal,,,,,,test,599,
0_dB_id_00_00000600.png,normal,,,,,,test,600,
0_dB_id_00_00000601.png,normal,,,,,,test,601,
0_dB_id_00_00000602.png,normal,,,,,,test,602,
0_dB_id_00_00000603.png,normal,,,,,,test,603,
0_dB_id_00_00000604.png,normal,,,,,,test,604,
0_dB_id_00_00000605.png,normal,,,,,,test,605,
0_dB_id_00_00000606.png,normal,,,,,,test,606,
0_dB_id_00_00000607.png,normal,,,,,,test,607,
0_dB_id_00_00000608.png,normal,,,,,,test,608,
0_dB_id_00_00000609.png,normal,,,,,,test,609,
0_dB_id_00_00000610.png,normal,,,,,,test,610,
0_dB_id_00_00000611.png,normal,,,,,,test,611,
0_dB_id_00_00000612.png,normal,,,,,,test,612,
0_dB_id_00_00000613.png,normal,,,,,,test,613,
0_dB_id_00_00000614.png,normal,,,,,,test,614,
0_dB_id_00_00000615.png,normal,,,,,,test,615,
0_dB_id_00_00000616.png,normal,,,,,,test,616,
0_dB_id_00_00000617.png,normal,,,,,,test,617,
0_dB_id_00_00000618.png,normal,,,,,,test,618,
0_dB_id_00_00000619.png,normal,,,,,,test,619,
0_dB_id_00_00000620.png,normal,,,,,,test,620,
0_dB_id_00_00000621.png,normal,,,,,,test,621,
0_dB_id_00_00000622.png,normal,,,,,,test,622,
0_dB_id_00_00000623.png,normal,,,,,,test,623,
0_dB_id_00_00000624.png,normal,,,,,,test,624,
0_dB_id_00_00000625.png,normal,,,,,,test,625,
0_dB_id_00_00000626.png,normal,,,,,,test,626,
0_dB_id_00_00000627.png,normal,,,,,,test,627,
0_dB_id_00_00000628.png,normal,,,,,,test,628,
0_dB_id_00_00000629.png,normal,,,,,,test,629,
0_dB_id_00_00000630.png,normal,,,,,,test,630,
0_dB_id_00_00000631.png,normal,,,,,,test,631,
0_dB_id_00_00000632.png,normal,,,,,,test,632,
0_dB_id_00_00000633.png,normal,,,,,,test,633,
0_dB_id_00_00000634.png,normal,,,,,,test,634,
0_dB_id_00_00000635.png,normal,,,,,,test,635,
0_dB_id_00_00000636.png,normal,,,,,,test,636,
0_dB_id_00_00000637.png,normal,,,,,,test,637,
0_dB_id_00_00000638.png,normal,,,,,,test,638,
0_dB_id_00_00000639.png,normal,,,,,,test,639,
0_dB_id_00_00000640.png,normal,,,,,,test,640,
0_dB_id_00_00000641.png,normal,,,,,,test,641,
0_dB_id_00_00000642.png,normal,,,,,,test,642,
0_dB_id_00_00000643.png,normal,,,,,,test,643,
0_dB_id_00_00000644.png,normal,,,,,,test,644,
0_dB_id_00_00000645.png,normal,,,,,,test,645,
0_dB_id_00_00000646.png,normal,,,,,,test,646,
0_dB_id_00_00000647.png,normal,,,,,,test,647,
0_dB_id_00_00000648.png,normal,,,,,,test,648,
0_dB_id_00_00000649.png,normal,,,,,,test,649,
0_dB_id_00_00000650.png,normal,,,,,,test,650,
0_dB_id_00_00000651.png,normal,,,,,,test,651,
0_dB_id_00_00000652.png,normal,,,,,,test,652,
0_dB_id_00_00000653.png,normal,,,,,,test,653,
0_dB_id_00_00000654.png,normal,,,,,,test,654,
0_dB_id_00_00000655.png,normal,,,,,,test,655,
0_dB_id_00_00000656.png,normal,,,,,,test,656,
0_dB_id_00_00000657.png,normal,,,,,,test,657,
0_dB_id_00_00000658.png,normal,,,,,,test,658,
0_dB_id_00_00000659.png,normal,,,,,,test,659,
0_dB_id_00_00000660.png,normal,,,,,,test,660,
0_dB_id_00_00000661.png,normal,,,,,,test,661,
0_dB_id_00_00000662.png,normal,,,,,,test,662,
0_dB_id_00_00000663.png,normal,,,,,,test,663,
0_dB_id_00_00000664.png,normal,,,,,,test,664,
0_dB_id_00_00000665.png,normal,,,,,,test,665,
0_dB_id_00_00000666.png,normal,,,,,,test,666,
0_dB_id_00_00000667.png,normal,,,,,,test,667,
0_dB_id_00_00000668.png,normal,,,,,,test,668,
0_dB_id_00_00000669.png,normal,,,,,,test,669,
0_dB_id_00_00000670.png,normal,,,,,,test,670,
0_dB_id_00_00000671.png,normal,,,,,,test,671,
0_dB_id_00_00000672.png,normal,,,,,,test,672,
0_dB_id_00_00000673.png,normal,,,,,,test,673,
0_dB_id_00_00000674.png,normal,,,,,,test,674,
0_dB_id_00_00000675.png,normal,,,,,,test,675,
0_dB_id_00_00000676.png,normal,,,,,,test,676,
0_dB_id_00_00000677.png,normal,,,,,,test,677,
0_dB_id_00_00000678.png,normal,,,,,,test,678,
0_dB_id_00_00000679.png,normal,,,,,,test,679,
0_dB_id_00_00000680.png,normal,,,,,,test,680,
0_dB_id_00_00000681.png,normal,,,,,,test,681,
0_dB_id_00_00000682.png,normal,,,,,,test,682,
0_dB_id_00_00000683.png,normal,,,,,,test,683,
0_dB_id_00_00000684.png,normal,,,,,,test,684,
0_dB_id_00_00000685.png,normal,,,,,,test,685,
0_dB_id_00_00000686.png,normal,,,,,,test,686,
0_dB_id_00_00000687.png,normal,,,,,,test,687,
0_dB_id_00_00000688.png,normal,,,,,,test,688,
0_dB_id_00_00000689.png,normal,,,,,,test,689,
0_dB_id_00_00000690.png,normal,,,,,,test,690,
0_dB_id_00_00000691.png,normal,,,,,,test,691,
0_dB_id_00_00000692.png,normal,,,,,,test,692,
0_dB_id_00_00000693.png,normal,,,,,,test,693,
0_dB_id_00_00000694.png,normal,,,,,,test,694,
0_dB_id_00_00000695.png,normal,,,,,,test,695,
0_dB_id_00_00000696.png,normal,,,,,,test,696,
0_dB_id_00_00000697.png,normal,,,,,,test,697,
0_dB_id_00_00000698.png,normal,,,,,,test,698,
0_dB_id_00_00000699.png,normal,,,,,,test,699,
0_dB_id_00_00000700.png,normal,,,,,,test,700,
0_dB_id_00_00000701.png,normal,,,,,,test,701,
0_dB_id_00_00000702.png,normal,,,,,,test,702,
0_dB_id_00_00000703.png,normal,,,,,,test,703,
0_dB_id_00_00000704.png,normal,,,,,,test,704,
0_dB_id_00_00000705.png,normal,,,,,,test,705,
0_dB_id_00_00000706.png,normal,,,,,,test,706,
0_dB_id_00_00000707.png,normal,,,,,,test,707,
0_dB_id_00_00000708.png,normal,,,,,,test,708,
0_dB_id_00_00000709.png,normal,,,,,,test,709,
0_dB_id_00_00000710.png,normal,,,,,,test,710,
0_dB_id_00_00000711.png,normal,,,,,,test,711,
0_dB_id_00_00000712.png,normal,,,,,,test,712,
0_dB_id_00_00000713.png,normal,,,,,,test,713,
0_dB_id_00_00000714.png,normal,,,,,,test,714,
0_dB_id_00_00000715.png,normal,,,,,,test,715,
0_dB_id_00_00000716.png,normal,,,,,,test,716,
0_dB_id_00_00000717.png,normal,,,,,,test,717,
0_dB_id_00_00000718.png,normal,,,,,,test,718,
0_dB_id_00_00000719.png,normal,,,,,,test,719,
0_dB_id_00_00000720.png,normal,,,,,,test,720,
0_dB_id_00_00000721.png,normal,,,,,,test,721,
0_dB_id_00_00000722.png,normal,,,,,,test,722,
0_dB_id_00_00000723.png,normal,,,,,,test,723,
0_dB_id_00_00000724.png,normal,,,,,,test,724,
0_dB_id_00_00000725.png,normal,,,,,,test,725,
0_dB_id_00_00000726.png,normal,,,,,,test,726,
0_dB_id_00_00000727.png,normal,,,,,,test,727,
0_dB_id_00_00000728.png,normal,,,,,,test,728,
0_dB_id_00_00000729.png,normal,,,,,,test,729,
0_dB_id_00_00000730.png,normal,,,,,,test,730,
0_dB_id_00_00000731.png,normal,,,,,,test,731,
0_dB_id_00_00000732.png,normal,,,,,,test,732,
0_dB_id_00_00000733.png,normal,,,,,,test,733,
0_dB_id_00_00000734.png,normal,,,,,,test,734,
0_dB_id_00_00000735.png,normal,,,,,,test,735,
0_dB_id_00_00000736.png,normal,,,,,,test,736,
0_dB_id_00_00000737.png,normal,,,,,,test,737,
0_dB_id_00_00000738.png,normal,,,,,,test,738,
0_dB_id_00_00000739.png,normal,,,,,,test,739,
0_dB_id_00_00000740.png,normal,,,,,,test,740,
0_dB_id_00_00000741.png,normal,,,,,,test,741,
0_dB_id_00_00000742.png,normal,,,,,,test,742,
0_dB_id_00_00000743.png,normal,,,,,,test,743,
0_dB_id_00_00000744.png,normal,,,,,,test,744,
0_dB_id_00_00000745.png,normal,,,,,,test,745,
0_dB_id_00_00000746.png,normal,,,,,,test,746,
0_dB_id_00_00000747.png,normal,,,,,,test,747,
0_dB_id_00_00000748.png,normal,,,,,,test,748,
0_dB_id_00_00000749.png,normal,,,,,,test,749,
0_dB_id_00_00000750.png,normal,,,,,,test,750,
0_dB_id_00_00000751.png,normal,,,,,,test,751,
0_dB_id_00_00000752.png,normal,,,,,,test,752,
0_dB_id_00_00000753.png,normal,,,,,,test,753,
0_dB_id_00_00000754.png,normal,,,,,,test,754,
0_dB_id_00_00000755.png,normal,,,,,,test,755,
0_dB_id_00_00000756.png,normal,,,,,,test,756,
0_dB_id_00_00000757.png,normal,,,,,,test,757,
0_dB_id_00_00000758.png,normal,,,,,,test,758,
0_dB_id_00_00000759.png,normal,,,,,,test,759,
0_dB_id_00_00000760.png,normal,,,,,,test,760,
0_dB_id_00_00000761.png,normal,,,,,,test,761,
0_dB_id_00_00000762.png,normal,,,,,,test,762,
0_dB_id_00_00000763.png,normal,,,,,,test,763,
0_dB_id_00_00000764.png,normal,,,,,,test,764,
0_dB_id_00_00000765.png,normal,,,,,,test,765,
0_dB_id_00_00000766.png,normal,,,,,,test,766,
0_dB_id_00_00000767.png,normal,,,,,,test,767,
0_dB_id_00_00000768.png,normal,,,,,,test,768,
0_dB_id_00_00000769.png,normal,,,,,,test,769,
0_dB_id_00_00000770.png,normal,,,,,,test,770,
0_dB_id_00_00000771.png,normal,,,,,,test,771,
0_dB_id_00_00000772.png,normal,,,,,,test,772,
0_dB_id_00_00000773.png,normal,,,,,,test,773,
0_dB_id_00_00000774.png,normal,,,,,,test,774,
0_dB_id_00_00000775.png,normal,,,,,,test,775,
0_dB_id_00_00000776.png,normal,,,,,,test,776,
0_dB_id_00_00000777.png,normal,,,,,,test,777,
0_dB_id_00_00000778.png,normal,,,,,,test,778,
0_dB_id_00_00000779.png,normal,,,,,,test,779,
0_dB_id_00_00000780.png,normal,,,,,,test,780,
0_dB_id_00_00000781.png,normal,,,,,,test,781,
0_dB_id_00_00000782.png,normal,,,,,,test,782,
0_dB_id_00_00000783.png,normal,,,,,,test,783,
0_dB_id_00_00000784.png,normal,,,,,,test,784,
0_dB_id_00_00000785.png,normal,,,,,,test,785,
0_dB_id_00_00000786.png,normal,,,,,,test,786,
0_dB_id_00_00000787.png,normal,,,,,,test,787,
0_dB_id_00_00000788.png,normal,,,,,,test,788,
0_dB_id_00_00000789.png,normal,,,,,,test,789,
0_dB_id_00_00000790.png,normal,,,,,,test,790,
0_dB_id_00_00000791.png,normal,,,,,,test,791,
0_dB_id_00_00000792.png,normal,,,,,,test,792,
0_dB_id_00_00000793.png,normal,,,,,,test,793,
0_dB_id_00_00000794.png,normal,,,,,,test,794,
0_dB_id_00_00000795.png,normal,,,,,,test,795,
0_dB_id_00_00000796.png,normal,,,,,,test,796,
0_dB_id_00_00000797.png,normal,,,,,,test,797,
0_dB_id_00_00000798.png,normal,,,,,,test,798,
0_dB_id_00_00000799.png,normal,,,,,,test,799,
0_dB_id_00_00000800.png,normal,,,,,,test,800,
0_dB_id_00_00000801.png,normal,,,,,,test,801,
0_dB_id_00_00000802.png,normal,,,,,,test,802,
0_dB_id_00_00000803.png,normal,,,,,,test,803,
0_dB_id_00_00000804.png,normal,,,,,,test,804,
0_dB_id_00_00000805.png,normal,,,,,,test,805,
0_dB_id_00_00000806.png,normal,,,,,,test,806,
0_dB_id_00_00000807.png,normal,,,,,,test,807,
0_dB_id_00_00000808.png,normal,,,,,,test,808,
0_dB_id_00_00000809.png,normal,,,,,,test,809,
0_dB_id_00_00000810.png,normal,,,,,,test,810,
0_dB_id_00_00000811.png,normal,,,,,,test,811,
0_dB_id_00_00000812.png,normal,,,,,,test,812,
0_dB_id_00_00000813.png,normal,,,,,,test,813,
0_dB_id_00_00000814.png,normal,,,,,,test,814,
0_dB_id_00_00000815.png,normal,,,,,,test,815,
0_dB_id_00_00000816.png,normal,,,,,,test,816,
0_dB_id_00_00000817.png,normal,,,,,,test,817,
0_dB_id_00_00000818.png,normal,,,,,,test,818,
0_dB_id_00_00000819.png,normal,,,,,,test,819,
0_dB_id_00_00000820.png,normal,,,,,,test,820,
0_dB_id_00_00000821.png,normal,,,,,,test,821,
0_dB_id_00_00000822.png,normal,,,,,,test,822,
0_dB_id_00_00000823.png,normal,,,,,,test,823,
0_dB_id_00_00000824.png,normal,,,,,,test,824,
0_dB_id_00_00000825.png,normal,,,,,,test,825,
0_dB_id_00_00000826.png,normal,,,,,,test,826,
0_dB_id_00_00000827.png,normal,,,,,,test,827,
0_dB_id_00_00000828.png,normal,,,,,,test,828,
0_dB_id_00_00000829.png,normal,,,,,,test,829,
0_dB_id_00_00000830.png,normal,,,,,,test,830,
0_dB_id_00_00000831.png,normal,,,,,,test,831,
0_dB_id_00_00000832.png,normal,,,,,,test,832,
0_dB_id_00_00000833.png,normal,,,,,,test,833,
0_dB_id_00_00000834.png,normal,,,,,,test,834,
0_dB_id_00_00000835.png,normal,,,,,,test,835,
0_dB_id_00_00000836.png,normal,,,,,,test,836,
0_dB_id_00_00000837.png,normal,,,,,,test,837,
0_dB_id_00_00000838.png,normal,,,,,,test,838,
0_dB_id_00_00000839.png,normal,,,,,,test,839,
0_dB_id_00_00000840.png,normal,,,,,,test,840,
0_dB_id_00_00000841.png,normal,,,,,,test,841,
0_dB_id_00_00000842.png,normal,,,,,,test,842,
0_dB_id_00_00000843.png,normal,,,,,,test,843,
0_dB_id_00_00000844.png,normal,,,,,,test,844,
0_dB_id_00_00000845.png,normal,,,,,,test,845,
0_dB_id_00_00000846.png,normal,,,,,,test,846,
0_dB_id_00_00000847.png,normal,,,,,,test,847,
0_dB_id_00_00000848.png,normal,,,,,,test,848,
0_dB_id_00_00000849.png,normal,,,,,,test,849,
0_dB_id_00_00000850.png,normal,,,,,,test,850,
0_dB_id_00_00000851.png,normal,,,,,,test,851,
0_dB_id_00_00000852.png,normal,,,,,,test,852,
0_dB_id_00_00000853.png,normal,,,,,,test,853,
0_dB_id_00_00000854.png,normal,,,,,,test,854,
0_dB_id_00_00000855.png,normal,,,,,,test,855,
0_dB_id_00_00000856.png,normal,,,,,,test,856,
0_dB_id_00_00000857.png,normal,,,,,,test,857,
0_dB_id_00_00000858.png,normal,,,,,,test,858,
0_dB_id_00_00000859.png,normal,,,,,,test,859,
0_dB_id_00_00000860.png,normal,,,,,,test,860,
0_dB_id_00_00000861.png,normal,,,,,,test,861,
0_dB_id_00_00000862.png,normal,,,,,,test,862,
0_dB_id_00_00000863.png,normal,,,,,,test,863,
0_dB_id_00_00000864.png,normal,,,,,,test,864,
0_dB_id_00_00000865.png,normal,,,,,,test,865,
0_dB_id_00_00000866.png,normal,,,,,,test,866,
0_dB_id_00_00000867.png,normal,,,,,,test,867,
0_dB_id_00_00000868.png,normal,,,,,,test,868,
0_dB_id_00_00000869.png,normal,,,,,,test,869,
0_dB_id_00_00000870.png,normal,,,,,,test,870,
0_dB_id_00_00000871.png,normal,,,,,,test,871,
0_dB_id_00_00000872.png,normal,,,,,,test,872,
0_dB_id_00_00000873.png,normal,,,,,,test,873,
0_dB_id_00_00000874.png,normal,,,,,,test,874,
0_dB_id_00_00000875.png,normal,,,,,,test,875,
0_dB_id_00_00000876.png,normal,,,,,,test,876,
0_dB_id_00_00000877.png,normal,,,,,,test,877,
0_dB_id_00_00000878.png,normal,,,,,,test,878,
0_dB_id_00_00000879.png,normal,,,,,,test,879,
0_dB_id_00_00000880.png,normal,,,,,,test,880,
0_dB_id_00_00000881.png,normal,,,,,,test,881,
0_dB_id_00_00000882.png,normal,,,,,,test,882,
0_dB_id_00_00000883.png,normal,,,,,,test,883,
0_dB_id_00_00000884.png,normal,,,,,,test,884,
0_dB_id_00_00000885.png,normal,,,,,,test,885,
0_dB_id_00_00000886.png,normal,,,,,,test,886,
0_dB_id_00_00000887.png,normal,,,,,,test,887,
0_dB_id_00_00000888.png,normal,,,,,,test,888,
0_dB_id_00_00000889.png,normal,,,,,,test,889,
0_dB_id_00_00000890.png,normal,,,,,,test,890,
0_dB_id_00_00000891.png,normal,,,,,,test,891,
0_dB_id_00_00000892.png,normal,,,,,,test,892,
0_dB_id_00_00000893.png,normal,,,,,,test,893,
0_dB_id_00_00000894.png,normal,,,,,,test,894,
0_dB_id_00_00000895.png,normal,,,,,,test,895,
0_dB_id_00_00000896.png,normal,,,,,,test,896,
0_dB_id_00_00000897.png,normal,,,,,,test,897,
0_dB_id_00_00000898.png,normal,,,,,,test,898,
0_dB_id_00_00000899.png,normal,,,,,,test,899,
0_dB_id_00_00000900.png,normal,,,,,,test,900,
0_dB_id_00_00000901.png,normal,,,,,,test,901,
0_dB_id_00_00000902.png,normal,,,,,,test,902,
0_dB_id_00_00000903.png,normal,,,,,,test,903,
0_dB_id_00_00000904.png,normal,,,,,,test,904,
0_dB_id_00_00000905.png,normal,,,,,,test,905,
0_dB_id_00_00000906.png,normal,,,,,,test,906,
0_dB_id_00_00000907.png,normal,,,,,,test,907,
0_dB_id_00_00000908.png,normal,,,,,,test,908,
0_dB_id_00_00000909.png,normal,,,,,,test,909,
0_dB_id_00_00000910.png,normal,,,,,,test,910,
0_dB_id_00_00000911.png,normal,,,,,,test,911,
0_dB_id_00_00000912.png,normal,,,,,,test,912,
0_dB_id_00_00000913.png,normal,,,,,,test,913,
0_dB_id_00_00000914.png,normal,,,,,,test,914,
0_dB_id_00_00000915.png,normal,,,,,,test,915,
0_dB_id_00_00000916.png,normal,,,,,,test,916,
0_dB_id_00_00000917.png,normal,,,,,,test,917,
0_dB_id_00_00000918.png,normal,,,,,,test,918,
0_dB_id_00_00000919.png,normal,,,,,,test,919,
0_dB_id_00_00000920.png,normal,,,,,,test,920,
0_dB_id_00_00000921.png,normal,,,,,,test,921,
0_dB_id_00_00000922.png,normal,,,,,,test,922,
0_dB_id_00_00000923.png,normal,,,,,,test,923,
0_dB_id_00_00000924.png,normal,,,,,,test,924,
0_dB_id_00_00000925.png,normal,,,,,,test,925,
0_dB_id_00_00000926.png,normal,,,,,,test,926,
0_dB_id_00_00000927.png,normal,,,,,,test,927,
0_dB_id_00_00000928.png,normal,,,,,,test,928,
0_dB_id_00_00000929.png,normal,,,,,,test,929,
0_dB_id_00_00000930.png,normal,,,,,,test,930,
0_dB_id_00_00000931.png,normal,,,,,,test,931,
0_dB_id_00_00000932.png,normal,,,,,,test,932,
0_dB_id_00_00000933.png,normal,,,,,,test,933,
0_dB_id_00_00000934.png,normal,,,,,,test,934,
0_dB_id_00_00000935.png,normal,,,,,,test,935,
0_dB_id_00_00000936.png,normal,,,,,,test,936,
0_dB_id_00_00000937.png,normal,,,,,,test,937,
0_dB_id_00_00000938.png,normal,,,,,,test,938,
0_dB_id_00_00000939.png,normal,,,,,,test,939,
0_dB_id_00_00000940.png,normal,,,,,,test,940,
0_dB_id_00_00000941.png,normal,,,,,,test,941,
0_dB_id_00_00000942.png,normal,,,,,,test,942,
0_dB_id_00_00000943.png,normal,,,,,,test,943,
0_dB_id_00_00000944.png,normal,,,,,,test,944,
0_dB_id_00_00000945.png,normal,,,,,,test,945,
0_dB_id_00_00000946.png,normal,,,,,,test,946,
0_dB_id_00_00000947.png,normal,,,,,,test,947,
0_dB_id_00_00000948.png,normal,,,,,,test,948,
0_dB_id_00_00000949.png,normal,,,,,,test,949,
0_dB_id_00_00000950.png,normal,,,,,,test,950,
0_dB_id_00_00000951.png,normal,,,,,,test,951,
0_dB_id_00_00000952.png,normal,,,,,,test,952,
0_dB_id_00_00000953.png,normal,,,,,,test,953,
0_dB_id_00_00000954.png,normal,,,,,,test,954,
0_dB_id_00_00000955.png,normal,,,,,,test,955,
0_dB_id_00_00000956.png,normal,,,,,,test,956,
0_dB_id_00_00000957.png,normal,,,,,,test,957,
0_dB_id_00_00000958.png,normal,,,,,,test,958,
0_dB_id_00_00000959.png,normal,,,,,,test,959,
0_dB_id_00_00000960.png,normal,,,,,,test,960,
0_dB_id_00_00000961.png,normal,,,,,,test,961,
0_dB_id_00_00000962.png,normal,,,,,,test,962,
0_dB_id_00_00000963.png,normal,,,,,,test,963,
0_dB_id_00_00000964.png,normal,,,,,,test,964,
0_dB_id_00_00000965.png,normal,,,,,,test,965,
0_dB_id_00_00000966.png,normal,,,,,,test,966,
0_dB_id_00_00000967.png,normal,,,,,,test,967,
0_dB_id_00_00000968.png,normal,,,,,,test,968,
0_dB_id_00_00000969.png,normal,,,,,,test,969,
0_dB_id_00_00000970.png,normal,,,,,,test,970,
0_dB_id_00_00000971.png,normal,,,,,,test,971,
0_dB_id_00_00000972.png,normal,,,,,,test,972,
0_dB_id_00_00000973.png,normal,,,,,,test,973,
0_dB_id_00_00000974.png,normal,,,,,,test,974,
0_dB_id_00_00000975.png,normal,,,,,,test,975,
0_dB_id_00_00000976.png,normal,,,,,,test,976,
0_dB_id_00_00000977.png,normal,,,,,,test,977,
0_dB_id_00_00000978.png,normal,,,,,,test,978,
0_dB_id_00_00000979.png,normal,,,,,,test,979,
0_dB_id_00_00000980.png,normal,,,,,,test,980,
0_dB_id_00_00000981.png,normal,,,,,,test,981,
0_dB_id_00_00000982.png,normal,,,,,,test,982,
0_dB_id_00_00000983.png,normal,,,,,,test,983,
0_dB_id_00_00000984.png,normal,,,,,,test,984,
0_dB_id_00_00000985.png,normal,,,,,,test,985,
0_dB_id_00_00000986.png,normal,,,,,,test,986,
0_dB_id_00_00000987.png,normal,,,,,,test,987,
0_dB_id_00_00000988.png,normal,,,,,,test,988,
0_dB_id_00_00000989.png,normal,,,,,,test,989,
0_dB_id_00_00000990.png,normal,,,,,,test,990,
0_dB_id_00_00000991.png,normal,,,,,,test,991,
0_dB_id_00_00000992.png,normal,,,,,,test,992,
0_dB_id_00_00000993.png,normal,,,,,,test,993,
0_dB_id_00_00000994.png,normal,,,,,,test,994,
0_dB_id_00_00000995.png,normal,,,,,,test,995,
0_dB_id_00_00000996.png,normal,,,,,,test,996,
0_dB_id_00_00000997.png,normal,,,,,,test,997,
0_dB_id_00_00000998.png,normal,,,,,,test,998,
0_dB_id_00_00000999.png,normal,,,,,,test,999,
0_dB_id_00_00001000.png,normal,,,,,,test,1000,
0_dB_id_00_00001001.png,normal,,,,,,test,1001,
0_dB_id_00_00001002.png,normal,,,,,,test,1002,
0_dB_id_00_00001003.png,normal,,,,,,test,1003,
0_dB_id_00_00001004.png,normal,,,,,,test,1004,
0_dB_id_00_00001005.png,normal,,,,,,test,1005,
0_dB_id_00_00001006.png,normal,,,,,,test,1006,
0_dB_id_00_00001007.png,normal,,,,,,test,1007,
0_dB_id_00_00001008.png,normal,,,,,,test,1008,
0_dB_id_00_00001009.png,normal,,,,,,test,1009,
0_dB_id_00_00001010.png,normal,,,,,,test,1010,
0_dB_id_00_00001011.png,normal,,,,,,test,1011,
0_dB_id_00_00001012.png,normal,,,,,,test,1012,
0_dB_id_00_00001013.png,normal,,,,,,test,1013,
0_dB_id_00_00001014.png,normal,,,,,,test,1014,
0_dB_id_00_00001015.png,normal,,,,,,test,1015,
0_dB_id_00_00001016.png,normal,,,,,,test,1016,
0_dB_id_00_00001017.png,normal,,,,,,test,1017,
0_dB_id_00_00001018.png,normal,,,,,,test,1018,
0_dB_id_00_00001019.png,normal,,,,,,test,1019,
0_dB_id_00_00001020.png,normal,,,,,,test,1020,
0_dB_id_00_00001021.png,normal,,,,,,test,1021,
0_dB_id_00_00001022.png,normal,,,,,,test,1022,
0_dB_id_00_00001023.png,normal,,,,,,test,1023,
0_dB_id_00_00001024.png,normal,,,,,,test,1024,
0_dB_id_00_00001025.png,normal,,,,,,test,1025,
0_dB_id_00_00001026.png,normal,,,,,,test,1026,
0_dB_id_00_00001027.png,normal,,,,,,test,1027,
0_dB_id_00_00001028.png,normal,,,,,,test,1028,
0_dB_id_00_00001029.png,normal,,,,,,test,1029,
0_dB_id_00_00001030.png,normal,,,,,,test,1030,
0_dB_id_00_00001031.png,normal,,,,,,test,1031,
0_dB_id_00_00001032.png,normal,,,,,,test,1032,
0_dB_id_00_00001033.png,normal,,,,,,test,1033,
0_dB_id_00_00001034.png,normal,,,,,,test,1034,
0_dB_id_00_00001035.png,normal,,,,,,test,1035,
0_dB_id_00_00001036.png,normal,,,,,,test,1036,
0_dB_id_00_00001037.png,normal,,,,,,test,1037,
0_dB_id_00_00001038.png,normal,,,,,,test,1038,
0_dB_id_00_00001039.png,normal,,,,,,test,1039,
0_dB_id_00_00001040.png,normal,,,,,,test,1040,
0_dB_id_00_00001041.png,normal,,,,,,test,1041,
0_dB_id_00_00001042.png,normal,,,,,,test,1042,
0_dB_id_00_00001043.png,normal,,,,,,test,1043,
0_dB_id_00_00001044.png,normal,,,,,,test,1044,
0_dB_id_00_00001045.png,normal,,,,,,test,1045,
0_dB_id_00_00001046.png,normal,,,,,,test,1046,
0_dB_id_00_00001047.png,normal,,,,,,test,1047,
0_dB_id_00_00001048.png,normal,,,,,,test,1048,
0_dB_id_00_00001049.png,normal,,,,,,test,1049,
0_dB_id_00_00001050.png,normal,,,,,,test,1050,
0_dB_id_00_00001051.png,normal,,,,,,test,1051,
0_dB_id_00_00001052.png,normal,,,,,,test,1052,
0_dB_id_00_00001053.png,normal,,,,,,test,1053,
0_dB_id_00_00001054.png,normal,,,,,,test,1054,
0_dB_id_00_00001055.png,normal,,,,,,test,1055,
0_dB_id_00_00001056.png,normal,,,,,,test,1056,
0_dB_id_00_00001057.png,normal,,,,,,test,1057,
0_dB_id_00_00001058.png,normal,,,,,,test,1058,
0_dB_id_00_00001059.png,normal,,,,,,test,1059,
0_dB_id_00_00001060.png,normal,,,,,,test,1060,
0_dB_id_00_00001061.png,normal,,,,,,test,1061,
0_dB_id_00_00001062.png,normal,,,,,,test,1062,
0_dB_id_00_00001063.png,normal,,,,,,test,1063,
0_dB_id_00_00001064.png,normal,,,,,,test,1064,
0_dB_id_00_00001065.png,normal,,,,,,test,1065,
0_dB_id_00_00001066.png,normal,,,,,,test,1066,
0_dB_id_00_00001067.png,normal,,,,,,test,1067,
6_dB_id_00_00000000.png,normal,,,,,,test,0,
6_dB_id_00_00000001.png,normal,,,,,,test,1,
6_dB_id_00_00000002.png,normal,,,,,,test,2,
6_dB_id_00_00000003.png,normal,,,,,,test,3,
6_dB_id_00_00000004.png,normal,,,,,,test,4,
6_dB_id_00_00000005.png,normal,,,,,,test,5,
6_dB_id_00_00000006.png,normal,,,,,,test,6,
6_dB_id_00_00000007.png,normal,,,,,,test,7,
6_dB_id_00_00000008.png,normal,,,,,,test,8,
6_dB_id_00_00000009.png,normal,,,,,,test,9,
6_dB_id_00_00000010.png,normal,,,,,,test,10,
6_dB_id_00_00000011.png,normal,,,,,,test,11,
6_dB_id_00_00000012.png,normal,,,,,,test,12,
6_dB_id_00_00000013.png,normal,,,,,,test,13,
6_dB_id_00_00000014.png,normal,,,,,,test,14,
6_dB_id_00_00000015.png,normal,,,,,,test,15,
6_dB_id_00_00000016.png,normal,,,,,,test,16,
6_dB_id_00_00000017.png,normal,,,,,,test,17,
6_dB_id_00_00000018.png,normal,,,,,,test,18,
6_dB_id_00_00000019.png,normal,,,,,,test,19,
6_dB_id_00_00000020.png,normal,,,,,,test,20,
6_dB_id_00_00000021.png,normal,,,,,,test,21,
6_dB_id_00_00000022.png,normal,,,,,,test,22,
6_dB_id_00_00000023.png,normal,,,,,,test,23,
6_dB_id_00_00000024.png,normal,,,,,,test,24,
6_dB_id_00_00000025.png,normal,,,,,,test,25,
6_dB_id_00_00000026.png,normal,,,,,,test,26,
6_dB_id_00_00000027.png,normal,,,,,,test,27,
6_dB_id_00_00000028.png,normal,,,,,,test,28,
6_dB_id_00_00000029.png,normal,,,,,,test,29,
6_dB_id_00_00000030.png,normal,,,,,,test,30,
6_dB_id_00_00000031.png,normal,,,,,,test,31,
6_dB_id_00_00000032.png,normal,,,,,,test,32,
6_dB_id_00_00000033.png,normal,,,,,,test,33,
6_dB_id_00_00000034.png,normal,,,,,,test,34,
6_dB_id_00_00000035.png,normal,,,,,,test,35,
6_dB_id_00_00000036.png,normal,,,,,,test,36,
6_dB_id_00_00000037.png,normal,,,,,,test,37,
6_dB_id_00_00000038.png,normal,,,,,,test,38,
6_dB_id_00_00000039.png,normal,,,,,,test,39,
6_dB_id_00_00000040.png,normal,,,,,,test,40,
6_dB_id_00_00000041.png,normal,,,,,,test,41,
6_dB_id_00_00000042.png,normal,,,,,,test,42,
6_dB_id_00_00000043.png,normal,,,,,,test,43,
6_dB_id_00_00000044.png,normal,,,,,,test,44,
6_dB_id_00_00000045.png,normal,,,,,,test,45,
6_dB_id_00_00000046.png,normal,,,,,,test,46,
6_dB_id_00_00000047.png,normal,,,,,,test,47,
6_dB_id_00_00000048.png,normal,,,,,,test,48,
6_dB_id_00_00000049.png,normal,,,,,,test,49,
6_dB_id_00_00000050.png,normal,,,,,,test,50,
6_dB_id_00_00000051.png,normal,,,,,,test,51,
6_dB_id_00_00000052.png,normal,,,,,,test,52,
6_dB_id_00_00000053.png,normal,,,,,,test,53,
6_dB_id_00_00000054.png,normal,,,,,,test,54,
6_dB_id_00_00000055.png,normal,,,,,,test,55,
6_dB_id_00_00000056.png,normal,,,,,,test,56,
6_dB_id_00_00000057.png,normal,,,,,,test,57,
6_dB_id_00_00000058.png,normal,,,,,,test,58,
6_dB_id_00_00000059.png,normal,,,,,,test,59,
6_dB_id_00_00000060.png,normal,,,,,,test,60,
6_dB_id_00_00000061.png,normal,,,,,,test,61,
6_dB_id_00_00000062.png,normal,,,,,,test,62,
6_dB_id_00_00000063.png,normal,,,,,,test,63,
6_dB_id_00_00000064.png,normal,,,,,,test,64,
6_dB_id_00_00000065.png,normal,,,,,,test,65,
6_dB_id_00_00000066.png,normal,,,,,,test,66,
6_dB_id_00_00000067.png,normal,,,,,,test,67,
6_dB_id_00_00000068.png,normal,,,,,,test,68,
6_dB_id_00_00000069.png,normal,,,,,,test,69,
6_dB_id_00_00000070.png,normal,,,,,,test,70,
6_dB_id_00_00000071.png,normal,,,,,,test,71,
6_dB_id_00_00000072.png,normal,,,,,,test,72,
6_dB_id_00_00000073.png,normal,,,,,,test,73,
6_dB_id_00_00000074.png,normal,,,,,,test,74,
6_dB_id_00_00000075.png,normal,,,,,,test,75,
6_dB_id_00_00000076.png,normal,,,,,,test,76,
6_dB_id_00_00000077.png,normal,,,,,,test,77,
6_dB_id_00_00000078.png,normal,,,,,,test,78,
6_dB_id_00_00000079.png,normal,,,,,,test,79,
6_dB_id_00_00000080.png,normal,,,,,,test,80,
6_dB_id_00_00000081.png,normal,,,,,,test,81,
6_dB_id_00_00000082.png,normal,,,,,,test,82,
6_dB_id_00_00000083.png,normal,,,,,,test,83,
6_dB_id_00_00000084.png,normal,,,,,,test,84,
6_dB_id_00_00000085.png,normal,,,,,,test,85,
6_dB_id_00_00000086.png,normal,,,,,,test,86,
6_dB_id_00_00000087.png,normal,,,,,,test,87,
6_dB_id_00_00000088.png,normal,,,,,,test,88,
6_dB_id_00_00000089.png,normal,,,,,,test,89,
6_dB_id_00_00000090.png,normal,,,,,,test,90,
6_dB_id_00_00000091.png,normal,,,,,,test,91,
6_dB_id_00_00000092.png,normal,,,,,,test,92,
6_dB_id_00_00000093.png,normal,,,,,,test,93,
6_dB_id_00_00000094.png,normal,,,,,,test,94,
6_dB_id_00_00000095.png,normal,,,,,,test,95,
6_dB_id_00_00000096.png,normal,,,,,,test,96,
6_dB_id_00_00000097.png,normal,,,,,,test,97,
6_dB_id_00_00000098.png,normal,,,,,,test,98,
6_dB_id_00_00000099.png,normal,,,,,,test,99,
6_dB_id_00_00000100.png,normal,,,,,,test,100,
6_dB_id_00_00000101.png,normal,,,,,,test,101,
6_dB_id_00_00000102.png,normal,,,,,,test,102,
6_dB_id_00_00000103.png,normal,,,,,,test,103,
6_dB_id_00_00000104.png,normal,,,,,,test,104,
6_dB_id_00_00000105.png,normal,,,,,,test,105,
6_dB_id_00_00000106.png,normal,,,,,,test,106,
6_dB_id_00_00000107.png,normal,,,,,,test,107,
6_dB_id_00_00000108.png,normal,,,,,,test,108,
6_dB_id_00_00000109.png,normal,,,,,,test,109,
6_dB_id_00_00000110.png,normal,,,,,,test,110,
6_dB_id_00_00000111.png,normal,,,,,,test,111,
6_dB_id_00_00000112.png,normal,,,,,,test,112,
6_dB_id_00_00000113.png,normal,,,,,,test,113,
6_dB_id_00_00000114.png,normal,,,,,,test,114,
6_dB_id_00_00000115.png,normal,,,,,,test,115,
6_dB_id_00_00000116.png,normal,,,,,,test,116,
6_dB_id_00_00000117.png,normal,,,,,,test,117,
6_dB_id_00_00000118.png,normal,,,,,,test,118,
6_dB_id_00_00000119.png,normal,,,,,,test,119,
6_dB_id_00_00000120.png,normal,,,,,,test,120,
6_dB_id_00_00000121.png,normal,,,,,,test,121,
6_dB_id_00_00000122.png,normal,,,,,,test,122,
6_dB_id_00_00000123.png,normal,,,,,,test,123,
6_dB_id_00_00000124.png,normal,,,,,,test,124,
6_dB_id_00_00000125.png,normal,,,,,,test,125,
6_dB_id_00_00000126.png,normal,,,,,,test,126,
6_dB_id_00_00000127.png,normal,,,,,,test,127,
6_dB_id_00_00000128.png,normal,,,,,,test,128,
6_dB_id_00_00000129.png,normal,,,,,,test,129,
6_dB_id_00_00000130.png,normal,,,,,,test,130,
6_dB_id_00_00000131.png,normal,,,,,,test,131,
6_dB_id_00_00000132.png,normal,,,,,,test,132,
6_dB_id_00_00000133.png,normal,,,,,,test,133,
6_dB_id_00_00000134.png,normal,,,,,,test,134,
6_dB_id_00_00000135.png,normal,,,,,,test,135,
6_dB_id_00_00000136.png,normal,,,,,,test,136,
6_dB_id_00_00000137.png,normal,,,,,,test,137,
6_dB_id_00_00000138.png,normal,,,,,,test,138,
6_dB_id_00_00000139.png,normal,,,,,,test,139,
6_dB_id_00_00000140.png,normal,,,,,,test,140,
6_dB_id_00_00000141.png,normal,,,,,,test,141,
6_dB_id_00_00000142.png,normal,,,,,,test,142,
6_dB_id_00_00000143.png,normal,,,,,,test,143,
6_dB_id_00_00000144.png,normal,,,,,,test,144,
6_dB_id_00_00000145.png,normal,,,,,,test,145,
6_dB_id_00_00000146.png,normal,,,,,,test,146,
6_dB_id_00_00000147.png,normal,,,,,,test,147,
6_dB_id_00_00000148.png,normal,,,,,,test,148,
6_dB_id_00_00000149.png,normal,,,,,,test,149,
6_dB_id_00_00000150.png,normal,,,,,,test,150,
6_dB_id_00_00000151.png,normal,,,,,,test,151,
6_dB_id_00_00000152.png,normal,,,,,,test,152,
6_dB_id_00_00000153.png,normal,,,,,,test,153,
6_dB_id_00_00000154.png,normal,,,,,,test,154,
6_dB_id_00_00000155.png,normal,,,,,,test,155,
6_dB_id_00_00000156.png,normal,,,,,,test,156,
6_dB_id_00_00000157.png,normal,,,,,,test,157,
6_dB_id_00_00000158.png,normal,,,,,,test,158,
6_dB_id_00_00000159.png,normal,,,,,,test,159,
6_dB_id_00_00000160.png,normal,,,,,,test,160,
6_dB_id_00_00000161.png,normal,,,,,,test,161,
6_dB_id_00_00000162.png,normal,,,,,,test,162,
6_dB_id_00_00000163.png,normal,,,,,,test,163,
6_dB_id_00_00000164.png,normal,,,,,,test,164,
6_dB_id_00_00000165.png,normal,,,,,,test,165,
6_dB_id_00_00000166.png,normal,,,,,,test,166,
6_dB_id_00_00000167.png,normal,,,,,,test,167,
6_dB_id_00_00000168.png,normal,,,,,,test,168,
6_dB_id_00_00000169.png,normal,,,,,,test,169,
6_dB_id_00_00000170.png,normal,,,,,,test,170,
6_dB_id_00_00000171.png,normal,,,,,,test,171,
6_dB_id_00_00000172.png,normal,,,,,,test,172,
6_dB_id_00_00000173.png,normal,,,,,,test,173,
6_dB_id_00_00000174.png,normal,,,,,,test,174,
6_dB_id_00_00000175.png,normal,,,,,,test,175,
6_dB_id_00_00000176.png,normal,,,,,,test,176,
6_dB_id_00_00000177.png,normal,,,,,,test,177,
6_dB_id_00_00000178.png,normal,,,,,,test,178,
6_dB_id_00_00000179.png,normal,,,,,,test,179,
6_dB_id_00_00000180.png,normal,,,,,,test,180,
6_dB_id_00_00000181.png,normal,,,,,,test,181,
6_dB_id_00_00000182.png,normal,,,,,,test,182,
6_dB_id_00_00000183.png,normal,,,,,,test,183,
6_dB_id_00_00000184.png,normal,,,,,,test,184,
6_dB_id_00_00000185.png,normal,,,,,,test,185,
6_dB_id_00_00000186.png,normal,,,,,,test,186,
6_dB_id_00_00000187.png,normal,,,,,,test,187,
6_dB_id_00_00000188.png,normal,,,,,,test,188,
6_dB_id_00_00000189.png,normal,,,,,,test,189,
6_dB_id_00_00000190.png,normal,,,,,,test,190,
6_dB_id_00_00000191.png,normal,,,,,,test,191,
6_dB_id_00_00000192.png,normal,,,,,,test,192,
6_dB_id_00_00000193.png,normal,,,,,,test,193,
6_dB_id_00_00000194.png,normal,,,,,,test,194,
6_dB_id_00_00000195.png,normal,,,,,,test,195,
6_dB_id_00_00000196.png,normal,,,,,,test,196,
6_dB_id_00_00000197.png,normal,,,,,,test,197,
6_dB_id_00_00000198.png,normal,,,,,,test,198,
6_dB_id_00_00000199.png,normal,,,,,,test,199,
6_dB_id_00_00000200.png,normal,,,,,,test,200,
6_dB_id_00_00000201.png,normal,,,,,,test,201,
6_dB_id_00_00000202.png,normal,,,,,,test,202,
6_dB_id_00_00000203.png,normal,,,,,,test,203,
6_dB_id_00_00000204.png,normal,,,,,,test,204,
6_dB_id_00_00000205.png,normal,,,,,,test,205,
6_dB_id_00_00000206.png,normal,,,,,,test,206,
6_dB_id_00_00000207.png,normal,,,,,,test,207,
6_dB_id_00_00000208.png,normal,,,,,,test,208,
6_dB_id_00_00000209.png,normal,,,,,,test,209,
6_dB_id_00_00000210.png,normal,,,,,,test,210,
6_dB_id_00_00000211.png,normal,,,,,,test,211,
6_dB_id_00_00000212.png,normal,,,,,,test,212,
6_dB_id_00_00000213.png,normal,,,,,,test,213,
6_dB_id_00_00000214.png,normal,,,,,,test,214,
6_dB_id_00_00000215.png,normal,,,,,,test,215,
6_dB_id_00_00000216.png,normal,,,,,,test,216,
6_dB_id_00_00000217.png,normal,,,,,,test,217,
6_dB_id_00_00000218.png,normal,,,,,,test,218,
6_dB_id_00_00000219.png,normal,,,,,,test,219,
6_dB_id_00_00000220.png,normal,,,,,,test,220,
6_dB_id_00_00000221.png,normal,,,,,,test,221,
6_dB_id_00_00000222.png,normal,,,,,,test,222,
6_dB_id_00_00000223.png,normal,,,,,,test,223,
6_dB_id_00_00000224.png,normal,,,,,,test,224,
6_dB_id_00_00000225.png,normal,,,,,,test,225,
6_dB_id_00_00000226.png,normal,,,,,,test,226,
6_dB_id_00_00000227.png,normal,,,,,,test,227,
6_dB_id_00_00000228.png,normal,,,,,,test,228,
6_dB_id_00_00000229.png,normal,,,,,,test,229,
6_dB_id_00_00000230.png,normal,,,,,,test,230,
6_dB_id_00_00000231.png,normal,,,,,,test,231,
6_dB_id_00_00000232.png,normal,,,,,,test,232,
6_dB_id_00_00000233.png,normal,,,,,,test,233,
6_dB_id_00_00000234.png,normal,,,,,,test,234,
6_dB_id_00_00000235.png,normal,,,,,,test,235,
6_dB_id_00_00000236.png,normal,,,,,,test,236,
6_dB_id_00_00000237.png,normal,,,,,,test,237,
6_dB_id_00_00000238.png,normal,,,,,,test,238,
6_dB_id_00_00000239.png,normal,,,,,,test,239,
6_dB_id_00_00000240.png,normal,,,,,,test,240,
6_dB_id_00_00000241.png,normal,,,,,,test,241,
6_dB_id_00_00000242.png,normal,,,,,,test,242,
6_dB_id_00_00000243.png,normal,,,,,,test,243,
6_dB_id_00_00000244.png,normal,,,,,,test,244,
6_dB_id_00_00000245.png,normal,,,,,,test,245,
6_dB_id_00_00000246.png,normal,,,,,,test,246,
6_dB_id_00_00000247.png,normal,,,,,,test,247,
6_dB_id_00_00000248.png,normal,,,,,,test,248,
6_dB_id_00_00000249.png,normal,,,,,,test,249,
6_dB_id_00_00000250.png,normal,,,,,,test,250,
6_dB_id_00_00000251.png,normal,,,,,,test,251,
6_dB_id_00_00000252.png,normal,,,,,,test,252,
6_dB_id_00_00000253.png,normal,,,,,,test,253,
6_dB_id_00_00000254.png,normal,,,,,,test,254,
6_dB_id_00_00000255.png,normal,,,,,,test,255,
6_dB_id_00_00000256.png,normal,,,,,,test,256,
6_dB_id_00_00000257.png,normal,,,,,,test,257,
6_dB_id_00_00000258.png,normal,,,,,,test,258,
6_dB_id_00_00000259.png,normal,,,,,,test,259,
6_dB_id_00_00000260.png,normal,,,,,,test,260,
6_dB_id_00_00000261.png,normal,,,,,,test,261,
6_dB_id_00_00000262.png,normal,,,,,,test,262,
6_dB_id_00_00000263.png,normal,,,,,,test,263,
6_dB_id_00_00000264.png,normal,,,,,,test,264,
6_dB_id_00_00000265.png,normal,,,,,,test,265,
6_dB_id_00_00000266.png,normal,,,,,,test,266,
6_dB_id_00_00000267.png,normal,,,,,,test,267,
6_dB_id_00_00000268.png,normal,,,,,,test,268,
6_dB_id_00_00000269.png,normal,,,,,,test,269,
6_dB_id_00_00000270.png,normal,,,,,,test,270,
6_dB_id_00_00000271.png,normal,,,,,,test,271,
6_dB_id_00_00000272.png,normal,,,,,,test,272,
6_dB_id_00_00000273.png,normal,,,,,,test,273,
6_dB_id_00_00000274.png,normal,,,,,,test,274,
6_dB_id_00_00000275.png,normal,,,,,,test,275,
6_dB_id_00_00000276.png,normal,,,,,,test,276,
6_dB_id_00_00000277.png,normal,,,,,,test,277,
6_dB_id_00_00000278.png,normal,,,,,,test,278,
6_dB_id_00_00000279.png,normal,,,,,,test,279,
6_dB_id_00_00000280.png,normal,,,,,,test,280,
6_dB_id_00_00000281.png,normal,,,,,,test,281,
6_dB_id_00_00000282.png,normal,,,,,,test,282,
6_dB_id_00_00000283.png,normal,,,,,,test,283,
6_dB_id_00_00000284.png,normal,,,,,,test,284,
6_dB_id_00_00000285.png,normal,,,,,,test,285,
6_dB_id_00_00000286.png,normal,,,,,,test,286,
6_dB_id_00_00000287.png,normal,,,,,,test,287,
6_dB_id_00_00000288.png,normal,,,,,,test,288,
6_dB_id_00_00000289.png,normal,,,,,,test,289,
6_dB_id_00_00000290.png,normal,,,,,,test,290,
6_dB_id_00_00000291.png,normal,,,,,,test,291,
6_dB_id_00_00000292.png,normal,,,,,,test,292,
6_dB_id_00_00000293.png,normal,,,,,,test,293,
6_dB_id_00_00000294.png,normal,,,,,,test,294,
6_dB_id_00_00000295.png,normal,,,,,,test,295,
6_dB_id_00_00000296.png,normal,,,,,,test,296,
6_dB_id_00_00000297.png,normal,,,,,,test,297,
6_dB_id_00_00000298.png,normal,,,,,,test,298,
6_dB_id_00_00000299.png,normal,,,,,,test,299,
6_dB_id_00_00000300.png,normal,,,,,,test,300,
6_dB_id_00_00000301.png,normal,,,,,,test,301,
6_dB_id_00_00000302.png,normal,,,,,,test,302,
6_dB_id_00_00000303.png,normal,,,,,,test,303,
6_dB_id_00_00000304.png,normal,,,,,,test,304,
6_dB_id_00_00000305.png,normal,,,,,,test,305,
6_dB_id_00_00000306.png,normal,,,,,,test,306,
6_dB_id_00_00000307.png,normal,,,,,,test,307,
6_dB_id_00_00000308.png,normal,,,,,,test,308,
6_dB_id_00_00000309.png,normal,,,,,,test,309,
6_dB_id_00_00000310.png,normal,,,,,,test,310,
6_dB_id_00_00000311.png,normal,,,,,,test,311,
6_dB_id_00_00000312.png,normal,,,,,,test,312,
6_dB_id_00_00000313.png,normal,,,,,,test,313,
6_dB_id_00_00000314.png,normal,,,,,,test,314,
6_dB_id_00_00000315.png,normal,,,,,,test,315,
6_dB_id_00_00000316.png,normal,,,,,,test,316,
6_dB_id_00_00000317.png,normal,,,,,,test,317,
6_dB_id_00_00000318.png,normal,,,,,,test,318,
6_dB_id_00_00000319.png,normal,,,,,,test,319,
6_dB_id_00_00000320.png,normal,,,,,,test,320,
6_dB_id_00_00000321.png,normal,,,,,,test,321,
6_dB_id_00_00000322.png,normal,,,,,,test,322,
6_dB_id_00_00000323.png,normal,,,,,,test,323,
6_dB_id_00_00000324.png,normal,,,,,,test,324,
6_dB_id_00_00000325.png,normal,,,,,,test,325,
6_dB_id_00_00000326.png,normal,,,,,,test,326,
6_dB_id_00_00000327.png,normal,,,,,,test,327,
6_dB_id_00_00000328.png,normal,,,,,,test,328,
6_dB_id_00_00000329.png,normal,,,,,,test,329,
6_dB_id_00_00000330.png,normal,,,,,,test,330,
6_dB_id_00_00000331.png,normal,,,,,,test,331,
6_dB_id_00_00000332.png,normal,,,,,,test,332,
6_dB_id_00_00000333.png,normal,,,,,,test,333,
6_dB_id_00_00000334.png,normal,,,,,,test,334,
6_dB_id_00_00000335.png,normal,,,,,,test,335,
6_dB_id_00_00000336.png,normal,,,,,,test,336,
6_dB_id_00_00000337.png,normal,,,,,,test,337,
6_dB_id_00_00000338.png,normal,,,,,,test,338,
6_dB_id_00_00000339.png,normal,,,,,,test,339,
6_dB_id_00_00000340.png,normal,,,,,,test,340,
6_dB_id_00_00000341.png,normal,,,,,,test,341,
6_dB_id_00_00000342.png,normal,,,,,,test,342,
6_dB_id_00_00000343.png,normal,,,,,,test,343,
6_dB_id_00_00000344.png,normal,,,,,,test,344,
6_dB_id_00_00000345.png,normal,,,,,,test,345,
6_dB_id_00_00000346.png,normal,,,,,,test,346,
6_dB_id_00_00000347.png,normal,,,,,,test,347,
6_dB_id_00_00000348.png,normal,,,,,,test,348,
6_dB_id_00_00000349.png,normal,,,,,,test,349,
6_dB_id_00_00000350.png,normal,,,,,,test,350,
6_dB_id_00_00000351.png,normal,,,,,,test,351,
6_dB_id_00_00000352.png,normal,,,,,,test,352,
6_dB_id_00_00000353.png,normal,,,,,,test,353,
6_dB_id_00_00000354.png,normal,,,,,,test,354,
6_dB_id_00_00000355.png,normal,,,,,,test,355,
6_dB_id_00_00000356.png,normal,,,,,,test,356,
6_dB_id_00_00000357.png,normal,,,,,,test,357,
6_dB_id_00_00000358.png,normal,,,,,,test,358,
6_dB_id_00_00000359.png,normal,,,,,,test,359,
6_dB_id_00_00000360.png,normal,,,,,,test,360,
6_dB_id_00_00000361.png,normal,,,,,,test,361,
6_dB_id_00_00000362.png,normal,,,,,,test,362,
6_dB_id_00_00000363.png,normal,,,,,,test,363,
6_dB_id_00_00000364.png,normal,,,,,,test,364,
6_dB_id_00_00000365.png,normal,,,,,,test,365,
6_dB_id_00_00000366.png,normal,,,,,,test,366,
6_dB_id_00_00000367.png,normal,,,,,,test,367,
6_dB_id_00_00000368.png,normal,,,,,,test,368,
6_dB_id_00_00000369.png,normal,,,,,,test,369,
6_dB_id_00_00000370.png,normal,,,,,,test,370,
6_dB_id_00_00000371.png,normal,,,,,,test,371,
6_dB_id_00_00000372.png,normal,,,,,,test,372,
6_dB_id_00_00000373.png,normal,,,,,,test,373,
6_dB_id_00_00000374.png,normal,,,,,,test,374,
6_dB_id_00_00000375.png,normal,,,,,,test,375,
6_dB_id_00_00000376.png,normal,,,,,,test,376,
6_dB_id_00_00000377.png,normal,,,,,,test,377,
6_dB_id_00_00000378.png,normal,,,,,,test,378,
6_dB_id_00_00000379.png,normal,,,,,,test,379,
6_dB_id_00_00000380.png,normal,,,,,,test,380,
6_dB_id_00_00000381.png,normal,,,,,,test,381,
6_dB_id_00_00000382.png,normal,,,,,,test,382,
6_dB_id_00_00000383.png,normal,,,,,,test,383,
6_dB_id_00_00000384.png,normal,,,,,,test,384,
6_dB_id_00_00000385.png,normal,,,,,,test,385,
6_dB_id_00_00000386.png,normal,,,,,,test,386,
6_dB_id_00_00000387.png,normal,,,,,,test,387,
6_dB_id_00_00000388.png,normal,,,,,,test,388,
6_dB_id_00_00000389.png,normal,,,,,,test,389,
6_dB_id_00_00000390.png,normal,,,,,,test,390,
6_dB_id_00_00000391.png,normal,,,,,,test,391,
6_dB_id_00_00000392.png,normal,,,,,,test,392,
6_dB_id_00_00000393.png,normal,,,,,,test,393,
6_dB_id_00_00000394.png,normal,,,,,,test,394,
6_dB_id_00_00000395.png,normal,,,,,,test,395,
6_dB_id_00_00000396.png,normal,,,,,,test,396,
6_dB_id_00_00000397.png,normal,,,,,,test,397,
6_dB_id_00_00000398.png,normal,,,,,,test,398,
6_dB_id_00_00000399.png,normal,,,,,,test,399,
6_dB_id_00_00000400.png,normal,,,,,,test,400,
6_dB_id_00_00000401.png,normal,,,,,,test,401,
6_dB_id_00_00000402.png,normal,,,,,,test,402,
6_dB_id_00_00000403.png,normal,,,,,,test,403,
6_dB_id_00_00000404.png,normal,,,,,,test,404,
6_dB_id_00_00000405.png,normal,,,,,,test,405,
6_dB_id_00_00000406.png,normal,,,,,,test,406,
6_dB_id_00_00000407.png,normal,,,,,,test,407,
6_dB_id_00_00000408.png,normal,,,,,,test,408,
6_dB_id_00_00000409.png,normal,,,,,,test,409,
6_dB_id_00_00000410.png,normal,,,,,,test,410,
6_dB_id_00_00000411.png,normal,,,,,,test,411,
6_dB_id_00_00000412.png,normal,,,,,,test,412,
6_dB_id_00_00000413.png,normal,,,,,,test,413,
6_dB_id_00_00000414.png,normal,,,,,,test,414,
6_dB_id_00_00000415.png,normal,,,,,,test,415,
6_dB_id_00_00000416.png,normal,,,,,,test,416,
6_dB_id_00_00000417.png,normal,,,,,,test,417,
6_dB_id_00_00000418.png,normal,,,,,,test,418,
6_dB_id_00_00000419.png,normal,,,,,,test,419,
6_dB_id_00_00000420.png,normal,,,,,,test,420,
6_dB_id_00_00000421.png,normal,,,,,,test,421,
6_dB_id_00_00000422.png,normal,,,,,,test,422,
6_dB_id_00_00000423.png,normal,,,,,,test,423,
6_dB_id_00_00000424.png,normal,,,,,,test,424,
6_dB_id_00_00000425.png,normal,,,,,,test,425,
6_dB_id_00_00000426.png,normal,,,,,,test,426,
6_dB_id_00_00000427.png,normal,,,,,,test,427,
6_dB_id_00_00000428.png,normal,,,,,,test,428,
6_dB_id_00_00000429.png,normal,,,,,,test,429,
6_dB_id_00_00000430.png,normal,,,,,,test,430,
6_dB_id_00_00000431.png,normal,,,,,,test,431,
6_dB_id_00_00000432.png,normal,,,,,,test,432,
6_dB_id_00_00000433.png,normal,,,,,,test,433,
6_dB_id_00_00000434.png,normal,,,,,,test,434,
6_dB_id_00_00000435.png,normal,,,,,,test,435,
6_dB_id_00_00000436.png,normal,,,,,,test,436,
6_dB_id_00_00000437.png,normal,,,,,,test,437,
6_dB_id_00_00000438.png,normal,,,,,,test,438,
6_dB_id_00_00000439.png,normal,,,,,,test,439,
6_dB_id_00_00000440.png,normal,,,,,,test,440,
6_dB_id_00_00000441.png,normal,,,,,,test,441,
6_dB_id_00_00000442.png,normal,,,,,,test,442,
6_dB_id_00_00000443.png,normal,,,,,,test,443,
6_dB_id_00_00000444.png,normal,,,,,,test,444,
6_dB_id_00_00000445.png,normal,,,,,,test,445,
6_dB_id_00_00000446.png,normal,,,,,,test,446,
6_dB_id_00_00000447.png,normal,,,,,,test,447,
6_dB_id_00_00000448.png,normal,,,,,,test,448,
6_dB_id_00_00000449.png,normal,,,,,,test,449,
6_dB_id_00_00000450.png,normal,,,,,,test,450,
6_dB_id_00_00000451.png,normal,,,,,,test,451,
6_dB_id_00_00000452.png,normal,,,,,,test,452,
6_dB_id_00_00000453.png,normal,,,,,,test,453,
6_dB_id_00_00000454.png,normal,,,,,,test,454,
6_dB_id_00_00000455.png,normal,,,,,,test,455,
6_dB_id_00_00000456.png,normal,,,,,,test,456,
6_dB_id_00_00000457.png,normal,,,,,,test,457,
6_dB_id_00_00000458.png,normal,,,,,,test,458,
6_dB_id_00_00000459.png,normal,,,,,,test,459,
6_dB_id_00_00000460.png,normal,,,,,,test,460,
6_dB_id_00_00000461.png,normal,,,,,,test,461,
6_dB_id_00_00000462.png,normal,,,,,,test,462,
6_dB_id_00_00000463.png,normal,,,,,,test,463,
6_dB_id_00_00000464.png,normal,,,,,,test,464,
6_dB_id_00_00000465.png,normal,,,,,,test,465,
6_dB_id_00_00000466.png,normal,,,,,,test,466,
6_dB_id_00_00000467.png,normal,,,,,,test,467,
6_dB_id_00_00000468.png,normal,,,,,,test,468,
6_dB_id_00_00000469.png,normal,,,,,,test,469,
6_dB_id_00_00000470.png,normal,,,,,,test,470,
6_dB_id_00_00000471.png,normal,,,,,,test,471,
6_dB_id_00_00000472.png,normal,,,,,,test,472,
6_dB_id_00_00000473.png,normal,,,,,,test,473,
6_dB_id_00_00000474.png,normal,,,,,,test,474,
6_dB_id_00_00000475.png,normal,,,,,,test,475,
6_dB_id_00_00000476.png,normal,,,,,,test,476,
6_dB_id_00_00000477.png,normal,,,,,,test,477,
6_dB_id_00_00000478.png,normal,,,,,,test,478,
6_dB_id_00_00000479.png,normal,,,,,,test,479,
6_dB_id_00_00000480.png,normal,,,,,,test,480,
6_dB_id_00_00000481.png,normal,,,,,,test,481,
6_dB_id_00_00000482.png,normal,,,,,,test,482,
6_dB_id_00_00000483.png,normal,,,,,,test,483,
6_dB_id_00_00000484.png,normal,,,,,,test,484,
6_dB_id_00_00000485.png,normal,,,,,,test,485,
6_dB_id_00_00000486.png,normal,,,,,,test,486,
6_dB_id_00_00000487.png,normal,,,,,,test,487,
6_dB_id_00_00000488.png,normal,,,,,,test,488,
6_dB_id_00_00000489.png,normal,,,,,,test,489,
6_dB_id_00_00000490.png,normal,,,,,,test,490,
6_dB_id_00_00000491.png,normal,,,,,,test,491,
6_dB_id_00_00000492.png,normal,,,,,,test,492,
6_dB_id_00_00000493.png,normal,,,,,,test,493,
6_dB_id_00_00000494.png,normal,,,,,,test,494,
6_dB_id_00_00000495.png,normal,,,,,,test,495,
6_dB_id_00_00000496.png,normal,,,,,,test,496,
6_dB_id_00_00000497.png,normal,,,,,,test,497,
6_dB_id_00_00000498.png,normal,,,,,,test,498,
6_dB_id_00_00000499.png,normal,,,,,,test,499,
6_dB_id_00_00000500.png,normal,,,,,,test,500,
6_dB_id_00_00000501.png,normal,,,,,,test,501,
6_dB_id_00_00000502.png,normal,,,,,,test,502,
6_dB_id_00_00000503.png,normal,,,,,,test,503,
6_dB_id_00_00000504.png,normal,,,,,,test,504,
6_dB_id_00_00000505.png,normal,,,,,,test,505,
6_dB_id_00_00000506.png,normal,,,,,,test,506,
6_dB_id_00_00000507.png,normal,,,,,,test,507,
6_dB_id_00_00000508.png,normal,,,,,,test,508,
6_dB_id_00_00000509.png,normal,,,,,,test,509,
6_dB_id_00_00000510.png,normal,,,,,,test,510,
6_dB_id_00_00000511.png,normal,,,,,,test,511,
6_dB_id_00_00000512.png,normal,,,,,,test,512,
6_dB_id_00_00000513.png,normal,,,,,,test,513,
6_dB_id_00_00000514.png,normal,,,,,,test,514,
6_dB_id_00_00000515.png,normal,,,,,,test,515,
6_dB_id_00_00000516.png,normal,,,,,,test,516,
6_dB_id_00_00000517.png,normal,,,,,,test,517,
6_dB_id_00_00000518.png,normal,,,,,,test,518,
6_dB_id_00_00000519.png,normal,,,,,,test,519,
6_dB_id_00_00000520.png,normal,,,,,,test,520,
6_dB_id_00_00000521.png,normal,,,,,,test,521,
6_dB_id_00_00000522.png,normal,,,,,,test,522,
6_dB_id_00_00000523.png,normal,,,,,,test,523,
6_dB_id_00_00000524.png,normal,,,,,,test,524,
6_dB_id_00_00000525.png,normal,,,,,,test,525,
6_dB_id_00_00000526.png,normal,,,,,,test,526,
6_dB_id_00_00000527.png,normal,,,,,,test,527,
6_dB_id_00_00000528.png,normal,,,,,,test,528,
6_dB_id_00_00000529.png,normal,,,,,,test,529,
6_dB_id_00_00000530.png,normal,,,,,,test,530,
6_dB_id_00_00000531.png,normal,,,,,,test,531,
6_dB_id_00_00000532.png,normal,,,,,,test,532,
6_dB_id_00_00000533.png,normal,,,,,,test,533,
6_dB_id_00_00000534.png,normal,,,,,,test,534,
6_dB_id_00_00000535.png,normal,,,,,,test,535,
6_dB_id_00_00000536.png,normal,,,,,,test,536,
6_dB_id_00_00000537.png,normal,,,,,,test,537,
6_dB_id_00_00000538.png,normal,,,,,,test,538,
6_dB_id_00_00000539.png,normal,,,,,,test,539,
6_dB_id_00_00000540.png,normal,,,,,,test,540,
6_dB_id_00_00000541.png,normal,,,,,,test,541,
6_dB_id_00_00000542.png,normal,,,,,,test,542,
6_dB_id_00_00000543.png,normal,,,,,,test,543,
6_dB_id_00_00000544.png,normal,,,,,,test,544,
6_dB_id_00_00000545.png,normal,,,,,,test,545,
6_dB_id_00_00000546.png,normal,,,,,,test,546,
6_dB_id_00_00000547.png,normal,,,,,,test,547,
6_dB_id_00_00000548.png,normal,,,,,,test,548,
6_dB_id_00_00000549.png,normal,,,,,,test,549,
6_dB_id_00_00000550.png,normal,,,,,,test,550,
6_dB_id_00_00000551.png,normal,,,,,,test,551,
6_dB_id_00_00000552.png,normal,,,,,,test,552,
6_dB_id_00_00000553.png,normal,,,,,,test,553,
6_dB_id_00_00000554.png,normal,,,,,,test,554,
6_dB_id_00_00000555.png,normal,,,,,,test,555,
6_dB_id_00_00000556.png,normal,,,,,,test,556,
6_dB_id_00_00000557.png,normal,,,,,,test,557,
6_dB_id_00_00000558.png,normal,,,,,,test,558,
6_dB_id_00_00000559.png,normal,,,,,,test,559,
6_dB_id_00_00000560.png,normal,,,,,,test,560,
6_dB_id_00_00000561.png,normal,,,,,,test,561,
6_dB_id_00_00000562.png,normal,,,,,,test,562,
6_dB_id_00_00000563.png,normal,,,,,,test,563,
6_dB_id_00_00000564.png,normal,,,,,,test,564,
6_dB_id_00_00000565.png,normal,,,,,,test,565,
6_dB_id_00_00000566.png,normal,,,,,,test,566,
6_dB_id_00_00000567.png,normal,,,,,,test,567,
6_dB_id_00_00000568.png,normal,,,,,,test,568,
6_dB_id_00_00000569.png,normal,,,,,,test,569,
6_dB_id_00_00000570.png,normal,,,,,,test,570,
6_dB_id_00_00000571.png,normal,,,,,,test,571,
6_dB_id_00_00000572.png,normal,,,,,,test,572,
6_dB_id_00_00000573.png,normal,,,,,,test,573,
6_dB_id_00_00000574.png,normal,,,,,,test,574,
6_dB_id_00_00000575.png,normal,,,,,,test,575,
6_dB_id_00_00000576.png,normal,,,,,,test,576,
6_dB_id_00_00000577.png,normal,,,,,,test,577,
6_dB_id_00_00000578.png,normal,,,,,,test,578,
6_dB_id_00_00000579.png,normal,,,,,,test,579,
6_dB_id_00_00000580.png,normal,,,,,,test,580,
6_dB_id_00_00000581.png,normal,,,,,,test,581,
6_dB_id_00_00000582.png,normal,,,,,,test,582,
6_dB_id_00_00000583.png,normal,,,,,,test,583,
6_dB_id_00_00000584.png,normal,,,,,,test,584,
6_dB_id_00_00000585.png,normal,,,,,,test,585,
6_dB_id_00_00000586.png,normal,,,,,,test,586,
6_dB_id_00_00000587.png,normal,,,,,,test,587,
6_dB_id_00_00000588.png,normal,,,,,,test,588,
6_dB_id_00_00000589.png,normal,,,,,,test,589,
6_dB_id_00_00000590.png,normal,,,,,,test,590,
6_dB_id_00_00000591.png,normal,,,,,,test,591,
6_dB_id_00_00000592.png,normal,,,,,,test,592,
6_dB_id_00_00000593.png,normal,,,,,,test,593,
6_dB_id_00_00000594.png,normal,,,,,,test,594,
6_dB_id_00_00000595.png,normal,,,,,,test,595,
6_dB_id_00_00000596.png,normal,,,,,,test,596,
6_dB_id_00_00000597.png,normal,,,,,,test,597,
6_dB_id_00_00000598.png,normal,,,,,,test,598,
6_dB_id_00_00000599.png,normal,,,,,,test,599,
6_dB_id_00_00000600.png,normal,,,,,,test,600,
6_dB_id_00_00000601.png,normal,,,,,,test,601,
6_dB_id_00_00000602.png,normal,,,,,,test,602,
6_dB_id_00_00000603.png,normal,,,,,,test,603,
6_dB_id_00_00000604.png,normal,,,,,,test,604,
6_dB_id_00_00000605.png,normal,,,,,,test,605,
6_dB_id_00_00000606.png,normal,,,,,,test,606,
6_dB_id_00_00000607.png,normal,,,,,,test,607,
6_dB_id_00_00000608.png,normal,,,,,,test,608,
6_dB_id_00_00000609.png,normal,,,,,,test,609,
6_dB_id_00_00000610.png,normal,,,,,,test,610,
6_dB_id_00_00000611.png,normal,,,,,,test,611,
6_dB_id_00_00000612.png,normal,,,,,,test,612,
6_dB_id_00_00000613.png,normal,,,,,,test,613,
6_dB_id_00_00000614.png,normal,,,,,,test,614,
6_dB_id_00_00000615.png,normal,,,,,,test,615,
6_dB_id_00_00000616.png,normal,,,,,,test,616,
6_dB_id_00_00000617.png,normal,,,,,,test,617,
6_dB_id_00_00000618.png,normal,,,,,,test,618,
6_dB_id_00_00000619.png,normal,,,,,,test,619,
6_dB_id_00_00000620.png,normal,,,,,,test,620,
6_dB_id_00_00000621.png,normal,,,,,,test,621,
6_dB_id_00_00000622.png,normal,,,,,,test,622,
6_dB_id_00_00000623.png,normal,,,,,,test,623,
6_dB_id_00_00000624.png,normal,,,,,,test,624,
6_dB_id_00_00000625.png,normal,,,,,,test,625,
6_dB_id_00_00000626.png,normal,,,,,,test,626,
6_dB_id_00_00000627.png,normal,,,,,,test,627,
6_dB_id_00_00000628.png,normal,,,,,,test,628,
6_dB_id_00_00000629.png,normal,,,,,,test,629,
6_dB_id_00_00000630.png,normal,,,,,,test,630,
6_dB_id_00_00000631.png,normal,,,,,,test,631,
6_dB_id_00_00000632.png,normal,,,,,,test,632,
6_dB_id_00_00000633.png,normal,,,,,,test,633,
6_dB_id_00_00000634.png,normal,,,,,,test,634,
6_dB_id_00_00000635.png,normal,,,,,,test,635,
6_dB_id_00_00000636.png,normal,,,,,,test,636,
6_dB_id_00_00000637.png,normal,,,,,,test,637,
6_dB_id_00_00000638.png,normal,,,,,,test,638,
6_dB_id_00_00000639.png,normal,,,,,,test,639,
6_dB_id_00_00000640.png,normal,,,,,,test,640,
6_dB_id_00_00000641.png,normal,,,,,,test,641,
6_dB_id_00_00000642.png,normal,,,,,,test,642,
6_dB_id_00_00000643.png,normal,,,,,,test,643,
6_dB_id_00_00000644.png,normal,,,,,,test,644,
6_dB_id_00_00000645.png,normal,,,,,,test,645,
6_dB_id_00_00000646.png,normal,,,,,,test,646,
6_dB_id_00_00000647.png,normal,,,,,,test,647,
6_dB_id_00_00000648.png,normal,,,,,,test,648,
6_dB_id_00_00000649.png,normal,,,,,,test,649,
6_dB_id_00_00000650.png,normal,,,,,,test,650,
6_dB_id_00_00000651.png,normal,,,,,,test,651,
6_dB_id_00_00000652.png,normal,,,,,,test,652,
6_dB_id_00_00000653.png,normal,,,,,,test,653,
6_dB_id_00_00000654.png,normal,,,,,,test,654,
6_dB_id_00_00000655.png,normal,,,,,,test,655,
6_dB_id_00_00000656.png,normal,,,,,,test,656,
6_dB_id_00_00000657.png,normal,,,,,,test,657,
6_dB_id_00_00000658.png,normal,,,,,,test,658,
6_dB_id_00_00000659.png,normal,,,,,,test,659,
6_dB_id_00_00000660.png,normal,,,,,,test,660,
6_dB_id_00_00000661.png,normal,,,,,,test,661,
6_dB_id_00_00000662.png,normal,,,,,,test,662,
6_dB_id_00_00000663.png,normal,,,,,,test,663,
6_dB_id_00_00000664.png,normal,,,,,,test,664,
6_dB_id_00_00000665.png,normal,,,,,,test,665,
6_dB_id_00_00000666.png,normal,,,,,,test,666,
6_dB_id_00_00000667.png,normal,,,,,,test,667,
6_dB_id_00_00000668.png,normal,,,,,,test,668,
6_dB_id_00_00000669.png,normal,,,,,,test,669,
6_dB_id_00_00000670.png,normal,,,,,,test,670,
6_dB_id_00_00000671.png,normal,,,,,,test,671,
6_dB_id_00_00000672.png,normal,,,,,,test,672,
6_dB_id_00_00000673.png,normal,,,,,,test,673,
6_dB_id_00_00000674.png,normal,,,,,,test,674,
6_dB_id_00_00000675.png,normal,,,,,,test,675,
6_dB_id_00_00000676.png,normal,,,,,,test,676,
6_dB_id_00_00000677.png,normal,,,,,,test,677,
6_dB_id_00_00000678.png,normal,,,,,,test,678,
6_dB_id_00_00000679.png,normal,,,,,,test,679,
6_dB_id_00_00000680.png,normal,,,,,,test,680,
6_dB_id_00_00000681.png,normal,,,,,,test,681,
6_dB_id_00_00000682.png,normal,,,,,,test,682,
6_dB_id_00_00000683.png,normal,,,,,,test,683,
6_dB_id_00_00000684.png,normal,,,,,,test,684,
6_dB_id_00_00000685.png,normal,,,,,,test,685,
6_dB_id_00_00000686.png,normal,,,,,,test,686,
6_dB_id_00_00000687.png,normal,,,,,,test,687,
6_dB_id_00_00000688.png,normal,,,,,,test,688,
6_dB_id_00_00000689.png,normal,,,,,,test,689,
6_dB_id_00_00000690.png,normal,,,,,,test,690,
6_dB_id_00_00000691.png,normal,,,,,,test,691,
6_dB_id_00_00000692.png,normal,,,,,,test,692,
6_dB_id_00_00000693.png,normal,,,,,,test,693,
6_dB_id_00_00000694.png,normal,,,,,,test,694,
6_dB_id_00_00000695.png,normal,,,,,,test,695,
6_dB_id_00_00000696.png,normal,,,,,,test,696,
6_dB_id_00_00000697.png,normal,,,,,,test,697,
6_dB_id_00_00000698.png,normal,,,,,,test,698,
6_dB_id_00_00000699.png,normal,,,,,,test,699,
6_dB_id_00_00000700.png,normal,,,,,,test,700,
6_dB_id_00_00000701.png,normal,,,,,,test,701,
6_dB_id_00_00000702.png,normal,,,,,,test,702,
6_dB_id_00_00000703.png,normal,,,,,,test,703,
6_dB_id_00_00000704.png,normal,,,,,,test,704,
6_dB_id_00_00000705.png,normal,,,,,,test,705,
6_dB_id_00_00000706.png,normal,,,,,,test,706,
6_dB_id_00_00000707.png,normal,,,,,,test,707,
6_dB_id_00_00000708.png,normal,,,,,,test,708,
6_dB_id_00_00000709.png,normal,,,,,,test,709,
6_dB_id_00_00000710.png,normal,,,,,,test,710,
6_dB_id_00_00000711.png,normal,,,,,,test,711,
6_dB_id_00_00000712.png,normal,,,,,,test,712,
6_dB_id_00_00000713.png,normal,,,,,,test,713,
6_dB_id_00_00000714.png,normal,,,,,,test,714,
6_dB_id_00_00000715.png,normal,,,,,,test,715,
6_dB_id_00_00000716.png,normal,,,,,,test,716,
6_dB_id_00_00000717.png,normal,,,,,,test,717,
6_dB_id_00_00000718.png,normal,,,,,,test,718,
6_dB_id_00_00000719.png,normal,,,,,,test,719,
6_dB_id_00_00000720.png,normal,,,,,,test,720,
6_dB_id_00_00000721.png,normal,,,,,,test,721,
6_dB_id_00_00000722.png,normal,,,,,,test,722,
6_dB_id_00_00000723.png,normal,,,,,,test,723,
6_dB_id_00_00000724.png,normal,,,,,,test,724,
6_dB_id_00_00000725.png,normal,,,,,,test,725,
6_dB_id_00_00000726.png,normal,,,,,,test,726,
6_dB_id_00_00000727.png,normal,,,,,,test,727,
6_dB_id_00_00000728.png,normal,,,,,,test,728,
6_dB_id_00_00000729.png,normal,,,,,,test,729,
6_dB_id_00_00000730.png,normal,,,,,,test,730,
6_dB_id_00_00000731.png,normal,,,,,,test,731,
6_dB_id_00_00000732.png,normal,,,,,,test,732,
6_dB_id_00_00000733.png,normal,,,,,,test,733,
6_dB_id_00_00000734.png,normal,,,,,,test,734,
6_dB_id_00_00000735.png,normal,,,,,,test,735,
6_dB_id_00_00000736.png,normal,,,,,,test,736,
6_dB_id_00_00000737.png,normal,,,,,,test,737,
6_dB_id_00_00000738.png,normal,,,,,,test,738,
6_dB_id_00_00000739.png,normal,,,,,,test,739,
6_dB_id_00_00000740.png,normal,,,,,,test,740,
6_dB_id_00_00000741.png,normal,,,,,,test,741,
6_dB_id_00_00000742.png,normal,,,,,,test,742,
6_dB_id_00_00000743.png,normal,,,,,,test,743,
6_dB_id_00_00000744.png,normal,,,,,,test,744,
6_dB_id_00_00000745.png,normal,,,,,,test,745,
6_dB_id_00_00000746.png,normal,,,,,,test,746,
6_dB_id_00_00000747.png,normal,,,,,,test,747,
6_dB_id_00_00000748.png,normal,,,,,,test,748,
6_dB_id_00_00000749.png,normal,,,,,,test,749,
6_dB_id_00_00000750.png,normal,,,,,,test,750,
6_dB_id_00_00000751.png,normal,,,,,,test,751,
6_dB_id_00_00000752.png,normal,,,,,,test,752,
6_dB_id_00_00000753.png,normal,,,,,,test,753,
6_dB_id_00_00000754.png,normal,,,,,,test,754,
6_dB_id_00_00000755.png,normal,,,,,,test,755,
6_dB_id_00_00000756.png,normal,,,,,,test,756,
6_dB_id_00_00000757.png,normal,,,,,,test,757,
6_dB_id_00_00000758.png,normal,,,,,,test,758,
6_dB_id_00_00000759.png,normal,,,,,,test,759,
6_dB_id_00_00000760.png,normal,,,,,,test,760,
6_dB_id_00_00000761.png,normal,,,,,,test,761,
6_dB_id_00_00000762.png,normal,,,,,,test,762,
6_dB_id_00_00000763.png,normal,,,,,,test,763,
6_dB_id_00_00000764.png,normal,,,,,,test,764,
6_dB_id_00_00000765.png,normal,,,,,,test,765,
6_dB_id_00_00000766.png,normal,,,,,,test,766,
6_dB_id_00_00000767.png,normal,,,,,,test,767,
6_dB_id_00_00000768.png,normal,,,,,,test,768,
6_dB_id_00_00000769.png,normal,,,,,,test,769,
6_dB_id_00_00000770.png,normal,,,,,,test,770,
6_dB_id_00_00000771.png,normal,,,,,,test,771,
6_dB_id_00_00000772.png,normal,,,,,,test,772,
6_dB_id_00_00000773.png,normal,,,,,,test,773,
6_dB_id_00_00000774.png,normal,,,,,,test,774,
6_dB_id_00_00000775.png,normal,,,,,,test,775,
6_dB_id_00_00000776.png,normal,,,,,,test,776,
6_dB_id_00_00000777.png,normal,,,,,,test,777,
6_dB_id_00_00000778.png,normal,,,,,,test,778,
6_dB_id_00_00000779.png,normal,,,,,,test,779,
6_dB_id_00_00000780.png,normal,,,,,,test,780,
6_dB_id_00_00000781.png,normal,,,,,,test,781,
6_dB_id_00_00000782.png,normal,,,,,,test,782,
6_dB_id_00_00000783.png,normal,,,,,,test,783,
6_dB_id_00_00000784.png,normal,,,,,,test,784,
6_dB_id_00_00000785.png,normal,,,,,,test,785,
6_dB_id_00_00000786.png,normal,,,,,,test,786,
6_dB_id_00_00000787.png,normal,,,,,,test,787,
6_dB_id_00_00000788.png,normal,,,,,,test,788,
6_dB_id_00_00000789.png,normal,,,,,,test,789,
6_dB_id_00_00000790.png,normal,,,,,,test,790,
6_dB_id_00_00000791.png,normal,,,,,,test,791,
6_dB_id_00_00000792.png,normal,,,,,,test,792,
6_dB_id_00_00000793.png,normal,,,,,,test,793,
6_dB_id_00_00000794.png,normal,,,,,,test,794,
6_dB_id_00_00000795.png,normal,,,,,,test,795,
6_dB_id_00_00000796.png,normal,,,,,,test,796,
6_dB_id_00_00000797.png,normal,,,,,,test,797,
6_dB_id_00_00000798.png,normal,,,,,,test,798,
6_dB_id_00_00000799.png,normal,,,,,,test,799,
6_dB_id_00_00000800.png,normal,,,,,,test,800,
6_dB_id_00_00000801.png,normal,,,,,,test,801,
6_dB_id_00_00000802.png,normal,,,,,,test,802,
6_dB_id_00_00000803.png,normal,,,,,,test,803,
6_dB_id_00_00000804.png,normal,,,,,,test,804,
6_dB_id_00_00000805.png,normal,,,,,,test,805,
6_dB_id_00_00000806.png,normal,,,,,,test,806,
6_dB_id_00_00000807.png,normal,,,,,,test,807,
6_dB_id_00_00000808.png,normal,,,,,,test,808,
6_dB_id_00_00000809.png,normal,,,,,,test,809,
6_dB_id_00_00000810.png,normal,,,,,,test,810,
6_dB_id_00_00000811.png,normal,,,,,,test,811,
6_dB_id_00_00000812.png,normal,,,,,,test,812,
6_dB_id_00_00000813.png,normal,,,,,,test,813,
6_dB_id_00_00000814.png,normal,,,,,,test,814,
6_dB_id_00_00000815.png,normal,,,,,,test,815,
6_dB_id_00_00000816.png,normal,,,,,,test,816,
6_dB_id_00_00000817.png,normal,,,,,,test,817,
6_dB_id_00_00000818.png,normal,,,,,,test,818,
6_dB_id_00_00000819.png,normal,,,,,,test,819,
6_dB_id_00_00000820.png,normal,,,,,,test,820,
6_dB_id_00_00000821.png,normal,,,,,,test,821,
6_dB_id_00_00000822.png,normal,,,,,,test,822,
6_dB_id_00_00000823.png,normal,,,,,,test,823,
6_dB_id_00_00000824.png,normal,,,,,,test,824,
6_dB_id_00_00000825.png,normal,,,,,,test,825,
6_dB_id_00_00000826.png,normal,,,,,,test,826,
6_dB_id_00_00000827.png,normal,,,,,,test,827,
6_dB_id_00_00000828.png,normal,,,,,,test,828,
6_dB_id_00_00000829.png,normal,,,,,,test,829,
6_dB_id_00_00000830.png,normal,,,,,,test,830,
6_dB_id_00_00000831.png,normal,,,,,,test,831,
6_dB_id_00_00000832.png,normal,,,,,,test,832,
6_dB_id_00_00000833.png,normal,,,,,,test,833,
6_dB_id_00_00000834.png,normal,,,,,,test,834,
6_dB_id_00_00000835.png,normal,,,,,,test,835,
6_dB_id_00_00000836.png,normal,,,,,,test,836,
6_dB_id_00_00000837.png,normal,,,,,,test,837,
6_dB_id_00_00000838.png,normal,,,,,,test,838,
6_dB_id_00_00000839.png,normal,,,,,,test,839,
6_dB_id_00_00000840.png,normal,,,,,,test,840,
6_dB_id_00_00000841.png,normal,,,,,,test,841,
6_dB_id_00_00000842.png,normal,,,,,,test,842,
6_dB_id_00_00000843.png,normal,,,,,,test,843,
6_dB_id_00_00000844.png,normal,,,,,,test,844,
6_dB_id_00_00000845.png,normal,,,,,,test,845,
6_dB_id_00_00000846.png,normal,,,,,,test,846,
6_dB_id_00_00000847.png,normal,,,,,,test,847,
6_dB_id_00_00000848.png,normal,,,,,,test,848,
6_dB_id_00_00000849.png,normal,,,,,,test,849,
6_dB_id_00_00000850.png,normal,,,,,,test,850,
6_dB_id_00_00000851.png,normal,,,,,,test,851,
6_dB_id_00_00000852.png,normal,,,,,,test,852,
6_dB_id_00_00000853.png,normal,,,,,,test,853,
6_dB_id_00_00000854.png,normal,,,,,,test,854,
6_dB_id_00_00000855.png,normal,,,,,,test,855,
6_dB_id_00_00000856.png,normal,,,,,,test,856,
6_dB_id_00_00000857.png,normal,,,,,,test,857,
6_dB_id_00_00000858.png,normal,,,,,,test,858,
6_dB_id_00_00000859.png,normal,,,,,,test,859,
6_dB_id_00_00000860.png,normal,,,,,,test,860,
6_dB_id_00_00000861.png,normal,,,,,,test,861,
6_dB_id_00_00000862.png,normal,,,,,,test,862,
6_dB_id_00_00000863.png,normal,,,,,,test,863,
6_dB_id_00_00000864.png,normal,,,,,,test,864,
6_dB_id_00_00000865.png,normal,,,,,,test,865,
6_dB_id_00_00000866.png,normal,,,,,,test,866,
6_dB_id_00_00000867.png,normal,,,,,,test,867,
6_dB_id_00_00000868.png,normal,,,,,,test,868,
6_dB_id_00_00000869.png,normal,,,,,,test,869,
6_dB_id_00_00000870.png,normal,,,,,,test,870,
6_dB_id_00_00000871.png,normal,,,,,,test,871,
6_dB_id_00_00000872.png,normal,,,,,,test,872,
6_dB_id_00_00000873.png,normal,,,,,,test,873,
6_dB_id_00_00000874.png,normal,,,,,,test,874,
6_dB_id_00_00000875.png,normal,,,,,,test,875,
6_dB_id_00_00000876.png,normal,,,,,,test,876,
6_dB_id_00_00000877.png,normal,,,,,,test,877,
6_dB_id_00_00000878.png,normal,,,,,,test,878,
6_dB_id_00_00000879.png,normal,,,,,,test,879,
6_dB_id_00_00000880.png,normal,,,,,,test,880,
6_dB_id_00_00000881.png,normal,,,,,,test,881,
6_dB_id_00_00000882.png,normal,,,,,,test,882,
6_dB_id_00_00000883.png,normal,,,,,,test,883,
6_dB_id_00_00000884.png,normal,,,,,,test,884,
6_dB_id_00_00000885.png,normal,,,,,,test,885,
6_dB_id_00_00000886.png,normal,,,,,,test,886,
6_dB_id_00_00000887.png,normal,,,,,,test,887,
6_dB_id_00_00000888.png,normal,,,,,,test,888,
6_dB_id_00_00000889.png,normal,,,,,,test,889,
6_dB_id_00_00000890.png,normal,,,,,,test,890,
6_dB_id_00_00000891.png,normal,,,,,,test,891,
6_dB_id_00_00000892.png,normal,,,,,,test,892,
6_dB_id_00_00000893.png,normal,,,,,,test,893,
6_dB_id_00_00000894.png,normal,,,,,,test,894,
6_dB_id_00_00000895.png,normal,,,,,,test,895,
6_dB_id_00_00000896.png,normal,,,,,,test,896,
6_dB_id_00_00000897.png,normal,,,,,,test,897,
6_dB_id_00_00000898.png,normal,,,,,,test,898,
6_dB_id_00_00000899.png,normal,,,,,,test,899,
6_dB_id_00_00000900.png,normal,,,,,,test,900,
6_dB_id_00_00000901.png,normal,,,,,,test,901,
6_dB_id_00_00000902.png,normal,,,,,,test,902,
6_dB_id_00_00000903.png,normal,,,,,,test,903,
6_dB_id_00_00000904.png,normal,,,,,,test,904,
6_dB_id_00_00000905.png,normal,,,,,,test,905,
6_dB_id_00_00000906.png,normal,,,,,,test,906,
6_dB_id_00_00000907.png,normal,,,,,,test,907,
6_dB_id_00_00000908.png,normal,,,,,,test,908,
6_dB_id_00_00000909.png,normal,,,,,,test,909,
6_dB_id_00_00000910.png,normal,,,,,,test,910,
6_dB_id_00_00000911.png,normal,,,,,,test,911,
6_dB_id_00_00000912.png,normal,,,,,,test,912,
6_dB_id_00_00000913.png,normal,,,,,,test,913,
6_dB_id_00_00000914.png,normal,,,,,,test,914,
6_dB_id_00_00000915.png,normal,,,,,,test,915,
6_dB_id_00_00000916.png,normal,,,,,,test,916,
6_dB_id_00_00000917.png,normal,,,,,,test,917,
6_dB_id_00_00000918.png,normal,,,,,,test,918,
6_dB_id_00_00000919.png,normal,,,,,,test,919,
6_dB_id_00_00000920.png,normal,,,,,,test,920,
6_dB_id_00_00000921.png,normal,,,,,,test,921,
6_dB_id_00_00000922.png,normal,,,,,,test,922,
6_dB_id_00_00000923.png,normal,,,,,,test,923,
6_dB_id_00_00000924.png,normal,,,,,,test,924,
6_dB_id_00_00000925.png,normal,,,,,,test,925,
6_dB_id_00_00000926.png,normal,,,,,,test,926,
6_dB_id_00_00000927.png,normal,,,,,,test,927,
6_dB_id_00_00000928.png,normal,,,,,,test,928,
6_dB_id_00_00000929.png,normal,,,,,,test,929,
6_dB_id_00_00000930.png,normal,,,,,,test,930,
6_dB_id_00_00000931.png,normal,,,,,,test,931,
6_dB_id_00_00000932.png,normal,,,,,,test,932,
6_dB_id_00_00000933.png,normal,,,,,,test,933,
6_dB_id_00_00000934.png,normal,,,,,,test,934,
6_dB_id_00_00000935.png,normal,,,,,,test,935,
6_dB_id_00_00000936.png,normal,,,,,,test,936,
6_dB_id_00_00000937.png,normal,,,,,,test,937,
6_dB_id_00_00000938.png,normal,,,,,,test,938,
6_dB_id_00_00000939.png,normal,,,,,,test,939,
6_dB_id_00_00000940.png,normal,,,,,,test,940,
6_dB_id_00_00000941.png,normal,,,,,,test,941,
6_dB_id_00_00000942.png,normal,,,,,,test,942,
6_dB_id_00_00000943.png,normal,,,,,,test,943,
6_dB_id_00_00000944.png,normal,,,,,,test,944,
6_dB_id_00_00000945.png,normal,,,,,,test,945,
6_dB_id_00_00000946.png,normal,,,,,,test,946,
6_dB_id_00_00000947.png,normal,,,,,,test,947,
6_dB_id_00_00000948.png,normal,,,,,,test,948,
6_dB_id_00_00000949.png,normal,,,,,,test,949,
6_dB_id_00_00000950.png,normal,,,,,,test,950,
6_dB_id_00_00000951.png,normal,,,,,,test,951,
6_dB_id_00_00000952.png,normal,,,,,,test,952,
6_dB_id_00_00000953.png,normal,,,,,,test,953,
6_dB_id_00_00000954.png,normal,,,,,,test,954,
6_dB_id_00_00000955.png,normal,,,,,,test,955,
6_dB_id_00_00000956.png,normal,,,,,,test,956,
6_dB_id_00_00000957.png,normal,,,,,,test,957,
6_dB_id_00_00000958.png,normal,,,,,,test,958,
6_dB_id_00_00000959.png,normal,,,,,,test,959,
6_dB_id_00_00000960.png,normal,,,,,,test,960,
6_dB_id_00_00000961.png,normal,,,,,,test,961,
6_dB_id_00_00000962.png,normal,,,,,,test,962,
6_dB_id_00_00000963.png,normal,,,,,,test,963,
6_dB_id_00_00000964.png,normal,,,,,,test,964,
6_dB_id_00_00000965.png,normal,,,,,,test,965,
6_dB_id_00_00000966.png,normal,,,,,,test,966,
6_dB_id_00_00000967.png,normal,,,,,,test,967,
6_dB_id_00_00000968.png,normal,,,,,,test,968,
6_dB_id_00_00000969.png,normal,,,,,,test,969,
6_dB_id_00_00000970.png,normal,,,,,,test,970,
6_dB_id_00_00000971.png,normal,,,,,,test,971,
6_dB_id_00_00000972.png,normal,,,,,,test,972,
6_dB_id_00_00000973.png,normal,,,,,,test,973,
6_dB_id_00_00000974.png,normal,,,,,,test,974,
6_dB_id_00_00000975.png,normal,,,,,,test,975,
6_dB_id_00_00000976.png,normal,,,,,,test,976,
6_dB_id_00_00000977.png,normal,,,,,,test,977,
6_dB_id_00_00000978.png,normal,,,,,,test,978,
6_dB_id_00_00000979.png,normal,,,,,,test,979,
6_dB_id_00_00000980.png,normal,,,,,,test,980,
6_dB_id_00_00000981.png,normal,,,,,,test,981,
6_dB_id_00_00000982.png,normal,,,,,,test,982,
6_dB_id_00_00000983.png,normal,,,,,,test,983,
6_dB_id_00_00000984.png,normal,,,,,,test,984,
6_dB_id_00_00000985.png,normal,,,,,,test,985,
6_dB_id_00_00000986.png,normal,,,,,,test,986,
6_dB_id_00_00000987.png,normal,,,,,,test,987,
6_dB_id_00_00000988.png,normal,,,,,,test,988,
6_dB_id_00_00000989.png,normal,,,,,,test,989,
6_dB_id_00_00000990.png,normal,,,,,,test,990,
6_dB_id_00_00000991.png,normal,,,,,,test,991,
6_dB_id_00_00000992.png,normal,,,,,,test,992,
6_dB_id_00_00000993.png,normal,,,,,,test,993,
6_dB_id_00_00000994.png,normal,,,,,,test,994,
6_dB_id_00_00000995.png,normal,,,,,,test,995,
6_dB_id_00_00000996.png,normal,,,,,,test,996,
6_dB_id_00_00000997.png,normal,,,,,,test,997,
6_dB_id_00_00000998.png,normal,,,,,,test,998,
6_dB_id_00_00000999.png,normal,,,,,,test,999,
6_dB_id_00_00001000.png,normal,,,,,,test,1000,
6_dB_id_00_00001001.png,normal,,,,,,test,1001,
6_dB_id_00_00001002.png,normal,,,,,,test,1002,
6_dB_id_00_00001003.png,normal,,,,,,test,1003,
6_dB_id_00_00001004.png,normal,,,,,,test,1004,
6_dB_id_00_00001005.png,normal,,,,,,test,1005,
6_dB_id_00_00001006.png,normal,,,,,,test,1006,
6_dB_id_00_00001007.png,normal,,,,,,test,1007,
6_dB_id_00_00001008.png,normal,,,,,,test,1008,
6_dB_id_00_00001009.png,normal,,,,,,test,1009,
6_dB_id_00_00001010.png,normal,,,,,,test,1010,
6_dB_id_00_00001011.png,normal,,,,,,test,1011,
6_dB_id_00_00001012.png,normal,,,,,,test,1012,
6_dB_id_00_00001013.png,normal,,,,,,test,1013,
6_dB_id_00_00001014.png,normal,,,,,,test,1014,
6_dB_id_00_00001015.png,normal,,,,,,test,1015,
6_dB_id_00_00001016.png,normal,,,,,,test,1016,
6_dB_id_00_00001017.png,normal,,,,,,test,1017,
6_dB_id_00_00001018.png,normal,,,,,,test,1018,
6_dB_id_00_00001019.png,normal,,,,,,test,1019,
6_dB_id_00_00001020.png,normal,,,,,,test,1020,
6_dB_id_00_00001021.png,normal,,,,,,test,1021,
6_dB_id_00_00001022.png,normal,,,,,,test,1022,
6_dB_id_00_00001023.png,normal,,,,,,test,1023,
6_dB_id_00_00001024.png,normal,,,,,,test,1024,
6_dB_id_00_00001025.png,normal,,,,,,test,1025,
6_dB_id_00_00001026.png,normal,,,,,,test,1026,
6_dB_id_00_00001027.png,normal,,,,,,test,1027,
6_dB_id_00_00001028.png,normal,,,,,,test,1028,
6_dB_id_00_00001029.png,normal,,,,,,test,1029,
6_dB_id_00_00001030.png,normal,,,,,,test,1030,
6_dB_id_00_00001031.png,normal,,,,,,test,1031,
6_dB_id_00_00001032.png,normal,,,,,,test,1032,
6_dB_id_00_00001033.png,normal,,,,,,test,1033,
6_dB_id_00_00001034.png,normal,,,,,,test,1034,
6_dB_id_00_00001035.png,normal,,,,,,test,1035,
6_dB_id_00_00001036.png,normal,,,,,,test,1036,
6_dB_id_00_00001037.png,normal,,,,,,test,1037,
6_dB_id_00_00001038.png,normal,,,,,,test,1038,
6_dB_id_00_00001039.png,normal,,,,,,test,1039,
6_dB_id_00_00001040.png,normal,,,,,,test,1040,
6_dB_id_00_00001041.png,normal,,,,,,test,1041,
6_dB_id_00_00001042.png,normal,,,,,,test,1042,
6_dB_id_00_00001043.png,normal,,,,,,test,1043,
6_dB_id_00_00001044.png,normal,,,,,,test,1044,
6_dB_id_00_00001045.png,normal,,,,,,test,1045,
6_dB_id_00_00001046.png,normal,,,,,,test,1046,
6_dB_id_00_00001047.png,normal,,,,,,test,1047,
6_dB_id_00_00001048.png,normal,,,,,,test,1048,
6_dB_id_00_00001049.png,normal,,,,,,test,1049,
6_dB_id_00_00001050.png,normal,,,,,,test,1050,
6_dB_id_00_00001051.png,normal,,,,,,test,1051,
6_dB_id_00_00001052.png,normal,,,,,,test,1052,
6_dB_id_00_00001053.png,normal,,,,,,test,1053,
6_dB_id_00_00001054.png,normal,,,,,,test,1054,
6_dB_id_00_00001055.png,normal,,,,,,test,1055,
6_dB_id_00_00001056.png,normal,,,,,,test,1056,
6_dB_id_00_00001057.png,normal,,,,,,test,1057,
6_dB_id_00_00001058.png,normal,,,,,,test,1058,
6_dB_id_00_00001059.png,normal,,,,,,test,1059,
6_dB_id_00_00001060.png,normal,,,,,,test,1060,
6_dB_id_00_00001061.png,normal,,,,,,test,1061,
6_dB_id_00_00001062.png,normal,,,,,,test,1062,
6_dB_id_00_00001063.png,normal,,,,,,test,1063,
6_dB_id_00_00001064.png,normal,,,,,,test,1064,
6_dB_id_00_00001065.png,normal,,,,,,test,1065,
6_dB_id_00_00001066.png,normal,,,,,,test,1066,
6_dB_id_00_00001067.png,normal,,,,,,test,1067,
