filename,class_label,source_file,split,window_idx,window_start_sample
120_00000.png,B,120.mat,train,0,0
120_00001.png,B,120.mat,train,1,1024
120_00002.png,B,120.mat,train,2,2048
120_00003.png,B,120.mat,train,3,3072
120_00004.png,B,120.mat,train,4,4096
120_00005.png,B,120.mat,train,5,5120
120_00006.png,B,120.mat,train,6,6144
120_00007.png,B,120.mat,train,7,7168
120_00008.png,B,120.mat,train,8,8192
120_00009.png,B,120.mat,train,9,9216
120_00010.png,B,120.mat,train,10,10240
120_00011.png,B,120.mat,train,11,11264
120_00012.png,B,120.mat,train,12,12288
120_00013.png,B,120.mat,train,13,13312
120_00014.png,B,120.mat,train,14,14336
120_00015.png,B,120.mat,train,15,15360
120_00016.png,B,120.mat,train,16,16384
120_00017.png,B,120.mat,train,17,17408
120_00018.png,B,120.mat,train,18,18432
120_00019.png,B,120.mat,train,19,19456
120_00020.png,B,120.mat,train,20,20480
120_00021.png,B,120.mat,train,21,21504
120_00022.png,B,120.mat,train,22,22528
120_00023.png,B,120.mat,train,23,23552
120_00024.png,B,120.mat,train,24,24576
120_00025.png,B,120.mat,train,25,25600
120_00026.png,B,120.mat,train,26,26624
120_00027.png,B,120.mat,train,27,27648
120_00028.png,B,120.mat,train,28,28672
120_00029.png,B,120.mat,train,29,29696
120_00030.png,B,120.mat,train,30,30720
120_00031.png,B,120.mat,train,31,31744
120_00032.png,B,120.mat,train,32,32768
120_00033.png,B,120.mat,train,33,33792
120_00034.png,B,120.mat,train,34,34816
120_00035.png,B,120.mat,train,35,35840
120_00036.png,B,120.mat,train,36,36864
120_00037.png,B,120.mat,train,37,37888
120_00038.png,B,120.mat,train,38,38912
120_00039.png,B,120.mat,train,39,39936
120_00040.png,B,120.mat,train,40,40960
120_00041.png,B,120.mat,train,41,41984
120_00042.png,B,120.mat,train,42,43008
120_00043.png,B,120.mat,train,43,44032
120_00044.png,B,120.mat,train,44,45056
120_00045.png,B,120.mat,train,45,46080
120_00046.png,B,120.mat,train,46,47104
120_00047.png,B,120.mat,train,47,48128
120_00048.png,B,120.mat,train,48,49152
120_00049.png,B,120.mat,train,49,50176
120_00050.png,B,120.mat,train,50,51200
120_00051.png,B,120.mat,train,51,52224
120_00052.png,B,120.mat,train,52,53248
120_00053.png,B,120.mat,train,53,54272
120_00054.png,B,120.mat,train,54,55296
120_00055.png,B,120.mat,train,55,56320
120_00056.png,B,120.mat,train,56,57344
120_00057.png,B,120.mat,train,57,58368
120_00058.png,B,120.mat,train,58,59392
120_00059.png,B,120.mat,train,59,60416
120_00060.png,B,120.mat,train,60,61440
120_00061.png,B,120.mat,train,61,62464
120_00062.png,B,120.mat,train,62,63488
120_00063.png,B,120.mat,train,63,64512
120_00064.png,B,120.mat,train,64,65536
120_00065.png,B,120.mat,train,65,66560
120_00066.png,B,120.mat,train,66,67584
120_00067.png,B,120.mat,train,67,68608
120_00068.png,B,120.mat,train,68,69632
120_00069.png,B,120.mat,train,69,70656
120_00070.png,B,120.mat,train,70,71680
120_00071.png,B,120.mat,train,71,72704
120_00072.png,B,120.mat,train,72,73728
120_00073.png,B,120.mat,train,73,74752
120_00074.png,B,120.mat,train,74,75776
120_00075.png,B,120.mat,train,75,76800
120_00076.png,B,120.mat,train,76,77824
120_00077.png,B,120.mat,train,77,78848
120_00078.png,B,120.mat,train,78,79872
120_00079.png,B,120.mat,train,79,80896
120_00080.png,B,120.mat,train,80,81920
120_00081.png,B,120.mat,train,81,82944
120_00082.png,B,120.mat,train,82,83968
120_00083.png,B,120.mat,train,83,84992
120_00084.png,B,120.mat,train,84,86016
120_00085.png,B,120.mat,train,85,87040
120_00086.png,B,120.mat,train,86,88064
120_00087.png,B,120.mat,train,87,89088
120_00088.png,B,120.mat,train,88,90112
120_00089.png,B,120.mat,train,89,91136
120_00090.png,B,120.mat,train,90,92160
120_00091.png,B,120.mat,train,91,93184
120_00092.png,B,120.mat,train,92,94208
120_00093.png,B,120.mat,train,93,95232
120_00094.png,B,120.mat,train,94,96256
120_00095.png,B,120.mat,train,95,97280
120_00096.png,B,120.mat,train,96,98304
120_00097.png,B,120.mat,train,97,99328
120_00098.png,B,120.mat,train,98,100352
120_00099.png,B,120.mat,train,99,101376
120_00100.png,B,120.mat,train,100,102400
120_00101.png,B,120.mat,train,101,103424
120_00102.png,B,120.mat,train,102,104448
120_00103.png,B,120.mat,train,103,105472
120_00104.png,B,120.mat,train,104,106496
120_00105.png,B,120.mat,train,105,107520
120_00106.png,B,120.mat,train,106,108544
120_00107.png,B,120.mat,train,107,109568
120_00108.png,B,120.mat,train,108,110592
120_00109.png,B,120.mat,train,109,111616
120_00110.png,B,120.mat,train,110,112640
120_00111.png,B,120.mat,train,111,113664
120_00112.png,B,120.mat,train,112,114688
120_00113.png,B,120.mat,train,113,115712
120_00114.png,B,120.mat,train,114,116736
120_00115.png,B,120.mat,train,115,117760
120_00116.png,B,120.mat,train,116,118784
119_00000.png,B,119.mat,train,0,0
119_00001.png,B,119.mat,train,1,1024
119_00002.png,B,119.mat,train,2,2048
119_00003.png,B,119.mat,train,3,3072
119_00004.png,B,119.mat,train,4,4096
119_00005.png,B,119.mat,train,5,5120
119_00006.png,B,119.mat,train,6,6144
119_00007.png,B,119.mat,train,7,7168
119_00008.png,B,119.mat,train,8,8192
119_00009.png,B,119.mat,train,9,9216
119_00010.png,B,119.mat,train,10,10240
119_00011.png,B,119.mat,train,11,11264
119_00012.png,B,119.mat,train,12,12288
119_00013.png,B,119.mat,train,13,13312
119_00014.png,B,119.mat,train,14,14336
119_00015.png,B,119.mat,train,15,15360
119_00016.png,B,119.mat,train,16,16384
119_00017.png,B,119.mat,train,17,17408
119_00018.png,B,119.mat,train,18,18432
119_00019.png,B,119.mat,train,19,19456
119_00020.png,B,119.mat,train,20,20480
119_00021.png,B,119.mat,train,21,21504
119_00022.png,B,119.mat,train,22,22528
119_00023.png,B,119.mat,train,23,23552
119_00024.png,B,119.mat,train,24,24576
119_00025.png,B,119.mat,train,25,25600
119_00026.png,B,119.mat,train,26,26624
119_00027.png,B,119.mat,train,27,27648
119_00028.png,B,119.mat,train,28,28672
119_00029.png,B,119.mat,train,29,29696
119_00030.png,B,119.mat,train,30,30720
119_00031.png,B,119.mat,train,31,31744
119_00032.png,B,119.mat,train,32,32768
119_00033.png,B,119.mat,train,33,33792
119_00034.png,B,119.mat,train,34,34816
119_00035.png,B,119.mat,train,35,35840
119_00036.png,B,119.mat,train,36,36864
119_00037.png,B,119.mat,train,37,37888
119_00038.png,B,119.mat,train,38,38912
119_00039.png,B,119.mat,train,39,39936
119_00040.png,B,119.mat,train,40,40960
119_00041.png,B,119.mat,train,41,41984
119_00042.png,B,119.mat,train,42,43008
119_00043.png,B,119.mat,train,43,44032
119_00044.png,B,119.mat,train,44,45056
119_00045.png,B,119.mat,train,45,46080
119_00046.png,B,119.mat,train,46,47104
119_00047.png,B,119.mat,train,47,48128
119_00048.png,B,119.mat,train,48,49152
119_00049.png,B,119.mat,train,49,50176
119_00050.png,B,119.mat,train,50,51200
119_00051.png,B,119.mat,train,51,52224
119_00052.png,B,119.mat,train,52,53248
119_00053.png,B,119.mat,train,53,54272
119_00054.png,B,119.mat,train,54,55296
119_00055.png,B,119.mat,train,55,56320
119_00056.png,B,119.mat,train,56,57344
119_00057.png,B,119.mat,train,57,58368
119_00058.png,B,119.mat,train,58,59392
119_00059.png,B,119.mat,train,59,60416
119_00060.png,B,119.mat,train,60,61440
119_00061.png,B,119.mat,train,61,62464
119_00062.png,B,119.mat,train,62,63488
119_00063.png,B,119.mat,train,63,64512
119_00064.png,B,119.mat,train,64,65536
119_00065.png,B,119.mat,train,65,66560
119_00066.png,B,119.mat,train,66,67584
119_00067.png,B,119.mat,train,67,68608
119_00068.png,B,119.mat,train,68,69632
119_00069.png,B,119.mat,train,69,70656
119_00070.png,B,119.mat,train,70,71680
119_00071.png,B,119.mat,train,71,72704
119_00072.png,B,119.mat,train,72,73728
119_00073.png,B,119.mat,train,73,74752
119_00074.png,B,119.mat,train,74,75776
119_00075.png,B,119.mat,train,75,76800
119_00076.png,B,119.mat,train,76,77824
119_00077.png,B,119.mat,train,77,78848
119_00078.png,B,119.mat,train,78,79872
119_00079.png,B,119.mat,train,79,80896
119_00080.png,B,119.mat,train,80,81920
119_00081.png,B,119.mat,train,81,82944
119_00082.png,B,119.mat,train,82,83968
119_00083.png,B,119.mat,train,83,84992
119_00084.png,B,119.mat,train,84,86016
119_00085.png,B,119.mat,train,85,87040
119_00086.png,B,119.mat,train,86,88064
119_00087.png,B,119.mat,train,87,89088
119_00088.png,B,119.mat,train,88,90112
119_00089.png,B,119.mat,train,89,91136
119_00090.png,B,119.mat,train,90,92160
119_00091.png,B,119.mat,train,91,93184
119_00092.png,B,119.mat,train,92,94208
119_00093.png,B,119.mat,train,93,95232
119_00094.png,B,119.mat,train,94,96256
119_00095.png,B,119.mat,train,95,97280
119_00096.png,B,119.mat,train,96,98304
119_00097.png,B,119.mat,train,97,99328
119_00098.png,B,119.mat,train,98,100352
119_00099.png,B,119.mat,train,99,101376
119_00100.png,B,119.mat,train,100,102400
119_00101.png,B,119.mat,train,101,103424
119_00102.png,B,119.mat,train,102,104448
119_00103.png,B,119.mat,train,103,105472
119_00104.png,B,119.mat,train,104,106496
119_00105.png,B,119.mat,train,105,107520
119_00106.png,B,119.mat,train,106,108544
119_00107.png,B,119.mat,train,107,109568
119_00108.png,B,119.mat,train,108,110592
119_00109.png,B,119.mat,train,109,111616
119_00110.png,B,119.mat,train,110,112640
119_00111.png,B,119.mat,train,111,113664
119_00112.png,B,119.mat,train,112,114688
119_00113.png,B,119.mat,train,113,115712
119_00114.png,B,119.mat,train,114,116736
119_00115.png,B,119.mat,train,115,117760
119_00116.png,B,119.mat,train,116,118784
133_00000.png,OR,133.mat,train,0,0
133_00001.png,OR,133.mat,train,1,1024
133_00002.png,OR,133.mat,train,2,2048
133_00003.png,OR,133.mat,train,3,3072
133_00004.png,OR,133.mat,train,4,4096
133_00005.png,OR,133.mat,train,5,5120
133_00006.png,OR,133.mat,train,6,6144
133_00007.png,OR,133.mat,train,7,7168
133_00008.png,OR,133.mat,train,8,8192
133_00009.png,OR,133.mat,train,9,9216
133_00010.png,OR,133.mat,train,10,10240
133_00011.png,OR,133.mat,train,11,11264
133_00012.png,OR,133.mat,train,12,12288
133_00013.png,OR,133.mat,train,13,13312
133_00014.png,OR,133.mat,train,14,14336
133_00015.png,OR,133.mat,train,15,15360
133_00016.png,OR,133.mat,train,16,16384
133_00017.png,OR,133.mat,train,17,17408
133_00018.png,OR,133.mat,train,18,18432
133_00019.png,OR,133.mat,train,19,19456
133_00020.png,OR,133.mat,train,20,20480
133_00021.png,OR,133.mat,train,21,21504
133_00022.png,OR,133.mat,train,22,22528
133_00023.png,OR,133.mat,train,23,23552
133_00024.png,OR,133.mat,train,24,24576
133_00025.png,OR,133.mat,train,25,25600
133_00026.png,OR,133.mat,train,26,26624
133_00027.png,OR,133.mat,train,27,27648
133_00028.png,OR,133.mat,train,28,28672
133_00029.png,OR,133.mat,train,29,29696
133_00030.png,OR,133.mat,train,30,30720
133_00031.png,OR,133.mat,train,31,31744
133_00032.png,OR,133.mat,train,32,32768
133_00033.png,OR,133.mat,train,33,33792
133_00034.png,OR,133.mat,train,34,34816
133_00035.png,OR,133.mat,train,35,35840
133_00036.png,OR,133.mat,train,36,36864
133_00037.png,OR,133.mat,train,37,37888
133_00038.png,OR,133.mat,train,38,38912
133_00039.png,OR,133.mat,train,39,39936
133_00040.png,OR,133.mat,train,40,40960
133_00041.png,OR,133.mat,train,41,41984
133_00042.png,OR,133.mat,train,42,43008
133_00043.png,OR,133.mat,train,43,44032
133_00044.png,OR,133.mat,train,44,45056
133_00045.png,OR,133.mat,train,45,46080
133_00046.png,OR,133.mat,train,46,47104
133_00047.png,OR,133.mat,train,47,48128
133_00048.png,OR,133.mat,train,48,49152
133_00049.png,OR,133.mat,train,49,50176
133_00050.png,OR,133.mat,train,50,51200
133_00051.png,OR,133.mat,train,51,52224
133_00052.png,OR,133.mat,train,52,53248
133_00053.png,OR,133.mat,train,53,54272
133_00054.png,OR,133.mat,train,54,55296
133_00055.png,OR,133.mat,train,55,56320
133_00056.png,OR,133.mat,train,56,57344
133_00057.png,OR,133.mat,train,57,58368
133_00058.png,OR,133.mat,train,58,59392
133_00059.png,OR,133.mat,train,59,60416
133_00060.png,OR,133.mat,train,60,61440
133_00061.png,OR,133.mat,train,61,62464
133_00062.png,OR,133.mat,train,62,63488
133_00063.png,OR,133.mat,train,63,64512
133_00064.png,OR,133.mat,train,64,65536
133_00065.png,OR,133.mat,train,65,66560
133_00066.png,OR,133.mat,train,66,67584
133_00067.png,OR,133.mat,train,67,68608
133_00068.png,OR,133.mat,train,68,69632
133_00069.png,OR,133.mat,train,69,70656
133_00070.png,OR,133.mat,train,70,71680
133_00071.png,OR,133.mat,train,71,72704
133_00072.png,OR,133.mat,train,72,73728
133_00073.png,OR,133.mat,train,73,74752
133_00074.png,OR,133.mat,train,74,75776
133_00075.png,OR,133.mat,train,75,76800
133_00076.png,OR,133.mat,train,76,77824
133_00077.png,OR,133.mat,train,77,78848
133_00078.png,OR,133.mat,train,78,79872
133_00079.png,OR,133.mat,train,79,80896
133_00080.png,OR,133.mat,train,80,81920
133_00081.png,OR,133.mat,train,81,82944
133_00082.png,OR,133.mat,train,82,83968
133_00083.png,OR,133.mat,train,83,84992
133_00084.png,OR,133.mat,train,84,86016
133_00085.png,OR,133.mat,train,85,87040
133_00086.png,OR,133.mat,train,86,88064
133_00087.png,OR,133.mat,train,87,89088
133_00088.png,OR,133.mat,train,88,90112
133_00089.png,OR,133.mat,train,89,91136
133_00090.png,OR,133.mat,train,90,92160
133_00091.png,OR,133.mat,train,91,93184
133_00092.png,OR,133.mat,train,92,94208
133_00093.png,OR,133.mat,train,93,95232
133_00094.png,OR,133.mat,train,94,96256
133_00095.png,OR,133.mat,train,95,97280
133_00096.png,OR,133.mat,train,96,98304
133_00097.png,OR,133.mat,train,97,99328
133_00098.png,OR,133.mat,train,98,100352
133_00099.png,OR,133.mat,train,99,101376
133_00100.png,OR,133.mat,train,100,102400
133_00101.png,OR,133.mat,train,101,103424
133_00102.png,OR,133.mat,train,102,104448
133_00103.png,OR,133.mat,train,103,105472
133_00104.png,OR,133.mat,train,104,106496
133_00105.png,OR,133.mat,train,105,107520
133_00106.png,OR,133.mat,train,106,108544
133_00107.png,OR,133.mat,train,107,109568
133_00108.png,OR,133.mat,train,108,110592
133_00109.png,OR,133.mat,train,109,111616
133_00110.png,OR,133.mat,train,110,112640
133_00111.png,OR,133.mat,train,111,113664
133_00112.png,OR,133.mat,train,112,114688
133_00113.png,OR,133.mat,train,113,115712
133_00114.png,OR,133.mat,train,114,116736
133_00115.png,OR,133.mat,train,115,117760
133_00116.png,OR,133.mat,train,116,118784
133_00117.png,OR,133.mat,train,117,119808
132_00000.png,OR,132.mat,train,0,0
132_00001.png,OR,132.mat,train,1,1024
132_00002.png,OR,132.mat,train,2,2048
132_00003.png,OR,132.mat,train,3,3072
132_00004.png,OR,132.mat,train,4,4096
132_00005.png,OR,132.mat,train,5,5120
132_00006.png,OR,132.mat,train,6,6144
132_00007.png,OR,132.mat,train,7,7168
132_00008.png,OR,132.mat,train,8,8192
132_00009.png,OR,132.mat,train,9,9216
132_00010.png,OR,132.mat,train,10,10240
132_00011.png,OR,132.mat,train,11,11264
132_00012.png,OR,132.mat,train,12,12288
132_00013.png,OR,132.mat,train,13,13312
132_00014.png,OR,132.mat,train,14,14336
132_00015.png,OR,132.mat,train,15,15360
132_00016.png,OR,132.mat,train,16,16384
132_00017.png,OR,132.mat,train,17,17408
132_00018.png,OR,132.mat,train,18,18432
132_00019.png,OR,132.mat,train,19,19456
132_00020.png,OR,132.mat,train,20,20480
132_00021.png,OR,132.mat,train,21,21504
132_00022.png,OR,132.mat,train,22,22528
132_00023.png,OR,132.mat,train,23,23552
132_00024.png,OR,132.mat,train,24,24576
132_00025.png,OR,132.mat,train,25,25600
132_00026.png,OR,132.mat,train,26,26624
132_00027.png,OR,132.mat,train,27,27648
132_00028.png,OR,132.mat,train,28,28672
132_00029.png,OR,132.mat,train,29,29696
132_00030.png,OR,132.mat,train,30,30720
132_00031.png,OR,132.mat,train,31,31744
132_00032.png,OR,132.mat,train,32,32768
132_00033.png,OR,132.mat,train,33,33792
132_00034.png,OR,132.mat,train,34,34816
132_00035.png,OR,132.mat,train,35,35840
132_00036.png,OR,132.mat,train,36,36864
132_00037.png,OR,132.mat,train,37,37888
132_00038.png,OR,132.mat,train,38,38912
132_00039.png,OR,132.mat,train,39,39936
132_00040.png,OR,132.mat,train,40,40960
132_00041.png,OR,132.mat,train,41,41984
132_00042.png,OR,132.mat,train,42,43008
132_00043.png,OR,132.mat,train,43,44032
132_00044.png,OR,132.mat,train,44,45056
132_00045.png,OR,132.mat,train,45,46080
132_00046.png,OR,132.mat,train,46,47104
132_00047.png,OR,132.mat,train,47,48128
132_00048.png,OR,132.mat,train,48,49152
132_00049.png,OR,132.mat,train,49,50176
132_00050.png,OR,132.mat,train,50,51200
132_00051.png,OR,132.mat,train,51,52224
132_00052.png,OR,132.mat,train,52,53248
132_00053.png,OR,132.mat,train,53,54272
132_00054.png,OR,132.mat,train,54,55296
132_00055.png,OR,132.mat,train,55,56320
132_00056.png,OR,132.mat,train,56,57344
132_00057.png,OR,132.mat,train,57,58368
132_00058.png,OR,132.mat,train,58,59392
132_00059.png,OR,132.mat,train,59,60416
132_00060.png,OR,132.mat,train,60,61440
132_00061.png,OR,132.mat,train,61,62464
132_00062.png,OR,132.mat,train,62,63488
132_00063.png,OR,132.mat,train,63,64512
132_00064.png,OR,132.mat,train,64,65536
132_00065.png,OR,132.mat,train,65,66560
132_00066.png,OR,132.mat,train,66,67584
132_00067.png,OR,132.mat,train,67,68608
132_00068.png,OR,132.mat,train,68,69632
132_00069.png,OR,132.mat,train,69,70656
132_00070.png,OR,132.mat,train,70,71680
132_00071.png,OR,132.mat,train,71,72704
132_00072.png,OR,132.mat,train,72,73728
132_00073.png,OR,132.mat,train,73,74752
132_00074.png,OR,132.mat,train,74,75776
132_00075.png,OR,132.mat,train,75,76800
132_00076.png,OR,132.mat,train,76,77824
132_00077.png,OR,132.mat,train,77,78848
132_00078.png,OR,132.mat,train,78,79872
132_00079.png,OR,132.mat,train,79,80896
132_00080.png,OR,132.mat,train,80,81920
132_00081.png,OR,132.mat,train,81,82944
132_00082.png,OR,132.mat,train,82,83968
132_00083.png,OR,132.mat,train,83,84992
132_00084.png,OR,132.mat,train,84,86016
132_00085.png,OR,132.mat,train,85,87040
132_00086.png,OR,132.mat,train,86,88064
132_00087.png,OR,132.mat,train,87,89088
132_00088.png,OR,132.mat,train,88,90112
132_00089.png,OR,132.mat,train,89,91136
132_00090.png,OR,132.mat,train,90,92160
132_00091.png,OR,132.mat,train,91,93184
132_00092.png,OR,132.mat,train,92,94208
132_00093.png,OR,132.mat,train,93,95232
132_00094.png,OR,132.mat,train,94,96256
132_00095.png,OR,132.mat,train,95,97280
132_00096.png,OR,132.mat,train,96,98304
132_00097.png,OR,132.mat,train,97,99328
132_00098.png,OR,132.mat,train,98,100352
132_00099.png,OR,132.mat,train,99,101376
132_00100.png,OR,132.mat,train,100,102400
132_00101.png,OR,132.mat,train,101,103424
132_00102.png,OR,132.mat,train,102,104448
132_00103.png,OR,132.mat,train,103,105472
132_00104.png,OR,132.mat,train,104,106496
132_00105.png,OR,132.mat,train,105,107520
132_00106.png,OR,132.mat,train,106,108544
132_00107.png,OR,132.mat,train,107,109568
132_00108.png,OR,132.mat,train,108,110592
132_00109.png,OR,132.mat,train,109,111616
132_00110.png,OR,132.mat,train,110,112640
132_00111.png,OR,132.mat,train,111,113664
132_00112.png,OR,132.mat,train,112,114688
132_00113.png,OR,132.mat,train,113,115712
132_00114.png,OR,132.mat,train,114,116736
132_00115.png,OR,132.mat,train,115,117760
132_00116.png,OR,132.mat,train,116,118784
97_00000.png,N,97.mat,train,0,0
97_00001.png,N,97.mat,train,1,1024
97_00002.png,N,97.mat,train,2,2048
97_00003.png,N,97.mat,train,3,3072
97_00004.png,N,97.mat,train,4,4096
97_00005.png,N,97.mat,train,5,5120
97_00006.png,N,97.mat,train,6,6144
97_00007.png,N,97.mat,train,7,7168
97_00008.png,N,97.mat,train,8,8192
97_00009.png,N,97.mat,train,9,9216
97_00010.png,N,97.mat,train,10,10240
97_00011.png,N,97.mat,train,11,11264
97_00012.png,N,97.mat,train,12,12288
97_00013.png,N,97.mat,train,13,13312
97_00014.png,N,97.mat,train,14,14336
97_00015.png,N,97.mat,train,15,15360
97_00016.png,N,97.mat,train,16,16384
97_00017.png,N,97.mat,train,17,17408
97_00018.png,N,97.mat,train,18,18432
97_00019.png,N,97.mat,train,19,19456
97_00020.png,N,97.mat,train,20,20480
97_00021.png,N,97.mat,train,21,21504
97_00022.png,N,97.mat,train,22,22528
97_00023.png,N,97.mat,train,23,23552
97_00024.png,N,97.mat,train,24,24576
97_00025.png,N,97.mat,train,25,25600
97_00026.png,N,97.mat,train,26,26624
97_00027.png,N,97.mat,train,27,27648
97_00028.png,N,97.mat,train,28,28672
97_00029.png,N,97.mat,train,29,29696
97_00030.png,N,97.mat,train,30,30720
97_00031.png,N,97.mat,train,31,31744
97_00032.png,N,97.mat,train,32,32768
97_00033.png,N,97.mat,train,33,33792
97_00034.png,N,97.mat,train,34,34816
97_00035.png,N,97.mat,train,35,35840
97_00036.png,N,97.mat,train,36,36864
97_00037.png,N,97.mat,train,37,37888
97_00038.png,N,97.mat,train,38,38912
97_00039.png,N,97.mat,train,39,39936
97_00040.png,N,97.mat,train,40,40960
97_00041.png,N,97.mat,train,41,41984
97_00042.png,N,97.mat,train,42,43008
97_00043.png,N,97.mat,train,43,44032
97_00044.png,N,97.mat,train,44,45056
97_00045.png,N,97.mat,train,45,46080
97_00046.png,N,97.mat,train,46,47104
97_00047.png,N,97.mat,train,47,48128
97_00048.png,N,97.mat,train,48,49152
97_00049.png,N,97.mat,train,49,50176
97_00050.png,N,97.mat,train,50,51200
97_00051.png,N,97.mat,train,51,52224
97_00052.png,N,97.mat,train,52,53248
97_00053.png,N,97.mat,train,53,54272
97_00054.png,N,97.mat,train,54,55296
97_00055.png,N,97.mat,train,55,56320
97_00056.png,N,97.mat,train,56,57344
97_00057.png,N,97.mat,train,57,58368
97_00058.png,N,97.mat,train,58,59392
97_00059.png,N,97.mat,train,59,60416
97_00060.png,N,97.mat,train,60,61440
97_00061.png,N,97.mat,train,61,62464
97_00062.png,N,97.mat,train,62,63488
97_00063.png,N,97.mat,train,63,64512
97_00064.png,N,97.mat,train,64,65536
97_00065.png,N,97.mat,train,65,66560
97_00066.png,N,97.mat,train,66,67584
97_00067.png,N,97.mat,train,67,68608
97_00068.png,N,97.mat,train,68,69632
97_00069.png,N,97.mat,train,69,70656
97_00070.png,N,97.mat,train,70,71680
97_00071.png,N,97.mat,train,71,72704
97_00072.png,N,97.mat,train,72,73728
97_00073.png,N,97.mat,train,73,74752
97_00074.png,N,97.mat,train,74,75776
97_00075.png,N,97.mat,train,75,76800
97_00076.png,N,97.mat,train,76,77824
97_00077.png,N,97.mat,train,77,78848
97_00078.png,N,97.mat,train,78,79872
97_00079.png,N,97.mat,train,79,80896
97_00080.png,N,97.mat,train,80,81920
97_00081.png,N,97.mat,train,81,82944
97_00082.png,N,97.mat,train,82,83968
97_00083.png,N,97.mat,train,83,84992
97_00084.png,N,97.mat,train,84,86016
97_00085.png,N,97.mat,train,85,87040
97_00086.png,N,97.mat,train,86,88064
97_00087.png,N,97.mat,train,87,89088
97_00088.png,N,97.mat,train,88,90112
97_00089.png,N,97.mat,train,89,91136
97_00090.png,N,97.mat,train,90,92160
97_00091.png,N,97.mat,train,91,93184
97_00092.png,N,97.mat,train,92,94208
97_00093.png,N,97.mat,train,93,95232
97_00094.png,N,97.mat,train,94,96256
97_00095.png,N,97.mat,train,95,97280
97_00096.png,N,97.mat,train,96,98304
97_00097.png,N,97.mat,train,97,99328
97_00098.png,N,97.mat,train,98,100352
97_00099.png,N,97.mat,train,99,101376
97_00100.png,N,97.mat,train,100,102400
97_00101.png,N,97.mat,train,101,103424
97_00102.png,N,97.mat,train,102,104448
97_00103.png,N,97.mat,train,103,105472
97_00104.png,N,97.mat,train,104,106496
97_00105.png,N,97.mat,train,105,107520
97_00106.png,N,97.mat,train,106,108544
97_00107.png,N,97.mat,train,107,109568
97_00108.png,N,97.mat,train,108,110592
97_00109.png,N,97.mat,train,109,111616
97_00110.png,N,97.mat,train,110,112640
97_00111.png,N,97.mat,train,111,113664
97_00112.png,N,97.mat,train,112,114688
97_00113.png,N,97.mat,train,113,115712
97_00114.png,N,97.mat,train,114,116736
97_00115.png,N,97.mat,train,115,117760
97_00116.png,N,97.mat,train,116,118784
97_00117.png,N,97.mat,train,117,119808
97_00118.png,N,97.mat,train,118,120832
97_00119.png,N,97.mat,train,119,121856
97_00120.png,N,97.mat,train,120,122880
97_00121.png,N,97.mat,train,121,123904
97_00122.png,N,97.mat,train,122,124928
97_00123.png,N,97.mat,train,123,125952
97_00124.png,N,97.mat,train,124,126976
97_00125.png,N,97.mat,train,125,128000
97_00126.png,N,97.mat,train,126,129024
97_00127.png,N,97.mat,train,127,130048
97_00128.png,N,97.mat,train,128,131072
97_00129.png,N,97.mat,train,129,132096
97_00130.png,N,97.mat,train,130,133120
97_00131.png,N,97.mat,train,131,134144
97_00132.png,N,97.mat,train,132,135168
97_00133.png,N,97.mat,train,133,136192
97_00134.png,N,97.mat,train,134,137216
97_00135.png,N,97.mat,train,135,138240
97_00136.png,N,97.mat,train,136,139264
97_00137.png,N,97.mat,train,137,140288
97_00138.png,N,97.mat,train,138,141312
97_00139.png,N,97.mat,train,139,142336
97_00140.png,N,97.mat,train,140,143360
97_00141.png,N,97.mat,train,141,144384
97_00142.png,N,97.mat,train,142,145408
97_00143.png,N,97.mat,train,143,146432
97_00144.png,N,97.mat,train,144,147456
97_00145.png,N,97.mat,train,145,148480
97_00146.png,N,97.mat,train,146,149504
97_00147.png,N,97.mat,train,147,150528
97_00148.png,N,97.mat,train,148,151552
97_00149.png,N,97.mat,train,149,152576
97_00150.png,N,97.mat,train,150,153600
97_00151.png,N,97.mat,train,151,154624
97_00152.png,N,97.mat,train,152,155648
97_00153.png,N,97.mat,train,153,156672
97_00154.png,N,97.mat,train,154,157696
97_00155.png,N,97.mat,train,155,158720
97_00156.png,N,97.mat,train,156,159744
97_00157.png,N,97.mat,train,157,160768
97_00158.png,N,97.mat,train,158,161792
97_00159.png,N,97.mat,train,159,162816
97_00160.png,N,97.mat,train,160,163840
97_00161.png,N,97.mat,train,161,164864
97_00162.png,N,97.mat,train,162,165888
97_00163.png,N,97.mat,train,163,166912
97_00164.png,N,97.mat,train,164,167936
97_00165.png,N,97.mat,train,165,168960
97_00166.png,N,97.mat,train,166,169984
97_00167.png,N,97.mat,train,167,171008
97_00168.png,N,97.mat,train,168,172032
97_00169.png,N,97.mat,train,169,173056
97_00170.png,N,97.mat,train,170,174080
97_00171.png,N,97.mat,train,171,175104
97_00172.png,N,97.mat,train,172,176128
97_00173.png,N,97.mat,train,173,177152
97_00174.png,N,97.mat,train,174,178176
97_00175.png,N,97.mat,train,175,179200
97_00176.png,N,97.mat,train,176,180224
97_00177.png,N,97.mat,train,177,181248
97_00178.png,N,97.mat,train,178,182272
97_00179.png,N,97.mat,train,179,183296
97_00180.png,N,97.mat,train,180,184320
97_00181.png,N,97.mat,train,181,185344
97_00182.png,N,97.mat,train,182,186368
97_00183.png,N,97.mat,train,183,187392
97_00184.png,N,97.mat,train,184,188416
97_00185.png,N,97.mat,train,185,189440
97_00186.png,N,97.mat,train,186,190464
97_00187.png,N,97.mat,train,187,191488
97_00188.png,N,97.mat,train,188,192512
97_00189.png,N,97.mat,train,189,193536
97_00190.png,N,97.mat,train,190,194560
97_00191.png,N,97.mat,train,191,195584
97_00192.png,N,97.mat,train,192,196608
97_00193.png,N,97.mat,train,193,197632
97_00194.png,N,97.mat,train,194,198656
97_00195.png,N,97.mat,train,195,199680
97_00196.png,N,97.mat,train,196,200704
97_00197.png,N,97.mat,train,197,201728
97_00198.png,N,97.mat,train,198,202752
97_00199.png,N,97.mat,train,199,203776
97_00200.png,N,97.mat,train,200,204800
97_00201.png,N,97.mat,train,201,205824
97_00202.png,N,97.mat,train,202,206848
97_00203.png,N,97.mat,train,203,207872
97_00204.png,N,97.mat,train,204,208896
97_00205.png,N,97.mat,train,205,209920
97_00206.png,N,97.mat,train,206,210944
97_00207.png,N,97.mat,train,207,211968
97_00208.png,N,97.mat,train,208,212992
97_00209.png,N,97.mat,train,209,214016
97_00210.png,N,97.mat,train,210,215040
97_00211.png,N,97.mat,train,211,216064
97_00212.png,N,97.mat,train,212,217088
97_00213.png,N,97.mat,train,213,218112
97_00214.png,N,97.mat,train,214,219136
97_00215.png,N,97.mat,train,215,220160
97_00216.png,N,97.mat,train,216,221184
97_00217.png,N,97.mat,train,217,222208
97_00218.png,N,97.mat,train,218,223232
97_00219.png,N,97.mat,train,219,224256
97_00220.png,N,97.mat,train,220,225280
97_00221.png,N,97.mat,train,221,226304
97_00222.png,N,97.mat,train,222,227328
97_00223.png,N,97.mat,train,223,228352
97_00224.png,N,97.mat,train,224,229376
97_00225.png,N,97.mat,train,225,230400
97_00226.png,N,97.mat,train,226,231424
97_00227.png,N,97.mat,train,227,232448
97_00228.png,N,97.mat,train,228,233472
97_00229.png,N,97.mat,train,229,234496
97_00230.png,N,97.mat,train,230,235520
97_00231.png,N,97.mat,train,231,236544
97_00232.png,N,97.mat,train,232,237568
97_00233.png,N,97.mat,train,233,238592
97_00234.png,N,97.mat,train,234,239616
97_00235.png,N,97.mat,train,235,240640
97_00236.png,N,97.mat,train,236,241664
99_00000.png,N,99.mat,train,0,0
99_00001.png,N,99.mat,train,1,1024
99_00002.png,N,99.mat,train,2,2048
99_00003.png,N,99.mat,train,3,3072
99_00004.png,N,99.mat,train,4,4096
99_00005.png,N,99.mat,train,5,5120
99_00006.png,N,99.mat,train,6,6144
99_00007.png,N,99.mat,train,7,7168
99_00008.png,N,99.mat,train,8,8192
99_00009.png,N,99.mat,train,9,9216
99_00010.png,N,99.mat,train,10,10240
99_00011.png,N,99.mat,train,11,11264
99_00012.png,N,99.mat,train,12,12288
99_00013.png,N,99.mat,train,13,13312
99_00014.png,N,99.mat,train,14,14336
99_00015.png,N,99.mat,train,15,15360
99_00016.png,N,99.mat,train,16,16384
99_00017.png,N,99.mat,train,17,17408
99_00018.png,N,99.mat,train,18,18432
99_00019.png,N,99.mat,train,19,19456
99_00020.png,N,99.mat,train,20,20480
99_00021.png,N,99.mat,train,21,21504
99_00022.png,N,99.mat,train,22,22528
99_00023.png,N,99.mat,train,23,23552
99_00024.png,N,99.mat,train,24,24576
99_00025.png,N,99.mat,train,25,25600
99_00026.png,N,99.mat,train,26,26624
99_00027.png,N,99.mat,train,27,27648
99_00028.png,N,99.mat,train,28,28672
99_00029.png,N,99.mat,train,29,29696
99_00030.png,N,99.mat,train,30,30720
99_00031.png,N,99.mat,train,31,31744
99_00032.png,N,99.mat,train,32,32768
99_00033.png,N,99.mat,train,33,33792
99_00034.png,N,99.mat,train,34,34816
99_00035.png,N,99.mat,train,35,35840
99_00036.png,N,99.mat,train,36,36864
99_00037.png,N,99.mat,train,37,37888
99_00038.png,N,99.mat,train,38,38912
99_00039.png,N,99.mat,train,39,39936
99_00040.png,N,99.mat,train,40,40960
99_00041.png,N,99.mat,train,41,41984
99_00042.png,N,99.mat,train,42,43008
99_00043.png,N,99.mat,train,43,44032
99_00044.png,N,99.mat,train,44,45056
99_00045.png,N,99.mat,train,45,46080
99_00046.png,N,99.mat,train,46,47104
99_00047.png,N,99.mat,train,47,48128
99_00048.png,N,99.mat,train,48,49152
99_00049.png,N,99.mat,train,49,50176
99_00050.png,N,99.mat,train,50,51200
99_00051.png,N,99.mat,train,51,52224
99_00052.png,N,99.mat,train,52,53248
99_00053.png,N,99.mat,train,53,54272
99_00054.png,N,99.mat,train,54,55296
99_00055.png,N,99.mat,train,55,56320
99_00056.png,N,99.mat,train,56,57344
99_00057.png,N,99.mat,train,57,58368
99_00058.png,N,99.mat,train,58,59392
99_00059.png,N,99.mat,train,59,60416
99_00060.png,N,99.mat,train,60,61440
99_00061.png,N,99.mat,train,61,62464
99_00062.png,N,99.mat,train,62,63488
99_00063.png,N,99.mat,train,63,64512
99_00064.png,N,99.mat,train,64,65536
99_00065.png,N,99.mat,train,65,66560
99_00066.png,N,99.mat,train,66,67584
99_00067.png,N,99.mat,train,67,68608
99_00068.png,N,99.mat,train,68,69632
99_00069.png,N,99.mat,train,69,70656
99_00070.png,N,99.mat,train,70,71680
99_00071.png,N,99.mat,train,71,72704
99_00072.png,N,99.mat,train,72,73728
99_00073.png,N,99.mat,train,73,74752
99_00074.png,N,99.mat,train,74,75776
99_00075.png,N,99.mat,train,75,76800
99_00076.png,N,99.mat,train,76,77824
99_00077.png,N,99.mat,train,77,78848
99_00078.png,N,99.mat,train,78,79872
99_00079.png,N,99.mat,train,79,80896
99_00080.png,N,99.mat,train,80,81920
99_00081.png,N,99.mat,train,81,82944
99_00082.png,N,99.mat,train,82,83968
99_00083.png,N,99.mat,train,83,84992
99_00084.png,N,99.mat,train,84,86016
99_00085.png,N,99.mat,train,85,87040
99_00086.png,N,99.mat,train,86,88064
99_00087.png,N,99.mat,train,87,89088
99_00088.png,N,99.mat,train,88,90112
99_00089.png,N,99.mat,train,89,91136
99_00090.png,N,99.mat,train,90,92160
99_00091.png,N,99.mat,train,91,93184
99_00092.png,N,99.mat,train,92,94208
99_00093.png,N,99.mat,train,93,95232
99_00094.png,N,99.mat,train,94,96256
99_00095.png,N,99.mat,train,95,97280
99_00096.png,N,99.mat,train,96,98304
99_00097.png,N,99.mat,train,97,99328
99_00098.png,N,99.mat,train,98,100352
99_00099.png,N,99.mat,train,99,101376
99_00100.png,N,99.mat,train,100,102400
99_00101.png,N,99.mat,train,101,103424
99_00102.png,N,99.mat,train,102,104448
99_00103.png,N,99.mat,train,103,105472
99_00104.png,N,99.mat,train,104,106496
99_00105.png,N,99.mat,train,105,107520
99_00106.png,N,99.mat,train,106,108544
99_00107.png,N,99.mat,train,107,109568
99_00108.png,N,99.mat,train,108,110592
99_00109.png,N,99.mat,train,109,111616
99_00110.png,N,99.mat,train,110,112640
99_00111.png,N,99.mat,train,111,113664
99_00112.png,N,99.mat,train,112,114688
99_00113.png,N,99.mat,train,113,115712
99_00114.png,N,99.mat,train,114,116736
99_00115.png,N,99.mat,train,115,117760
99_00116.png,N,99.mat,train,116,118784
99_00117.png,N,99.mat,train,117,119808
99_00118.png,N,99.mat,train,118,120832
99_00119.png,N,99.mat,train,119,121856
99_00120.png,N,99.mat,train,120,122880
99_00121.png,N,99.mat,train,121,123904
99_00122.png,N,99.mat,train,122,124928
99_00123.png,N,99.mat,train,123,125952
99_00124.png,N,99.mat,train,124,126976
99_00125.png,N,99.mat,train,125,128000
99_00126.png,N,99.mat,train,126,129024
99_00127.png,N,99.mat,train,127,130048
99_00128.png,N,99.mat,train,128,131072
99_00129.png,N,99.mat,train,129,132096
99_00130.png,N,99.mat,train,130,133120
99_00131.png,N,99.mat,train,131,134144
99_00132.png,N,99.mat,train,132,135168
99_00133.png,N,99.mat,train,133,136192
99_00134.png,N,99.mat,train,134,137216
99_00135.png,N,99.mat,train,135,138240
99_00136.png,N,99.mat,train,136,139264
99_00137.png,N,99.mat,train,137,140288
99_00138.png,N,99.mat,train,138,141312
99_00139.png,N,99.mat,train,139,142336
99_00140.png,N,99.mat,train,140,143360
99_00141.png,N,99.mat,train,141,144384
99_00142.png,N,99.mat,train,142,145408
99_00143.png,N,99.mat,train,143,146432
99_00144.png,N,99.mat,train,144,147456
99_00145.png,N,99.mat,train,145,148480
99_00146.png,N,99.mat,train,146,149504
99_00147.png,N,99.mat,train,147,150528
99_00148.png,N,99.mat,train,148,151552
99_00149.png,N,99.mat,train,149,152576
99_00150.png,N,99.mat,train,150,153600
99_00151.png,N,99.mat,train,151,154624
99_00152.png,N,99.mat,train,152,155648
99_00153.png,N,99.mat,train,153,156672
99_00154.png,N,99.mat,train,154,157696
99_00155.png,N,99.mat,train,155,158720
99_00156.png,N,99.mat,train,156,159744
99_00157.png,N,99.mat,train,157,160768
99_00158.png,N,99.mat,train,158,161792
99_00159.png,N,99.mat,train,159,162816
99_00160.png,N,99.mat,train,160,163840
99_00161.png,N,99.mat,train,161,164864
99_00162.png,N,99.mat,train,162,165888
99_00163.png,N,99.mat,train,163,166912
99_00164.png,N,99.mat,train,164,167936
99_00165.png,N,99.mat,train,165,168960
99_00166.png,N,99.mat,train,166,169984
99_00167.png,N,99.mat,train,167,171008
99_00168.png,N,99.mat,train,168,172032
99_00169.png,N,99.mat,train,169,173056
99_00170.png,N,99.mat,train,170,174080
99_00171.png,N,99.mat,train,171,175104
99_00172.png,N,99.mat,train,172,176128
99_00173.png,N,99.mat,train,173,177152
99_00174.png,N,99.mat,train,174,178176
99_00175.png,N,99.mat,train,175,179200
99_00176.png,N,99.mat,train,176,180224
99_00177.png,N,99.mat,train,177,181248
99_00178.png,N,99.mat,train,178,182272
99_00179.png,N,99.mat,train,179,183296
99_00180.png,N,99.mat,train,180,184320
99_00181.png,N,99.mat,train,181,185344
99_00182.png,N,99.mat,train,182,186368
99_00183.png,N,99.mat,train,183,187392
99_00184.png,N,99.mat,train,184,188416
99_00185.png,N,99.mat,train,185,189440
99_00186.png,N,99.mat,train,186,190464
99_00187.png,N,99.mat,train,187,191488
99_00188.png,N,99.mat,train,188,192512
99_00189.png,N,99.mat,train,189,193536
99_00190.png,N,99.mat,train,190,194560
99_00191.png,N,99.mat,train,191,195584
99_00192.png,N,99.mat,train,192,196608
99_00193.png,N,99.mat,train,193,197632
99_00194.png,N,99.mat,train,194,198656
99_00195.png,N,99.mat,train,195,199680
99_00196.png,N,99.mat,train,196,200704
99_00197.png,N,99.mat,train,197,201728
99_00198.png,N,99.mat,train,198,202752
99_00199.png,N,99.mat,train,199,203776
99_00200.png,N,99.mat,train,200,204800
99_00201.png,N,99.mat,train,201,205824
99_00202.png,N,99.mat,train,202,206848
99_00203.png,N,99.mat,train,203,207872
99_00204.png,N,99.mat,train,204,208896
99_00205.png,N,99.mat,train,205,209920
99_00206.png,N,99.mat,train,206,210944
99_00207.png,N,99.mat,train,207,211968
99_00208.png,N,99.mat,train,208,212992
99_00209.png,N,99.mat,train,209,214016
99_00210.png,N,99.mat,train,210,215040
99_00211.png,N,99.mat,train,211,216064
99_00212.png,N,99.mat,train,212,217088
99_00213.png,N,99.mat,train,213,218112
99_00214.png,N,99.mat,train,214,219136
99_00215.png,N,99.mat,train,215,220160
99_00216.png,N,99.mat,train,216,221184
99_00217.png,N,99.mat,train,217,222208
99_00218.png,N,99.mat,train,218,223232
99_00219.png,N,99.mat,train,219,224256
99_00220.png,N,99.mat,train,220,225280
99_00221.png,N,99.mat,train,221,226304
99_00222.png,N,99.mat,train,222,227328
99_00223.png,N,99.mat,train,223,228352
99_00224.png,N,99.mat,train,224,229376
99_00225.png,N,99.mat,train,225,230400
99_00226.png,N,99.mat,train,226,231424
99_00227.png,N,99.mat,train,227,232448
99_00228.png,N,99.mat,train,228,233472
99_00229.png,N,99.mat,train,229,234496
99_00230.png,N,99.mat,train,230,235520
99_00231.png,N,99.mat,train,231,236544
99_00232.png,N,99.mat,train,232,237568
99_00233.png,N,99.mat,train,233,238592
99_00234.png,N,99.mat,train,234,239616
99_00235.png,N,99.mat,train,235,240640
99_00236.png,N,99.mat,train,236,241664
99_00237.png,N,99.mat,train,237,242688
99_00238.png,N,99.mat,train,238,243712
99_00239.png,N,99.mat,train,239,244736
99_00240.png,N,99.mat,train,240,245760
99_00241.png,N,99.mat,train,241,246784
99_00242.png,N,99.mat,train,242,247808
99_00243.png,N,99.mat,train,243,248832
99_00244.png,N,99.mat,train,244,249856
99_00245.png,N,99.mat,train,245,250880
99_00246.png,N,99.mat,train,246,251904
99_00247.png,N,99.mat,train,247,252928
99_00248.png,N,99.mat,train,248,253952
99_00249.png,N,99.mat,train,249,254976
99_00250.png,N,99.mat,train,250,256000
99_00251.png,N,99.mat,train,251,257024
99_00252.png,N,99.mat,train,252,258048
99_00253.png,N,99.mat,train,253,259072
99_00254.png,N,99.mat,train,254,260096
99_00255.png,N,99.mat,train,255,261120
99_00256.png,N,99.mat,train,256,262144
99_00257.png,N,99.mat,train,257,263168
99_00258.png,N,99.mat,train,258,264192
99_00259.png,N,99.mat,train,259,265216
99_00260.png,N,99.mat,train,260,266240
99_00261.png,N,99.mat,train,261,267264
99_00262.png,N,99.mat,train,262,268288
99_00263.png,N,99.mat,train,263,269312
99_00264.png,N,99.mat,train,264,270336
99_00265.png,N,99.mat,train,265,271360
99_00266.png,N,99.mat,train,266,272384
99_00267.png,N,99.mat,train,267,273408
99_00268.png,N,99.mat,train,268,274432
99_00269.png,N,99.mat,train,269,275456
99_00270.png,N,99.mat,train,270,276480
99_00271.png,N,99.mat,train,271,277504
99_00272.png,N,99.mat,train,272,278528
99_00273.png,N,99.mat,train,273,279552
99_00274.png,N,99.mat,train,274,280576
99_00275.png,N,99.mat,train,275,281600
99_00276.png,N,99.mat,train,276,282624
99_00277.png,N,99.mat,train,277,283648
99_00278.png,N,99.mat,train,278,284672
99_00279.png,N,99.mat,train,279,285696
99_00280.png,N,99.mat,train,280,286720
99_00281.png,N,99.mat,train,281,287744
99_00282.png,N,99.mat,train,282,288768
99_00283.png,N,99.mat,train,283,289792
99_00284.png,N,99.mat,train,284,290816
99_00285.png,N,99.mat,train,285,291840
99_00286.png,N,99.mat,train,286,292864
99_00287.png,N,99.mat,train,287,293888
99_00288.png,N,99.mat,train,288,294912
99_00289.png,N,99.mat,train,289,295936
99_00290.png,N,99.mat,train,290,296960
99_00291.png,N,99.mat,train,291,297984
99_00292.png,N,99.mat,train,292,299008
99_00293.png,N,99.mat,train,293,300032
99_00294.png,N,99.mat,train,294,301056
99_00295.png,N,99.mat,train,295,302080
99_00296.png,N,99.mat,train,296,303104
99_00297.png,N,99.mat,train,297,304128
99_00298.png,N,99.mat,train,298,305152
99_00299.png,N,99.mat,train,299,306176
99_00300.png,N,99.mat,train,300,307200
99_00301.png,N,99.mat,train,301,308224
99_00302.png,N,99.mat,train,302,309248
99_00303.png,N,99.mat,train,303,310272
99_00304.png,N,99.mat,train,304,311296
99_00305.png,N,99.mat,train,305,312320
99_00306.png,N,99.mat,train,306,313344
99_00307.png,N,99.mat,train,307,314368
99_00308.png,N,99.mat,train,308,315392
99_00309.png,N,99.mat,train,309,316416
99_00310.png,N,99.mat,train,310,317440
99_00311.png,N,99.mat,train,311,318464
99_00312.png,N,99.mat,train,312,319488
99_00313.png,N,99.mat,train,313,320512
99_00314.png,N,99.mat,train,314,321536
99_00315.png,N,99.mat,train,315,322560
99_00316.png,N,99.mat,train,316,323584
99_00317.png,N,99.mat,train,317,324608
99_00318.png,N,99.mat,train,318,325632
99_00319.png,N,99.mat,train,319,326656
99_00320.png,N,99.mat,train,320,327680
99_00321.png,N,99.mat,train,321,328704
99_00322.png,N,99.mat,train,322,329728
99_00323.png,N,99.mat,train,323,330752
99_00324.png,N,99.mat,train,324,331776
99_00325.png,N,99.mat,train,325,332800
99_00326.png,N,99.mat,train,326,333824
99_00327.png,N,99.mat,train,327,334848
99_00328.png,N,99.mat,train,328,335872
99_00329.png,N,99.mat,train,329,336896
99_00330.png,N,99.mat,train,330,337920
99_00331.png,N,99.mat,train,331,338944
99_00332.png,N,99.mat,train,332,339968
99_00333.png,N,99.mat,train,333,340992
99_00334.png,N,99.mat,train,334,342016
99_00335.png,N,99.mat,train,335,343040
99_00336.png,N,99.mat,train,336,344064
99_00337.png,N,99.mat,train,337,345088
99_00338.png,N,99.mat,train,338,346112
99_00339.png,N,99.mat,train,339,347136
99_00340.png,N,99.mat,train,340,348160
99_00341.png,N,99.mat,train,341,349184
99_00342.png,N,99.mat,train,342,350208
99_00343.png,N,99.mat,train,343,351232
99_00344.png,N,99.mat,train,344,352256
99_00345.png,N,99.mat,train,345,353280
99_00346.png,N,99.mat,train,346,354304
99_00347.png,N,99.mat,train,347,355328
99_00348.png,N,99.mat,train,348,356352
99_00349.png,N,99.mat,train,349,357376
99_00350.png,N,99.mat,train,350,358400
99_00351.png,N,99.mat,train,351,359424
99_00352.png,N,99.mat,train,352,360448
99_00353.png,N,99.mat,train,353,361472
99_00354.png,N,99.mat,train,354,362496
99_00355.png,N,99.mat,train,355,363520
99_00356.png,N,99.mat,train,356,364544
99_00357.png,N,99.mat,train,357,365568
99_00358.png,N,99.mat,train,358,366592
99_00359.png,N,99.mat,train,359,367616
99_00360.png,N,99.mat,train,360,368640
99_00361.png,N,99.mat,train,361,369664
99_00362.png,N,99.mat,train,362,370688
99_00363.png,N,99.mat,train,363,371712
99_00364.png,N,99.mat,train,364,372736
99_00365.png,N,99.mat,train,365,373760
99_00366.png,N,99.mat,train,366,374784
99_00367.png,N,99.mat,train,367,375808
99_00368.png,N,99.mat,train,368,376832
99_00369.png,N,99.mat,train,369,377856
99_00370.png,N,99.mat,train,370,378880
99_00371.png,N,99.mat,train,371,379904
99_00372.png,N,99.mat,train,372,380928
99_00373.png,N,99.mat,train,373,381952
99_00374.png,N,99.mat,train,374,382976
99_00375.png,N,99.mat,train,375,384000
99_00376.png,N,99.mat,train,376,385024
99_00377.png,N,99.mat,train,377,386048
99_00378.png,N,99.mat,train,378,387072
99_00379.png,N,99.mat,train,379,388096
99_00380.png,N,99.mat,train,380,389120
99_00381.png,N,99.mat,train,381,390144
99_00382.png,N,99.mat,train,382,391168
99_00383.png,N,99.mat,train,383,392192
99_00384.png,N,99.mat,train,384,393216
99_00385.png,N,99.mat,train,385,394240
99_00386.png,N,99.mat,train,386,395264
99_00387.png,N,99.mat,train,387,396288
99_00388.png,N,99.mat,train,388,397312
99_00389.png,N,99.mat,train,389,398336
99_00390.png,N,99.mat,train,390,399360
99_00391.png,N,99.mat,train,391,400384
99_00392.png,N,99.mat,train,392,401408
99_00393.png,N,99.mat,train,393,402432
99_00394.png,N,99.mat,train,394,403456
99_00395.png,N,99.mat,train,395,404480
99_00396.png,N,99.mat,train,396,405504
99_00397.png,N,99.mat,train,397,406528
99_00398.png,N,99.mat,train,398,407552
99_00399.png,N,99.mat,train,399,408576
99_00400.png,N,99.mat,train,400,409600
99_00401.png,N,99.mat,train,401,410624
99_00402.png,N,99.mat,train,402,411648
99_00403.png,N,99.mat,train,403,412672
99_00404.png,N,99.mat,train,404,413696
99_00405.png,N,99.mat,train,405,414720
99_00406.png,N,99.mat,train,406,415744
99_00407.png,N,99.mat,train,407,416768
99_00408.png,N,99.mat,train,408,417792
99_00409.png,N,99.mat,train,409,418816
99_00410.png,N,99.mat,train,410,419840
99_00411.png,N,99.mat,train,411,420864
99_00412.png,N,99.mat,train,412,421888
99_00413.png,N,99.mat,train,413,422912
99_00414.png,N,99.mat,train,414,423936
99_00415.png,N,99.mat,train,415,424960
99_00416.png,N,99.mat,train,416,425984
99_00417.png,N,99.mat,train,417,427008
99_00418.png,N,99.mat,train,418,428032
99_00419.png,N,99.mat,train,419,429056
99_00420.png,N,99.mat,train,420,430080
99_00421.png,N,99.mat,train,421,431104
99_00422.png,N,99.mat,train,422,432128
99_00423.png,N,99.mat,train,423,433152
99_00424.png,N,99.mat,train,424,434176
99_00425.png,N,99.mat,train,425,435200
99_00426.png,N,99.mat,train,426,436224
99_00427.png,N,99.mat,train,427,437248
99_00428.png,N,99.mat,train,428,438272
99_00429.png,N,99.mat,train,429,439296
99_00430.png,N,99.mat,train,430,440320
99_00431.png,N,99.mat,train,431,441344
99_00432.png,N,99.mat,train,432,442368
99_00433.png,N,99.mat,train,433,443392
99_00434.png,N,99.mat,train,434,444416
99_00435.png,N,99.mat,train,435,445440
99_00436.png,N,99.mat,train,436,446464
99_00437.png,N,99.mat,train,437,447488
99_00438.png,N,99.mat,train,438,448512
99_00439.png,N,99.mat,train,439,449536
99_00440.png,N,99.mat,train,440,450560
99_00441.png,N,99.mat,train,441,451584
99_00442.png,N,99.mat,train,442,452608
99_00443.png,N,99.mat,train,443,453632
99_00444.png,N,99.mat,train,444,454656
99_00445.png,N,99.mat,train,445,455680
99_00446.png,N,99.mat,train,446,456704
99_00447.png,N,99.mat,train,447,457728
99_00448.png,N,99.mat,train,448,458752
99_00449.png,N,99.mat,train,449,459776
99_00450.png,N,99.mat,train,450,460800
99_00451.png,N,99.mat,train,451,461824
99_00452.png,N,99.mat,train,452,462848
99_00453.png,N,99.mat,train,453,463872
99_00454.png,N,99.mat,train,454,464896
99_00455.png,N,99.mat,train,455,465920
99_00456.png,N,99.mat,train,456,466944
99_00457.png,N,99.mat,train,457,467968
99_00458.png,N,99.mat,train,458,468992
99_00459.png,N,99.mat,train,459,470016
99_00460.png,N,99.mat,train,460,471040
99_00461.png,N,99.mat,train,461,472064
99_00462.png,N,99.mat,train,462,473088
99_00463.png,N,99.mat,train,463,474112
99_00464.png,N,99.mat,train,464,475136
99_00465.png,N,99.mat,train,465,476160
99_00466.png,N,99.mat,train,466,477184
99_00467.png,N,99.mat,train,467,478208
99_00468.png,N,99.mat,train,468,479232
99_00469.png,N,99.mat,train,469,480256
99_00470.png,N,99.mat,train,470,481280
106_00000.png,IR,106.mat,train,0,0
106_00001.png,IR,106.mat,train,1,1024
106_00002.png,IR,106.mat,train,2,2048
106_00003.png,IR,106.mat,train,3,3072
106_00004.png,IR,106.mat,train,4,4096
106_00005.png,IR,106.mat,train,5,5120
106_00006.png,IR,106.mat,train,6,6144
106_00007.png,IR,106.mat,train,7,7168
106_00008.png,IR,106.mat,train,8,8192
106_00009.png,IR,106.mat,train,9,9216
106_00010.png,IR,106.mat,train,10,10240
106_00011.png,IR,106.mat,train,11,11264
106_00012.png,IR,106.mat,train,12,12288
106_00013.png,IR,106.mat,train,13,13312
106_00014.png,IR,106.mat,train,14,14336
106_00015.png,IR,106.mat,train,15,15360
106_00016.png,IR,106.mat,train,16,16384
106_00017.png,IR,106.mat,train,17,17408
106_00018.png,IR,106.mat,train,18,18432
106_00019.png,IR,106.mat,train,19,19456
106_00020.png,IR,106.mat,train,20,20480
106_00021.png,IR,106.mat,train,21,21504
106_00022.png,IR,106.mat,train,22,22528
106_00023.png,IR,106.mat,train,23,23552
106_00024.png,IR,106.mat,train,24,24576
106_00025.png,IR,106.mat,train,25,25600
106_00026.png,IR,106.mat,train,26,26624
106_00027.png,IR,106.mat,train,27,27648
106_00028.png,IR,106.mat,train,28,28672
106_00029.png,IR,106.mat,train,29,29696
106_00030.png,IR,106.mat,train,30,30720
106_00031.png,IR,106.mat,train,31,31744
106_00032.png,IR,106.mat,train,32,32768
106_00033.png,IR,106.mat,train,33,33792
106_00034.png,IR,106.mat,train,34,34816
106_00035.png,IR,106.mat,train,35,35840
106_00036.png,IR,106.mat,train,36,36864
106_00037.png,IR,106.mat,train,37,37888
106_00038.png,IR,106.mat,train,38,38912
106_00039.png,IR,106.mat,train,39,39936
106_00040.png,IR,106.mat,train,40,40960
106_00041.png,IR,106.mat,train,41,41984
106_00042.png,IR,106.mat,train,42,43008
106_00043.png,IR,106.mat,train,43,44032
106_00044.png,IR,106.mat,train,44,45056
106_00045.png,IR,106.mat,train,45,46080
106_00046.png,IR,106.mat,train,46,47104
106_00047.png,IR,106.mat,train,47,48128
106_00048.png,IR,106.mat,train,48,49152
106_00049.png,IR,106.mat,train,49,50176
106_00050.png,IR,106.mat,train,50,51200
106_00051.png,IR,106.mat,train,51,52224
106_00052.png,IR,106.mat,train,52,53248
106_00053.png,IR,106.mat,train,53,54272
106_00054.png,IR,106.mat,train,54,55296
106_00055.png,IR,106.mat,train,55,56320
106_00056.png,IR,106.mat,train,56,57344
106_00057.png,IR,106.mat,train,57,58368
106_00058.png,IR,106.mat,train,58,59392
106_00059.png,IR,106.mat,train,59,60416
106_00060.png,IR,106.mat,train,60,61440
106_00061.png,IR,106.mat,train,61,62464
106_00062.png,IR,106.mat,train,62,63488
106_00063.png,IR,106.mat,train,63,64512
106_00064.png,IR,106.mat,train,64,65536
106_00065.png,IR,106.mat,train,65,66560
106_00066.png,IR,106.mat,train,66,67584
106_00067.png,IR,106.mat,train,67,68608
106_00068.png,IR,106.mat,train,68,69632
106_00069.png,IR,106.mat,train,69,70656
106_00070.png,IR,106.mat,train,70,71680
106_00071.png,IR,106.mat,train,71,72704
106_00072.png,IR,106.mat,train,72,73728
106_00073.png,IR,106.mat,train,73,74752
106_00074.png,IR,106.mat,train,74,75776
106_00075.png,IR,106.mat,train,75,76800
106_00076.png,IR,106.mat,train,76,77824
106_00077.png,IR,106.mat,train,77,78848
106_00078.png,IR,106.mat,train,78,79872
106_00079.png,IR,106.mat,train,79,80896
106_00080.png,IR,106.mat,train,80,81920
106_00081.png,IR,106.mat,train,81,82944
106_00082.png,IR,106.mat,train,82,83968
106_00083.png,IR,106.mat,train,83,84992
106_00084.png,IR,106.mat,train,84,86016
106_00085.png,IR,106.mat,train,85,87040
106_00086.png,IR,106.mat,train,86,88064
106_00087.png,IR,106.mat,train,87,89088
106_00088.png,IR,106.mat,train,88,90112
106_00089.png,IR,106.mat,train,89,91136
106_00090.png,IR,106.mat,train,90,92160
106_00091.png,IR,106.mat,train,91,93184
106_00092.png,IR,106.mat,train,92,94208
106_00093.png,IR,106.mat,train,93,95232
106_00094.png,IR,106.mat,train,94,96256
106_00095.png,IR,106.mat,train,95,97280
106_00096.png,IR,106.mat,train,96,98304
106_00097.png,IR,106.mat,train,97,99328
106_00098.png,IR,106.mat,train,98,100352
106_00099.png,IR,106.mat,train,99,101376
106_00100.png,IR,106.mat,train,100,102400
106_00101.png,IR,106.mat,train,101,103424
106_00102.png,IR,106.mat,train,102,104448
106_00103.png,IR,106.mat,train,103,105472
106_00104.png,IR,106.mat,train,104,106496
106_00105.png,IR,106.mat,train,105,107520
106_00106.png,IR,106.mat,train,106,108544
106_00107.png,IR,106.mat,train,107,109568
106_00108.png,IR,106.mat,train,108,110592
106_00109.png,IR,106.mat,train,109,111616
106_00110.png,IR,106.mat,train,110,112640
106_00111.png,IR,106.mat,train,111,113664
106_00112.png,IR,106.mat,train,112,114688
106_00113.png,IR,106.mat,train,113,115712
106_00114.png,IR,106.mat,train,114,116736
106_00115.png,IR,106.mat,train,115,117760
106_00116.png,IR,106.mat,train,116,118784
106_00117.png,IR,106.mat,train,117,119808
107_00000.png,IR,107.mat,train,0,0
107_00001.png,IR,107.mat,train,1,1024
107_00002.png,IR,107.mat,train,2,2048
107_00003.png,IR,107.mat,train,3,3072
107_00004.png,IR,107.mat,train,4,4096
107_00005.png,IR,107.mat,train,5,5120
107_00006.png,IR,107.mat,train,6,6144
107_00007.png,IR,107.mat,train,7,7168
107_00008.png,IR,107.mat,train,8,8192
107_00009.png,IR,107.mat,train,9,9216
107_00010.png,IR,107.mat,train,10,10240
107_00011.png,IR,107.mat,train,11,11264
107_00012.png,IR,107.mat,train,12,12288
107_00013.png,IR,107.mat,train,13,13312
107_00014.png,IR,107.mat,train,14,14336
107_00015.png,IR,107.mat,train,15,15360
107_00016.png,IR,107.mat,train,16,16384
107_00017.png,IR,107.mat,train,17,17408
107_00018.png,IR,107.mat,train,18,18432
107_00019.png,IR,107.mat,train,19,19456
107_00020.png,IR,107.mat,train,20,20480
107_00021.png,IR,107.mat,train,21,21504
107_00022.png,IR,107.mat,train,22,22528
107_00023.png,IR,107.mat,train,23,23552
107_00024.png,IR,107.mat,train,24,24576
107_00025.png,IR,107.mat,train,25,25600
107_00026.png,IR,107.mat,train,26,26624
107_00027.png,IR,107.mat,train,27,27648
107_00028.png,IR,107.mat,train,28,28672
107_00029.png,IR,107.mat,train,29,29696
107_00030.png,IR,107.mat,train,30,30720
107_00031.png,IR,107.mat,train,31,31744
107_00032.png,IR,107.mat,train,32,32768
107_00033.png,IR,107.mat,train,33,33792
107_00034.png,IR,107.mat,train,34,34816
107_00035.png,IR,107.mat,train,35,35840
107_00036.png,IR,107.mat,train,36,36864
107_00037.png,IR,107.mat,train,37,37888
107_00038.png,IR,107.mat,train,38,38912
107_00039.png,IR,107.mat,train,39,39936
107_00040.png,IR,107.mat,train,40,40960
107_00041.png,IR,107.mat,train,41,41984
107_00042.png,IR,107.mat,train,42,43008
107_00043.png,IR,107.mat,train,43,44032
107_00044.png,IR,107.mat,train,44,45056
107_00045.png,IR,107.mat,train,45,46080
107_00046.png,IR,107.mat,train,46,47104
107_00047.png,IR,107.mat,train,47,48128
107_00048.png,IR,107.mat,train,48,49152
107_00049.png,IR,107.mat,train,49,50176
107_00050.png,IR,107.mat,train,50,51200
107_00051.png,IR,107.mat,train,51,52224
107_00052.png,IR,107.mat,train,52,53248
107_00053.png,IR,107.mat,train,53,54272
107_00054.png,IR,107.mat,train,54,55296
107_00055.png,IR,107.mat,train,55,56320
107_00056.png,IR,107.mat,train,56,57344
107_00057.png,IR,107.mat,train,57,58368
107_00058.png,IR,107.mat,train,58,59392
107_00059.png,IR,107.mat,train,59,60416
107_00060.png,IR,107.mat,train,60,61440
107_00061.png,IR,107.mat,train,61,62464
107_00062.png,IR,107.mat,train,62,63488
107_00063.png,IR,107.mat,train,63,64512
107_00064.png,IR,107.mat,train,64,65536
107_00065.png,IR,107.mat,train,65,66560
107_00066.png,IR,107.mat,train,66,67584
107_00067.png,IR,107.mat,train,67,68608
107_00068.png,IR,107.mat,train,68,69632
107_00069.png,IR,107.mat,train,69,70656
107_00070.png,IR,107.mat,train,70,71680
107_00071.png,IR,107.mat,train,71,72704
107_00072.png,IR,107.mat,train,72,73728
107_00073.png,IR,107.mat,train,73,74752
107_00074.png,IR,107.mat,train,74,75776
107_00075.png,IR,107.mat,train,75,76800
107_00076.png,IR,107.mat,train,76,77824
107_00077.png,IR,107.mat,train,77,78848
107_00078.png,IR,107.mat,train,78,79872
107_00079.png,IR,107.mat,train,79,80896
107_00080.png,IR,107.mat,train,80,81920
107_00081.png,IR,107.mat,train,81,82944
107_00082.png,IR,107.mat,train,82,83968
107_00083.png,IR,107.mat,train,83,84992
107_00084.png,IR,107.mat,train,84,86016
107_00085.png,IR,107.mat,train,85,87040
107_00086.png,IR,107.mat,train,86,88064
107_00087.png,IR,107.mat,train,87,89088
107_00088.png,IR,107.mat,train,88,90112
107_00089.png,IR,107.mat,train,89,91136
107_00090.png,IR,107.mat,train,90,92160
107_00091.png,IR,107.mat,train,91,93184
107_00092.png,IR,107.mat,train,92,94208
107_00093.png,IR,107.mat,train,93,95232
107_00094.png,IR,107.mat,train,94,96256
107_00095.png,IR,107.mat,train,95,97280
107_00096.png,IR,107.mat,train,96,98304
107_00097.png,IR,107.mat,train,97,99328
107_00098.png,IR,107.mat,train,98,100352
107_00099.png,IR,107.mat,train,99,101376
107_00100.png,IR,107.mat,train,100,102400
107_00101.png,IR,107.mat,train,101,103424
107_00102.png,IR,107.mat,train,102,104448
107_00103.png,IR,107.mat,train,103,105472
107_00104.png,IR,107.mat,train,104,106496
107_00105.png,IR,107.mat,train,105,107520
107_00106.png,IR,107.mat,train,106,108544
107_00107.png,IR,107.mat,train,107,109568
107_00108.png,IR,107.mat,train,108,110592
107_00109.png,IR,107.mat,train,109,111616
107_00110.png,IR,107.mat,train,110,112640
107_00111.png,IR,107.mat,train,111,113664
107_00112.png,IR,107.mat,train,112,114688
107_00113.png,IR,107.mat,train,113,115712
107_00114.png,IR,107.mat,train,114,116736
107_00115.png,IR,107.mat,train,115,117760
107_00116.png,IR,107.mat,train,116,118784
107_00117.png,IR,107.mat,train,117,119808
121_00000.png,B,121.mat,val,0,0
121_00001.png,B,121.mat,val,1,1024
121_00002.png,B,121.mat,val,2,2048
121_00003.png,B,121.mat,val,3,3072
121_00004.png,B,121.mat,val,4,4096
121_00005.png,B,121.mat,val,5,5120
121_00006.png,B,121.mat,val,6,6144
121_00007.png,B,121.mat,val,7,7168
121_00008.png,B,121.mat,val,8,8192
121_00009.png,B,121.mat,val,9,9216
121_00010.png,B,121.mat,val,10,10240
121_00011.png,B,121.mat,val,11,11264
121_00012.png,B,121.mat,val,12,12288
121_00013.png,B,121.mat,val,13,13312
121_00014.png,B,121.mat,val,14,14336
121_00015.png,B,121.mat,val,15,15360
121_00016.png,B,121.mat,val,16,16384
121_00017.png,B,121.mat,val,17,17408
121_00018.png,B,121.mat,val,18,18432
121_00019.png,B,121.mat,val,19,19456
121_00020.png,B,121.mat,val,20,20480
121_00021.png,B,121.mat,val,21,21504
121_00022.png,B,121.mat,val,22,22528
121_00023.png,B,121.mat,val,23,23552
121_00024.png,B,121.mat,val,24,24576
121_00025.png,B,121.mat,val,25,25600
121_00026.png,B,121.mat,val,26,26624
121_00027.png,B,121.mat,val,27,27648
121_00028.png,B,121.mat,val,28,28672
121_00029.png,B,121.mat,val,29,29696
121_00030.png,B,121.mat,val,30,30720
121_00031.png,B,121.mat,val,31,31744
121_00032.png,B,121.mat,val,32,32768
121_00033.png,B,121.mat,val,33,33792
121_00034.png,B,121.mat,val,34,34816
121_00035.png,B,121.mat,val,35,35840
121_00036.png,B,121.mat,val,36,36864
121_00037.png,B,121.mat,val,37,37888
121_00038.png,B,121.mat,val,38,38912
121_00039.png,B,121.mat,val,39,39936
121_00040.png,B,121.mat,val,40,40960
121_00041.png,B,121.mat,val,41,41984
121_00042.png,B,121.mat,val,42,43008
121_00043.png,B,121.mat,val,43,44032
121_00044.png,B,121.mat,val,44,45056
121_00045.png,B,121.mat,val,45,46080
121_00046.png,B,121.mat,val,46,47104
121_00047.png,B,121.mat,val,47,48128
121_00048.png,B,121.mat,val,48,49152
121_00049.png,B,121.mat,val,49,50176
121_00050.png,B,121.mat,val,50,51200
121_00051.png,B,121.mat,val,51,52224
121_00052.png,B,121.mat,val,52,53248
121_00053.png,B,121.mat,val,53,54272
121_00054.png,B,121.mat,val,54,55296
121_00055.png,B,121.mat,val,55,56320
121_00056.png,B,121.mat,val,56,57344
121_00057.png,B,121.mat,val,57,58368
121_00058.png,B,121.mat,val,58,59392
121_00059.png,B,121.mat,val,59,60416
121_00060.png,B,121.mat,val,60,61440
121_00061.png,B,121.mat,val,61,62464
121_00062.png,B,121.mat,val,62,63488
121_00063.png,B,121.mat,val,63,64512
121_00064.png,B,121.mat,val,64,65536
121_00065.png,B,121.mat,val,65,66560
121_00066.png,B,121.mat,val,66,67584
121_00067.png,B,121.mat,val,67,68608
121_00068.png,B,121.mat,val,68,69632
121_00069.png,B,121.mat,val,69,70656
121_00070.png,B,121.mat,val,70,71680
121_00071.png,B,121.mat,val,71,72704
121_00072.png,B,121.mat,val,72,73728
121_00073.png,B,121.mat,val,73,74752
121_00074.png,B,121.mat,val,74,75776
121_00075.png,B,121.mat,val,75,76800
121_00076.png,B,121.mat,val,76,77824
121_00077.png,B,121.mat,val,77,78848
121_00078.png,B,121.mat,val,78,79872
121_00079.png,B,121.mat,val,79,80896
121_00080.png,B,121.mat,val,80,81920
121_00081.png,B,121.mat,val,81,82944
121_00082.png,B,121.mat,val,82,83968
121_00083.png,B,121.mat,val,83,84992
121_00084.png,B,121.mat,val,84,86016
121_00085.png,B,121.mat,val,85,87040
121_00086.png,B,121.mat,val,86,88064
121_00087.png,B,121.mat,val,87,89088
121_00088.png,B,121.mat,val,88,90112
121_00089.png,B,121.mat,val,89,91136
121_00090.png,B,121.mat,val,90,92160
121_00091.png,B,121.mat,val,91,93184
121_00092.png,B,121.mat,val,92,94208
121_00093.png,B,121.mat,val,93,95232
121_00094.png,B,121.mat,val,94,96256
121_00095.png,B,121.mat,val,95,97280
121_00096.png,B,121.mat,val,96,98304
121_00097.png,B,121.mat,val,97,99328
121_00098.png,B,121.mat,val,98,100352
121_00099.png,B,121.mat,val,99,101376
121_00100.png,B,121.mat,val,100,102400
121_00101.png,B,121.mat,val,101,103424
121_00102.png,B,121.mat,val,102,104448
121_00103.png,B,121.mat,val,103,105472
121_00104.png,B,121.mat,val,104,106496
121_00105.png,B,121.mat,val,105,107520
121_00106.png,B,121.mat,val,106,108544
121_00107.png,B,121.mat,val,107,109568
121_00108.png,B,121.mat,val,108,110592
121_00109.png,B,121.mat,val,109,111616
121_00110.png,B,121.mat,val,110,112640
121_00111.png,B,121.mat,val,111,113664
121_00112.png,B,121.mat,val,112,114688
121_00113.png,B,121.mat,val,113,115712
121_00114.png,B,121.mat,val,114,116736
121_00115.png,B,121.mat,val,115,117760
121_00116.png,B,121.mat,val,116,118784
130_00000.png,OR,130.mat,val,0,0
130_00001.png,OR,130.mat,val,1,1024
130_00002.png,OR,130.mat,val,2,2048
130_00003.png,OR,130.mat,val,3,3072
130_00004.png,OR,130.mat,val,4,4096
130_00005.png,OR,130.mat,val,5,5120
130_00006.png,OR,130.mat,val,6,6144
130_00007.png,OR,130.mat,val,7,7168
130_00008.png,OR,130.mat,val,8,8192
130_00009.png,OR,130.mat,val,9,9216
130_00010.png,OR,130.mat,val,10,10240
130_00011.png,OR,130.mat,val,11,11264
130_00012.png,OR,130.mat,val,12,12288
130_00013.png,OR,130.mat,val,13,13312
130_00014.png,OR,130.mat,val,14,14336
130_00015.png,OR,130.mat,val,15,15360
130_00016.png,OR,130.mat,val,16,16384
130_00017.png,OR,130.mat,val,17,17408
130_00018.png,OR,130.mat,val,18,18432
130_00019.png,OR,130.mat,val,19,19456
130_00020.png,OR,130.mat,val,20,20480
130_00021.png,OR,130.mat,val,21,21504
130_00022.png,OR,130.mat,val,22,22528
130_00023.png,OR,130.mat,val,23,23552
130_00024.png,OR,130.mat,val,24,24576
130_00025.png,OR,130.mat,val,25,25600
130_00026.png,OR,130.mat,val,26,26624
130_00027.png,OR,130.mat,val,27,27648
130_00028.png,OR,130.mat,val,28,28672
130_00029.png,OR,130.mat,val,29,29696
130_00030.png,OR,130.mat,val,30,30720
130_00031.png,OR,130.mat,val,31,31744
130_00032.png,OR,130.mat,val,32,32768
130_00033.png,OR,130.mat,val,33,33792
130_00034.png,OR,130.mat,val,34,34816
130_00035.png,OR,130.mat,val,35,35840
130_00036.png,OR,130.mat,val,36,36864
130_00037.png,OR,130.mat,val,37,37888
130_00038.png,OR,130.mat,val,38,38912
130_00039.png,OR,130.mat,val,39,39936
130_00040.png,OR,130.mat,val,40,40960
130_00041.png,OR,130.mat,val,41,41984
130_00042.png,OR,130.mat,val,42,43008
130_00043.png,OR,130.mat,val,43,44032
130_00044.png,OR,130.mat,val,44,45056
130_00045.png,OR,130.mat,val,45,46080
130_00046.png,OR,130.mat,val,46,47104
130_00047.png,OR,130.mat,val,47,48128
130_00048.png,OR,130.mat,val,48,49152
130_00049.png,OR,130.mat,val,49,50176
130_00050.png,OR,130.mat,val,50,51200
130_00051.png,OR,130.mat,val,51,52224
130_00052.png,OR,130.mat,val,52,53248
130_00053.png,OR,130.mat,val,53,54272
130_00054.png,OR,130.mat,val,54,55296
130_00055.png,OR,130.mat,val,55,56320
130_00056.png,OR,130.mat,val,56,57344
130_00057.png,OR,130.mat,val,57,58368
130_00058.png,OR,130.mat,val,58,59392
130_00059.png,OR,130.mat,val,59,60416
130_00060.png,OR,130.mat,val,60,61440
130_00061.png,OR,130.mat,val,61,62464
130_00062.png,OR,130.mat,val,62,63488
130_00063.png,OR,130.mat,val,63,64512
130_00064.png,OR,130.mat,val,64,65536
130_00065.png,OR,130.mat,val,65,66560
130_00066.png,OR,130.mat,val,66,67584
130_00067.png,OR,130.mat,val,67,68608
130_00068.png,OR,130.mat,val,68,69632
130_00069.png,OR,130.mat,val,69,70656
130_00070.png,OR,130.mat,val,70,71680
130_00071.png,OR,130.mat,val,71,72704
130_00072.png,OR,130.mat,val,72,73728
130_00073.png,OR,130.mat,val,73,74752
130_00074.png,OR,130.mat,val,74,75776
130_00075.png,OR,130.mat,val,75,76800
130_00076.png,OR,130.mat,val,76,77824
130_00077.png,OR,130.mat,val,77,78848
130_00078.png,OR,130.mat,val,78,79872
130_00079.png,OR,130.mat,val,79,80896
130_00080.png,OR,130.mat,val,80,81920
130_00081.png,OR,130.mat,val,81,82944
130_00082.png,OR,130.mat,val,82,83968
130_00083.png,OR,130.mat,val,83,84992
130_00084.png,OR,130.mat,val,84,86016
130_00085.png,OR,130.mat,val,85,87040
130_00086.png,OR,130.mat,val,86,88064
130_00087.png,OR,130.mat,val,87,89088
130_00088.png,OR,130.mat,val,88,90112
130_00089.png,OR,130.mat,val,89,91136
130_00090.png,OR,130.mat,val,90,92160
130_00091.png,OR,130.mat,val,91,93184
130_00092.png,OR,130.mat,val,92,94208
130_00093.png,OR,130.mat,val,93,95232
130_00094.png,OR,130.mat,val,94,96256
130_00095.png,OR,130.mat,val,95,97280
130_00096.png,OR,130.mat,val,96,98304
130_00097.png,OR,130.mat,val,97,99328
130_00098.png,OR,130.mat,val,98,100352
130_00099.png,OR,130.mat,val,99,101376
130_00100.png,OR,130.mat,val,100,102400
130_00101.png,OR,130.mat,val,101,103424
130_00102.png,OR,130.mat,val,102,104448
130_00103.png,OR,130.mat,val,103,105472
130_00104.png,OR,130.mat,val,104,106496
130_00105.png,OR,130.mat,val,105,107520
130_00106.png,OR,130.mat,val,106,108544
130_00107.png,OR,130.mat,val,107,109568
130_00108.png,OR,130.mat,val,108,110592
130_00109.png,OR,130.mat,val,109,111616
130_00110.png,OR,130.mat,val,110,112640
130_00111.png,OR,130.mat,val,111,113664
130_00112.png,OR,130.mat,val,112,114688
130_00113.png,OR,130.mat,val,113,115712
130_00114.png,OR,130.mat,val,114,116736
130_00115.png,OR,130.mat,val,115,117760
130_00116.png,OR,130.mat,val,116,118784
130_00117.png,OR,130.mat,val,117,119808
98_00000.png,N,98.mat,val,0,0
98_00001.png,N,98.mat,val,1,1024
98_00002.png,N,98.mat,val,2,2048
98_00003.png,N,98.mat,val,3,3072
98_00004.png,N,98.mat,val,4,4096
98_00005.png,N,98.mat,val,5,5120
98_00006.png,N,98.mat,val,6,6144
98_00007.png,N,98.mat,val,7,7168
98_00008.png,N,98.mat,val,8,8192
98_00009.png,N,98.mat,val,9,9216
98_00010.png,N,98.mat,val,10,10240
98_00011.png,N,98.mat,val,11,11264
98_00012.png,N,98.mat,val,12,12288
98_00013.png,N,98.mat,val,13,13312
98_00014.png,N,98.mat,val,14,14336
98_00015.png,N,98.mat,val,15,15360
98_00016.png,N,98.mat,val,16,16384
98_00017.png,N,98.mat,val,17,17408
98_00018.png,N,98.mat,val,18,18432
98_00019.png,N,98.mat,val,19,19456
98_00020.png,N,98.mat,val,20,20480
98_00021.png,N,98.mat,val,21,21504
98_00022.png,N,98.mat,val,22,22528
98_00023.png,N,98.mat,val,23,23552
98_00024.png,N,98.mat,val,24,24576
98_00025.png,N,98.mat,val,25,25600
98_00026.png,N,98.mat,val,26,26624
98_00027.png,N,98.mat,val,27,27648
98_00028.png,N,98.mat,val,28,28672
98_00029.png,N,98.mat,val,29,29696
98_00030.png,N,98.mat,val,30,30720
98_00031.png,N,98.mat,val,31,31744
98_00032.png,N,98.mat,val,32,32768
98_00033.png,N,98.mat,val,33,33792
98_00034.png,N,98.mat,val,34,34816
98_00035.png,N,98.mat,val,35,35840
98_00036.png,N,98.mat,val,36,36864
98_00037.png,N,98.mat,val,37,37888
98_00038.png,N,98.mat,val,38,38912
98_00039.png,N,98.mat,val,39,39936
98_00040.png,N,98.mat,val,40,40960
98_00041.png,N,98.mat,val,41,41984
98_00042.png,N,98.mat,val,42,43008
98_00043.png,N,98.mat,val,43,44032
98_00044.png,N,98.mat,val,44,45056
98_00045.png,N,98.mat,val,45,46080
98_00046.png,N,98.mat,val,46,47104
98_00047.png,N,98.mat,val,47,48128
98_00048.png,N,98.mat,val,48,49152
98_00049.png,N,98.mat,val,49,50176
98_00050.png,N,98.mat,val,50,51200
98_00051.png,N,98.mat,val,51,52224
98_00052.png,N,98.mat,val,52,53248
98_00053.png,N,98.mat,val,53,54272
98_00054.png,N,98.mat,val,54,55296
98_00055.png,N,98.mat,val,55,56320
98_00056.png,N,98.mat,val,56,57344
98_00057.png,N,98.mat,val,57,58368
98_00058.png,N,98.mat,val,58,59392
98_00059.png,N,98.mat,val,59,60416
98_00060.png,N,98.mat,val,60,61440
98_00061.png,N,98.mat,val,61,62464
98_00062.png,N,98.mat,val,62,63488
98_00063.png,N,98.mat,val,63,64512
98_00064.png,N,98.mat,val,64,65536
98_00065.png,N,98.mat,val,65,66560
98_00066.png,N,98.mat,val,66,67584
98_00067.png,N,98.mat,val,67,68608
98_00068.png,N,98.mat,val,68,69632
98_00069.png,N,98.mat,val,69,70656
98_00070.png,N,98.mat,val,70,71680
98_00071.png,N,98.mat,val,71,72704
98_00072.png,N,98.mat,val,72,73728
98_00073.png,N,98.mat,val,73,74752
98_00074.png,N,98.mat,val,74,75776
98_00075.png,N,98.mat,val,75,76800
98_00076.png,N,98.mat,val,76,77824
98_00077.png,N,98.mat,val,77,78848
98_00078.png,N,98.mat,val,78,79872
98_00079.png,N,98.mat,val,79,80896
98_00080.png,N,98.mat,val,80,81920
98_00081.png,N,98.mat,val,81,82944
98_00082.png,N,98.mat,val,82,83968
98_00083.png,N,98.mat,val,83,84992
98_00084.png,N,98.mat,val,84,86016
98_00085.png,N,98.mat,val,85,87040
98_00086.png,N,98.mat,val,86,88064
98_00087.png,N,98.mat,val,87,89088
98_00088.png,N,98.mat,val,88,90112
98_00089.png,N,98.mat,val,89,91136
98_00090.png,N,98.mat,val,90,92160
98_00091.png,N,98.mat,val,91,93184
98_00092.png,N,98.mat,val,92,94208
98_00093.png,N,98.mat,val,93,95232
98_00094.png,N,98.mat,val,94,96256
98_00095.png,N,98.mat,val,95,97280
98_00096.png,N,98.mat,val,96,98304
98_00097.png,N,98.mat,val,97,99328
98_00098.png,N,98.mat,val,98,100352
98_00099.png,N,98.mat,val,99,101376
98_00100.png,N,98.mat,val,100,102400
98_00101.png,N,98.mat,val,101,103424
98_00102.png,N,98.mat,val,102,104448
98_00103.png,N,98.mat,val,103,105472
98_00104.png,N,98.mat,val,104,106496
98_00105.png,N,98.mat,val,105,107520
98_00106.png,N,98.mat,val,106,108544
98_00107.png,N,98.mat,val,107,109568
98_00108.png,N,98.mat,val,108,110592
98_00109.png,N,98.mat,val,109,111616
98_00110.png,N,98.mat,val,110,112640
98_00111.png,N,98.mat,val,111,113664
98_00112.png,N,98.mat,val,112,114688
98_00113.png,N,98.mat,val,113,115712
98_00114.png,N,98.mat,val,114,116736
98_00115.png,N,98.mat,val,115,117760
98_00116.png,N,98.mat,val,116,118784
98_00117.png,N,98.mat,val,117,119808
98_00118.png,N,98.mat,val,118,120832
98_00119.png,N,98.mat,val,119,121856
98_00120.png,N,98.mat,val,120,122880
98_00121.png,N,98.mat,val,121,123904
98_00122.png,N,98.mat,val,122,124928
98_00123.png,N,98.mat,val,123,125952
98_00124.png,N,98.mat,val,124,126976
98_00125.png,N,98.mat,val,125,128000
98_00126.png,N,98.mat,val,126,129024
98_00127.png,N,98.mat,val,127,130048
98_00128.png,N,98.mat,val,128,131072
98_00129.png,N,98.mat,val,129,132096
98_00130.png,N,98.mat,val,130,133120
98_00131.png,N,98.mat,val,131,134144
98_00132.png,N,98.mat,val,132,135168
98_00133.png,N,98.mat,val,133,136192
98_00134.png,N,98.mat,val,134,137216
98_00135.png,N,98.mat,val,135,138240
98_00136.png,N,98.mat,val,136,139264
98_00137.png,N,98.mat,val,137,140288
98_00138.png,N,98.mat,val,138,141312
98_00139.png,N,98.mat,val,139,142336
98_00140.png,N,98.mat,val,140,143360
98_00141.png,N,98.mat,val,141,144384
98_00142.png,N,98.mat,val,142,145408
98_00143.png,N,98.mat,val,143,146432
98_00144.png,N,98.mat,val,144,147456
98_00145.png,N,98.mat,val,145,148480
98_00146.png,N,98.mat,val,146,149504
98_00147.png,N,98.mat,val,147,150528
98_00148.png,N,98.mat,val,148,151552
98_00149.png,N,98.mat,val,149,152576
98_00150.png,N,98.mat,val,150,153600
98_00151.png,N,98.mat,val,151,154624
98_00152.png,N,98.mat,val,152,155648
98_00153.png,N,98.mat,val,153,156672
98_00154.png,N,98.mat,val,154,157696
98_00155.png,N,98.mat,val,155,158720
98_00156.png,N,98.mat,val,156,159744
98_00157.png,N,98.mat,val,157,160768
98_00158.png,N,98.mat,val,158,161792
98_00159.png,N,98.mat,val,159,162816
98_00160.png,N,98.mat,val,160,163840
98_00161.png,N,98.mat,val,161,164864
98_00162.png,N,98.mat,val,162,165888
98_00163.png,N,98.mat,val,163,166912
98_00164.png,N,98.mat,val,164,167936
98_00165.png,N,98.mat,val,165,168960
98_00166.png,N,98.mat,val,166,169984
98_00167.png,N,98.mat,val,167,171008
98_00168.png,N,98.mat,val,168,172032
98_00169.png,N,98.mat,val,169,173056
98_00170.png,N,98.mat,val,170,174080
98_00171.png,N,98.mat,val,171,175104
98_00172.png,N,98.mat,val,172,176128
98_00173.png,N,98.mat,val,173,177152
98_00174.png,N,98.mat,val,174,178176
98_00175.png,N,98.mat,val,175,179200
98_00176.png,N,98.mat,val,176,180224
98_00177.png,N,98.mat,val,177,181248
98_00178.png,N,98.mat,val,178,182272
98_00179.png,N,98.mat,val,179,183296
98_00180.png,N,98.mat,val,180,184320
98_00181.png,N,98.mat,val,181,185344
98_00182.png,N,98.mat,val,182,186368
98_00183.png,N,98.mat,val,183,187392
98_00184.png,N,98.mat,val,184,188416
98_00185.png,N,98.mat,val,185,189440
98_00186.png,N,98.mat,val,186,190464
98_00187.png,N,98.mat,val,187,191488
98_00188.png,N,98.mat,val,188,192512
98_00189.png,N,98.mat,val,189,193536
98_00190.png,N,98.mat,val,190,194560
98_00191.png,N,98.mat,val,191,195584
98_00192.png,N,98.mat,val,192,196608
98_00193.png,N,98.mat,val,193,197632
98_00194.png,N,98.mat,val,194,198656
98_00195.png,N,98.mat,val,195,199680
98_00196.png,N,98.mat,val,196,200704
98_00197.png,N,98.mat,val,197,201728
98_00198.png,N,98.mat,val,198,202752
98_00199.png,N,98.mat,val,199,203776
98_00200.png,N,98.mat,val,200,204800
98_00201.png,N,98.mat,val,201,205824
98_00202.png,N,98.mat,val,202,206848
98_00203.png,N,98.mat,val,203,207872
98_00204.png,N,98.mat,val,204,208896
98_00205.png,N,98.mat,val,205,209920
98_00206.png,N,98.mat,val,206,210944
98_00207.png,N,98.mat,val,207,211968
98_00208.png,N,98.mat,val,208,212992
98_00209.png,N,98.mat,val,209,214016
98_00210.png,N,98.mat,val,210,215040
98_00211.png,N,98.mat,val,211,216064
98_00212.png,N,98.mat,val,212,217088
98_00213.png,N,98.mat,val,213,218112
98_00214.png,N,98.mat,val,214,219136
98_00215.png,N,98.mat,val,215,220160
98_00216.png,N,98.mat,val,216,221184
98_00217.png,N,98.mat,val,217,222208
98_00218.png,N,98.mat,val,218,223232
98_00219.png,N,98.mat,val,219,224256
98_00220.png,N,98.mat,val,220,225280
98_00221.png,N,98.mat,val,221,226304
98_00222.png,N,98.mat,val,222,227328
98_00223.png,N,98.mat,val,223,228352
98_00224.png,N,98.mat,val,224,229376
98_00225.png,N,98.mat,val,225,230400
98_00226.png,N,98.mat,val,226,231424
98_00227.png,N,98.mat,val,227,232448
98_00228.png,N,98.mat,val,228,233472
98_00229.png,N,98.mat,val,229,234496
98_00230.png,N,98.mat,val,230,235520
98_00231.png,N,98.mat,val,231,236544
98_00232.png,N,98.mat,val,232,237568
98_00233.png,N,98.mat,val,233,238592
98_00234.png,N,98.mat,val,234,239616
98_00235.png,N,98.mat,val,235,240640
98_00236.png,N,98.mat,val,236,241664
98_00237.png,N,98.mat,val,237,242688
98_00238.png,N,98.mat,val,238,243712
98_00239.png,N,98.mat,val,239,244736
98_00240.png,N,98.mat,val,240,245760
98_00241.png,N,98.mat,val,241,246784
98_00242.png,N,98.mat,val,242,247808
98_00243.png,N,98.mat,val,243,248832
98_00244.png,N,98.mat,val,244,249856
98_00245.png,N,98.mat,val,245,250880
98_00246.png,N,98.mat,val,246,251904
98_00247.png,N,98.mat,val,247,252928
98_00248.png,N,98.mat,val,248,253952
98_00249.png,N,98.mat,val,249,254976
98_00250.png,N,98.mat,val,250,256000
98_00251.png,N,98.mat,val,251,257024
98_00252.png,N,98.mat,val,252,258048
98_00253.png,N,98.mat,val,253,259072
98_00254.png,N,98.mat,val,254,260096
98_00255.png,N,98.mat,val,255,261120
98_00256.png,N,98.mat,val,256,262144
98_00257.png,N,98.mat,val,257,263168
98_00258.png,N,98.mat,val,258,264192
98_00259.png,N,98.mat,val,259,265216
98_00260.png,N,98.mat,val,260,266240
98_00261.png,N,98.mat,val,261,267264
98_00262.png,N,98.mat,val,262,268288
98_00263.png,N,98.mat,val,263,269312
98_00264.png,N,98.mat,val,264,270336
98_00265.png,N,98.mat,val,265,271360
98_00266.png,N,98.mat,val,266,272384
98_00267.png,N,98.mat,val,267,273408
98_00268.png,N,98.mat,val,268,274432
98_00269.png,N,98.mat,val,269,275456
98_00270.png,N,98.mat,val,270,276480
98_00271.png,N,98.mat,val,271,277504
98_00272.png,N,98.mat,val,272,278528
98_00273.png,N,98.mat,val,273,279552
98_00274.png,N,98.mat,val,274,280576
98_00275.png,N,98.mat,val,275,281600
98_00276.png,N,98.mat,val,276,282624
98_00277.png,N,98.mat,val,277,283648
98_00278.png,N,98.mat,val,278,284672
98_00279.png,N,98.mat,val,279,285696
98_00280.png,N,98.mat,val,280,286720
98_00281.png,N,98.mat,val,281,287744
98_00282.png,N,98.mat,val,282,288768
98_00283.png,N,98.mat,val,283,289792
98_00284.png,N,98.mat,val,284,290816
98_00285.png,N,98.mat,val,285,291840
98_00286.png,N,98.mat,val,286,292864
98_00287.png,N,98.mat,val,287,293888
98_00288.png,N,98.mat,val,288,294912
98_00289.png,N,98.mat,val,289,295936
98_00290.png,N,98.mat,val,290,296960
98_00291.png,N,98.mat,val,291,297984
98_00292.png,N,98.mat,val,292,299008
98_00293.png,N,98.mat,val,293,300032
98_00294.png,N,98.mat,val,294,301056
98_00295.png,N,98.mat,val,295,302080
98_00296.png,N,98.mat,val,296,303104
98_00297.png,N,98.mat,val,297,304128
98_00298.png,N,98.mat,val,298,305152
98_00299.png,N,98.mat,val,299,306176
98_00300.png,N,98.mat,val,300,307200
98_00301.png,N,98.mat,val,301,308224
98_00302.png,N,98.mat,val,302,309248
98_00303.png,N,98.mat,val,303,310272
98_00304.png,N,98.mat,val,304,311296
98_00305.png,N,98.mat,val,305,312320
98_00306.png,N,98.mat,val,306,313344
98_00307.png,N,98.mat,val,307,314368
98_00308.png,N,98.mat,val,308,315392
98_00309.png,N,98.mat,val,309,316416
98_00310.png,N,98.mat,val,310,317440
98_00311.png,N,98.mat,val,311,318464
98_00312.png,N,98.mat,val,312,319488
98_00313.png,N,98.mat,val,313,320512
98_00314.png,N,98.mat,val,314,321536
98_00315.png,N,98.mat,val,315,322560
98_00316.png,N,98.mat,val,316,323584
98_00317.png,N,98.mat,val,317,324608
98_00318.png,N,98.mat,val,318,325632
98_00319.png,N,98.mat,val,319,326656
98_00320.png,N,98.mat,val,320,327680
98_00321.png,N,98.mat,val,321,328704
98_00322.png,N,98.mat,val,322,329728
98_00323.png,N,98.mat,val,323,330752
98_00324.png,N,98.mat,val,324,331776
98_00325.png,N,98.mat,val,325,332800
98_00326.png,N,98.mat,val,326,333824
98_00327.png,N,98.mat,val,327,334848
98_00328.png,N,98.mat,val,328,335872
98_00329.png,N,98.mat,val,329,336896
98_00330.png,N,98.mat,val,330,337920
98_00331.png,N,98.mat,val,331,338944
98_00332.png,N,98.mat,val,332,339968
98_00333.png,N,98.mat,val,333,340992
98_00334.png,N,98.mat,val,334,342016
98_00335.png,N,98.mat,val,335,343040
98_00336.png,N,98.mat,val,336,344064
98_00337.png,N,98.mat,val,337,345088
98_00338.png,N,98.mat,val,338,346112
98_00339.png,N,98.mat,val,339,347136
98_00340.png,N,98.mat,val,340,348160
98_00341.png,N,98.mat,val,341,349184
98_00342.png,N,98.mat,val,342,350208
98_00343.png,N,98.mat,val,343,351232
98_00344.png,N,98.mat,val,344,352256
98_00345.png,N,98.mat,val,345,353280
98_00346.png,N,98.mat,val,346,354304
98_00347.png,N,98.mat,val,347,355328
98_00348.png,N,98.mat,val,348,356352
98_00349.png,N,98.mat,val,349,357376
98_00350.png,N,98.mat,val,350,358400
98_00351.png,N,98.mat,val,351,359424
98_00352.png,N,98.mat,val,352,360448
98_00353.png,N,98.mat,val,353,361472
98_00354.png,N,98.mat,val,354,362496
98_00355.png,N,98.mat,val,355,363520
98_00356.png,N,98.mat,val,356,364544
98_00357.png,N,98.mat,val,357,365568
98_00358.png,N,98.mat,val,358,366592
98_00359.png,N,98.mat,val,359,367616
98_00360.png,N,98.mat,val,360,368640
98_00361.png,N,98.mat,val,361,369664
98_00362.png,N,98.mat,val,362,370688
98_00363.png,N,98.mat,val,363,371712
98_00364.png,N,98.mat,val,364,372736
98_00365.png,N,98.mat,val,365,373760
98_00366.png,N,98.mat,val,366,374784
98_00367.png,N,98.mat,val,367,375808
98_00368.png,N,98.mat,val,368,376832
98_00369.png,N,98.mat,val,369,377856
98_00370.png,N,98.mat,val,370,378880
98_00371.png,N,98.mat,val,371,379904
98_00372.png,N,98.mat,val,372,380928
98_00373.png,N,98.mat,val,373,381952
98_00374.png,N,98.mat,val,374,382976
98_00375.png,N,98.mat,val,375,384000
98_00376.png,N,98.mat,val,376,385024
98_00377.png,N,98.mat,val,377,386048
98_00378.png,N,98.mat,val,378,387072
98_00379.png,N,98.mat,val,379,388096
98_00380.png,N,98.mat,val,380,389120
98_00381.png,N,98.mat,val,381,390144
98_00382.png,N,98.mat,val,382,391168
98_00383.png,N,98.mat,val,383,392192
98_00384.png,N,98.mat,val,384,393216
98_00385.png,N,98.mat,val,385,394240
98_00386.png,N,98.mat,val,386,395264
98_00387.png,N,98.mat,val,387,396288
98_00388.png,N,98.mat,val,388,397312
98_00389.png,N,98.mat,val,389,398336
98_00390.png,N,98.mat,val,390,399360
98_00391.png,N,98.mat,val,391,400384
98_00392.png,N,98.mat,val,392,401408
98_00393.png,N,98.mat,val,393,402432
98_00394.png,N,98.mat,val,394,403456
98_00395.png,N,98.mat,val,395,404480
98_00396.png,N,98.mat,val,396,405504
98_00397.png,N,98.mat,val,397,406528
98_00398.png,N,98.mat,val,398,407552
98_00399.png,N,98.mat,val,399,408576
98_00400.png,N,98.mat,val,400,409600
98_00401.png,N,98.mat,val,401,410624
98_00402.png,N,98.mat,val,402,411648
98_00403.png,N,98.mat,val,403,412672
98_00404.png,N,98.mat,val,404,413696
98_00405.png,N,98.mat,val,405,414720
98_00406.png,N,98.mat,val,406,415744
98_00407.png,N,98.mat,val,407,416768
98_00408.png,N,98.mat,val,408,417792
98_00409.png,N,98.mat,val,409,418816
98_00410.png,N,98.mat,val,410,419840
98_00411.png,N,98.mat,val,411,420864
98_00412.png,N,98.mat,val,412,421888
98_00413.png,N,98.mat,val,413,422912
98_00414.png,N,98.mat,val,414,423936
98_00415.png,N,98.mat,val,415,424960
98_00416.png,N,98.mat,val,416,425984
98_00417.png,N,98.mat,val,417,427008
98_00418.png,N,98.mat,val,418,428032
98_00419.png,N,98.mat,val,419,429056
98_00420.png,N,98.mat,val,420,430080
98_00421.png,N,98.mat,val,421,431104
98_00422.png,N,98.mat,val,422,432128
98_00423.png,N,98.mat,val,423,433152
98_00424.png,N,98.mat,val,424,434176
98_00425.png,N,98.mat,val,425,435200
98_00426.png,N,98.mat,val,426,436224
98_00427.png,N,98.mat,val,427,437248
98_00428.png,N,98.mat,val,428,438272
98_00429.png,N,98.mat,val,429,439296
98_00430.png,N,98.mat,val,430,440320
98_00431.png,N,98.mat,val,431,441344
98_00432.png,N,98.mat,val,432,442368
98_00433.png,N,98.mat,val,433,443392
98_00434.png,N,98.mat,val,434,444416
98_00435.png,N,98.mat,val,435,445440
98_00436.png,N,98.mat,val,436,446464
98_00437.png,N,98.mat,val,437,447488
98_00438.png,N,98.mat,val,438,448512
98_00439.png,N,98.mat,val,439,449536
98_00440.png,N,98.mat,val,440,450560
98_00441.png,N,98.mat,val,441,451584
98_00442.png,N,98.mat,val,442,452608
98_00443.png,N,98.mat,val,443,453632
98_00444.png,N,98.mat,val,444,454656
98_00445.png,N,98.mat,val,445,455680
98_00446.png,N,98.mat,val,446,456704
98_00447.png,N,98.mat,val,447,457728
98_00448.png,N,98.mat,val,448,458752
98_00449.png,N,98.mat,val,449,459776
98_00450.png,N,98.mat,val,450,460800
98_00451.png,N,98.mat,val,451,461824
98_00452.png,N,98.mat,val,452,462848
98_00453.png,N,98.mat,val,453,463872
98_00454.png,N,98.mat,val,454,464896
98_00455.png,N,98.mat,val,455,465920
98_00456.png,N,98.mat,val,456,466944
98_00457.png,N,98.mat,val,457,467968
98_00458.png,N,98.mat,val,458,468992
98_00459.png,N,98.mat,val,459,470016
98_00460.png,N,98.mat,val,460,471040
98_00461.png,N,98.mat,val,461,472064
98_00462.png,N,98.mat,val,462,473088
98_00463.png,N,98.mat,val,463,474112
98_00464.png,N,98.mat,val,464,475136
98_00465.png,N,98.mat,val,465,476160
98_00466.png,N,98.mat,val,466,477184
98_00467.png,N,98.mat,val,467,478208
98_00468.png,N,98.mat,val,468,479232
98_00469.png,N,98.mat,val,469,480256
98_00470.png,N,98.mat,val,470,481280
105_00000.png,IR,105.mat,val,0,0
105_00001.png,IR,105.mat,val,1,1024
105_00002.png,IR,105.mat,val,2,2048
105_00003.png,IR,105.mat,val,3,3072
105_00004.png,IR,105.mat,val,4,4096
105_00005.png,IR,105.mat,val,5,5120
105_00006.png,IR,105.mat,val,6,6144
105_00007.png,IR,105.mat,val,7,7168
105_00008.png,IR,105.mat,val,8,8192
105_00009.png,IR,105.mat,val,9,9216
105_00010.png,IR,105.mat,val,10,10240
105_00011.png,IR,105.mat,val,11,11264
105_00012.png,IR,105.mat,val,12,12288
105_00013.png,IR,105.mat,val,13,13312
105_00014.png,IR,105.mat,val,14,14336
105_00015.png,IR,105.mat,val,15,15360
105_00016.png,IR,105.mat,val,16,16384
105_00017.png,IR,105.mat,val,17,17408
105_00018.png,IR,105.mat,val,18,18432
105_00019.png,IR,105.mat,val,19,19456
105_00020.png,IR,105.mat,val,20,20480
105_00021.png,IR,105.mat,val,21,21504
105_00022.png,IR,105.mat,val,22,22528
105_00023.png,IR,105.mat,val,23,23552
105_00024.png,IR,105.mat,val,24,24576
105_00025.png,IR,105.mat,val,25,25600
105_00026.png,IR,105.mat,val,26,26624
105_00027.png,IR,105.mat,val,27,27648
105_00028.png,IR,105.mat,val,28,28672
105_00029.png,IR,105.mat,val,29,29696
105_00030.png,IR,105.mat,val,30,30720
105_00031.png,IR,105.mat,val,31,31744
105_00032.png,IR,105.mat,val,32,32768
105_00033.png,IR,105.mat,val,33,33792
105_00034.png,IR,105.mat,val,34,34816
105_00035.png,IR,105.mat,val,35,35840
105_00036.png,IR,105.mat,val,36,36864
105_00037.png,IR,105.mat,val,37,37888
105_00038.png,IR,105.mat,val,38,38912
105_00039.png,IR,105.mat,val,39,39936
105_00040.png,IR,105.mat,val,40,40960
105_00041.png,IR,105.mat,val,41,41984
105_00042.png,IR,105.mat,val,42,43008
105_00043.png,IR,105.mat,val,43,44032
105_00044.png,IR,105.mat,val,44,45056
105_00045.png,IR,105.mat,val,45,46080
105_00046.png,IR,105.mat,val,46,47104
105_00047.png,IR,105.mat,val,47,48128
105_00048.png,IR,105.mat,val,48,49152
105_00049.png,IR,105.mat,val,49,50176
105_00050.png,IR,105.mat,val,50,51200
105_00051.png,IR,105.mat,val,51,52224
105_00052.png,IR,105.mat,val,52,53248
105_00053.png,IR,105.mat,val,53,54272
105_00054.png,IR,105.mat,val,54,55296
105_00055.png,IR,105.mat,val,55,56320
105_00056.png,IR,105.mat,val,56,57344
105_00057.png,IR,105.mat,val,57,58368
105_00058.png,IR,105.mat,val,58,59392
105_00059.png,IR,105.mat,val,59,60416
105_00060.png,IR,105.mat,val,60,61440
105_00061.png,IR,105.mat,val,61,62464
105_00062.png,IR,105.mat,val,62,63488
105_00063.png,IR,105.mat,val,63,64512
105_00064.png,IR,105.mat,val,64,65536
105_00065.png,IR,105.mat,val,65,66560
105_00066.png,IR,105.mat,val,66,67584
105_00067.png,IR,105.mat,val,67,68608
105_00068.png,IR,105.mat,val,68,69632
105_00069.png,IR,105.mat,val,69,70656
105_00070.png,IR,105.mat,val,70,71680
105_00071.png,IR,105.mat,val,71,72704
105_00072.png,IR,105.mat,val,72,73728
105_00073.png,IR,105.mat,val,73,74752
105_00074.png,IR,105.mat,val,74,75776
105_00075.png,IR,105.mat,val,75,76800
105_00076.png,IR,105.mat,val,76,77824
105_00077.png,IR,105.mat,val,77,78848
105_00078.png,IR,105.mat,val,78,79872
105_00079.png,IR,105.mat,val,79,80896
105_00080.png,IR,105.mat,val,80,81920
105_00081.png,IR,105.mat,val,81,82944
105_00082.png,IR,105.mat,val,82,83968
105_00083.png,IR,105.mat,val,83,84992
105_00084.png,IR,105.mat,val,84,86016
105_00085.png,IR,105.mat,val,85,87040
105_00086.png,IR,105.mat,val,86,88064
105_00087.png,IR,105.mat,val,87,89088
105_00088.png,IR,105.mat,val,88,90112
105_00089.png,IR,105.mat,val,89,91136
105_00090.png,IR,105.mat,val,90,92160
105_00091.png,IR,105.mat,val,91,93184
105_00092.png,IR,105.mat,val,92,94208
105_00093.png,IR,105.mat,val,93,95232
105_00094.png,IR,105.mat,val,94,96256
105_00095.png,IR,105.mat,val,95,97280
105_00096.png,IR,105.mat,val,96,98304
105_00097.png,IR,105.mat,val,97,99328
105_00098.png,IR,105.mat,val,98,100352
105_00099.png,IR,105.mat,val,99,101376
105_00100.png,IR,105.mat,val,100,102400
105_00101.png,IR,105.mat,val,101,103424
105_00102.png,IR,105.mat,val,102,104448
105_00103.png,IR,105.mat,val,103,105472
105_00104.png,IR,105.mat,val,104,106496
105_00105.png,IR,105.mat,val,105,107520
105_00106.png,IR,105.mat,val,106,108544
105_00107.png,IR,105.mat,val,107,109568
105_00108.png,IR,105.mat,val,108,110592
105_00109.png,IR,105.mat,val,109,111616
105_00110.png,IR,105.mat,val,110,112640
105_00111.png,IR,105.mat,val,111,113664
105_00112.png,IR,105.mat,val,112,114688
105_00113.png,IR,105.mat,val,113,115712
105_00114.png,IR,105.mat,val,114,116736
105_00115.png,IR,105.mat,val,115,117760
105_00116.png,IR,105.mat,val,116,118784
118_00000.png,B,118.mat,test,0,0
118_00001.png,B,118.mat,test,1,1024
118_00002.png,B,118.mat,test,2,2048
118_00003.png,B,118.mat,test,3,3072
118_00004.png,B,118.mat,test,4,4096
118_00005.png,B,118.mat,test,5,5120
118_00006.png,B,118.mat,test,6,6144
118_00007.png,B,118.mat,test,7,7168
118_00008.png,B,118.mat,test,8,8192
118_00009.png,B,118.mat,test,9,9216
118_00010.png,B,118.mat,test,10,10240
118_00011.png,B,118.mat,test,11,11264
118_00012.png,B,118.mat,test,12,12288
118_00013.png,B,118.mat,test,13,13312
118_00014.png,B,118.mat,test,14,14336
118_00015.png,B,118.mat,test,15,15360
118_00016.png,B,118.mat,test,16,16384
118_00017.png,B,118.mat,test,17,17408
118_00018.png,B,118.mat,test,18,18432
118_00019.png,B,118.mat,test,19,19456
118_00020.png,B,118.mat,test,20,20480
118_00021.png,B,118.mat,test,21,21504
118_00022.png,B,118.mat,test,22,22528
118_00023.png,B,118.mat,test,23,23552
118_00024.png,B,118.mat,test,24,24576
118_00025.png,B,118.mat,test,25,25600
118_00026.png,B,118.mat,test,26,26624
118_00027.png,B,118.mat,test,27,27648
118_00028.png,B,118.mat,test,28,28672
118_00029.png,B,118.mat,test,29,29696
118_00030.png,B,118.mat,test,30,30720
118_00031.png,B,118.mat,test,31,31744
118_00032.png,B,118.mat,test,32,32768
118_00033.png,B,118.mat,test,33,33792
118_00034.png,B,118.mat,test,34,34816
118_00035.png,B,118.mat,test,35,35840
118_00036.png,B,118.mat,test,36,36864
118_00037.png,B,118.mat,test,37,37888
118_00038.png,B,118.mat,test,38,38912
118_00039.png,B,118.mat,test,39,39936
118_00040.png,B,118.mat,test,40,40960
118_00041.png,B,118.mat,test,41,41984
118_00042.png,B,118.mat,test,42,43008
118_00043.png,B,118.mat,test,43,44032
118_00044.png,B,118.mat,test,44,45056
118_00045.png,B,118.mat,test,45,46080
118_00046.png,B,118.mat,test,46,47104
118_00047.png,B,118.mat,test,47,48128
118_00048.png,B,118.mat,test,48,49152
118_00049.png,B,118.mat,test,49,50176
118_00050.png,B,118.mat,test,50,51200
118_00051.png,B,118.mat,test,51,52224
118_00052.png,B,118.mat,test,52,53248
118_00053.png,B,118.mat,test,53,54272
118_00054.png,B,118.mat,test,54,55296
118_00055.png,B,118.mat,test,55,56320
118_00056.png,B,118.mat,test,56,57344
118_00057.png,B,118.mat,test,57,58368
118_00058.png,B,118.mat,test,58,59392
118_00059.png,B,118.mat,test,59,60416
118_00060.png,B,118.mat,test,60,61440
118_00061.png,B,118.mat,test,61,62464
118_00062.png,B,118.mat,test,62,63488
118_00063.png,B,118.mat,test,63,64512
118_00064.png,B,118.mat,test,64,65536
118_00065.png,B,118.mat,test,65,66560
118_00066.png,B,118.mat,test,66,67584
118_00067.png,B,118.mat,test,67,68608
118_00068.png,B,118.mat,test,68,69632
118_00069.png,B,118.mat,test,69,70656
118_00070.png,B,118.mat,test,70,71680
118_00071.png,B,118.mat,test,71,72704
118_00072.png,B,118.mat,test,72,73728
118_00073.png,B,118.mat,test,73,74752
118_00074.png,B,118.mat,test,74,75776
118_00075.png,B,118.mat,test,75,76800
118_00076.png,B,118.mat,test,76,77824
118_00077.png,B,118.mat,test,77,78848
118_00078.png,B,118.mat,test,78,79872
118_00079.png,B,118.mat,test,79,80896
118_00080.png,B,118.mat,test,80,81920
118_00081.png,B,118.mat,test,81,82944
118_00082.png,B,118.mat,test,82,83968
118_00083.png,B,118.mat,test,83,84992
118_00084.png,B,118.mat,test,84,86016
118_00085.png,B,118.mat,test,85,87040
118_00086.png,B,118.mat,test,86,88064
118_00087.png,B,118.mat,test,87,89088
118_00088.png,B,118.mat,test,88,90112
118_00089.png,B,118.mat,test,89,91136
118_00090.png,B,118.mat,test,90,92160
118_00091.png,B,118.mat,test,91,93184
118_00092.png,B,118.mat,test,92,94208
118_00093.png,B,118.mat,test,93,95232
118_00094.png,B,118.mat,test,94,96256
118_00095.png,B,118.mat,test,95,97280
118_00096.png,B,118.mat,test,96,98304
118_00097.png,B,118.mat,test,97,99328
118_00098.png,B,118.mat,test,98,100352
118_00099.png,B,118.mat,test,99,101376
118_00100.png,B,118.mat,test,100,102400
118_00101.png,B,118.mat,test,101,103424
118_00102.png,B,118.mat,test,102,104448
118_00103.png,B,118.mat,test,103,105472
118_00104.png,B,118.mat,test,104,106496
118_00105.png,B,118.mat,test,105,107520
118_00106.png,B,118.mat,test,106,108544
118_00107.png,B,118.mat,test,107,109568
118_00108.png,B,118.mat,test,108,110592
118_00109.png,B,118.mat,test,109,111616
118_00110.png,B,118.mat,test,110,112640
118_00111.png,B,118.mat,test,111,113664
118_00112.png,B,118.mat,test,112,114688
118_00113.png,B,118.mat,test,113,115712
118_00114.png,B,118.mat,test,114,116736
118_00115.png,B,118.mat,test,115,117760
118_00116.png,B,118.mat,test,116,118784
118_00117.png,B,118.mat,test,117,119808
131_00000.png,OR,131.mat,test,0,0
131_00001.png,OR,131.mat,test,1,1024
131_00002.png,OR,131.mat,test,2,2048
131_00003.png,OR,131.mat,test,3,3072
131_00004.png,OR,131.mat,test,4,4096
131_00005.png,OR,131.mat,test,5,5120
131_00006.png,OR,131.mat,test,6,6144
131_00007.png,OR,131.mat,test,7,7168
131_00008.png,OR,131.mat,test,8,8192
131_00009.png,OR,131.mat,test,9,9216
131_00010.png,OR,131.mat,test,10,10240
131_00011.png,OR,131.mat,test,11,11264
131_00012.png,OR,131.mat,test,12,12288
131_00013.png,OR,131.mat,test,13,13312
131_00014.png,OR,131.mat,test,14,14336
131_00015.png,OR,131.mat,test,15,15360
131_00016.png,OR,131.mat,test,16,16384
131_00017.png,OR,131.mat,test,17,17408
131_00018.png,OR,131.mat,test,18,18432
131_00019.png,OR,131.mat,test,19,19456
131_00020.png,OR,131.mat,test,20,20480
131_00021.png,OR,131.mat,test,21,21504
131_00022.png,OR,131.mat,test,22,22528
131_00023.png,OR,131.mat,test,23,23552
131_00024.png,OR,131.mat,test,24,24576
131_00025.png,OR,131.mat,test,25,25600
131_00026.png,OR,131.mat,test,26,26624
131_00027.png,OR,131.mat,test,27,27648
131_00028.png,OR,131.mat,test,28,28672
131_00029.png,OR,131.mat,test,29,29696
131_00030.png,OR,131.mat,test,30,30720
131_00031.png,OR,131.mat,test,31,31744
131_00032.png,OR,131.mat,test,32,32768
131_00033.png,OR,131.mat,test,33,33792
131_00034.png,OR,131.mat,test,34,34816
131_00035.png,OR,131.mat,test,35,35840
131_00036.png,OR,131.mat,test,36,36864
131_00037.png,OR,131.mat,test,37,37888
131_00038.png,OR,131.mat,test,38,38912
131_00039.png,OR,131.mat,test,39,39936
131_00040.png,OR,131.mat,test,40,40960
131_00041.png,OR,131.mat,test,41,41984
131_00042.png,OR,131.mat,test,42,43008
131_00043.png,OR,131.mat,test,43,44032
131_00044.png,OR,131.mat,test,44,45056
131_00045.png,OR,131.mat,test,45,46080
131_00046.png,OR,131.mat,test,46,47104
131_00047.png,OR,131.mat,test,47,48128
131_00048.png,OR,131.mat,test,48,49152
131_00049.png,OR,131.mat,test,49,50176
131_00050.png,OR,131.mat,test,50,51200
131_00051.png,OR,131.mat,test,51,52224
131_00052.png,OR,131.mat,test,52,53248
131_00053.png,OR,131.mat,test,53,54272
131_00054.png,OR,131.mat,test,54,55296
131_00055.png,OR,131.mat,test,55,56320
131_00056.png,OR,131.mat,test,56,57344
131_00057.png,OR,131.mat,test,57,58368
131_00058.png,OR,131.mat,test,58,59392
131_00059.png,OR,131.mat,test,59,60416
131_00060.png,OR,131.mat,test,60,61440
131_00061.png,OR,131.mat,test,61,62464
131_00062.png,OR,131.mat,test,62,63488
131_00063.png,OR,131.mat,test,63,64512
131_00064.png,OR,131.mat,test,64,65536
131_00065.png,OR,131.mat,test,65,66560
131_00066.png,OR,131.mat,test,66,67584
131_00067.png,OR,131.mat,test,67,68608
131_00068.png,OR,131.mat,test,68,69632
131_00069.png,OR,131.mat,test,69,70656
131_00070.png,OR,131.mat,test,70,71680
131_00071.png,OR,131.mat,test,71,72704
131_00072.png,OR,131.mat,test,72,73728
131_00073.png,OR,131.mat,test,73,74752
131_00074.png,OR,131.mat,test,74,75776
131_00075.png,OR,131.mat,test,75,76800
131_00076.png,OR,131.mat,test,76,77824
131_00077.png,OR,131.mat,test,77,78848
131_00078.png,OR,131.mat,test,78,79872
131_00079.png,OR,131.mat,test,79,80896
131_00080.png,OR,131.mat,test,80,81920
131_00081.png,OR,131.mat,test,81,82944
131_00082.png,OR,131.mat,test,82,83968
131_00083.png,OR,131.mat,test,83,84992
131_00084.png,OR,131.mat,test,84,86016
131_00085.png,OR,131.mat,test,85,87040
131_00086.png,OR,131.mat,test,86,88064
131_00087.png,OR,131.mat,test,87,89088
131_00088.png,OR,131.mat,test,88,90112
131_00089.png,OR,131.mat,test,89,91136
131_00090.png,OR,131.mat,test,90,92160
131_00091.png,OR,131.mat,test,91,93184
131_00092.png,OR,131.mat,test,92,94208
131_00093.png,OR,131.mat,test,93,95232
131_00094.png,OR,131.mat,test,94,96256
131_00095.png,OR,131.mat,test,95,97280
131_00096.png,OR,131.mat,test,96,98304
131_00097.png,OR,131.mat,test,97,99328
131_00098.png,OR,131.mat,test,98,100352
131_00099.png,OR,131.mat,test,99,101376
131_00100.png,OR,131.mat,test,100,102400
131_00101.png,OR,131.mat,test,101,103424
131_00102.png,OR,131.mat,test,102,104448
131_00103.png,OR,131.mat,test,103,105472
131_00104.png,OR,131.mat,test,104,106496
131_00105.png,OR,131.mat,test,105,107520
131_00106.png,OR,131.mat,test,106,108544
131_00107.png,OR,131.mat,test,107,109568
131_00108.png,OR,131.mat,test,108,110592
131_00109.png,OR,131.mat,test,109,111616
131_00110.png,OR,131.mat,test,110,112640
131_00111.png,OR,131.mat,test,111,113664
131_00112.png,OR,131.mat,test,112,114688
131_00113.png,OR,131.mat,test,113,115712
131_00114.png,OR,131.mat,test,114,116736
131_00115.png,OR,131.mat,test,115,117760
131_00116.png,OR,131.mat,test,116,118784
131_00117.png,OR,131.mat,test,117,119808
100_00000.png,N,100.mat,test,0,0
100_00001.png,N,100.mat,test,1,1024
100_00002.png,N,100.mat,test,2,2048
100_00003.png,N,100.mat,test,3,3072
100_00004.png,N,100.mat,test,4,4096
100_00005.png,N,100.mat,test,5,5120
100_00006.png,N,100.mat,test,6,6144
100_00007.png,N,100.mat,test,7,7168
100_00008.png,N,100.mat,test,8,8192
100_00009.png,N,100.mat,test,9,9216
100_00010.png,N,100.mat,test,10,10240
100_00011.png,N,100.mat,test,11,11264
100_00012.png,N,100.mat,test,12,12288
100_00013.png,N,100.mat,test,13,13312
100_00014.png,N,100.mat,test,14,14336
100_00015.png,N,100.mat,test,15,15360
100_00016.png,N,100.mat,test,16,16384
100_00017.png,N,100.mat,test,17,17408
100_00018.png,N,100.mat,test,18,18432
100_00019.png,N,100.mat,test,19,19456
100_00020.png,N,100.mat,test,20,20480
100_00021.png,N,100.mat,test,21,21504
100_00022.png,N,100.mat,test,22,22528
100_00023.png,N,100.mat,test,23,23552
100_00024.png,N,100.mat,test,24,24576
100_00025.png,N,100.mat,test,25,25600
100_00026.png,N,100.mat,test,26,26624
100_00027.png,N,100.mat,test,27,27648
100_00028.png,N,100.mat,test,28,28672
100_00029.png,N,100.mat,test,29,29696
100_00030.png,N,100.mat,test,30,30720
100_00031.png,N,100.mat,test,31,31744
100_00032.png,N,100.mat,test,32,32768
100_00033.png,N,100.mat,test,33,33792
100_00034.png,N,100.mat,test,34,34816
100_00035.png,N,100.mat,test,35,35840
100_00036.png,N,100.mat,test,36,36864
100_00037.png,N,100.mat,test,37,37888
100_00038.png,N,100.mat,test,38,38912
100_00039.png,N,100.mat,test,39,39936
100_00040.png,N,100.mat,test,40,40960
100_00041.png,N,100.mat,test,41,41984
100_00042.png,N,100.mat,test,42,43008
100_00043.png,N,100.mat,test,43,44032
100_00044.png,N,100.mat,test,44,45056
100_00045.png,N,100.mat,test,45,46080
100_00046.png,N,100.mat,test,46,47104
100_00047.png,N,100.mat,test,47,48128
100_00048.png,N,100.mat,test,48,49152
100_00049.png,N,100.mat,test,49,50176
100_00050.png,N,100.mat,test,50,51200
100_00051.png,N,100.mat,test,51,52224
100_00052.png,N,100.mat,test,52,53248
100_00053.png,N,100.mat,test,53,54272
100_00054.png,N,100.mat,test,54,55296
100_00055.png,N,100.mat,test,55,56320
100_00056.png,N,100.mat,test,56,57344
100_00057.png,N,100.mat,test,57,58368
100_00058.png,N,100.mat,test,58,59392
100_00059.png,N,100.mat,test,59,60416
100_00060.png,N,100.mat,test,60,61440
100_00061.png,N,100.mat,test,61,62464
100_00062.png,N,100.mat,test,62,63488
100_00063.png,N,100.mat,test,63,64512
100_00064.png,N,100.mat,test,64,65536
100_00065.png,N,100.mat,test,65,66560
100_00066.png,N,100.mat,test,66,67584
100_00067.png,N,100.mat,test,67,68608
100_00068.png,N,100.mat,test,68,69632
100_00069.png,N,100.mat,test,69,70656
100_00070.png,N,100.mat,test,70,71680
100_00071.png,N,100.mat,test,71,72704
100_00072.png,N,100.mat,test,72,73728
100_00073.png,N,100.mat,test,73,74752
100_00074.png,N,100.mat,test,74,75776
100_00075.png,N,100.mat,test,75,76800
100_00076.png,N,100.mat,test,76,77824
100_00077.png,N,100.mat,test,77,78848
100_00078.png,N,100.mat,test,78,79872
100_00079.png,N,100.mat,test,79,80896
100_00080.png,N,100.mat,test,80,81920
100_00081.png,N,100.mat,test,81,82944
100_00082.png,N,100.mat,test,82,83968
100_00083.png,N,100.mat,test,83,84992
100_00084.png,N,100.mat,test,84,86016
100_00085.png,N,100.mat,test,85,87040
100_00086.png,N,100.mat,test,86,88064
100_00087.png,N,100.mat,test,87,89088
100_00088.png,N,100.mat,test,88,90112
100_00089.png,N,100.mat,test,89,91136
100_00090.png,N,100.mat,test,90,92160
100_00091.png,N,100.mat,test,91,93184
100_00092.png,N,100.mat,test,92,94208
100_00093.png,N,100.mat,test,93,95232
100_00094.png,N,100.mat,test,94,96256
100_00095.png,N,100.mat,test,95,97280
100_00096.png,N,100.mat,test,96,98304
100_00097.png,N,100.mat,test,97,99328
100_00098.png,N,100.mat,test,98,100352
100_00099.png,N,100.mat,test,99,101376
100_00100.png,N,100.mat,test,100,102400
100_00101.png,N,100.mat,test,101,103424
100_00102.png,N,100.mat,test,102,104448
100_00103.png,N,100.mat,test,103,105472
100_00104.png,N,100.mat,test,104,106496
100_00105.png,N,100.mat,test,105,107520
100_00106.png,N,100.mat,test,106,108544
100_00107.png,N,100.mat,test,107,109568
100_00108.png,N,100.mat,test,108,110592
100_00109.png,N,100.mat,test,109,111616
100_00110.png,N,100.mat,test,110,112640
100_00111.png,N,100.mat,test,111,113664
100_00112.png,N,100.mat,test,112,114688
100_00113.png,N,100.mat,test,113,115712
100_00114.png,N,100.mat,test,114,116736
100_00115.png,N,100.mat,test,115,117760
100_00116.png,N,100.mat,test,116,118784
100_00117.png,N,100.mat,test,117,119808
100_00118.png,N,100.mat,test,118,120832
100_00119.png,N,100.mat,test,119,121856
100_00120.png,N,100.mat,test,120,122880
100_00121.png,N,100.mat,test,121,123904
100_00122.png,N,100.mat,test,122,124928
100_00123.png,N,100.mat,test,123,125952
100_00124.png,N,100.mat,test,124,126976
100_00125.png,N,100.mat,test,125,128000
100_00126.png,N,100.mat,test,126,129024
100_00127.png,N,100.mat,test,127,130048
100_00128.png,N,100.mat,test,128,131072
100_00129.png,N,100.mat,test,129,132096
100_00130.png,N,100.mat,test,130,133120
100_00131.png,N,100.mat,test,131,134144
100_00132.png,N,100.mat,test,132,135168
100_00133.png,N,100.mat,test,133,136192
100_00134.png,N,100.mat,test,134,137216
100_00135.png,N,100.mat,test,135,138240
100_00136.png,N,100.mat,test,136,139264
100_00137.png,N,100.mat,test,137,140288
100_00138.png,N,100.mat,test,138,141312
100_00139.png,N,100.mat,test,139,142336
100_00140.png,N,100.mat,test,140,143360
100_00141.png,N,100.mat,test,141,144384
100_00142.png,N,100.mat,test,142,145408
100_00143.png,N,100.mat,test,143,146432
100_00144.png,N,100.mat,test,144,147456
100_00145.png,N,100.mat,test,145,148480
100_00146.png,N,100.mat,test,146,149504
100_00147.png,N,100.mat,test,147,150528
100_00148.png,N,100.mat,test,148,151552
100_00149.png,N,100.mat,test,149,152576
100_00150.png,N,100.mat,test,150,153600
100_00151.png,N,100.mat,test,151,154624
100_00152.png,N,100.mat,test,152,155648
100_00153.png,N,100.mat,test,153,156672
100_00154.png,N,100.mat,test,154,157696
100_00155.png,N,100.mat,test,155,158720
100_00156.png,N,100.mat,test,156,159744
100_00157.png,N,100.mat,test,157,160768
100_00158.png,N,100.mat,test,158,161792
100_00159.png,N,100.mat,test,159,162816
100_00160.png,N,100.mat,test,160,163840
100_00161.png,N,100.mat,test,161,164864
100_00162.png,N,100.mat,test,162,165888
100_00163.png,N,100.mat,test,163,166912
100_00164.png,N,100.mat,test,164,167936
100_00165.png,N,100.mat,test,165,168960
100_00166.png,N,100.mat,test,166,169984
100_00167.png,N,100.mat,test,167,171008
100_00168.png,N,100.mat,test,168,172032
100_00169.png,N,100.mat,test,169,173056
100_00170.png,N,100.mat,test,170,174080
100_00171.png,N,100.mat,test,171,175104
100_00172.png,N,100.mat,test,172,176128
100_00173.png,N,100.mat,test,173,177152
100_00174.png,N,100.mat,test,174,178176
100_00175.png,N,100.mat,test,175,179200
100_00176.png,N,100.mat,test,176,180224
100_00177.png,N,100.mat,test,177,181248
100_00178.png,N,100.mat,test,178,182272
100_00179.png,N,100.mat,test,179,183296
100_00180.png,N,100.mat,test,180,184320
100_00181.png,N,100.mat,test,181,185344
100_00182.png,N,100.mat,test,182,186368
100_00183.png,N,100.mat,test,183,187392
100_00184.png,N,100.mat,test,184,188416
100_00185.png,N,100.mat,test,185,189440
100_00186.png,N,100.mat,test,186,190464
100_00187.png,N,100.mat,test,187,191488
100_00188.png,N,100.mat,test,188,192512
100_00189.png,N,100.mat,test,189,193536
100_00190.png,N,100.mat,test,190,194560
100_00191.png,N,100.mat,test,191,195584
100_00192.png,N,100.mat,test,192,196608
100_00193.png,N,100.mat,test,193,197632
100_00194.png,N,100.mat,test,194,198656
100_00195.png,N,100.mat,test,195,199680
100_00196.png,N,100.mat,test,196,200704
100_00197.png,N,100.mat,test,197,201728
100_00198.png,N,100.mat,test,198,202752
100_00199.png,N,100.mat,test,199,203776
100_00200.png,N,100.mat,test,200,204800
100_00201.png,N,100.mat,test,201,205824
100_00202.png,N,100.mat,test,202,206848
100_00203.png,N,100.mat,test,203,207872
100_00204.png,N,100.mat,test,204,208896
100_00205.png,N,100.mat,test,205,209920
100_00206.png,N,100.mat,test,206,210944
100_00207.png,N,100.mat,test,207,211968
100_00208.png,N,100.mat,test,208,212992
100_00209.png,N,100.mat,test,209,214016
100_00210.png,N,100.mat,test,210,215040
100_00211.png,N,100.mat,test,211,216064
100_00212.png,N,100.mat,test,212,217088
100_00213.png,N,100.mat,test,213,218112
100_00214.png,N,100.mat,test,214,219136
100_00215.png,N,100.mat,test,215,220160
100_00216.png,N,100.mat,test,216,221184
100_00217.png,N,100.mat,test,217,222208
100_00218.png,N,100.mat,test,218,223232
100_00219.png,N,100.mat,test,219,224256
100_00220.png,N,100.mat,test,220,225280
100_00221.png,N,100.mat,test,221,226304
100_00222.png,N,100.mat,test,222,227328
100_00223.png,N,100.mat,test,223,228352
100_00224.png,N,100.mat,test,224,229376
100_00225.png,N,100.mat,test,225,230400
100_00226.png,N,100.mat,test,226,231424
100_00227.png,N,100.mat,test,227,232448
100_00228.png,N,100.mat,test,228,233472
100_00229.png,N,100.mat,test,229,234496
100_00230.png,N,100.mat,test,230,235520
100_00231.png,N,100.mat,test,231,236544
100_00232.png,N,100.mat,test,232,237568
100_00233.png,N,100.mat,test,233,238592
100_00234.png,N,100.mat,test,234,239616
100_00235.png,N,100.mat,test,235,240640
100_00236.png,N,100.mat,test,236,241664
100_00237.png,N,100.mat,test,237,242688
100_00238.png,N,100.mat,test,238,243712
100_00239.png,N,100.mat,test,239,244736
100_00240.png,N,100.mat,test,240,245760
100_00241.png,N,100.mat,test,241,246784
100_00242.png,N,100.mat,test,242,247808
100_00243.png,N,100.mat,test,243,248832
100_00244.png,N,100.mat,test,244,249856
100_00245.png,N,100.mat,test,245,250880
100_00246.png,N,100.mat,test,246,251904
100_00247.png,N,100.mat,test,247,252928
100_00248.png,N,100.mat,test,248,253952
100_00249.png,N,100.mat,test,249,254976
100_00250.png,N,100.mat,test,250,256000
100_00251.png,N,100.mat,test,251,257024
100_00252.png,N,100.mat,test,252,258048
100_00253.png,N,100.mat,test,253,259072
100_00254.png,N,100.mat,test,254,260096
100_00255.png,N,100.mat,test,255,261120
100_00256.png,N,100.mat,test,256,262144
100_00257.png,N,100.mat,test,257,263168
100_00258.png,N,100.mat,test,258,264192
100_00259.png,N,100.mat,test,259,265216
100_00260.png,N,100.mat,test,260,266240
100_00261.png,N,100.mat,test,261,267264
100_00262.png,N,100.mat,test,262,268288
100_00263.png,N,100.mat,test,263,269312
100_00264.png,N,100.mat,test,264,270336
100_00265.png,N,100.mat,test,265,271360
100_00266.png,N,100.mat,test,266,272384
100_00267.png,N,100.mat,test,267,273408
100_00268.png,N,100.mat,test,268,274432
100_00269.png,N,100.mat,test,269,275456
100_00270.png,N,100.mat,test,270,276480
100_00271.png,N,100.mat,test,271,277504
100_00272.png,N,100.mat,test,272,278528
100_00273.png,N,100.mat,test,273,279552
100_00274.png,N,100.mat,test,274,280576
100_00275.png,N,100.mat,test,275,281600
100_00276.png,N,100.mat,test,276,282624
100_00277.png,N,100.mat,test,277,283648
100_00278.png,N,100.mat,test,278,284672
100_00279.png,N,100.mat,test,279,285696
100_00280.png,N,100.mat,test,280,286720
100_00281.png,N,100.mat,test,281,287744
100_00282.png,N,100.mat,test,282,288768
100_00283.png,N,100.mat,test,283,289792
100_00284.png,N,100.mat,test,284,290816
100_00285.png,N,100.mat,test,285,291840
100_00286.png,N,100.mat,test,286,292864
100_00287.png,N,100.mat,test,287,293888
100_00288.png,N,100.mat,test,288,294912
100_00289.png,N,100.mat,test,289,295936
100_00290.png,N,100.mat,test,290,296960
100_00291.png,N,100.mat,test,291,297984
100_00292.png,N,100.mat,test,292,299008
100_00293.png,N,100.mat,test,293,300032
100_00294.png,N,100.mat,test,294,301056
100_00295.png,N,100.mat,test,295,302080
100_00296.png,N,100.mat,test,296,303104
100_00297.png,N,100.mat,test,297,304128
100_00298.png,N,100.mat,test,298,305152
100_00299.png,N,100.mat,test,299,306176
100_00300.png,N,100.mat,test,300,307200
100_00301.png,N,100.mat,test,301,308224
100_00302.png,N,100.mat,test,302,309248
100_00303.png,N,100.mat,test,303,310272
100_00304.png,N,100.mat,test,304,311296
100_00305.png,N,100.mat,test,305,312320
100_00306.png,N,100.mat,test,306,313344
100_00307.png,N,100.mat,test,307,314368
100_00308.png,N,100.mat,test,308,315392
100_00309.png,N,100.mat,test,309,316416
100_00310.png,N,100.mat,test,310,317440
100_00311.png,N,100.mat,test,311,318464
100_00312.png,N,100.mat,test,312,319488
100_00313.png,N,100.mat,test,313,320512
100_00314.png,N,100.mat,test,314,321536
100_00315.png,N,100.mat,test,315,322560
100_00316.png,N,100.mat,test,316,323584
100_00317.png,N,100.mat,test,317,324608
100_00318.png,N,100.mat,test,318,325632
100_00319.png,N,100.mat,test,319,326656
100_00320.png,N,100.mat,test,320,327680
100_00321.png,N,100.mat,test,321,328704
100_00322.png,N,100.mat,test,322,329728
100_00323.png,N,100.mat,test,323,330752
100_00324.png,N,100.mat,test,324,331776
100_00325.png,N,100.mat,test,325,332800
100_00326.png,N,100.mat,test,326,333824
100_00327.png,N,100.mat,test,327,334848
100_00328.png,N,100.mat,test,328,335872
100_00329.png,N,100.mat,test,329,336896
100_00330.png,N,100.mat,test,330,337920
100_00331.png,N,100.mat,test,331,338944
100_00332.png,N,100.mat,test,332,339968
100_00333.png,N,100.mat,test,333,340992
100_00334.png,N,100.mat,test,334,342016
100_00335.png,N,100.mat,test,335,343040
100_00336.png,N,100.mat,test,336,344064
100_00337.png,N,100.mat,test,337,345088
100_00338.png,N,100.mat,test,338,346112
100_00339.png,N,100.mat,test,339,347136
100_00340.png,N,100.mat,test,340,348160
100_00341.png,N,100.mat,test,341,349184
100_00342.png,N,100.mat,test,342,350208
100_00343.png,N,100.mat,test,343,351232
100_00344.png,N,100.mat,test,344,352256
100_00345.png,N,100.mat,test,345,353280
100_00346.png,N,100.mat,test,346,354304
100_00347.png,N,100.mat,test,347,355328
100_00348.png,N,100.mat,test,348,356352
100_00349.png,N,100.mat,test,349,357376
100_00350.png,N,100.mat,test,350,358400
100_00351.png,N,100.mat,test,351,359424
100_00352.png,N,100.mat,test,352,360448
100_00353.png,N,100.mat,test,353,361472
100_00354.png,N,100.mat,test,354,362496
100_00355.png,N,100.mat,test,355,363520
100_00356.png,N,100.mat,test,356,364544
100_00357.png,N,100.mat,test,357,365568
100_00358.png,N,100.mat,test,358,366592
100_00359.png,N,100.mat,test,359,367616
100_00360.png,N,100.mat,test,360,368640
100_00361.png,N,100.mat,test,361,369664
100_00362.png,N,100.mat,test,362,370688
100_00363.png,N,100.mat,test,363,371712
100_00364.png,N,100.mat,test,364,372736
100_00365.png,N,100.mat,test,365,373760
100_00366.png,N,100.mat,test,366,374784
100_00367.png,N,100.mat,test,367,375808
100_00368.png,N,100.mat,test,368,376832
100_00369.png,N,100.mat,test,369,377856
100_00370.png,N,100.mat,test,370,378880
100_00371.png,N,100.mat,test,371,379904
100_00372.png,N,100.mat,test,372,380928
100_00373.png,N,100.mat,test,373,381952
100_00374.png,N,100.mat,test,374,382976
100_00375.png,N,100.mat,test,375,384000
100_00376.png,N,100.mat,test,376,385024
100_00377.png,N,100.mat,test,377,386048
100_00378.png,N,100.mat,test,378,387072
100_00379.png,N,100.mat,test,379,388096
100_00380.png,N,100.mat,test,380,389120
100_00381.png,N,100.mat,test,381,390144
100_00382.png,N,100.mat,test,382,391168
100_00383.png,N,100.mat,test,383,392192
100_00384.png,N,100.mat,test,384,393216
100_00385.png,N,100.mat,test,385,394240
100_00386.png,N,100.mat,test,386,395264
100_00387.png,N,100.mat,test,387,396288
100_00388.png,N,100.mat,test,388,397312
100_00389.png,N,100.mat,test,389,398336
100_00390.png,N,100.mat,test,390,399360
100_00391.png,N,100.mat,test,391,400384
100_00392.png,N,100.mat,test,392,401408
100_00393.png,N,100.mat,test,393,402432
100_00394.png,N,100.mat,test,394,403456
100_00395.png,N,100.mat,test,395,404480
100_00396.png,N,100.mat,test,396,405504
100_00397.png,N,100.mat,test,397,406528
100_00398.png,N,100.mat,test,398,407552
100_00399.png,N,100.mat,test,399,408576
100_00400.png,N,100.mat,test,400,409600
100_00401.png,N,100.mat,test,401,410624
100_00402.png,N,100.mat,test,402,411648
100_00403.png,N,100.mat,test,403,412672
100_00404.png,N,100.mat,test,404,413696
100_00405.png,N,100.mat,test,405,414720
100_00406.png,N,100.mat,test,406,415744
100_00407.png,N,100.mat,test,407,416768
100_00408.png,N,100.mat,test,408,417792
100_00409.png,N,100.mat,test,409,418816
100_00410.png,N,100.mat,test,410,419840
100_00411.png,N,100.mat,test,411,420864
100_00412.png,N,100.mat,test,412,421888
100_00413.png,N,100.mat,test,413,422912
100_00414.png,N,100.mat,test,414,423936
100_00415.png,N,100.mat,test,415,424960
100_00416.png,N,100.mat,test,416,425984
100_00417.png,N,100.mat,test,417,427008
100_00418.png,N,100.mat,test,418,428032
100_00419.png,N,100.mat,test,419,429056
100_00420.png,N,100.mat,test,420,430080
100_00421.png,N,100.mat,test,421,431104
100_00422.png,N,100.mat,test,422,432128
100_00423.png,N,100.mat,test,423,433152
100_00424.png,N,100.mat,test,424,434176
100_00425.png,N,100.mat,test,425,435200
100_00426.png,N,100.mat,test,426,436224
100_00427.png,N,100.mat,test,427,437248
100_00428.png,N,100.mat,test,428,438272
100_00429.png,N,100.mat,test,429,439296
100_00430.png,N,100.mat,test,430,440320
100_00431.png,N,100.mat,test,431,441344
100_00432.png,N,100.mat,test,432,442368
100_00433.png,N,100.mat,test,433,443392
100_00434.png,N,100.mat,test,434,444416
100_00435.png,N,100.mat,test,435,445440
100_00436.png,N,100.mat,test,436,446464
100_00437.png,N,100.mat,test,437,447488
100_00438.png,N,100.mat,test,438,448512
100_00439.png,N,100.mat,test,439,449536
100_00440.png,N,100.mat,test,440,450560
100_00441.png,N,100.mat,test,441,451584
100_00442.png,N,100.mat,test,442,452608
100_00443.png,N,100.mat,test,443,453632
100_00444.png,N,100.mat,test,444,454656
100_00445.png,N,100.mat,test,445,455680
100_00446.png,N,100.mat,test,446,456704
100_00447.png,N,100.mat,test,447,457728
100_00448.png,N,100.mat,test,448,458752
100_00449.png,N,100.mat,test,449,459776
100_00450.png,N,100.mat,test,450,460800
100_00451.png,N,100.mat,test,451,461824
100_00452.png,N,100.mat,test,452,462848
100_00453.png,N,100.mat,test,453,463872
100_00454.png,N,100.mat,test,454,464896
100_00455.png,N,100.mat,test,455,465920
100_00456.png,N,100.mat,test,456,466944
100_00457.png,N,100.mat,test,457,467968
100_00458.png,N,100.mat,test,458,468992
100_00459.png,N,100.mat,test,459,470016
100_00460.png,N,100.mat,test,460,471040
100_00461.png,N,100.mat,test,461,472064
100_00462.png,N,100.mat,test,462,473088
100_00463.png,N,100.mat,test,463,474112
100_00464.png,N,100.mat,test,464,475136
100_00465.png,N,100.mat,test,465,476160
100_00466.png,N,100.mat,test,466,477184
100_00467.png,N,100.mat,test,467,478208
100_00468.png,N,100.mat,test,468,479232
100_00469.png,N,100.mat,test,469,480256
100_00470.png,N,100.mat,test,470,481280
100_00471.png,N,100.mat,test,471,482304
100_00472.png,N,100.mat,test,472,483328
108_00000.png,IR,108.mat,test,0,0
108_00001.png,IR,108.mat,test,1,1024
108_00002.png,IR,108.mat,test,2,2048
108_00003.png,IR,108.mat,test,3,3072
108_00004.png,IR,108.mat,test,4,4096
108_00005.png,IR,108.mat,test,5,5120
108_00006.png,IR,108.mat,test,6,6144
108_00007.png,IR,108.mat,test,7,7168
108_00008.png,IR,108.mat,test,8,8192
108_00009.png,IR,108.mat,test,9,9216
108_00010.png,IR,108.mat,test,10,10240
108_00011.png,IR,108.mat,test,11,11264
108_00012.png,IR,108.mat,test,12,12288
108_00013.png,IR,108.mat,test,13,13312
108_00014.png,IR,108.mat,test,14,14336
108_00015.png,IR,108.mat,test,15,15360
108_00016.png,IR,108.mat,test,16,16384
108_00017.png,IR,108.mat,test,17,17408
108_00018.png,IR,108.mat,test,18,18432
108_00019.png,IR,108.mat,test,19,19456
108_00020.png,IR,108.mat,test,20,20480
108_00021.png,IR,108.mat,test,21,21504
108_00022.png,IR,108.mat,test,22,22528
108_00023.png,IR,108.mat,test,23,23552
108_00024.png,IR,108.mat,test,24,24576
108_00025.png,IR,108.mat,test,25,25600
108_00026.png,IR,108.mat,test,26,26624
108_00027.png,IR,108.mat,test,27,27648
108_00028.png,IR,108.mat,test,28,28672
108_00029.png,IR,108.mat,test,29,29696
108_00030.png,IR,108.mat,test,30,30720
108_00031.png,IR,108.mat,test,31,31744
108_00032.png,IR,108.mat,test,32,32768
108_00033.png,IR,108.mat,test,33,33792
108_00034.png,IR,108.mat,test,34,34816
108_00035.png,IR,108.mat,test,35,35840
108_00036.png,IR,108.mat,test,36,36864
108_00037.png,IR,108.mat,test,37,37888
108_00038.png,IR,108.mat,test,38,38912
108_00039.png,IR,108.mat,test,39,39936
108_00040.png,IR,108.mat,test,40,40960
108_00041.png,IR,108.mat,test,41,41984
108_00042.png,IR,108.mat,test,42,43008
108_00043.png,IR,108.mat,test,43,44032
108_00044.png,IR,108.mat,test,44,45056
108_00045.png,IR,108.mat,test,45,46080
108_00046.png,IR,108.mat,test,46,47104
108_00047.png,IR,108.mat,test,47,48128
108_00048.png,IR,108.mat,test,48,49152
108_00049.png,IR,108.mat,test,49,50176
108_00050.png,IR,108.mat,test,50,51200
108_00051.png,IR,108.mat,test,51,52224
108_00052.png,IR,108.mat,test,52,53248
108_00053.png,IR,108.mat,test,53,54272
108_00054.png,IR,108.mat,test,54,55296
108_00055.png,IR,108.mat,test,55,56320
108_00056.png,IR,108.mat,test,56,57344
108_00057.png,IR,108.mat,test,57,58368
108_00058.png,IR,108.mat,test,58,59392
108_00059.png,IR,108.mat,test,59,60416
108_00060.png,IR,108.mat,test,60,61440
108_00061.png,IR,108.mat,test,61,62464
108_00062.png,IR,108.mat,test,62,63488
108_00063.png,IR,108.mat,test,63,64512
108_00064.png,IR,108.mat,test,64,65536
108_00065.png,IR,108.mat,test,65,66560
108_00066.png,IR,108.mat,test,66,67584
108_00067.png,IR,108.mat,test,67,68608
108_00068.png,IR,108.mat,test,68,69632
108_00069.png,IR,108.mat,test,69,70656
108_00070.png,IR,108.mat,test,70,71680
108_00071.png,IR,108.mat,test,71,72704
108_00072.png,IR,108.mat,test,72,73728
108_00073.png,IR,108.mat,test,73,74752
108_00074.png,IR,108.mat,test,74,75776
108_00075.png,IR,108.mat,test,75,76800
108_00076.png,IR,108.mat,test,76,77824
108_00077.png,IR,108.mat,test,77,78848
108_00078.png,IR,108.mat,test,78,79872
108_00079.png,IR,108.mat,test,79,80896
108_00080.png,IR,108.mat,test,80,81920
108_00081.png,IR,108.mat,test,81,82944
108_00082.png,IR,108.mat,test,82,83968
108_00083.png,IR,108.mat,test,83,84992
108_00084.png,IR,108.mat,test,84,86016
108_00085.png,IR,108.mat,test,85,87040
108_00086.png,IR,108.mat,test,86,88064
108_00087.png,IR,108.mat,test,87,89088
108_00088.png,IR,108.mat,test,88,90112
108_00089.png,IR,108.mat,test,89,91136
108_00090.png,IR,108.mat,test,90,92160
108_00091.png,IR,108.mat,test,91,93184
108_00092.png,IR,108.mat,test,92,94208
108_00093.png,IR,108.mat,test,93,95232
108_00094.png,IR,108.mat,test,94,96256
108_00095.png,IR,108.mat,test,95,97280
108_00096.png,IR,108.mat,test,96,98304
108_00097.png,IR,108.mat,test,97,99328
108_00098.png,IR,108.mat,test,98,100352
108_00099.png,IR,108.mat,test,99,101376
108_00100.png,IR,108.mat,test,100,102400
108_00101.png,IR,108.mat,test,101,103424
108_00102.png,IR,108.mat,test,102,104448
108_00103.png,IR,108.mat,test,103,105472
108_00104.png,IR,108.mat,test,104,106496
108_00105.png,IR,108.mat,test,105,107520
108_00106.png,IR,108.mat,test,106,108544
108_00107.png,IR,108.mat,test,107,109568
108_00108.png,IR,108.mat,test,108,110592
108_00109.png,IR,108.mat,test,109,111616
108_00110.png,IR,108.mat,test,110,112640
108_00111.png,IR,108.mat,test,111,113664
108_00112.png,IR,108.mat,test,112,114688
108_00113.png,IR,108.mat,test,113,115712
108_00114.png,IR,108.mat,test,114,116736
108_00115.png,IR,108.mat,test,115,117760
108_00116.png,IR,108.mat,test,116,118784
108_00117.png,IR,108.mat,test,117,119808
108_00118.png,IR,108.mat,test,118,120832
