filename,class_label,source_file,window_idx,window_start_sample,tf_method,temporal_method
118_0_00000.png,BF007,118_0,0,0,cwt,gadf
118_0_00001.png,BF007,118_0,1,1024,cwt,gadf
118_0_00002.png,BF007,118_0,2,2048,cwt,gadf
118_0_00003.png,BF007,118_0,3,3072,cwt,gadf
118_0_00004.png,BF007,118_0,4,4096,cwt,gadf
118_0_00005.png,BF007,118_0,5,5120,cwt,gadf
118_0_00006.png,BF007,118_0,6,6144,cwt,gadf
118_0_00007.png,BF007,118_0,7,7168,cwt,gadf
118_0_00008.png,BF007,118_0,8,8192,cwt,gadf
118_0_00009.png,BF007,118_0,9,9216,cwt,gadf
118_0_00010.png,BF007,118_0,10,10240,cwt,gadf
118_0_00011.png,BF007,118_0,11,11264,cwt,gadf
118_0_00012.png,BF007,118_0,12,12288,cwt,gadf
118_0_00013.png,BF007,118_0,13,13312,cwt,gadf
118_0_00014.png,BF007,118_0,14,14336,cwt,gadf
118_0_00015.png,BF007,118_0,15,15360,cwt,gadf
118_0_00016.png,BF007,118_0,16,16384,cwt,gadf
118_0_00017.png,BF007,118_0,17,17408,cwt,gadf
118_0_00018.png,BF007,118_0,18,18432,cwt,gadf
118_0_00019.png,BF007,118_0,19,19456,cwt,gadf
118_0_00020.png,BF007,118_0,20,20480,cwt,gadf
118_0_00021.png,BF007,118_0,21,21504,cwt,gadf
118_0_00022.png,BF007,118_0,22,22528,cwt,gadf
118_0_00023.png,BF007,118_0,23,23552,cwt,gadf
118_0_00024.png,BF007,118_0,24,24576,cwt,gadf
118_0_00025.png,BF007,118_0,25,25600,cwt,gadf
118_0_00026.png,BF007,118_0,26,26624,cwt,gadf
118_0_00027.png,BF007,118_0,27,27648,cwt,gadf
118_0_00028.png,BF007,118_0,28,28672,cwt,gadf
118_0_00029.png,BF007,118_0,29,29696,cwt,gadf
118_0_00030.png,BF007,118_0,30,30720,cwt,gadf
118_0_00031.png,BF007,118_0,31,31744,cwt,gadf
118_0_00032.png,BF007,118_0,32,32768,cwt,gadf
118_0_00033.png,BF007,118_0,33,33792,cwt,gadf
118_0_00034.png,BF007,118_0,34,34816,cwt,gadf
118_0_00035.png,BF007,118_0,35,35840,cwt,gadf
118_0_00036.png,BF007,118_0,36,36864,cwt,gadf
118_0_00037.png,BF007,118_0,37,37888,cwt,gadf
118_0_00038.png,BF007,118_0,38,38912,cwt,gadf
118_0_00039.png,BF007,118_0,39,39936,cwt,gadf
118_0_00040.png,BF007,118_0,40,40960,cwt,gadf
118_0_00041.png,BF007,118_0,41,41984,cwt,gadf
118_0_00042.png,BF007,118_0,42,43008,cwt,gadf
118_0_00043.png,BF007,118_0,43,44032,cwt,gadf
118_0_00044.png,BF007,118_0,44,45056,cwt,gadf
118_0_00045.png,BF007,118_0,45,46080,cwt,gadf
118_0_00046.png,BF007,118_0,46,47104,cwt,gadf
118_0_00047.png,BF007,118_0,47,48128,cwt,gadf
118_0_00048.png,BF007,118_0,48,49152,cwt,gadf
118_0_00049.png,BF007,118_0,49,50176,cwt,gadf
118_0_00050.png,BF007,118_0,50,51200,cwt,gadf
118_0_00051.png,BF007,118_0,51,52224,cwt,gadf
118_0_00052.png,BF007,118_0,52,53248,cwt,gadf
118_0_00053.png,BF007,118_0,53,54272,cwt,gadf
118_0_00054.png,BF007,118_0,54,55296,cwt,gadf
118_0_00055.png,BF007,118_0,55,56320,cwt,gadf
118_0_00056.png,BF007,118_0,56,57344,cwt,gadf
118_0_00057.png,BF007,118_0,57,58368,cwt,gadf
118_0_00058.png,BF007,118_0,58,59392,cwt,gadf
118_0_00059.png,BF007,118_0,59,60416,cwt,gadf
118_0_00060.png,BF007,118_0,60,61440,cwt,gadf
118_0_00061.png,BF007,118_0,61,62464,cwt,gadf
118_0_00062.png,BF007,118_0,62,63488,cwt,gadf
118_0_00063.png,BF007,118_0,63,64512,cwt,gadf
118_0_00064.png,BF007,118_0,64,65536,cwt,gadf
118_0_00065.png,BF007,118_0,65,66560,cwt,gadf
118_0_00066.png,BF007,118_0,66,67584,cwt,gadf
118_0_00067.png,BF007,118_0,67,68608,cwt,gadf
118_0_00068.png,BF007,118_0,68,69632,cwt,gadf
118_0_00069.png,BF007,118_0,69,70656,cwt,gadf
118_0_00070.png,BF007,118_0,70,71680,cwt,gadf
118_0_00071.png,BF007,118_0,71,72704,cwt,gadf
118_0_00072.png,BF007,118_0,72,73728,cwt,gadf
118_0_00073.png,BF007,118_0,73,74752,cwt,gadf
118_0_00074.png,BF007,118_0,74,75776,cwt,gadf
118_0_00075.png,BF007,118_0,75,76800,cwt,gadf
118_0_00076.png,BF007,118_0,76,77824,cwt,gadf
118_0_00077.png,BF007,118_0,77,78848,cwt,gadf
118_0_00078.png,BF007,118_0,78,79872,cwt,gadf
118_0_00079.png,BF007,118_0,79,80896,cwt,gadf
118_0_00080.png,BF007,118_0,80,81920,cwt,gadf
118_0_00081.png,BF007,118_0,81,82944,cwt,gadf
118_0_00082.png,BF007,118_0,82,83968,cwt,gadf
118_0_00083.png,BF007,118_0,83,84992,cwt,gadf
118_0_00084.png,BF007,118_0,84,86016,cwt,gadf
118_0_00085.png,BF007,118_0,85,87040,cwt,gadf
118_0_00086.png,BF007,118_0,86,88064,cwt,gadf
118_0_00087.png,BF007,118_0,87,89088,cwt,gadf
118_0_00088.png,BF007,118_0,88,90112,cwt,gadf
118_0_00089.png,BF007,118_0,89,91136,cwt,gadf
118_0_00090.png,BF007,118_0,90,92160,cwt,gadf
118_0_00091.png,BF007,118_0,91,93184,cwt,gadf
118_0_00092.png,BF007,118_0,92,94208,cwt,gadf
118_0_00093.png,BF007,118_0,93,95232,cwt,gadf
118_0_00094.png,BF007,118_0,94,96256,cwt,gadf
118_0_00095.png,BF007,118_0,95,97280,cwt,gadf
118_0_00096.png,BF007,118_0,96,98304,cwt,gadf
118_0_00097.png,BF007,118_0,97,99328,cwt,gadf
118_0_00098.png,BF007,118_0,98,100352,cwt,gadf
118_0_00099.png,BF007,118_0,99,101376,cwt,gadf
118_0_00100.png,BF007,118_0,100,102400,cwt,gadf
118_0_00101.png,BF007,118_0,101,103424,cwt,gadf
118_0_00102.png,BF007,118_0,102,104448,cwt,gadf
118_0_00103.png,BF007,118_0,103,105472,cwt,gadf
118_0_00104.png,BF007,118_0,104,106496,cwt,gadf
118_0_00105.png,BF007,118_0,105,107520,cwt,gadf
118_0_00106.png,BF007,118_0,106,108544,cwt,gadf
118_0_00107.png,BF007,118_0,107,109568,cwt,gadf
118_0_00108.png,BF007,118_0,108,110592,cwt,gadf
118_0_00109.png,BF007,118_0,109,111616,cwt,gadf
118_0_00110.png,BF007,118_0,110,112640,cwt,gadf
118_0_00111.png,BF007,118_0,111,113664,cwt,gadf
118_0_00112.png,BF007,118_0,112,114688,cwt,gadf
118_0_00113.png,BF007,118_0,113,115712,cwt,gadf
118_0_00114.png,BF007,118_0,114,116736,cwt,gadf
118_0_00115.png,BF007,118_0,115,117760,cwt,gadf
118_0_00116.png,BF007,118_0,116,118784,cwt,gadf
118_0_00117.png,BF007,118_0,117,119808,cwt,gadf
119_1_00000.png,BF007,119_1,0,0,cwt,gadf
119_1_00001.png,BF007,119_1,1,1024,cwt,gadf
119_1_00002.png,BF007,119_1,2,2048,cwt,gadf
119_1_00003.png,BF007,119_1,3,3072,cwt,gadf
119_1_00004.png,BF007,119_1,4,4096,cwt,gadf
119_1_00005.png,BF007,119_1,5,5120,cwt,gadf
119_1_00006.png,BF007,119_1,6,6144,cwt,gadf
119_1_00007.png,BF007,119_1,7,7168,cwt,gadf
119_1_00008.png,BF007,119_1,8,8192,cwt,gadf
119_1_00009.png,BF007,119_1,9,9216,cwt,gadf
119_1_00010.png,BF007,119_1,10,10240,cwt,gadf
119_1_00011.png,BF007,119_1,11,11264,cwt,gadf
119_1_00012.png,BF007,119_1,12,12288,cwt,gadf
119_1_00013.png,BF007,119_1,13,13312,cwt,gadf
119_1_00014.png,BF007,119_1,14,14336,cwt,gadf
119_1_00015.png,BF007,119_1,15,15360,cwt,gadf
119_1_00016.png,BF007,119_1,16,16384,cwt,gadf
119_1_00017.png,BF007,119_1,17,17408,cwt,gadf
119_1_00018.png,BF007,119_1,18,18432,cwt,gadf
119_1_00019.png,BF007,119_1,19,19456,cwt,gadf
119_1_00020.png,BF007,119_1,20,20480,cwt,gadf
119_1_00021.png,BF007,119_1,21,21504,cwt,gadf
119_1_00022.png,BF007,119_1,22,22528,cwt,gadf
119_1_00023.png,BF007,119_1,23,23552,cwt,gadf
119_1_00024.png,BF007,119_1,24,24576,cwt,gadf
119_1_00025.png,BF007,119_1,25,25600,cwt,gadf
119_1_00026.png,BF007,119_1,26,26624,cwt,gadf
119_1_00027.png,BF007,119_1,27,27648,cwt,gadf
119_1_00028.png,BF007,119_1,28,28672,cwt,gadf
119_1_00029.png,BF007,119_1,29,29696,cwt,gadf
119_1_00030.png,BF007,119_1,30,30720,cwt,gadf
119_1_00031.png,BF007,119_1,31,31744,cwt,gadf
119_1_00032.png,BF007,119_1,32,32768,cwt,gadf
119_1_00033.png,BF007,119_1,33,33792,cwt,gadf
119_1_00034.png,BF007,119_1,34,34816,cwt,gadf
119_1_00035.png,BF007,119_1,35,35840,cwt,gadf
119_1_00036.png,BF007,119_1,36,36864,cwt,gadf
119_1_00037.png,BF007,119_1,37,37888,cwt,gadf
119_1_00038.png,BF007,119_1,38,38912,cwt,gadf
119_1_00039.png,BF007,119_1,39,39936,cwt,gadf
119_1_00040.png,BF007,119_1,40,40960,cwt,gadf
119_1_00041.png,BF007,119_1,41,41984,cwt,gadf
119_1_00042.png,BF007,119_1,42,43008,cwt,gadf
119_1_00043.png,BF007,119_1,43,44032,cwt,gadf
119_1_00044.png,BF007,119_1,44,45056,cwt,gadf
119_1_00045.png,BF007,119_1,45,46080,cwt,gadf
119_1_00046.png,BF007,119_1,46,47104,cwt,gadf
119_1_00047.png,BF007,119_1,47,48128,cwt,gadf
119_1_00048.png,BF007,119_1,48,49152,cwt,gadf
119_1_00049.png,BF007,119_1,49,50176,cwt,gadf
119_1_00050.png,BF007,119_1,50,51200,cwt,gadf
119_1_00051.png,BF007,119_1,51,52224,cwt,gadf
119_1_00052.png,BF007,119_1,52,53248,cwt,gadf
119_1_00053.png,BF007,119_1,53,54272,cwt,gadf
119_1_00054.png,BF007,119_1,54,55296,cwt,gadf
119_1_00055.png,BF007,119_1,55,56320,cwt,gadf
119_1_00056.png,BF007,119_1,56,57344,cwt,gadf
119_1_00057.png,BF007,119_1,57,58368,cwt,gadf
119_1_00058.png,BF007,119_1,58,59392,cwt,gadf
119_1_00059.png,BF007,119_1,59,60416,cwt,gadf
119_1_00060.png,BF007,119_1,60,61440,cwt,gadf
119_1_00061.png,BF007,119_1,61,62464,cwt,gadf
119_1_00062.png,BF007,119_1,62,63488,cwt,gadf
119_1_00063.png,BF007,119_1,63,64512,cwt,gadf
119_1_00064.png,BF007,119_1,64,65536,cwt,gadf
119_1_00065.png,BF007,119_1,65,66560,cwt,gadf
119_1_00066.png,BF007,119_1,66,67584,cwt,gadf
119_1_00067.png,BF007,119_1,67,68608,cwt,gadf
119_1_00068.png,BF007,119_1,68,69632,cwt,gadf
119_1_00069.png,BF007,119_1,69,70656,cwt,gadf
119_1_00070.png,BF007,119_1,70,71680,cwt,gadf
119_1_00071.png,BF007,119_1,71,72704,cwt,gadf
119_1_00072.png,BF007,119_1,72,73728,cwt,gadf
119_1_00073.png,BF007,119_1,73,74752,cwt,gadf
119_1_00074.png,BF007,119_1,74,75776,cwt,gadf
119_1_00075.png,BF007,119_1,75,76800,cwt,gadf
119_1_00076.png,BF007,119_1,76,77824,cwt,gadf
119_1_00077.png,BF007,119_1,77,78848,cwt,gadf
119_1_00078.png,BF007,119_1,78,79872,cwt,gadf
119_1_00079.png,BF007,119_1,79,80896,cwt,gadf
119_1_00080.png,BF007,119_1,80,81920,cwt,gadf
119_1_00081.png,BF007,119_1,81,82944,cwt,gadf
119_1_00082.png,BF007,119_1,82,83968,cwt,gadf
119_1_00083.png,BF007,119_1,83,84992,cwt,gadf
119_1_00084.png,BF007,119_1,84,86016,cwt,gadf
119_1_00085.png,BF007,119_1,85,87040,cwt,gadf
119_1_00086.png,BF007,119_1,86,88064,cwt,gadf
119_1_00087.png,BF007,119_1,87,89088,cwt,gadf
119_1_00088.png,BF007,119_1,88,90112,cwt,gadf
119_1_00089.png,BF007,119_1,89,91136,cwt,gadf
119_1_00090.png,BF007,119_1,90,92160,cwt,gadf
119_1_00091.png,BF007,119_1,91,93184,cwt,gadf
119_1_00092.png,BF007,119_1,92,94208,cwt,gadf
119_1_00093.png,BF007,119_1,93,95232,cwt,gadf
119_1_00094.png,BF007,119_1,94,96256,cwt,gadf
119_1_00095.png,BF007,119_1,95,97280,cwt,gadf
119_1_00096.png,BF007,119_1,96,98304,cwt,gadf
119_1_00097.png,BF007,119_1,97,99328,cwt,gadf
119_1_00098.png,BF007,119_1,98,100352,cwt,gadf
119_1_00099.png,BF007,119_1,99,101376,cwt,gadf
119_1_00100.png,BF007,119_1,100,102400,cwt,gadf
119_1_00101.png,BF007,119_1,101,103424,cwt,gadf
119_1_00102.png,BF007,119_1,102,104448,cwt,gadf
119_1_00103.png,BF007,119_1,103,105472,cwt,gadf
119_1_00104.png,BF007,119_1,104,106496,cwt,gadf
119_1_00105.png,BF007,119_1,105,107520,cwt,gadf
119_1_00106.png,BF007,119_1,106,108544,cwt,gadf
119_1_00107.png,BF007,119_1,107,109568,cwt,gadf
119_1_00108.png,BF007,119_1,108,110592,cwt,gadf
119_1_00109.png,BF007,119_1,109,111616,cwt,gadf
119_1_00110.png,BF007,119_1,110,112640,cwt,gadf
119_1_00111.png,BF007,119_1,111,113664,cwt,gadf
119_1_00112.png,BF007,119_1,112,114688,cwt,gadf
119_1_00113.png,BF007,119_1,113,115712,cwt,gadf
119_1_00114.png,BF007,119_1,114,116736,cwt,gadf
119_1_00115.png,BF007,119_1,115,117760,cwt,gadf
119_1_00116.png,BF007,119_1,116,118784,cwt,gadf
120_2_00000.png,BF007,120_2,0,0,cwt,gadf
120_2_00001.png,BF007,120_2,1,1024,cwt,gadf
120_2_00002.png,BF007,120_2,2,2048,cwt,gadf
120_2_00003.png,BF007,120_2,3,3072,cwt,gadf
120_2_00004.png,BF007,120_2,4,4096,cwt,gadf
120_2_00005.png,BF007,120_2,5,5120,cwt,gadf
120_2_00006.png,BF007,120_2,6,6144,cwt,gadf
120_2_00007.png,BF007,120_2,7,7168,cwt,gadf
120_2_00008.png,BF007,120_2,8,8192,cwt,gadf
120_2_00009.png,BF007,120_2,9,9216,cwt,gadf
120_2_00010.png,BF007,120_2,10,10240,cwt,gadf
120_2_00011.png,BF007,120_2,11,11264,cwt,gadf
120_2_00012.png,BF007,120_2,12,12288,cwt,gadf
120_2_00013.png,BF007,120_2,13,13312,cwt,gadf
120_2_00014.png,BF007,120_2,14,14336,cwt,gadf
120_2_00015.png,BF007,120_2,15,15360,cwt,gadf
120_2_00016.png,BF007,120_2,16,16384,cwt,gadf
120_2_00017.png,BF007,120_2,17,17408,cwt,gadf
120_2_00018.png,BF007,120_2,18,18432,cwt,gadf
120_2_00019.png,BF007,120_2,19,19456,cwt,gadf
120_2_00020.png,BF007,120_2,20,20480,cwt,gadf
120_2_00021.png,BF007,120_2,21,21504,cwt,gadf
120_2_00022.png,BF007,120_2,22,22528,cwt,gadf
120_2_00023.png,BF007,120_2,23,23552,cwt,gadf
120_2_00024.png,BF007,120_2,24,24576,cwt,gadf
120_2_00025.png,BF007,120_2,25,25600,cwt,gadf
120_2_00026.png,BF007,120_2,26,26624,cwt,gadf
120_2_00027.png,BF007,120_2,27,27648,cwt,gadf
120_2_00028.png,BF007,120_2,28,28672,cwt,gadf
120_2_00029.png,BF007,120_2,29,29696,cwt,gadf
120_2_00030.png,BF007,120_2,30,30720,cwt,gadf
120_2_00031.png,BF007,120_2,31,31744,cwt,gadf
120_2_00032.png,BF007,120_2,32,32768,cwt,gadf
120_2_00033.png,BF007,120_2,33,33792,cwt,gadf
120_2_00034.png,BF007,120_2,34,34816,cwt,gadf
120_2_00035.png,BF007,120_2,35,35840,cwt,gadf
120_2_00036.png,BF007,120_2,36,36864,cwt,gadf
120_2_00037.png,BF007,120_2,37,37888,cwt,gadf
120_2_00038.png,BF007,120_2,38,38912,cwt,gadf
120_2_00039.png,BF007,120_2,39,39936,cwt,gadf
120_2_00040.png,BF007,120_2,40,40960,cwt,gadf
120_2_00041.png,BF007,120_2,41,41984,cwt,gadf
120_2_00042.png,BF007,120_2,42,43008,cwt,gadf
120_2_00043.png,BF007,120_2,43,44032,cwt,gadf
120_2_00044.png,BF007,120_2,44,45056,cwt,gadf
120_2_00045.png,BF007,120_2,45,46080,cwt,gadf
120_2_00046.png,BF007,120_2,46,47104,cwt,gadf
120_2_00047.png,BF007,120_2,47,48128,cwt,gadf
120_2_00048.png,BF007,120_2,48,49152,cwt,gadf
120_2_00049.png,BF007,120_2,49,50176,cwt,gadf
120_2_00050.png,BF007,120_2,50,51200,cwt,gadf
120_2_00051.png,BF007,120_2,51,52224,cwt,gadf
120_2_00052.png,BF007,120_2,52,53248,cwt,gadf
120_2_00053.png,BF007,120_2,53,54272,cwt,gadf
120_2_00054.png,BF007,120_2,54,55296,cwt,gadf
120_2_00055.png,BF007,120_2,55,56320,cwt,gadf
120_2_00056.png,BF007,120_2,56,57344,cwt,gadf
120_2_00057.png,BF007,120_2,57,58368,cwt,gadf
120_2_00058.png,BF007,120_2,58,59392,cwt,gadf
120_2_00059.png,BF007,120_2,59,60416,cwt,gadf
120_2_00060.png,BF007,120_2,60,61440,cwt,gadf
120_2_00061.png,BF007,120_2,61,62464,cwt,gadf
120_2_00062.png,BF007,120_2,62,63488,cwt,gadf
120_2_00063.png,BF007,120_2,63,64512,cwt,gadf
120_2_00064.png,BF007,120_2,64,65536,cwt,gadf
120_2_00065.png,BF007,120_2,65,66560,cwt,gadf
120_2_00066.png,BF007,120_2,66,67584,cwt,gadf
120_2_00067.png,BF007,120_2,67,68608,cwt,gadf
120_2_00068.png,BF007,120_2,68,69632,cwt,gadf
120_2_00069.png,BF007,120_2,69,70656,cwt,gadf
120_2_00070.png,BF007,120_2,70,71680,cwt,gadf
120_2_00071.png,BF007,120_2,71,72704,cwt,gadf
120_2_00072.png,BF007,120_2,72,73728,cwt,gadf
120_2_00073.png,BF007,120_2,73,74752,cwt,gadf
120_2_00074.png,BF007,120_2,74,75776,cwt,gadf
120_2_00075.png,BF007,120_2,75,76800,cwt,gadf
120_2_00076.png,BF007,120_2,76,77824,cwt,gadf
120_2_00077.png,BF007,120_2,77,78848,cwt,gadf
120_2_00078.png,BF007,120_2,78,79872,cwt,gadf
120_2_00079.png,BF007,120_2,79,80896,cwt,gadf
120_2_00080.png,BF007,120_2,80,81920,cwt,gadf
120_2_00081.png,BF007,120_2,81,82944,cwt,gadf
120_2_00082.png,BF007,120_2,82,83968,cwt,gadf
120_2_00083.png,BF007,120_2,83,84992,cwt,gadf
120_2_00084.png,BF007,120_2,84,86016,cwt,gadf
120_2_00085.png,BF007,120_2,85,87040,cwt,gadf
120_2_00086.png,BF007,120_2,86,88064,cwt,gadf
120_2_00087.png,BF007,120_2,87,89088,cwt,gadf
120_2_00088.png,BF007,120_2,88,90112,cwt,gadf
120_2_00089.png,BF007,120_2,89,91136,cwt,gadf
120_2_00090.png,BF007,120_2,90,92160,cwt,gadf
120_2_00091.png,BF007,120_2,91,93184,cwt,gadf
120_2_00092.png,BF007,120_2,92,94208,cwt,gadf
120_2_00093.png,BF007,120_2,93,95232,cwt,gadf
120_2_00094.png,BF007,120_2,94,96256,cwt,gadf
120_2_00095.png,BF007,120_2,95,97280,cwt,gadf
120_2_00096.png,BF007,120_2,96,98304,cwt,gadf
120_2_00097.png,BF007,120_2,97,99328,cwt,gadf
120_2_00098.png,BF007,120_2,98,100352,cwt,gadf
120_2_00099.png,BF007,120_2,99,101376,cwt,gadf
120_2_00100.png,BF007,120_2,100,102400,cwt,gadf
120_2_00101.png,BF007,120_2,101,103424,cwt,gadf
120_2_00102.png,BF007,120_2,102,104448,cwt,gadf
120_2_00103.png,BF007,120_2,103,105472,cwt,gadf
120_2_00104.png,BF007,120_2,104,106496,cwt,gadf
120_2_00105.png,BF007,120_2,105,107520,cwt,gadf
120_2_00106.png,BF007,120_2,106,108544,cwt,gadf
120_2_00107.png,BF007,120_2,107,109568,cwt,gadf
120_2_00108.png,BF007,120_2,108,110592,cwt,gadf
120_2_00109.png,BF007,120_2,109,111616,cwt,gadf
120_2_00110.png,BF007,120_2,110,112640,cwt,gadf
120_2_00111.png,BF007,120_2,111,113664,cwt,gadf
120_2_00112.png,BF007,120_2,112,114688,cwt,gadf
120_2_00113.png,BF007,120_2,113,115712,cwt,gadf
120_2_00114.png,BF007,120_2,114,116736,cwt,gadf
120_2_00115.png,BF007,120_2,115,117760,cwt,gadf
120_2_00116.png,BF007,120_2,116,118784,cwt,gadf
121_3_00000.png,BF007,121_3,0,0,cwt,gadf
121_3_00001.png,BF007,121_3,1,1024,cwt,gadf
121_3_00002.png,BF007,121_3,2,2048,cwt,gadf
121_3_00003.png,BF007,121_3,3,3072,cwt,gadf
121_3_00004.png,BF007,121_3,4,4096,cwt,gadf
121_3_00005.png,BF007,121_3,5,5120,cwt,gadf
121_3_00006.png,BF007,121_3,6,6144,cwt,gadf
121_3_00007.png,BF007,121_3,7,7168,cwt,gadf
121_3_00008.png,BF007,121_3,8,8192,cwt,gadf
121_3_00009.png,BF007,121_3,9,9216,cwt,gadf
121_3_00010.png,BF007,121_3,10,10240,cwt,gadf
121_3_00011.png,BF007,121_3,11,11264,cwt,gadf
121_3_00012.png,BF007,121_3,12,12288,cwt,gadf
121_3_00013.png,BF007,121_3,13,13312,cwt,gadf
121_3_00014.png,BF007,121_3,14,14336,cwt,gadf
121_3_00015.png,BF007,121_3,15,15360,cwt,gadf
121_3_00016.png,BF007,121_3,16,16384,cwt,gadf
121_3_00017.png,BF007,121_3,17,17408,cwt,gadf
121_3_00018.png,BF007,121_3,18,18432,cwt,gadf
121_3_00019.png,BF007,121_3,19,19456,cwt,gadf
121_3_00020.png,BF007,121_3,20,20480,cwt,gadf
121_3_00021.png,BF007,121_3,21,21504,cwt,gadf
121_3_00022.png,BF007,121_3,22,22528,cwt,gadf
121_3_00023.png,BF007,121_3,23,23552,cwt,gadf
121_3_00024.png,BF007,121_3,24,24576,cwt,gadf
121_3_00025.png,BF007,121_3,25,25600,cwt,gadf
121_3_00026.png,BF007,121_3,26,26624,cwt,gadf
121_3_00027.png,BF007,121_3,27,27648,cwt,gadf
121_3_00028.png,BF007,121_3,28,28672,cwt,gadf
121_3_00029.png,BF007,121_3,29,29696,cwt,gadf
121_3_00030.png,BF007,121_3,30,30720,cwt,gadf
121_3_00031.png,BF007,121_3,31,31744,cwt,gadf
121_3_00032.png,BF007,121_3,32,32768,cwt,gadf
121_3_00033.png,BF007,121_3,33,33792,cwt,gadf
121_3_00034.png,BF007,121_3,34,34816,cwt,gadf
121_3_00035.png,BF007,121_3,35,35840,cwt,gadf
121_3_00036.png,BF007,121_3,36,36864,cwt,gadf
121_3_00037.png,BF007,121_3,37,37888,cwt,gadf
121_3_00038.png,BF007,121_3,38,38912,cwt,gadf
121_3_00039.png,BF007,121_3,39,39936,cwt,gadf
121_3_00040.png,BF007,121_3,40,40960,cwt,gadf
121_3_00041.png,BF007,121_3,41,41984,cwt,gadf
121_3_00042.png,BF007,121_3,42,43008,cwt,gadf
121_3_00043.png,BF007,121_3,43,44032,cwt,gadf
121_3_00044.png,BF007,121_3,44,45056,cwt,gadf
121_3_00045.png,BF007,121_3,45,46080,cwt,gadf
121_3_00046.png,BF007,121_3,46,47104,cwt,gadf
121_3_00047.png,BF007,121_3,47,48128,cwt,gadf
121_3_00048.png,BF007,121_3,48,49152,cwt,gadf
121_3_00049.png,BF007,121_3,49,50176,cwt,gadf
121_3_00050.png,BF007,121_3,50,51200,cwt,gadf
121_3_00051.png,BF007,121_3,51,52224,cwt,gadf
121_3_00052.png,BF007,121_3,52,53248,cwt,gadf
121_3_00053.png,BF007,121_3,53,54272,cwt,gadf
121_3_00054.png,BF007,121_3,54,55296,cwt,gadf
121_3_00055.png,BF007,121_3,55,56320,cwt,gadf
121_3_00056.png,BF007,121_3,56,57344,cwt,gadf
121_3_00057.png,BF007,121_3,57,58368,cwt,gadf
121_3_00058.png,BF007,121_3,58,59392,cwt,gadf
121_3_00059.png,BF007,121_3,59,60416,cwt,gadf
121_3_00060.png,BF007,121_3,60,61440,cwt,gadf
121_3_00061.png,BF007,121_3,61,62464,cwt,gadf
121_3_00062.png,BF007,121_3,62,63488,cwt,gadf
121_3_00063.png,BF007,121_3,63,64512,cwt,gadf
121_3_00064.png,BF007,121_3,64,65536,cwt,gadf
121_3_00065.png,BF007,121_3,65,66560,cwt,gadf
121_3_00066.png,BF007,121_3,66,67584,cwt,gadf
121_3_00067.png,BF007,121_3,67,68608,cwt,gadf
121_3_00068.png,BF007,121_3,68,69632,cwt,gadf
121_3_00069.png,BF007,121_3,69,70656,cwt,gadf
121_3_00070.png,BF007,121_3,70,71680,cwt,gadf
121_3_00071.png,BF007,121_3,71,72704,cwt,gadf
121_3_00072.png,BF007,121_3,72,73728,cwt,gadf
121_3_00073.png,BF007,121_3,73,74752,cwt,gadf
121_3_00074.png,BF007,121_3,74,75776,cwt,gadf
121_3_00075.png,BF007,121_3,75,76800,cwt,gadf
121_3_00076.png,BF007,121_3,76,77824,cwt,gadf
121_3_00077.png,BF007,121_3,77,78848,cwt,gadf
121_3_00078.png,BF007,121_3,78,79872,cwt,gadf
121_3_00079.png,BF007,121_3,79,80896,cwt,gadf
121_3_00080.png,BF007,121_3,80,81920,cwt,gadf
121_3_00081.png,BF007,121_3,81,82944,cwt,gadf
121_3_00082.png,BF007,121_3,82,83968,cwt,gadf
121_3_00083.png,BF007,121_3,83,84992,cwt,gadf
121_3_00084.png,BF007,121_3,84,86016,cwt,gadf
121_3_00085.png,BF007,121_3,85,87040,cwt,gadf
121_3_00086.png,BF007,121_3,86,88064,cwt,gadf
121_3_00087.png,BF007,121_3,87,89088,cwt,gadf
121_3_00088.png,BF007,121_3,88,90112,cwt,gadf
121_3_00089.png,BF007,121_3,89,91136,cwt,gadf
121_3_00090.png,BF007,121_3,90,92160,cwt,gadf
121_3_00091.png,BF007,121_3,91,93184,cwt,gadf
121_3_00092.png,BF007,121_3,92,94208,cwt,gadf
121_3_00093.png,BF007,121_3,93,95232,cwt,gadf
121_3_00094.png,BF007,121_3,94,96256,cwt,gadf
121_3_00095.png,BF007,121_3,95,97280,cwt,gadf
121_3_00096.png,BF007,121_3,96,98304,cwt,gadf
121_3_00097.png,BF007,121_3,97,99328,cwt,gadf
121_3_00098.png,BF007,121_3,98,100352,cwt,gadf
121_3_00099.png,BF007,121_3,99,101376,cwt,gadf
121_3_00100.png,BF007,121_3,100,102400,cwt,gadf
121_3_00101.png,BF007,121_3,101,103424,cwt,gadf
121_3_00102.png,BF007,121_3,102,104448,cwt,gadf
121_3_00103.png,BF007,121_3,103,105472,cwt,gadf
121_3_00104.png,BF007,121_3,104,106496,cwt,gadf
121_3_00105.png,BF007,121_3,105,107520,cwt,gadf
121_3_00106.png,BF007,121_3,106,108544,cwt,gadf
121_3_00107.png,BF007,121_3,107,109568,cwt,gadf
121_3_00108.png,BF007,121_3,108,110592,cwt,gadf
121_3_00109.png,BF007,121_3,109,111616,cwt,gadf
121_3_00110.png,BF007,121_3,110,112640,cwt,gadf
121_3_00111.png,BF007,121_3,111,113664,cwt,gadf
121_3_00112.png,BF007,121_3,112,114688,cwt,gadf
121_3_00113.png,BF007,121_3,113,115712,cwt,gadf
121_3_00114.png,BF007,121_3,114,116736,cwt,gadf
121_3_00115.png,BF007,121_3,115,117760,cwt,gadf
121_3_00116.png,BF007,121_3,116,118784,cwt,gadf
185_0_00000.png,BF014,185_0,0,0,cwt,gadf
185_0_00001.png,BF014,185_0,1,1024,cwt,gadf
185_0_00002.png,BF014,185_0,2,2048,cwt,gadf
185_0_00003.png,BF014,185_0,3,3072,cwt,gadf
185_0_00004.png,BF014,185_0,4,4096,cwt,gadf
185_0_00005.png,BF014,185_0,5,5120,cwt,gadf
185_0_00006.png,BF014,185_0,6,6144,cwt,gadf
185_0_00007.png,BF014,185_0,7,7168,cwt,gadf
185_0_00008.png,BF014,185_0,8,8192,cwt,gadf
185_0_00009.png,BF014,185_0,9,9216,cwt,gadf
185_0_00010.png,BF014,185_0,10,10240,cwt,gadf
185_0_00011.png,BF014,185_0,11,11264,cwt,gadf
185_0_00012.png,BF014,185_0,12,12288,cwt,gadf
185_0_00013.png,BF014,185_0,13,13312,cwt,gadf
185_0_00014.png,BF014,185_0,14,14336,cwt,gadf
185_0_00015.png,BF014,185_0,15,15360,cwt,gadf
185_0_00016.png,BF014,185_0,16,16384,cwt,gadf
185_0_00017.png,BF014,185_0,17,17408,cwt,gadf
185_0_00018.png,BF014,185_0,18,18432,cwt,gadf
185_0_00019.png,BF014,185_0,19,19456,cwt,gadf
185_0_00020.png,BF014,185_0,20,20480,cwt,gadf
185_0_00021.png,BF014,185_0,21,21504,cwt,gadf
185_0_00022.png,BF014,185_0,22,22528,cwt,gadf
185_0_00023.png,BF014,185_0,23,23552,cwt,gadf
185_0_00024.png,BF014,185_0,24,24576,cwt,gadf
185_0_00025.png,BF014,185_0,25,25600,cwt,gadf
185_0_00026.png,BF014,185_0,26,26624,cwt,gadf
185_0_00027.png,BF014,185_0,27,27648,cwt,gadf
185_0_00028.png,BF014,185_0,28,28672,cwt,gadf
185_0_00029.png,BF014,185_0,29,29696,cwt,gadf
185_0_00030.png,BF014,185_0,30,30720,cwt,gadf
185_0_00031.png,BF014,185_0,31,31744,cwt,gadf
185_0_00032.png,BF014,185_0,32,32768,cwt,gadf
185_0_00033.png,BF014,185_0,33,33792,cwt,gadf
185_0_00034.png,BF014,185_0,34,34816,cwt,gadf
185_0_00035.png,BF014,185_0,35,35840,cwt,gadf
185_0_00036.png,BF014,185_0,36,36864,cwt,gadf
185_0_00037.png,BF014,185_0,37,37888,cwt,gadf
185_0_00038.png,BF014,185_0,38,38912,cwt,gadf
185_0_00039.png,BF014,185_0,39,39936,cwt,gadf
185_0_00040.png,BF014,185_0,40,40960,cwt,gadf
185_0_00041.png,BF014,185_0,41,41984,cwt,gadf
185_0_00042.png,BF014,185_0,42,43008,cwt,gadf
185_0_00043.png,BF014,185_0,43,44032,cwt,gadf
185_0_00044.png,BF014,185_0,44,45056,cwt,gadf
185_0_00045.png,BF014,185_0,45,46080,cwt,gadf
185_0_00046.png,BF014,185_0,46,47104,cwt,gadf
185_0_00047.png,BF014,185_0,47,48128,cwt,gadf
185_0_00048.png,BF014,185_0,48,49152,cwt,gadf
185_0_00049.png,BF014,185_0,49,50176,cwt,gadf
185_0_00050.png,BF014,185_0,50,51200,cwt,gadf
185_0_00051.png,BF014,185_0,51,52224,cwt,gadf
185_0_00052.png,BF014,185_0,52,53248,cwt,gadf
185_0_00053.png,BF014,185_0,53,54272,cwt,gadf
185_0_00054.png,BF014,185_0,54,55296,cwt,gadf
185_0_00055.png,BF014,185_0,55,56320,cwt,gadf
185_0_00056.png,BF014,185_0,56,57344,cwt,gadf
185_0_00057.png,BF014,185_0,57,58368,cwt,gadf
185_0_00058.png,BF014,185_0,58,59392,cwt,gadf
185_0_00059.png,BF014,185_0,59,60416,cwt,gadf
185_0_00060.png,BF014,185_0,60,61440,cwt,gadf
185_0_00061.png,BF014,185_0,61,62464,cwt,gadf
185_0_00062.png,BF014,185_0,62,63488,cwt,gadf
185_0_00063.png,BF014,185_0,63,64512,cwt,gadf
185_0_00064.png,BF014,185_0,64,65536,cwt,gadf
185_0_00065.png,BF014,185_0,65,66560,cwt,gadf
185_0_00066.png,BF014,185_0,66,67584,cwt,gadf
185_0_00067.png,BF014,185_0,67,68608,cwt,gadf
185_0_00068.png,BF014,185_0,68,69632,cwt,gadf
185_0_00069.png,BF014,185_0,69,70656,cwt,gadf
185_0_00070.png,BF014,185_0,70,71680,cwt,gadf
185_0_00071.png,BF014,185_0,71,72704,cwt,gadf
185_0_00072.png,BF014,185_0,72,73728,cwt,gadf
185_0_00073.png,BF014,185_0,73,74752,cwt,gadf
185_0_00074.png,BF014,185_0,74,75776,cwt,gadf
185_0_00075.png,BF014,185_0,75,76800,cwt,gadf
185_0_00076.png,BF014,185_0,76,77824,cwt,gadf
185_0_00077.png,BF014,185_0,77,78848,cwt,gadf
185_0_00078.png,BF014,185_0,78,79872,cwt,gadf
185_0_00079.png,BF014,185_0,79,80896,cwt,gadf
185_0_00080.png,BF014,185_0,80,81920,cwt,gadf
185_0_00081.png,BF014,185_0,81,82944,cwt,gadf
185_0_00082.png,BF014,185_0,82,83968,cwt,gadf
185_0_00083.png,BF014,185_0,83,84992,cwt,gadf
185_0_00084.png,BF014,185_0,84,86016,cwt,gadf
185_0_00085.png,BF014,185_0,85,87040,cwt,gadf
185_0_00086.png,BF014,185_0,86,88064,cwt,gadf
185_0_00087.png,BF014,185_0,87,89088,cwt,gadf
185_0_00088.png,BF014,185_0,88,90112,cwt,gadf
185_0_00089.png,BF014,185_0,89,91136,cwt,gadf
185_0_00090.png,BF014,185_0,90,92160,cwt,gadf
185_0_00091.png,BF014,185_0,91,93184,cwt,gadf
185_0_00092.png,BF014,185_0,92,94208,cwt,gadf
185_0_00093.png,BF014,185_0,93,95232,cwt,gadf
185_0_00094.png,BF014,185_0,94,96256,cwt,gadf
185_0_00095.png,BF014,185_0,95,97280,cwt,gadf
185_0_00096.png,BF014,185_0,96,98304,cwt,gadf
185_0_00097.png,BF014,185_0,97,99328,cwt,gadf
185_0_00098.png,BF014,185_0,98,100352,cwt,gadf
185_0_00099.png,BF014,185_0,99,101376,cwt,gadf
185_0_00100.png,BF014,185_0,100,102400,cwt,gadf
185_0_00101.png,BF014,185_0,101,103424,cwt,gadf
185_0_00102.png,BF014,185_0,102,104448,cwt,gadf
185_0_00103.png,BF014,185_0,103,105472,cwt,gadf
185_0_00104.png,BF014,185_0,104,106496,cwt,gadf
185_0_00105.png,BF014,185_0,105,107520,cwt,gadf
185_0_00106.png,BF014,185_0,106,108544,cwt,gadf
185_0_00107.png,BF014,185_0,107,109568,cwt,gadf
185_0_00108.png,BF014,185_0,108,110592,cwt,gadf
185_0_00109.png,BF014,185_0,109,111616,cwt,gadf
185_0_00110.png,BF014,185_0,110,112640,cwt,gadf
185_0_00111.png,BF014,185_0,111,113664,cwt,gadf
185_0_00112.png,BF014,185_0,112,114688,cwt,gadf
185_0_00113.png,BF014,185_0,113,115712,cwt,gadf
185_0_00114.png,BF014,185_0,114,116736,cwt,gadf
185_0_00115.png,BF014,185_0,115,117760,cwt,gadf
185_0_00116.png,BF014,185_0,116,118784,cwt,gadf
186_1_00000.png,BF014,186_1,0,0,cwt,gadf
186_1_00001.png,BF014,186_1,1,1024,cwt,gadf
186_1_00002.png,BF014,186_1,2,2048,cwt,gadf
186_1_00003.png,BF014,186_1,3,3072,cwt,gadf
186_1_00004.png,BF014,186_1,4,4096,cwt,gadf
186_1_00005.png,BF014,186_1,5,5120,cwt,gadf
186_1_00006.png,BF014,186_1,6,6144,cwt,gadf
186_1_00007.png,BF014,186_1,7,7168,cwt,gadf
186_1_00008.png,BF014,186_1,8,8192,cwt,gadf
186_1_00009.png,BF014,186_1,9,9216,cwt,gadf
186_1_00010.png,BF014,186_1,10,10240,cwt,gadf
186_1_00011.png,BF014,186_1,11,11264,cwt,gadf
186_1_00012.png,BF014,186_1,12,12288,cwt,gadf
186_1_00013.png,BF014,186_1,13,13312,cwt,gadf
186_1_00014.png,BF014,186_1,14,14336,cwt,gadf
186_1_00015.png,BF014,186_1,15,15360,cwt,gadf
186_1_00016.png,BF014,186_1,16,16384,cwt,gadf
186_1_00017.png,BF014,186_1,17,17408,cwt,gadf
186_1_00018.png,BF014,186_1,18,18432,cwt,gadf
186_1_00019.png,BF014,186_1,19,19456,cwt,gadf
186_1_00020.png,BF014,186_1,20,20480,cwt,gadf
186_1_00021.png,BF014,186_1,21,21504,cwt,gadf
186_1_00022.png,BF014,186_1,22,22528,cwt,gadf
186_1_00023.png,BF014,186_1,23,23552,cwt,gadf
186_1_00024.png,BF014,186_1,24,24576,cwt,gadf
186_1_00025.png,BF014,186_1,25,25600,cwt,gadf
186_1_00026.png,BF014,186_1,26,26624,cwt,gadf
186_1_00027.png,BF014,186_1,27,27648,cwt,gadf
186_1_00028.png,BF014,186_1,28,28672,cwt,gadf
186_1_00029.png,BF014,186_1,29,29696,cwt,gadf
186_1_00030.png,BF014,186_1,30,30720,cwt,gadf
186_1_00031.png,BF014,186_1,31,31744,cwt,gadf
186_1_00032.png,BF014,186_1,32,32768,cwt,gadf
186_1_00033.png,BF014,186_1,33,33792,cwt,gadf
186_1_00034.png,BF014,186_1,34,34816,cwt,gadf
186_1_00035.png,BF014,186_1,35,35840,cwt,gadf
186_1_00036.png,BF014,186_1,36,36864,cwt,gadf
186_1_00037.png,BF014,186_1,37,37888,cwt,gadf
186_1_00038.png,BF014,186_1,38,38912,cwt,gadf
186_1_00039.png,BF014,186_1,39,39936,cwt,gadf
186_1_00040.png,BF014,186_1,40,40960,cwt,gadf
186_1_00041.png,BF014,186_1,41,41984,cwt,gadf
186_1_00042.png,BF014,186_1,42,43008,cwt,gadf
186_1_00043.png,BF014,186_1,43,44032,cwt,gadf
186_1_00044.png,BF014,186_1,44,45056,cwt,gadf
186_1_00045.png,BF014,186_1,45,46080,cwt,gadf
186_1_00046.png,BF014,186_1,46,47104,cwt,gadf
186_1_00047.png,BF014,186_1,47,48128,cwt,gadf
186_1_00048.png,BF014,186_1,48,49152,cwt,gadf
186_1_00049.png,BF014,186_1,49,50176,cwt,gadf
186_1_00050.png,BF014,186_1,50,51200,cwt,gadf
186_1_00051.png,BF014,186_1,51,52224,cwt,gadf
186_1_00052.png,BF014,186_1,52,53248,cwt,gadf
186_1_00053.png,BF014,186_1,53,54272,cwt,gadf
186_1_00054.png,BF014,186_1,54,55296,cwt,gadf
186_1_00055.png,BF014,186_1,55,56320,cwt,gadf
186_1_00056.png,BF014,186_1,56,57344,cwt,gadf
186_1_00057.png,BF014,186_1,57,58368,cwt,gadf
186_1_00058.png,BF014,186_1,58,59392,cwt,gadf
186_1_00059.png,BF014,186_1,59,60416,cwt,gadf
186_1_00060.png,BF014,186_1,60,61440,cwt,gadf
186_1_00061.png,BF014,186_1,61,62464,cwt,gadf
186_1_00062.png,BF014,186_1,62,63488,cwt,gadf
186_1_00063.png,BF014,186_1,63,64512,cwt,gadf
186_1_00064.png,BF014,186_1,64,65536,cwt,gadf
186_1_00065.png,BF014,186_1,65,66560,cwt,gadf
186_1_00066.png,BF014,186_1,66,67584,cwt,gadf
186_1_00067.png,BF014,186_1,67,68608,cwt,gadf
186_1_00068.png,BF014,186_1,68,69632,cwt,gadf
186_1_00069.png,BF014,186_1,69,70656,cwt,gadf
186_1_00070.png,BF014,186_1,70,71680,cwt,gadf
186_1_00071.png,BF014,186_1,71,72704,cwt,gadf
186_1_00072.png,BF014,186_1,72,73728,cwt,gadf
186_1_00073.png,BF014,186_1,73,74752,cwt,gadf
186_1_00074.png,BF014,186_1,74,75776,cwt,gadf
186_1_00075.png,BF014,186_1,75,76800,cwt,gadf
186_1_00076.png,BF014,186_1,76,77824,cwt,gadf
186_1_00077.png,BF014,186_1,77,78848,cwt,gadf
186_1_00078.png,BF014,186_1,78,79872,cwt,gadf
186_1_00079.png,BF014,186_1,79,80896,cwt,gadf
186_1_00080.png,BF014,186_1,80,81920,cwt,gadf
186_1_00081.png,BF014,186_1,81,82944,cwt,gadf
186_1_00082.png,BF014,186_1,82,83968,cwt,gadf
186_1_00083.png,BF014,186_1,83,84992,cwt,gadf
186_1_00084.png,BF014,186_1,84,86016,cwt,gadf
186_1_00085.png,BF014,186_1,85,87040,cwt,gadf
186_1_00086.png,BF014,186_1,86,88064,cwt,gadf
186_1_00087.png,BF014,186_1,87,89088,cwt,gadf
186_1_00088.png,BF014,186_1,88,90112,cwt,gadf
186_1_00089.png,BF014,186_1,89,91136,cwt,gadf
186_1_00090.png,BF014,186_1,90,92160,cwt,gadf
186_1_00091.png,BF014,186_1,91,93184,cwt,gadf
186_1_00092.png,BF014,186_1,92,94208,cwt,gadf
186_1_00093.png,BF014,186_1,93,95232,cwt,gadf
186_1_00094.png,BF014,186_1,94,96256,cwt,gadf
186_1_00095.png,BF014,186_1,95,97280,cwt,gadf
186_1_00096.png,BF014,186_1,96,98304,cwt,gadf
186_1_00097.png,BF014,186_1,97,99328,cwt,gadf
186_1_00098.png,BF014,186_1,98,100352,cwt,gadf
186_1_00099.png,BF014,186_1,99,101376,cwt,gadf
186_1_00100.png,BF014,186_1,100,102400,cwt,gadf
186_1_00101.png,BF014,186_1,101,103424,cwt,gadf
186_1_00102.png,BF014,186_1,102,104448,cwt,gadf
186_1_00103.png,BF014,186_1,103,105472,cwt,gadf
186_1_00104.png,BF014,186_1,104,106496,cwt,gadf
186_1_00105.png,BF014,186_1,105,107520,cwt,gadf
186_1_00106.png,BF014,186_1,106,108544,cwt,gadf
186_1_00107.png,BF014,186_1,107,109568,cwt,gadf
186_1_00108.png,BF014,186_1,108,110592,cwt,gadf
186_1_00109.png,BF014,186_1,109,111616,cwt,gadf
186_1_00110.png,BF014,186_1,110,112640,cwt,gadf
186_1_00111.png,BF014,186_1,111,113664,cwt,gadf
186_1_00112.png,BF014,186_1,112,114688,cwt,gadf
186_1_00113.png,BF014,186_1,113,115712,cwt,gadf
186_1_00114.png,BF014,186_1,114,116736,cwt,gadf
186_1_00115.png,BF014,186_1,115,117760,cwt,gadf
186_1_00116.png,BF014,186_1,116,118784,cwt,gadf
186_1_00117.png,BF014,186_1,117,119808,cwt,gadf
187_2_00000.png,BF014,187_2,0,0,cwt,gadf
187_2_00001.png,BF014,187_2,1,1024,cwt,gadf
187_2_00002.png,BF014,187_2,2,2048,cwt,gadf
187_2_00003.png,BF014,187_2,3,3072,cwt,gadf
187_2_00004.png,BF014,187_2,4,4096,cwt,gadf
187_2_00005.png,BF014,187_2,5,5120,cwt,gadf
187_2_00006.png,BF014,187_2,6,6144,cwt,gadf
187_2_00007.png,BF014,187_2,7,7168,cwt,gadf
187_2_00008.png,BF014,187_2,8,8192,cwt,gadf
187_2_00009.png,BF014,187_2,9,9216,cwt,gadf
187_2_00010.png,BF014,187_2,10,10240,cwt,gadf
187_2_00011.png,BF014,187_2,11,11264,cwt,gadf
187_2_00012.png,BF014,187_2,12,12288,cwt,gadf
187_2_00013.png,BF014,187_2,13,13312,cwt,gadf
187_2_00014.png,BF014,187_2,14,14336,cwt,gadf
187_2_00015.png,BF014,187_2,15,15360,cwt,gadf
187_2_00016.png,BF014,187_2,16,16384,cwt,gadf
187_2_00017.png,BF014,187_2,17,17408,cwt,gadf
187_2_00018.png,BF014,187_2,18,18432,cwt,gadf
187_2_00019.png,BF014,187_2,19,19456,cwt,gadf
187_2_00020.png,BF014,187_2,20,20480,cwt,gadf
187_2_00021.png,BF014,187_2,21,21504,cwt,gadf
187_2_00022.png,BF014,187_2,22,22528,cwt,gadf
187_2_00023.png,BF014,187_2,23,23552,cwt,gadf
187_2_00024.png,BF014,187_2,24,24576,cwt,gadf
187_2_00025.png,BF014,187_2,25,25600,cwt,gadf
187_2_00026.png,BF014,187_2,26,26624,cwt,gadf
187_2_00027.png,BF014,187_2,27,27648,cwt,gadf
187_2_00028.png,BF014,187_2,28,28672,cwt,gadf
187_2_00029.png,BF014,187_2,29,29696,cwt,gadf
187_2_00030.png,BF014,187_2,30,30720,cwt,gadf
187_2_00031.png,BF014,187_2,31,31744,cwt,gadf
187_2_00032.png,BF014,187_2,32,32768,cwt,gadf
187_2_00033.png,BF014,187_2,33,33792,cwt,gadf
187_2_00034.png,BF014,187_2,34,34816,cwt,gadf
187_2_00035.png,BF014,187_2,35,35840,cwt,gadf
187_2_00036.png,BF014,187_2,36,36864,cwt,gadf
187_2_00037.png,BF014,187_2,37,37888,cwt,gadf
187_2_00038.png,BF014,187_2,38,38912,cwt,gadf
187_2_00039.png,BF014,187_2,39,39936,cwt,gadf
187_2_00040.png,BF014,187_2,40,40960,cwt,gadf
187_2_00041.png,BF014,187_2,41,41984,cwt,gadf
187_2_00042.png,BF014,187_2,42,43008,cwt,gadf
187_2_00043.png,BF014,187_2,43,44032,cwt,gadf
187_2_00044.png,BF014,187_2,44,45056,cwt,gadf
187_2_00045.png,BF014,187_2,45,46080,cwt,gadf
187_2_00046.png,BF014,187_2,46,47104,cwt,gadf
187_2_00047.png,BF014,187_2,47,48128,cwt,gadf
187_2_00048.png,BF014,187_2,48,49152,cwt,gadf
187_2_00049.png,BF014,187_2,49,50176,cwt,gadf
187_2_00050.png,BF014,187_2,50,51200,cwt,gadf
187_2_00051.png,BF014,187_2,51,52224,cwt,gadf
187_2_00052.png,BF014,187_2,52,53248,cwt,gadf
187_2_00053.png,BF014,187_2,53,54272,cwt,gadf
187_2_00054.png,BF014,187_2,54,55296,cwt,gadf
187_2_00055.png,BF014,187_2,55,56320,cwt,gadf
187_2_00056.png,BF014,187_2,56,57344,cwt,gadf
187_2_00057.png,BF014,187_2,57,58368,cwt,gadf
187_2_00058.png,BF014,187_2,58,59392,cwt,gadf
187_2_00059.png,BF014,187_2,59,60416,cwt,gadf
187_2_00060.png,BF014,187_2,60,61440,cwt,gadf
187_2_00061.png,BF014,187_2,61,62464,cwt,gadf
187_2_00062.png,BF014,187_2,62,63488,cwt,gadf
187_2_00063.png,BF014,187_2,63,64512,cwt,gadf
187_2_00064.png,BF014,187_2,64,65536,cwt,gadf
187_2_00065.png,BF014,187_2,65,66560,cwt,gadf
187_2_00066.png,BF014,187_2,66,67584,cwt,gadf
187_2_00067.png,BF014,187_2,67,68608,cwt,gadf
187_2_00068.png,BF014,187_2,68,69632,cwt,gadf
187_2_00069.png,BF014,187_2,69,70656,cwt,gadf
187_2_00070.png,BF014,187_2,70,71680,cwt,gadf
187_2_00071.png,BF014,187_2,71,72704,cwt,gadf
187_2_00072.png,BF014,187_2,72,73728,cwt,gadf
187_2_00073.png,BF014,187_2,73,74752,cwt,gadf
187_2_00074.png,BF014,187_2,74,75776,cwt,gadf
187_2_00075.png,BF014,187_2,75,76800,cwt,gadf
187_2_00076.png,BF014,187_2,76,77824,cwt,gadf
187_2_00077.png,BF014,187_2,77,78848,cwt,gadf
187_2_00078.png,BF014,187_2,78,79872,cwt,gadf
187_2_00079.png,BF014,187_2,79,80896,cwt,gadf
187_2_00080.png,BF014,187_2,80,81920,cwt,gadf
187_2_00081.png,BF014,187_2,81,82944,cwt,gadf
187_2_00082.png,BF014,187_2,82,83968,cwt,gadf
187_2_00083.png,BF014,187_2,83,84992,cwt,gadf
187_2_00084.png,BF014,187_2,84,86016,cwt,gadf
187_2_00085.png,BF014,187_2,85,87040,cwt,gadf
187_2_00086.png,BF014,187_2,86,88064,cwt,gadf
187_2_00087.png,BF014,187_2,87,89088,cwt,gadf
187_2_00088.png,BF014,187_2,88,90112,cwt,gadf
187_2_00089.png,BF014,187_2,89,91136,cwt,gadf
187_2_00090.png,BF014,187_2,90,92160,cwt,gadf
187_2_00091.png,BF014,187_2,91,93184,cwt,gadf
187_2_00092.png,BF014,187_2,92,94208,cwt,gadf
187_2_00093.png,BF014,187_2,93,95232,cwt,gadf
187_2_00094.png,BF014,187_2,94,96256,cwt,gadf
187_2_00095.png,BF014,187_2,95,97280,cwt,gadf
187_2_00096.png,BF014,187_2,96,98304,cwt,gadf
187_2_00097.png,BF014,187_2,97,99328,cwt,gadf
187_2_00098.png,BF014,187_2,98,100352,cwt,gadf
187_2_00099.png,BF014,187_2,99,101376,cwt,gadf
187_2_00100.png,BF014,187_2,100,102400,cwt,gadf
187_2_00101.png,BF014,187_2,101,103424,cwt,gadf
187_2_00102.png,BF014,187_2,102,104448,cwt,gadf
187_2_00103.png,BF014,187_2,103,105472,cwt,gadf
187_2_00104.png,BF014,187_2,104,106496,cwt,gadf
187_2_00105.png,BF014,187_2,105,107520,cwt,gadf
187_2_00106.png,BF014,187_2,106,108544,cwt,gadf
187_2_00107.png,BF014,187_2,107,109568,cwt,gadf
187_2_00108.png,BF014,187_2,108,110592,cwt,gadf
187_2_00109.png,BF014,187_2,109,111616,cwt,gadf
187_2_00110.png,BF014,187_2,110,112640,cwt,gadf
187_2_00111.png,BF014,187_2,111,113664,cwt,gadf
187_2_00112.png,BF014,187_2,112,114688,cwt,gadf
187_2_00113.png,BF014,187_2,113,115712,cwt,gadf
187_2_00114.png,BF014,187_2,114,116736,cwt,gadf
187_2_00115.png,BF014,187_2,115,117760,cwt,gadf
187_2_00116.png,BF014,187_2,116,118784,cwt,gadf
187_2_00117.png,BF014,187_2,117,119808,cwt,gadf
188_3_00000.png,BF014,188_3,0,0,cwt,gadf
188_3_00001.png,BF014,188_3,1,1024,cwt,gadf
188_3_00002.png,BF014,188_3,2,2048,cwt,gadf
188_3_00003.png,BF014,188_3,3,3072,cwt,gadf
188_3_00004.png,BF014,188_3,4,4096,cwt,gadf
188_3_00005.png,BF014,188_3,5,5120,cwt,gadf
188_3_00006.png,BF014,188_3,6,6144,cwt,gadf
188_3_00007.png,BF014,188_3,7,7168,cwt,gadf
188_3_00008.png,BF014,188_3,8,8192,cwt,gadf
188_3_00009.png,BF014,188_3,9,9216,cwt,gadf
188_3_00010.png,BF014,188_3,10,10240,cwt,gadf
188_3_00011.png,BF014,188_3,11,11264,cwt,gadf
188_3_00012.png,BF014,188_3,12,12288,cwt,gadf
188_3_00013.png,BF014,188_3,13,13312,cwt,gadf
188_3_00014.png,BF014,188_3,14,14336,cwt,gadf
188_3_00015.png,BF014,188_3,15,15360,cwt,gadf
188_3_00016.png,BF014,188_3,16,16384,cwt,gadf
188_3_00017.png,BF014,188_3,17,17408,cwt,gadf
188_3_00018.png,BF014,188_3,18,18432,cwt,gadf
188_3_00019.png,BF014,188_3,19,19456,cwt,gadf
188_3_00020.png,BF014,188_3,20,20480,cwt,gadf
188_3_00021.png,BF014,188_3,21,21504,cwt,gadf
188_3_00022.png,BF014,188_3,22,22528,cwt,gadf
188_3_00023.png,BF014,188_3,23,23552,cwt,gadf
188_3_00024.png,BF014,188_3,24,24576,cwt,gadf
188_3_00025.png,BF014,188_3,25,25600,cwt,gadf
188_3_00026.png,BF014,188_3,26,26624,cwt,gadf
188_3_00027.png,BF014,188_3,27,27648,cwt,gadf
188_3_00028.png,BF014,188_3,28,28672,cwt,gadf
188_3_00029.png,BF014,188_3,29,29696,cwt,gadf
188_3_00030.png,BF014,188_3,30,30720,cwt,gadf
188_3_00031.png,BF014,188_3,31,31744,cwt,gadf
188_3_00032.png,BF014,188_3,32,32768,cwt,gadf
188_3_00033.png,BF014,188_3,33,33792,cwt,gadf
188_3_00034.png,BF014,188_3,34,34816,cwt,gadf
188_3_00035.png,BF014,188_3,35,35840,cwt,gadf
188_3_00036.png,BF014,188_3,36,36864,cwt,gadf
188_3_00037.png,BF014,188_3,37,37888,cwt,gadf
188_3_00038.png,BF014,188_3,38,38912,cwt,gadf
188_3_00039.png,BF014,188_3,39,39936,cwt,gadf
188_3_00040.png,BF014,188_3,40,40960,cwt,gadf
188_3_00041.png,BF014,188_3,41,41984,cwt,gadf
188_3_00042.png,BF014,188_3,42,43008,cwt,gadf
188_3_00043.png,BF014,188_3,43,44032,cwt,gadf
188_3_00044.png,BF014,188_3,44,45056,cwt,gadf
188_3_00045.png,BF014,188_3,45,46080,cwt,gadf
188_3_00046.png,BF014,188_3,46,47104,cwt,gadf
188_3_00047.png,BF014,188_3,47,48128,cwt,gadf
188_3_00048.png,BF014,188_3,48,49152,cwt,gadf
188_3_00049.png,BF014,188_3,49,50176,cwt,gadf
188_3_00050.png,BF014,188_3,50,51200,cwt,gadf
188_3_00051.png,BF014,188_3,51,52224,cwt,gadf
188_3_00052.png,BF014,188_3,52,53248,cwt,gadf
188_3_00053.png,BF014,188_3,53,54272,cwt,gadf
188_3_00054.png,BF014,188_3,54,55296,cwt,gadf
188_3_00055.png,BF014,188_3,55,56320,cwt,gadf
188_3_00056.png,BF014,188_3,56,57344,cwt,gadf
188_3_00057.png,BF014,188_3,57,58368,cwt,gadf
188_3_00058.png,BF014,188_3,58,59392,cwt,gadf
188_3_00059.png,BF014,188_3,59,60416,cwt,gadf
188_3_00060.png,BF014,188_3,60,61440,cwt,gadf
188_3_00061.png,BF014,188_3,61,62464,cwt,gadf
188_3_00062.png,BF014,188_3,62,63488,cwt,gadf
188_3_00063.png,BF014,188_3,63,64512,cwt,gadf
188_3_00064.png,BF014,188_3,64,65536,cwt,gadf
188_3_00065.png,BF014,188_3,65,66560,cwt,gadf
188_3_00066.png,BF014,188_3,66,67584,cwt,gadf
188_3_00067.png,BF014,188_3,67,68608,cwt,gadf
188_3_00068.png,BF014,188_3,68,69632,cwt,gadf
188_3_00069.png,BF014,188_3,69,70656,cwt,gadf
188_3_00070.png,BF014,188_3,70,71680,cwt,gadf
188_3_00071.png,BF014,188_3,71,72704,cwt,gadf
188_3_00072.png,BF014,188_3,72,73728,cwt,gadf
188_3_00073.png,BF014,188_3,73,74752,cwt,gadf
188_3_00074.png,BF014,188_3,74,75776,cwt,gadf
188_3_00075.png,BF014,188_3,75,76800,cwt,gadf
188_3_00076.png,BF014,188_3,76,77824,cwt,gadf
188_3_00077.png,BF014,188_3,77,78848,cwt,gadf
188_3_00078.png,BF014,188_3,78,79872,cwt,gadf
188_3_00079.png,BF014,188_3,79,80896,cwt,gadf
188_3_00080.png,BF014,188_3,80,81920,cwt,gadf
188_3_00081.png,BF014,188_3,81,82944,cwt,gadf
188_3_00082.png,BF014,188_3,82,83968,cwt,gadf
188_3_00083.png,BF014,188_3,83,84992,cwt,gadf
188_3_00084.png,BF014,188_3,84,86016,cwt,gadf
188_3_00085.png,BF014,188_3,85,87040,cwt,gadf
188_3_00086.png,BF014,188_3,86,88064,cwt,gadf
188_3_00087.png,BF014,188_3,87,89088,cwt,gadf
188_3_00088.png,BF014,188_3,88,90112,cwt,gadf
188_3_00089.png,BF014,188_3,89,91136,cwt,gadf
188_3_00090.png,BF014,188_3,90,92160,cwt,gadf
188_3_00091.png,BF014,188_3,91,93184,cwt,gadf
188_3_00092.png,BF014,188_3,92,94208,cwt,gadf
188_3_00093.png,BF014,188_3,93,95232,cwt,gadf
188_3_00094.png,BF014,188_3,94,96256,cwt,gadf
188_3_00095.png,BF014,188_3,95,97280,cwt,gadf
188_3_00096.png,BF014,188_3,96,98304,cwt,gadf
188_3_00097.png,BF014,188_3,97,99328,cwt,gadf
188_3_00098.png,BF014,188_3,98,100352,cwt,gadf
188_3_00099.png,BF014,188_3,99,101376,cwt,gadf
188_3_00100.png,BF014,188_3,100,102400,cwt,gadf
188_3_00101.png,BF014,188_3,101,103424,cwt,gadf
188_3_00102.png,BF014,188_3,102,104448,cwt,gadf
188_3_00103.png,BF014,188_3,103,105472,cwt,gadf
188_3_00104.png,BF014,188_3,104,106496,cwt,gadf
188_3_00105.png,BF014,188_3,105,107520,cwt,gadf
188_3_00106.png,BF014,188_3,106,108544,cwt,gadf
188_3_00107.png,BF014,188_3,107,109568,cwt,gadf
188_3_00108.png,BF014,188_3,108,110592,cwt,gadf
188_3_00109.png,BF014,188_3,109,111616,cwt,gadf
188_3_00110.png,BF014,188_3,110,112640,cwt,gadf
188_3_00111.png,BF014,188_3,111,113664,cwt,gadf
188_3_00112.png,BF014,188_3,112,114688,cwt,gadf
188_3_00113.png,BF014,188_3,113,115712,cwt,gadf
188_3_00114.png,BF014,188_3,114,116736,cwt,gadf
188_3_00115.png,BF014,188_3,115,117760,cwt,gadf
188_3_00116.png,BF014,188_3,116,118784,cwt,gadf
188_3_00117.png,BF014,188_3,117,119808,cwt,gadf
222_0_00000.png,BF021,222_0,0,0,cwt,gadf
222_0_00001.png,BF021,222_0,1,1024,cwt,gadf
222_0_00002.png,BF021,222_0,2,2048,cwt,gadf
222_0_00003.png,BF021,222_0,3,3072,cwt,gadf
222_0_00004.png,BF021,222_0,4,4096,cwt,gadf
222_0_00005.png,BF021,222_0,5,5120,cwt,gadf
222_0_00006.png,BF021,222_0,6,6144,cwt,gadf
222_0_00007.png,BF021,222_0,7,7168,cwt,gadf
222_0_00008.png,BF021,222_0,8,8192,cwt,gadf
222_0_00009.png,BF021,222_0,9,9216,cwt,gadf
222_0_00010.png,BF021,222_0,10,10240,cwt,gadf
222_0_00011.png,BF021,222_0,11,11264,cwt,gadf
222_0_00012.png,BF021,222_0,12,12288,cwt,gadf
222_0_00013.png,BF021,222_0,13,13312,cwt,gadf
222_0_00014.png,BF021,222_0,14,14336,cwt,gadf
222_0_00015.png,BF021,222_0,15,15360,cwt,gadf
222_0_00016.png,BF021,222_0,16,16384,cwt,gadf
222_0_00017.png,BF021,222_0,17,17408,cwt,gadf
222_0_00018.png,BF021,222_0,18,18432,cwt,gadf
222_0_00019.png,BF021,222_0,19,19456,cwt,gadf
222_0_00020.png,BF021,222_0,20,20480,cwt,gadf
222_0_00021.png,BF021,222_0,21,21504,cwt,gadf
222_0_00022.png,BF021,222_0,22,22528,cwt,gadf
222_0_00023.png,BF021,222_0,23,23552,cwt,gadf
222_0_00024.png,BF021,222_0,24,24576,cwt,gadf
222_0_00025.png,BF021,222_0,25,25600,cwt,gadf
222_0_00026.png,BF021,222_0,26,26624,cwt,gadf
222_0_00027.png,BF021,222_0,27,27648,cwt,gadf
222_0_00028.png,BF021,222_0,28,28672,cwt,gadf
222_0_00029.png,BF021,222_0,29,29696,cwt,gadf
222_0_00030.png,BF021,222_0,30,30720,cwt,gadf
222_0_00031.png,BF021,222_0,31,31744,cwt,gadf
222_0_00032.png,BF021,222_0,32,32768,cwt,gadf
222_0_00033.png,BF021,222_0,33,33792,cwt,gadf
222_0_00034.png,BF021,222_0,34,34816,cwt,gadf
222_0_00035.png,BF021,222_0,35,35840,cwt,gadf
222_0_00036.png,BF021,222_0,36,36864,cwt,gadf
222_0_00037.png,BF021,222_0,37,37888,cwt,gadf
222_0_00038.png,BF021,222_0,38,38912,cwt,gadf
222_0_00039.png,BF021,222_0,39,39936,cwt,gadf
222_0_00040.png,BF021,222_0,40,40960,cwt,gadf
222_0_00041.png,BF021,222_0,41,41984,cwt,gadf
222_0_00042.png,BF021,222_0,42,43008,cwt,gadf
222_0_00043.png,BF021,222_0,43,44032,cwt,gadf
222_0_00044.png,BF021,222_0,44,45056,cwt,gadf
222_0_00045.png,BF021,222_0,45,46080,cwt,gadf
222_0_00046.png,BF021,222_0,46,47104,cwt,gadf
222_0_00047.png,BF021,222_0,47,48128,cwt,gadf
222_0_00048.png,BF021,222_0,48,49152,cwt,gadf
222_0_00049.png,BF021,222_0,49,50176,cwt,gadf
222_0_00050.png,BF021,222_0,50,51200,cwt,gadf
222_0_00051.png,BF021,222_0,51,52224,cwt,gadf
222_0_00052.png,BF021,222_0,52,53248,cwt,gadf
222_0_00053.png,BF021,222_0,53,54272,cwt,gadf
222_0_00054.png,BF021,222_0,54,55296,cwt,gadf
222_0_00055.png,BF021,222_0,55,56320,cwt,gadf
222_0_00056.png,BF021,222_0,56,57344,cwt,gadf
222_0_00057.png,BF021,222_0,57,58368,cwt,gadf
222_0_00058.png,BF021,222_0,58,59392,cwt,gadf
222_0_00059.png,BF021,222_0,59,60416,cwt,gadf
222_0_00060.png,BF021,222_0,60,61440,cwt,gadf
222_0_00061.png,BF021,222_0,61,62464,cwt,gadf
222_0_00062.png,BF021,222_0,62,63488,cwt,gadf
222_0_00063.png,BF021,222_0,63,64512,cwt,gadf
222_0_00064.png,BF021,222_0,64,65536,cwt,gadf
222_0_00065.png,BF021,222_0,65,66560,cwt,gadf
222_0_00066.png,BF021,222_0,66,67584,cwt,gadf
222_0_00067.png,BF021,222_0,67,68608,cwt,gadf
222_0_00068.png,BF021,222_0,68,69632,cwt,gadf
222_0_00069.png,BF021,222_0,69,70656,cwt,gadf
222_0_00070.png,BF021,222_0,70,71680,cwt,gadf
222_0_00071.png,BF021,222_0,71,72704,cwt,gadf
222_0_00072.png,BF021,222_0,72,73728,cwt,gadf
222_0_00073.png,BF021,222_0,73,74752,cwt,gadf
222_0_00074.png,BF021,222_0,74,75776,cwt,gadf
222_0_00075.png,BF021,222_0,75,76800,cwt,gadf
222_0_00076.png,BF021,222_0,76,77824,cwt,gadf
222_0_00077.png,BF021,222_0,77,78848,cwt,gadf
222_0_00078.png,BF021,222_0,78,79872,cwt,gadf
222_0_00079.png,BF021,222_0,79,80896,cwt,gadf
222_0_00080.png,BF021,222_0,80,81920,cwt,gadf
222_0_00081.png,BF021,222_0,81,82944,cwt,gadf
222_0_00082.png,BF021,222_0,82,83968,cwt,gadf
222_0_00083.png,BF021,222_0,83,84992,cwt,gadf
222_0_00084.png,BF021,222_0,84,86016,cwt,gadf
222_0_00085.png,BF021,222_0,85,87040,cwt,gadf
222_0_00086.png,BF021,222_0,86,88064,cwt,gadf
222_0_00087.png,BF021,222_0,87,89088,cwt,gadf
222_0_00088.png,BF021,222_0,88,90112,cwt,gadf
222_0_00089.png,BF021,222_0,89,91136,cwt,gadf
222_0_00090.png,BF021,222_0,90,92160,cwt,gadf
222_0_00091.png,BF021,222_0,91,93184,cwt,gadf
222_0_00092.png,BF021,222_0,92,94208,cwt,gadf
222_0_00093.png,BF021,222_0,93,95232,cwt,gadf
222_0_00094.png,BF021,222_0,94,96256,cwt,gadf
222_0_00095.png,BF021,222_0,95,97280,cwt,gadf
222_0_00096.png,BF021,222_0,96,98304,cwt,gadf
222_0_00097.png,BF021,222_0,97,99328,cwt,gadf
222_0_00098.png,BF021,222_0,98,100352,cwt,gadf
222_0_00099.png,BF021,222_0,99,101376,cwt,gadf
222_0_00100.png,BF021,222_0,100,102400,cwt,gadf
222_0_00101.png,BF021,222_0,101,103424,cwt,gadf
222_0_00102.png,BF021,222_0,102,104448,cwt,gadf
222_0_00103.png,BF021,222_0,103,105472,cwt,gadf
222_0_00104.png,BF021,222_0,104,106496,cwt,gadf
222_0_00105.png,BF021,222_0,105,107520,cwt,gadf
222_0_00106.png,BF021,222_0,106,108544,cwt,gadf
222_0_00107.png,BF021,222_0,107,109568,cwt,gadf
222_0_00108.png,BF021,222_0,108,110592,cwt,gadf
222_0_00109.png,BF021,222_0,109,111616,cwt,gadf
222_0_00110.png,BF021,222_0,110,112640,cwt,gadf
222_0_00111.png,BF021,222_0,111,113664,cwt,gadf
222_0_00112.png,BF021,222_0,112,114688,cwt,gadf
222_0_00113.png,BF021,222_0,113,115712,cwt,gadf
222_0_00114.png,BF021,222_0,114,116736,cwt,gadf
222_0_00115.png,BF021,222_0,115,117760,cwt,gadf
222_0_00116.png,BF021,222_0,116,118784,cwt,gadf
222_0_00117.png,BF021,222_0,117,119808,cwt,gadf
223_1_00000.png,BF021,223_1,0,0,cwt,gadf
223_1_00001.png,BF021,223_1,1,1024,cwt,gadf
223_1_00002.png,BF021,223_1,2,2048,cwt,gadf
223_1_00003.png,BF021,223_1,3,3072,cwt,gadf
223_1_00004.png,BF021,223_1,4,4096,cwt,gadf
223_1_00005.png,BF021,223_1,5,5120,cwt,gadf
223_1_00006.png,BF021,223_1,6,6144,cwt,gadf
223_1_00007.png,BF021,223_1,7,7168,cwt,gadf
223_1_00008.png,BF021,223_1,8,8192,cwt,gadf
223_1_00009.png,BF021,223_1,9,9216,cwt,gadf
223_1_00010.png,BF021,223_1,10,10240,cwt,gadf
223_1_00011.png,BF021,223_1,11,11264,cwt,gadf
223_1_00012.png,BF021,223_1,12,12288,cwt,gadf
223_1_00013.png,BF021,223_1,13,13312,cwt,gadf
223_1_00014.png,BF021,223_1,14,14336,cwt,gadf
223_1_00015.png,BF021,223_1,15,15360,cwt,gadf
223_1_00016.png,BF021,223_1,16,16384,cwt,gadf
223_1_00017.png,BF021,223_1,17,17408,cwt,gadf
223_1_00018.png,BF021,223_1,18,18432,cwt,gadf
223_1_00019.png,BF021,223_1,19,19456,cwt,gadf
223_1_00020.png,BF021,223_1,20,20480,cwt,gadf
223_1_00021.png,BF021,223_1,21,21504,cwt,gadf
223_1_00022.png,BF021,223_1,22,22528,cwt,gadf
223_1_00023.png,BF021,223_1,23,23552,cwt,gadf
223_1_00024.png,BF021,223_1,24,24576,cwt,gadf
223_1_00025.png,BF021,223_1,25,25600,cwt,gadf
223_1_00026.png,BF021,223_1,26,26624,cwt,gadf
223_1_00027.png,BF021,223_1,27,27648,cwt,gadf
223_1_00028.png,BF021,223_1,28,28672,cwt,gadf
223_1_00029.png,BF021,223_1,29,29696,cwt,gadf
223_1_00030.png,BF021,223_1,30,30720,cwt,gadf
223_1_00031.png,BF021,223_1,31,31744,cwt,gadf
223_1_00032.png,BF021,223_1,32,32768,cwt,gadf
223_1_00033.png,BF021,223_1,33,33792,cwt,gadf
223_1_00034.png,BF021,223_1,34,34816,cwt,gadf
223_1_00035.png,BF021,223_1,35,35840,cwt,gadf
223_1_00036.png,BF021,223_1,36,36864,cwt,gadf
223_1_00037.png,BF021,223_1,37,37888,cwt,gadf
223_1_00038.png,BF021,223_1,38,38912,cwt,gadf
223_1_00039.png,BF021,223_1,39,39936,cwt,gadf
223_1_00040.png,BF021,223_1,40,40960,cwt,gadf
223_1_00041.png,BF021,223_1,41,41984,cwt,gadf
223_1_00042.png,BF021,223_1,42,43008,cwt,gadf
223_1_00043.png,BF021,223_1,43,44032,cwt,gadf
223_1_00044.png,BF021,223_1,44,45056,cwt,gadf
223_1_00045.png,BF021,223_1,45,46080,cwt,gadf
223_1_00046.png,BF021,223_1,46,47104,cwt,gadf
223_1_00047.png,BF021,223_1,47,48128,cwt,gadf
223_1_00048.png,BF021,223_1,48,49152,cwt,gadf
223_1_00049.png,BF021,223_1,49,50176,cwt,gadf
223_1_00050.png,BF021,223_1,50,51200,cwt,gadf
223_1_00051.png,BF021,223_1,51,52224,cwt,gadf
223_1_00052.png,BF021,223_1,52,53248,cwt,gadf
223_1_00053.png,BF021,223_1,53,54272,cwt,gadf
223_1_00054.png,BF021,223_1,54,55296,cwt,gadf
223_1_00055.png,BF021,223_1,55,56320,cwt,gadf
223_1_00056.png,BF021,223_1,56,57344,cwt,gadf
223_1_00057.png,BF021,223_1,57,58368,cwt,gadf
223_1_00058.png,BF021,223_1,58,59392,cwt,gadf
223_1_00059.png,BF021,223_1,59,60416,cwt,gadf
223_1_00060.png,BF021,223_1,60,61440,cwt,gadf
223_1_00061.png,BF021,223_1,61,62464,cwt,gadf
223_1_00062.png,BF021,223_1,62,63488,cwt,gadf
223_1_00063.png,BF021,223_1,63,64512,cwt,gadf
223_1_00064.png,BF021,223_1,64,65536,cwt,gadf
223_1_00065.png,BF021,223_1,65,66560,cwt,gadf
223_1_00066.png,BF021,223_1,66,67584,cwt,gadf
223_1_00067.png,BF021,223_1,67,68608,cwt,gadf
223_1_00068.png,BF021,223_1,68,69632,cwt,gadf
223_1_00069.png,BF021,223_1,69,70656,cwt,gadf
223_1_00070.png,BF021,223_1,70,71680,cwt,gadf
223_1_00071.png,BF021,223_1,71,72704,cwt,gadf
223_1_00072.png,BF021,223_1,72,73728,cwt,gadf
223_1_00073.png,BF021,223_1,73,74752,cwt,gadf
223_1_00074.png,BF021,223_1,74,75776,cwt,gadf
223_1_00075.png,BF021,223_1,75,76800,cwt,gadf
223_1_00076.png,BF021,223_1,76,77824,cwt,gadf
223_1_00077.png,BF021,223_1,77,78848,cwt,gadf
223_1_00078.png,BF021,223_1,78,79872,cwt,gadf
223_1_00079.png,BF021,223_1,79,80896,cwt,gadf
223_1_00080.png,BF021,223_1,80,81920,cwt,gadf
223_1_00081.png,BF021,223_1,81,82944,cwt,gadf
223_1_00082.png,BF021,223_1,82,83968,cwt,gadf
223_1_00083.png,BF021,223_1,83,84992,cwt,gadf
223_1_00084.png,BF021,223_1,84,86016,cwt,gadf
223_1_00085.png,BF021,223_1,85,87040,cwt,gadf
223_1_00086.png,BF021,223_1,86,88064,cwt,gadf
223_1_00087.png,BF021,223_1,87,89088,cwt,gadf
223_1_00088.png,BF021,223_1,88,90112,cwt,gadf
223_1_00089.png,BF021,223_1,89,91136,cwt,gadf
223_1_00090.png,BF021,223_1,90,92160,cwt,gadf
223_1_00091.png,BF021,223_1,91,93184,cwt,gadf
223_1_00092.png,BF021,223_1,92,94208,cwt,gadf
223_1_00093.png,BF021,223_1,93,95232,cwt,gadf
223_1_00094.png,BF021,223_1,94,96256,cwt,gadf
223_1_00095.png,BF021,223_1,95,97280,cwt,gadf
223_1_00096.png,BF021,223_1,96,98304,cwt,gadf
223_1_00097.png,BF021,223_1,97,99328,cwt,gadf
223_1_00098.png,BF021,223_1,98,100352,cwt,gadf
223_1_00099.png,BF021,223_1,99,101376,cwt,gadf
223_1_00100.png,BF021,223_1,100,102400,cwt,gadf
223_1_00101.png,BF021,223_1,101,103424,cwt,gadf
223_1_00102.png,BF021,223_1,102,104448,cwt,gadf
223_1_00103.png,BF021,223_1,103,105472,cwt,gadf
223_1_00104.png,BF021,223_1,104,106496,cwt,gadf
223_1_00105.png,BF021,223_1,105,107520,cwt,gadf
223_1_00106.png,BF021,223_1,106,108544,cwt,gadf
223_1_00107.png,BF021,223_1,107,109568,cwt,gadf
223_1_00108.png,BF021,223_1,108,110592,cwt,gadf
223_1_00109.png,BF021,223_1,109,111616,cwt,gadf
223_1_00110.png,BF021,223_1,110,112640,cwt,gadf
223_1_00111.png,BF021,223_1,111,113664,cwt,gadf
223_1_00112.png,BF021,223_1,112,114688,cwt,gadf
223_1_00113.png,BF021,223_1,113,115712,cwt,gadf
223_1_00114.png,BF021,223_1,114,116736,cwt,gadf
223_1_00115.png,BF021,223_1,115,117760,cwt,gadf
223_1_00116.png,BF021,223_1,116,118784,cwt,gadf
224_2_00000.png,BF021,224_2,0,0,cwt,gadf
224_2_00001.png,BF021,224_2,1,1024,cwt,gadf
224_2_00002.png,BF021,224_2,2,2048,cwt,gadf
224_2_00003.png,BF021,224_2,3,3072,cwt,gadf
224_2_00004.png,BF021,224_2,4,4096,cwt,gadf
224_2_00005.png,BF021,224_2,5,5120,cwt,gadf
224_2_00006.png,BF021,224_2,6,6144,cwt,gadf
224_2_00007.png,BF021,224_2,7,7168,cwt,gadf
224_2_00008.png,BF021,224_2,8,8192,cwt,gadf
224_2_00009.png,BF021,224_2,9,9216,cwt,gadf
224_2_00010.png,BF021,224_2,10,10240,cwt,gadf
224_2_00011.png,BF021,224_2,11,11264,cwt,gadf
224_2_00012.png,BF021,224_2,12,12288,cwt,gadf
224_2_00013.png,BF021,224_2,13,13312,cwt,gadf
224_2_00014.png,BF021,224_2,14,14336,cwt,gadf
224_2_00015.png,BF021,224_2,15,15360,cwt,gadf
224_2_00016.png,BF021,224_2,16,16384,cwt,gadf
224_2_00017.png,BF021,224_2,17,17408,cwt,gadf
224_2_00018.png,BF021,224_2,18,18432,cwt,gadf
224_2_00019.png,BF021,224_2,19,19456,cwt,gadf
224_2_00020.png,BF021,224_2,20,20480,cwt,gadf
224_2_00021.png,BF021,224_2,21,21504,cwt,gadf
224_2_00022.png,BF021,224_2,22,22528,cwt,gadf
224_2_00023.png,BF021,224_2,23,23552,cwt,gadf
224_2_00024.png,BF021,224_2,24,24576,cwt,gadf
224_2_00025.png,BF021,224_2,25,25600,cwt,gadf
224_2_00026.png,BF021,224_2,26,26624,cwt,gadf
224_2_00027.png,BF021,224_2,27,27648,cwt,gadf
224_2_00028.png,BF021,224_2,28,28672,cwt,gadf
224_2_00029.png,BF021,224_2,29,29696,cwt,gadf
224_2_00030.png,BF021,224_2,30,30720,cwt,gadf
224_2_00031.png,BF021,224_2,31,31744,cwt,gadf
224_2_00032.png,BF021,224_2,32,32768,cwt,gadf
224_2_00033.png,BF021,224_2,33,33792,cwt,gadf
224_2_00034.png,BF021,224_2,34,34816,cwt,gadf
224_2_00035.png,BF021,224_2,35,35840,cwt,gadf
224_2_00036.png,BF021,224_2,36,36864,cwt,gadf
224_2_00037.png,BF021,224_2,37,37888,cwt,gadf
224_2_00038.png,BF021,224_2,38,38912,cwt,gadf
224_2_00039.png,BF021,224_2,39,39936,cwt,gadf
224_2_00040.png,BF021,224_2,40,40960,cwt,gadf
224_2_00041.png,BF021,224_2,41,41984,cwt,gadf
224_2_00042.png,BF021,224_2,42,43008,cwt,gadf
224_2_00043.png,BF021,224_2,43,44032,cwt,gadf
224_2_00044.png,BF021,224_2,44,45056,cwt,gadf
224_2_00045.png,BF021,224_2,45,46080,cwt,gadf
224_2_00046.png,BF021,224_2,46,47104,cwt,gadf
224_2_00047.png,BF021,224_2,47,48128,cwt,gadf
224_2_00048.png,BF021,224_2,48,49152,cwt,gadf
224_2_00049.png,BF021,224_2,49,50176,cwt,gadf
224_2_00050.png,BF021,224_2,50,51200,cwt,gadf
224_2_00051.png,BF021,224_2,51,52224,cwt,gadf
224_2_00052.png,BF021,224_2,52,53248,cwt,gadf
224_2_00053.png,BF021,224_2,53,54272,cwt,gadf
224_2_00054.png,BF021,224_2,54,55296,cwt,gadf
224_2_00055.png,BF021,224_2,55,56320,cwt,gadf
224_2_00056.png,BF021,224_2,56,57344,cwt,gadf
224_2_00057.png,BF021,224_2,57,58368,cwt,gadf
224_2_00058.png,BF021,224_2,58,59392,cwt,gadf
224_2_00059.png,BF021,224_2,59,60416,cwt,gadf
224_2_00060.png,BF021,224_2,60,61440,cwt,gadf
224_2_00061.png,BF021,224_2,61,62464,cwt,gadf
224_2_00062.png,BF021,224_2,62,63488,cwt,gadf
224_2_00063.png,BF021,224_2,63,64512,cwt,gadf
224_2_00064.png,BF021,224_2,64,65536,cwt,gadf
224_2_00065.png,BF021,224_2,65,66560,cwt,gadf
224_2_00066.png,BF021,224_2,66,67584,cwt,gadf
224_2_00067.png,BF021,224_2,67,68608,cwt,gadf
224_2_00068.png,BF021,224_2,68,69632,cwt,gadf
224_2_00069.png,BF021,224_2,69,70656,cwt,gadf
224_2_00070.png,BF021,224_2,70,71680,cwt,gadf
224_2_00071.png,BF021,224_2,71,72704,cwt,gadf
224_2_00072.png,BF021,224_2,72,73728,cwt,gadf
224_2_00073.png,BF021,224_2,73,74752,cwt,gadf
224_2_00074.png,BF021,224_2,74,75776,cwt,gadf
224_2_00075.png,BF021,224_2,75,76800,cwt,gadf
224_2_00076.png,BF021,224_2,76,77824,cwt,gadf
224_2_00077.png,BF021,224_2,77,78848,cwt,gadf
224_2_00078.png,BF021,224_2,78,79872,cwt,gadf
224_2_00079.png,BF021,224_2,79,80896,cwt,gadf
224_2_00080.png,BF021,224_2,80,81920,cwt,gadf
224_2_00081.png,BF021,224_2,81,82944,cwt,gadf
224_2_00082.png,BF021,224_2,82,83968,cwt,gadf
224_2_00083.png,BF021,224_2,83,84992,cwt,gadf
224_2_00084.png,BF021,224_2,84,86016,cwt,gadf
224_2_00085.png,BF021,224_2,85,87040,cwt,gadf
224_2_00086.png,BF021,224_2,86,88064,cwt,gadf
224_2_00087.png,BF021,224_2,87,89088,cwt,gadf
224_2_00088.png,BF021,224_2,88,90112,cwt,gadf
224_2_00089.png,BF021,224_2,89,91136,cwt,gadf
224_2_00090.png,BF021,224_2,90,92160,cwt,gadf
224_2_00091.png,BF021,224_2,91,93184,cwt,gadf
224_2_00092.png,BF021,224_2,92,94208,cwt,gadf
224_2_00093.png,BF021,224_2,93,95232,cwt,gadf
224_2_00094.png,BF021,224_2,94,96256,cwt,gadf
224_2_00095.png,BF021,224_2,95,97280,cwt,gadf
224_2_00096.png,BF021,224_2,96,98304,cwt,gadf
224_2_00097.png,BF021,224_2,97,99328,cwt,gadf
224_2_00098.png,BF021,224_2,98,100352,cwt,gadf
224_2_00099.png,BF021,224_2,99,101376,cwt,gadf
224_2_00100.png,BF021,224_2,100,102400,cwt,gadf
224_2_00101.png,BF021,224_2,101,103424,cwt,gadf
224_2_00102.png,BF021,224_2,102,104448,cwt,gadf
224_2_00103.png,BF021,224_2,103,105472,cwt,gadf
224_2_00104.png,BF021,224_2,104,106496,cwt,gadf
224_2_00105.png,BF021,224_2,105,107520,cwt,gadf
224_2_00106.png,BF021,224_2,106,108544,cwt,gadf
224_2_00107.png,BF021,224_2,107,109568,cwt,gadf
224_2_00108.png,BF021,224_2,108,110592,cwt,gadf
224_2_00109.png,BF021,224_2,109,111616,cwt,gadf
224_2_00110.png,BF021,224_2,110,112640,cwt,gadf
224_2_00111.png,BF021,224_2,111,113664,cwt,gadf
224_2_00112.png,BF021,224_2,112,114688,cwt,gadf
224_2_00113.png,BF021,224_2,113,115712,cwt,gadf
224_2_00114.png,BF021,224_2,114,116736,cwt,gadf
224_2_00115.png,BF021,224_2,115,117760,cwt,gadf
224_2_00116.png,BF021,224_2,116,118784,cwt,gadf
224_2_00117.png,BF021,224_2,117,119808,cwt,gadf
225_3_00000.png,BF021,225_3,0,0,cwt,gadf
225_3_00001.png,BF021,225_3,1,1024,cwt,gadf
225_3_00002.png,BF021,225_3,2,2048,cwt,gadf
225_3_00003.png,BF021,225_3,3,3072,cwt,gadf
225_3_00004.png,BF021,225_3,4,4096,cwt,gadf
225_3_00005.png,BF021,225_3,5,5120,cwt,gadf
225_3_00006.png,BF021,225_3,6,6144,cwt,gadf
225_3_00007.png,BF021,225_3,7,7168,cwt,gadf
225_3_00008.png,BF021,225_3,8,8192,cwt,gadf
225_3_00009.png,BF021,225_3,9,9216,cwt,gadf
225_3_00010.png,BF021,225_3,10,10240,cwt,gadf
225_3_00011.png,BF021,225_3,11,11264,cwt,gadf
225_3_00012.png,BF021,225_3,12,12288,cwt,gadf
225_3_00013.png,BF021,225_3,13,13312,cwt,gadf
225_3_00014.png,BF021,225_3,14,14336,cwt,gadf
225_3_00015.png,BF021,225_3,15,15360,cwt,gadf
225_3_00016.png,BF021,225_3,16,16384,cwt,gadf
225_3_00017.png,BF021,225_3,17,17408,cwt,gadf
225_3_00018.png,BF021,225_3,18,18432,cwt,gadf
225_3_00019.png,BF021,225_3,19,19456,cwt,gadf
225_3_00020.png,BF021,225_3,20,20480,cwt,gadf
225_3_00021.png,BF021,225_3,21,21504,cwt,gadf
225_3_00022.png,BF021,225_3,22,22528,cwt,gadf
225_3_00023.png,BF021,225_3,23,23552,cwt,gadf
225_3_00024.png,BF021,225_3,24,24576,cwt,gadf
225_3_00025.png,BF021,225_3,25,25600,cwt,gadf
225_3_00026.png,BF021,225_3,26,26624,cwt,gadf
225_3_00027.png,BF021,225_3,27,27648,cwt,gadf
225_3_00028.png,BF021,225_3,28,28672,cwt,gadf
225_3_00029.png,BF021,225_3,29,29696,cwt,gadf
225_3_00030.png,BF021,225_3,30,30720,cwt,gadf
225_3_00031.png,BF021,225_3,31,31744,cwt,gadf
225_3_00032.png,BF021,225_3,32,32768,cwt,gadf
225_3_00033.png,BF021,225_3,33,33792,cwt,gadf
225_3_00034.png,BF021,225_3,34,34816,cwt,gadf
225_3_00035.png,BF021,225_3,35,35840,cwt,gadf
225_3_00036.png,BF021,225_3,36,36864,cwt,gadf
225_3_00037.png,BF021,225_3,37,37888,cwt,gadf
225_3_00038.png,BF021,225_3,38,38912,cwt,gadf
225_3_00039.png,BF021,225_3,39,39936,cwt,gadf
225_3_00040.png,BF021,225_3,40,40960,cwt,gadf
225_3_00041.png,BF021,225_3,41,41984,cwt,gadf
225_3_00042.png,BF021,225_3,42,43008,cwt,gadf
225_3_00043.png,BF021,225_3,43,44032,cwt,gadf
225_3_00044.png,BF021,225_3,44,45056,cwt,gadf
225_3_00045.png,BF021,225_3,45,46080,cwt,gadf
225_3_00046.png,BF021,225_3,46,47104,cwt,gadf
225_3_00047.png,BF021,225_3,47,48128,cwt,gadf
225_3_00048.png,BF021,225_3,48,49152,cwt,gadf
225_3_00049.png,BF021,225_3,49,50176,cwt,gadf
225_3_00050.png,BF021,225_3,50,51200,cwt,gadf
225_3_00051.png,BF021,225_3,51,52224,cwt,gadf
225_3_00052.png,BF021,225_3,52,53248,cwt,gadf
225_3_00053.png,BF021,225_3,53,54272,cwt,gadf
225_3_00054.png,BF021,225_3,54,55296,cwt,gadf
225_3_00055.png,BF021,225_3,55,56320,cwt,gadf
225_3_00056.png,BF021,225_3,56,57344,cwt,gadf
225_3_00057.png,BF021,225_3,57,58368,cwt,gadf
225_3_00058.png,BF021,225_3,58,59392,cwt,gadf
225_3_00059.png,BF021,225_3,59,60416,cwt,gadf
225_3_00060.png,BF021,225_3,60,61440,cwt,gadf
225_3_00061.png,BF021,225_3,61,62464,cwt,gadf
225_3_00062.png,BF021,225_3,62,63488,cwt,gadf
225_3_00063.png,BF021,225_3,63,64512,cwt,gadf
225_3_00064.png,BF021,225_3,64,65536,cwt,gadf
225_3_00065.png,BF021,225_3,65,66560,cwt,gadf
225_3_00066.png,BF021,225_3,66,67584,cwt,gadf
225_3_00067.png,BF021,225_3,67,68608,cwt,gadf
225_3_00068.png,BF021,225_3,68,69632,cwt,gadf
225_3_00069.png,BF021,225_3,69,70656,cwt,gadf
225_3_00070.png,BF021,225_3,70,71680,cwt,gadf
225_3_00071.png,BF021,225_3,71,72704,cwt,gadf
225_3_00072.png,BF021,225_3,72,73728,cwt,gadf
225_3_00073.png,BF021,225_3,73,74752,cwt,gadf
225_3_00074.png,BF021,225_3,74,75776,cwt,gadf
225_3_00075.png,BF021,225_3,75,76800,cwt,gadf
225_3_00076.png,BF021,225_3,76,77824,cwt,gadf
225_3_00077.png,BF021,225_3,77,78848,cwt,gadf
225_3_00078.png,BF021,225_3,78,79872,cwt,gadf
225_3_00079.png,BF021,225_3,79,80896,cwt,gadf
225_3_00080.png,BF021,225_3,80,81920,cwt,gadf
225_3_00081.png,BF021,225_3,81,82944,cwt,gadf
225_3_00082.png,BF021,225_3,82,83968,cwt,gadf
225_3_00083.png,BF021,225_3,83,84992,cwt,gadf
225_3_00084.png,BF021,225_3,84,86016,cwt,gadf
225_3_00085.png,BF021,225_3,85,87040,cwt,gadf
225_3_00086.png,BF021,225_3,86,88064,cwt,gadf
225_3_00087.png,BF021,225_3,87,89088,cwt,gadf
225_3_00088.png,BF021,225_3,88,90112,cwt,gadf
225_3_00089.png,BF021,225_3,89,91136,cwt,gadf
225_3_00090.png,BF021,225_3,90,92160,cwt,gadf
225_3_00091.png,BF021,225_3,91,93184,cwt,gadf
225_3_00092.png,BF021,225_3,92,94208,cwt,gadf
225_3_00093.png,BF021,225_3,93,95232,cwt,gadf
225_3_00094.png,BF021,225_3,94,96256,cwt,gadf
225_3_00095.png,BF021,225_3,95,97280,cwt,gadf
225_3_00096.png,BF021,225_3,96,98304,cwt,gadf
225_3_00097.png,BF021,225_3,97,99328,cwt,gadf
225_3_00098.png,BF021,225_3,98,100352,cwt,gadf
225_3_00099.png,BF021,225_3,99,101376,cwt,gadf
225_3_00100.png,BF021,225_3,100,102400,cwt,gadf
225_3_00101.png,BF021,225_3,101,103424,cwt,gadf
225_3_00102.png,BF021,225_3,102,104448,cwt,gadf
225_3_00103.png,BF021,225_3,103,105472,cwt,gadf
225_3_00104.png,BF021,225_3,104,106496,cwt,gadf
225_3_00105.png,BF021,225_3,105,107520,cwt,gadf
225_3_00106.png,BF021,225_3,106,108544,cwt,gadf
225_3_00107.png,BF021,225_3,107,109568,cwt,gadf
225_3_00108.png,BF021,225_3,108,110592,cwt,gadf
225_3_00109.png,BF021,225_3,109,111616,cwt,gadf
225_3_00110.png,BF021,225_3,110,112640,cwt,gadf
225_3_00111.png,BF021,225_3,111,113664,cwt,gadf
225_3_00112.png,BF021,225_3,112,114688,cwt,gadf
225_3_00113.png,BF021,225_3,113,115712,cwt,gadf
225_3_00114.png,BF021,225_3,114,116736,cwt,gadf
225_3_00115.png,BF021,225_3,115,117760,cwt,gadf
225_3_00116.png,BF021,225_3,116,118784,cwt,gadf
225_3_00117.png,BF021,225_3,117,119808,cwt,gadf
105_0_00000.png,IF007,105_0,0,0,cwt,gadf
105_0_00001.png,IF007,105_0,1,1024,cwt,gadf
105_0_00002.png,IF007,105_0,2,2048,cwt,gadf
105_0_00003.png,IF007,105_0,3,3072,cwt,gadf
105_0_00004.png,IF007,105_0,4,4096,cwt,gadf
105_0_00005.png,IF007,105_0,5,5120,cwt,gadf
105_0_00006.png,IF007,105_0,6,6144,cwt,gadf
105_0_00007.png,IF007,105_0,7,7168,cwt,gadf
105_0_00008.png,IF007,105_0,8,8192,cwt,gadf
105_0_00009.png,IF007,105_0,9,9216,cwt,gadf
105_0_00010.png,IF007,105_0,10,10240,cwt,gadf
105_0_00011.png,IF007,105_0,11,11264,cwt,gadf
105_0_00012.png,IF007,105_0,12,12288,cwt,gadf
105_0_00013.png,IF007,105_0,13,13312,cwt,gadf
105_0_00014.png,IF007,105_0,14,14336,cwt,gadf
105_0_00015.png,IF007,105_0,15,15360,cwt,gadf
105_0_00016.png,IF007,105_0,16,16384,cwt,gadf
105_0_00017.png,IF007,105_0,17,17408,cwt,gadf
105_0_00018.png,IF007,105_0,18,18432,cwt,gadf
105_0_00019.png,IF007,105_0,19,19456,cwt,gadf
105_0_00020.png,IF007,105_0,20,20480,cwt,gadf
105_0_00021.png,IF007,105_0,21,21504,cwt,gadf
105_0_00022.png,IF007,105_0,22,22528,cwt,gadf
105_0_00023.png,IF007,105_0,23,23552,cwt,gadf
105_0_00024.png,IF007,105_0,24,24576,cwt,gadf
105_0_00025.png,IF007,105_0,25,25600,cwt,gadf
105_0_00026.png,IF007,105_0,26,26624,cwt,gadf
105_0_00027.png,IF007,105_0,27,27648,cwt,gadf
105_0_00028.png,IF007,105_0,28,28672,cwt,gadf
105_0_00029.png,IF007,105_0,29,29696,cwt,gadf
105_0_00030.png,IF007,105_0,30,30720,cwt,gadf
105_0_00031.png,IF007,105_0,31,31744,cwt,gadf
105_0_00032.png,IF007,105_0,32,32768,cwt,gadf
105_0_00033.png,IF007,105_0,33,33792,cwt,gadf
105_0_00034.png,IF007,105_0,34,34816,cwt,gadf
105_0_00035.png,IF007,105_0,35,35840,cwt,gadf
105_0_00036.png,IF007,105_0,36,36864,cwt,gadf
105_0_00037.png,IF007,105_0,37,37888,cwt,gadf
105_0_00038.png,IF007,105_0,38,38912,cwt,gadf
105_0_00039.png,IF007,105_0,39,39936,cwt,gadf
105_0_00040.png,IF007,105_0,40,40960,cwt,gadf
105_0_00041.png,IF007,105_0,41,41984,cwt,gadf
105_0_00042.png,IF007,105_0,42,43008,cwt,gadf
105_0_00043.png,IF007,105_0,43,44032,cwt,gadf
105_0_00044.png,IF007,105_0,44,45056,cwt,gadf
105_0_00045.png,IF007,105_0,45,46080,cwt,gadf
105_0_00046.png,IF007,105_0,46,47104,cwt,gadf
105_0_00047.png,IF007,105_0,47,48128,cwt,gadf
105_0_00048.png,IF007,105_0,48,49152,cwt,gadf
105_0_00049.png,IF007,105_0,49,50176,cwt,gadf
105_0_00050.png,IF007,105_0,50,51200,cwt,gadf
105_0_00051.png,IF007,105_0,51,52224,cwt,gadf
105_0_00052.png,IF007,105_0,52,53248,cwt,gadf
105_0_00053.png,IF007,105_0,53,54272,cwt,gadf
105_0_00054.png,IF007,105_0,54,55296,cwt,gadf
105_0_00055.png,IF007,105_0,55,56320,cwt,gadf
105_0_00056.png,IF007,105_0,56,57344,cwt,gadf
105_0_00057.png,IF007,105_0,57,58368,cwt,gadf
105_0_00058.png,IF007,105_0,58,59392,cwt,gadf
105_0_00059.png,IF007,105_0,59,60416,cwt,gadf
105_0_00060.png,IF007,105_0,60,61440,cwt,gadf
105_0_00061.png,IF007,105_0,61,62464,cwt,gadf
105_0_00062.png,IF007,105_0,62,63488,cwt,gadf
105_0_00063.png,IF007,105_0,63,64512,cwt,gadf
105_0_00064.png,IF007,105_0,64,65536,cwt,gadf
105_0_00065.png,IF007,105_0,65,66560,cwt,gadf
105_0_00066.png,IF007,105_0,66,67584,cwt,gadf
105_0_00067.png,IF007,105_0,67,68608,cwt,gadf
105_0_00068.png,IF007,105_0,68,69632,cwt,gadf
105_0_00069.png,IF007,105_0,69,70656,cwt,gadf
105_0_00070.png,IF007,105_0,70,71680,cwt,gadf
105_0_00071.png,IF007,105_0,71,72704,cwt,gadf
105_0_00072.png,IF007,105_0,72,73728,cwt,gadf
105_0_00073.png,IF007,105_0,73,74752,cwt,gadf
105_0_00074.png,IF007,105_0,74,75776,cwt,gadf
105_0_00075.png,IF007,105_0,75,76800,cwt,gadf
105_0_00076.png,IF007,105_0,76,77824,cwt,gadf
105_0_00077.png,IF007,105_0,77,78848,cwt,gadf
105_0_00078.png,IF007,105_0,78,79872,cwt,gadf
105_0_00079.png,IF007,105_0,79,80896,cwt,gadf
105_0_00080.png,IF007,105_0,80,81920,cwt,gadf
105_0_00081.png,IF007,105_0,81,82944,cwt,gadf
105_0_00082.png,IF007,105_0,82,83968,cwt,gadf
105_0_00083.png,IF007,105_0,83,84992,cwt,gadf
105_0_00084.png,IF007,105_0,84,86016,cwt,gadf
105_0_00085.png,IF007,105_0,85,87040,cwt,gadf
105_0_00086.png,IF007,105_0,86,88064,cwt,gadf
105_0_00087.png,IF007,105_0,87,89088,cwt,gadf
105_0_00088.png,IF007,105_0,88,90112,cwt,gadf
105_0_00089.png,IF007,105_0,89,91136,cwt,gadf
105_0_00090.png,IF007,105_0,90,92160,cwt,gadf
105_0_00091.png,IF007,105_0,91,93184,cwt,gadf
105_0_00092.png,IF007,105_0,92,94208,cwt,gadf
105_0_00093.png,IF007,105_0,93,95232,cwt,gadf
105_0_00094.png,IF007,105_0,94,96256,cwt,gadf
105_0_00095.png,IF007,105_0,95,97280,cwt,gadf
105_0_00096.png,IF007,105_0,96,98304,cwt,gadf
105_0_00097.png,IF007,105_0,97,99328,cwt,gadf
105_0_00098.png,IF007,105_0,98,100352,cwt,gadf
105_0_00099.png,IF007,105_0,99,101376,cwt,gadf
105_0_00100.png,IF007,105_0,100,102400,cwt,gadf
105_0_00101.png,IF007,105_0,101,103424,cwt,gadf
105_0_00102.png,IF007,105_0,102,104448,cwt,gadf
105_0_00103.png,IF007,105_0,103,105472,cwt,gadf
105_0_00104.png,IF007,105_0,104,106496,cwt,gadf
105_0_00105.png,IF007,105_0,105,107520,cwt,gadf
105_0_00106.png,IF007,105_0,106,108544,cwt,gadf
105_0_00107.png,IF007,105_0,107,109568,cwt,gadf
105_0_00108.png,IF007,105_0,108,110592,cwt,gadf
105_0_00109.png,IF007,105_0,109,111616,cwt,gadf
105_0_00110.png,IF007,105_0,110,112640,cwt,gadf
105_0_00111.png,IF007,105_0,111,113664,cwt,gadf
105_0_00112.png,IF007,105_0,112,114688,cwt,gadf
105_0_00113.png,IF007,105_0,113,115712,cwt,gadf
105_0_00114.png,IF007,105_0,114,116736,cwt,gadf
105_0_00115.png,IF007,105_0,115,117760,cwt,gadf
105_0_00116.png,IF007,105_0,116,118784,cwt,gadf
106_1_00000.png,IF007,106_1,0,0,cwt,gadf
106_1_00001.png,IF007,106_1,1,1024,cwt,gadf
106_1_00002.png,IF007,106_1,2,2048,cwt,gadf
106_1_00003.png,IF007,106_1,3,3072,cwt,gadf
106_1_00004.png,IF007,106_1,4,4096,cwt,gadf
106_1_00005.png,IF007,106_1,5,5120,cwt,gadf
106_1_00006.png,IF007,106_1,6,6144,cwt,gadf
106_1_00007.png,IF007,106_1,7,7168,cwt,gadf
106_1_00008.png,IF007,106_1,8,8192,cwt,gadf
106_1_00009.png,IF007,106_1,9,9216,cwt,gadf
106_1_00010.png,IF007,106_1,10,10240,cwt,gadf
106_1_00011.png,IF007,106_1,11,11264,cwt,gadf
106_1_00012.png,IF007,106_1,12,12288,cwt,gadf
106_1_00013.png,IF007,106_1,13,13312,cwt,gadf
106_1_00014.png,IF007,106_1,14,14336,cwt,gadf
106_1_00015.png,IF007,106_1,15,15360,cwt,gadf
106_1_00016.png,IF007,106_1,16,16384,cwt,gadf
106_1_00017.png,IF007,106_1,17,17408,cwt,gadf
106_1_00018.png,IF007,106_1,18,18432,cwt,gadf
106_1_00019.png,IF007,106_1,19,19456,cwt,gadf
106_1_00020.png,IF007,106_1,20,20480,cwt,gadf
106_1_00021.png,IF007,106_1,21,21504,cwt,gadf
106_1_00022.png,IF007,106_1,22,22528,cwt,gadf
106_1_00023.png,IF007,106_1,23,23552,cwt,gadf
106_1_00024.png,IF007,106_1,24,24576,cwt,gadf
106_1_00025.png,IF007,106_1,25,25600,cwt,gadf
106_1_00026.png,IF007,106_1,26,26624,cwt,gadf
106_1_00027.png,IF007,106_1,27,27648,cwt,gadf
106_1_00028.png,IF007,106_1,28,28672,cwt,gadf
106_1_00029.png,IF007,106_1,29,29696,cwt,gadf
106_1_00030.png,IF007,106_1,30,30720,cwt,gadf
106_1_00031.png,IF007,106_1,31,31744,cwt,gadf
106_1_00032.png,IF007,106_1,32,32768,cwt,gadf
106_1_00033.png,IF007,106_1,33,33792,cwt,gadf
106_1_00034.png,IF007,106_1,34,34816,cwt,gadf
106_1_00035.png,IF007,106_1,35,35840,cwt,gadf
106_1_00036.png,IF007,106_1,36,36864,cwt,gadf
106_1_00037.png,IF007,106_1,37,37888,cwt,gadf
106_1_00038.png,IF007,106_1,38,38912,cwt,gadf
106_1_00039.png,IF007,106_1,39,39936,cwt,gadf
106_1_00040.png,IF007,106_1,40,40960,cwt,gadf
106_1_00041.png,IF007,106_1,41,41984,cwt,gadf
106_1_00042.png,IF007,106_1,42,43008,cwt,gadf
106_1_00043.png,IF007,106_1,43,44032,cwt,gadf
106_1_00044.png,IF007,106_1,44,45056,cwt,gadf
106_1_00045.png,IF007,106_1,45,46080,cwt,gadf
106_1_00046.png,IF007,106_1,46,47104,cwt,gadf
106_1_00047.png,IF007,106_1,47,48128,cwt,gadf
106_1_00048.png,IF007,106_1,48,49152,cwt,gadf
106_1_00049.png,IF007,106_1,49,50176,cwt,gadf
106_1_00050.png,IF007,106_1,50,51200,cwt,gadf
106_1_00051.png,IF007,106_1,51,52224,cwt,gadf
106_1_00052.png,IF007,106_1,52,53248,cwt,gadf
106_1_00053.png,IF007,106_1,53,54272,cwt,gadf
106_1_00054.png,IF007,106_1,54,55296,cwt,gadf
106_1_00055.png,IF007,106_1,55,56320,cwt,gadf
106_1_00056.png,IF007,106_1,56,57344,cwt,gadf
106_1_00057.png,IF007,106_1,57,58368,cwt,gadf
106_1_00058.png,IF007,106_1,58,59392,cwt,gadf
106_1_00059.png,IF007,106_1,59,60416,cwt,gadf
106_1_00060.png,IF007,106_1,60,61440,cwt,gadf
106_1_00061.png,IF007,106_1,61,62464,cwt,gadf
106_1_00062.png,IF007,106_1,62,63488,cwt,gadf
106_1_00063.png,IF007,106_1,63,64512,cwt,gadf
106_1_00064.png,IF007,106_1,64,65536,cwt,gadf
106_1_00065.png,IF007,106_1,65,66560,cwt,gadf
106_1_00066.png,IF007,106_1,66,67584,cwt,gadf
106_1_00067.png,IF007,106_1,67,68608,cwt,gadf
106_1_00068.png,IF007,106_1,68,69632,cwt,gadf
106_1_00069.png,IF007,106_1,69,70656,cwt,gadf
106_1_00070.png,IF007,106_1,70,71680,cwt,gadf
106_1_00071.png,IF007,106_1,71,72704,cwt,gadf
106_1_00072.png,IF007,106_1,72,73728,cwt,gadf
106_1_00073.png,IF007,106_1,73,74752,cwt,gadf
106_1_00074.png,IF007,106_1,74,75776,cwt,gadf
106_1_00075.png,IF007,106_1,75,76800,cwt,gadf
106_1_00076.png,IF007,106_1,76,77824,cwt,gadf
106_1_00077.png,IF007,106_1,77,78848,cwt,gadf
106_1_00078.png,IF007,106_1,78,79872,cwt,gadf
106_1_00079.png,IF007,106_1,79,80896,cwt,gadf
106_1_00080.png,IF007,106_1,80,81920,cwt,gadf
106_1_00081.png,IF007,106_1,81,82944,cwt,gadf
106_1_00082.png,IF007,106_1,82,83968,cwt,gadf
106_1_00083.png,IF007,106_1,83,84992,cwt,gadf
106_1_00084.png,IF007,106_1,84,86016,cwt,gadf
106_1_00085.png,IF007,106_1,85,87040,cwt,gadf
106_1_00086.png,IF007,106_1,86,88064,cwt,gadf
106_1_00087.png,IF007,106_1,87,89088,cwt,gadf
106_1_00088.png,IF007,106_1,88,90112,cwt,gadf
106_1_00089.png,IF007,106_1,89,91136,cwt,gadf
106_1_00090.png,IF007,106_1,90,92160,cwt,gadf
106_1_00091.png,IF007,106_1,91,93184,cwt,gadf
106_1_00092.png,IF007,106_1,92,94208,cwt,gadf
106_1_00093.png,IF007,106_1,93,95232,cwt,gadf
106_1_00094.png,IF007,106_1,94,96256,cwt,gadf
106_1_00095.png,IF007,106_1,95,97280,cwt,gadf
106_1_00096.png,IF007,106_1,96,98304,cwt,gadf
106_1_00097.png,IF007,106_1,97,99328,cwt,gadf
106_1_00098.png,IF007,106_1,98,100352,cwt,gadf
106_1_00099.png,IF007,106_1,99,101376,cwt,gadf
106_1_00100.png,IF007,106_1,100,102400,cwt,gadf
106_1_00101.png,IF007,106_1,101,103424,cwt,gadf
106_1_00102.png,IF007,106_1,102,104448,cwt,gadf
106_1_00103.png,IF007,106_1,103,105472,cwt,gadf
106_1_00104.png,IF007,106_1,104,106496,cwt,gadf
106_1_00105.png,IF007,106_1,105,107520,cwt,gadf
106_1_00106.png,IF007,106_1,106,108544,cwt,gadf
106_1_00107.png,IF007,106_1,107,109568,cwt,gadf
106_1_00108.png,IF007,106_1,108,110592,cwt,gadf
106_1_00109.png,IF007,106_1,109,111616,cwt,gadf
106_1_00110.png,IF007,106_1,110,112640,cwt,gadf
106_1_00111.png,IF007,106_1,111,113664,cwt,gadf
106_1_00112.png,IF007,106_1,112,114688,cwt,gadf
106_1_00113.png,IF007,106_1,113,115712,cwt,gadf
106_1_00114.png,IF007,106_1,114,116736,cwt,gadf
106_1_00115.png,IF007,106_1,115,117760,cwt,gadf
106_1_00116.png,IF007,106_1,116,118784,cwt,gadf
106_1_00117.png,IF007,106_1,117,119808,cwt,gadf
107_2_00000.png,IF007,107_2,0,0,cwt,gadf
107_2_00001.png,IF007,107_2,1,1024,cwt,gadf
107_2_00002.png,IF007,107_2,2,2048,cwt,gadf
107_2_00003.png,IF007,107_2,3,3072,cwt,gadf
107_2_00004.png,IF007,107_2,4,4096,cwt,gadf
107_2_00005.png,IF007,107_2,5,5120,cwt,gadf
107_2_00006.png,IF007,107_2,6,6144,cwt,gadf
107_2_00007.png,IF007,107_2,7,7168,cwt,gadf
107_2_00008.png,IF007,107_2,8,8192,cwt,gadf
107_2_00009.png,IF007,107_2,9,9216,cwt,gadf
107_2_00010.png,IF007,107_2,10,10240,cwt,gadf
107_2_00011.png,IF007,107_2,11,11264,cwt,gadf
107_2_00012.png,IF007,107_2,12,12288,cwt,gadf
107_2_00013.png,IF007,107_2,13,13312,cwt,gadf
107_2_00014.png,IF007,107_2,14,14336,cwt,gadf
107_2_00015.png,IF007,107_2,15,15360,cwt,gadf
107_2_00016.png,IF007,107_2,16,16384,cwt,gadf
107_2_00017.png,IF007,107_2,17,17408,cwt,gadf
107_2_00018.png,IF007,107_2,18,18432,cwt,gadf
107_2_00019.png,IF007,107_2,19,19456,cwt,gadf
107_2_00020.png,IF007,107_2,20,20480,cwt,gadf
107_2_00021.png,IF007,107_2,21,21504,cwt,gadf
107_2_00022.png,IF007,107_2,22,22528,cwt,gadf
107_2_00023.png,IF007,107_2,23,23552,cwt,gadf
107_2_00024.png,IF007,107_2,24,24576,cwt,gadf
107_2_00025.png,IF007,107_2,25,25600,cwt,gadf
107_2_00026.png,IF007,107_2,26,26624,cwt,gadf
107_2_00027.png,IF007,107_2,27,27648,cwt,gadf
107_2_00028.png,IF007,107_2,28,28672,cwt,gadf
107_2_00029.png,IF007,107_2,29,29696,cwt,gadf
107_2_00030.png,IF007,107_2,30,30720,cwt,gadf
107_2_00031.png,IF007,107_2,31,31744,cwt,gadf
107_2_00032.png,IF007,107_2,32,32768,cwt,gadf
107_2_00033.png,IF007,107_2,33,33792,cwt,gadf
107_2_00034.png,IF007,107_2,34,34816,cwt,gadf
107_2_00035.png,IF007,107_2,35,35840,cwt,gadf
107_2_00036.png,IF007,107_2,36,36864,cwt,gadf
107_2_00037.png,IF007,107_2,37,37888,cwt,gadf
107_2_00038.png,IF007,107_2,38,38912,cwt,gadf
107_2_00039.png,IF007,107_2,39,39936,cwt,gadf
107_2_00040.png,IF007,107_2,40,40960,cwt,gadf
107_2_00041.png,IF007,107_2,41,41984,cwt,gadf
107_2_00042.png,IF007,107_2,42,43008,cwt,gadf
107_2_00043.png,IF007,107_2,43,44032,cwt,gadf
107_2_00044.png,IF007,107_2,44,45056,cwt,gadf
107_2_00045.png,IF007,107_2,45,46080,cwt,gadf
107_2_00046.png,IF007,107_2,46,47104,cwt,gadf
107_2_00047.png,IF007,107_2,47,48128,cwt,gadf
107_2_00048.png,IF007,107_2,48,49152,cwt,gadf
107_2_00049.png,IF007,107_2,49,50176,cwt,gadf
107_2_00050.png,IF007,107_2,50,51200,cwt,gadf
107_2_00051.png,IF007,107_2,51,52224,cwt,gadf
107_2_00052.png,IF007,107_2,52,53248,cwt,gadf
107_2_00053.png,IF007,107_2,53,54272,cwt,gadf
107_2_00054.png,IF007,107_2,54,55296,cwt,gadf
107_2_00055.png,IF007,107_2,55,56320,cwt,gadf
107_2_00056.png,IF007,107_2,56,57344,cwt,gadf
107_2_00057.png,IF007,107_2,57,58368,cwt,gadf
107_2_00058.png,IF007,107_2,58,59392,cwt,gadf
107_2_00059.png,IF007,107_2,59,60416,cwt,gadf
107_2_00060.png,IF007,107_2,60,61440,cwt,gadf
107_2_00061.png,IF007,107_2,61,62464,cwt,gadf
107_2_00062.png,IF007,107_2,62,63488,cwt,gadf
107_2_00063.png,IF007,107_2,63,64512,cwt,gadf
107_2_00064.png,IF007,107_2,64,65536,cwt,gadf
107_2_00065.png,IF007,107_2,65,66560,cwt,gadf
107_2_00066.png,IF007,107_2,66,67584,cwt,gadf
107_2_00067.png,IF007,107_2,67,68608,cwt,gadf
107_2_00068.png,IF007,107_2,68,69632,cwt,gadf
107_2_00069.png,IF007,107_2,69,70656,cwt,gadf
107_2_00070.png,IF007,107_2,70,71680,cwt,gadf
107_2_00071.png,IF007,107_2,71,72704,cwt,gadf
107_2_00072.png,IF007,107_2,72,73728,cwt,gadf
107_2_00073.png,IF007,107_2,73,74752,cwt,gadf
107_2_00074.png,IF007,107_2,74,75776,cwt,gadf
107_2_00075.png,IF007,107_2,75,76800,cwt,gadf
107_2_00076.png,IF007,107_2,76,77824,cwt,gadf
107_2_00077.png,IF007,107_2,77,78848,cwt,gadf
107_2_00078.png,IF007,107_2,78,79872,cwt,gadf
107_2_00079.png,IF007,107_2,79,80896,cwt,gadf
107_2_00080.png,IF007,107_2,80,81920,cwt,gadf
107_2_00081.png,IF007,107_2,81,82944,cwt,gadf
107_2_00082.png,IF007,107_2,82,83968,cwt,gadf
107_2_00083.png,IF007,107_2,83,84992,cwt,gadf
107_2_00084.png,IF007,107_2,84,86016,cwt,gadf
107_2_00085.png,IF007,107_2,85,87040,cwt,gadf
107_2_00086.png,IF007,107_2,86,88064,cwt,gadf
107_2_00087.png,IF007,107_2,87,89088,cwt,gadf
107_2_00088.png,IF007,107_2,88,90112,cwt,gadf
107_2_00089.png,IF007,107_2,89,91136,cwt,gadf
107_2_00090.png,IF007,107_2,90,92160,cwt,gadf
107_2_00091.png,IF007,107_2,91,93184,cwt,gadf
107_2_00092.png,IF007,107_2,92,94208,cwt,gadf
107_2_00093.png,IF007,107_2,93,95232,cwt,gadf
107_2_00094.png,IF007,107_2,94,96256,cwt,gadf
107_2_00095.png,IF007,107_2,95,97280,cwt,gadf
107_2_00096.png,IF007,107_2,96,98304,cwt,gadf
107_2_00097.png,IF007,107_2,97,99328,cwt,gadf
107_2_00098.png,IF007,107_2,98,100352,cwt,gadf
107_2_00099.png,IF007,107_2,99,101376,cwt,gadf
107_2_00100.png,IF007,107_2,100,102400,cwt,gadf
107_2_00101.png,IF007,107_2,101,103424,cwt,gadf
107_2_00102.png,IF007,107_2,102,104448,cwt,gadf
107_2_00103.png,IF007,107_2,103,105472,cwt,gadf
107_2_00104.png,IF007,107_2,104,106496,cwt,gadf
107_2_00105.png,IF007,107_2,105,107520,cwt,gadf
107_2_00106.png,IF007,107_2,106,108544,cwt,gadf
107_2_00107.png,IF007,107_2,107,109568,cwt,gadf
107_2_00108.png,IF007,107_2,108,110592,cwt,gadf
107_2_00109.png,IF007,107_2,109,111616,cwt,gadf
107_2_00110.png,IF007,107_2,110,112640,cwt,gadf
107_2_00111.png,IF007,107_2,111,113664,cwt,gadf
107_2_00112.png,IF007,107_2,112,114688,cwt,gadf
107_2_00113.png,IF007,107_2,113,115712,cwt,gadf
107_2_00114.png,IF007,107_2,114,116736,cwt,gadf
107_2_00115.png,IF007,107_2,115,117760,cwt,gadf
107_2_00116.png,IF007,107_2,116,118784,cwt,gadf
107_2_00117.png,IF007,107_2,117,119808,cwt,gadf
108_3_00000.png,IF007,108_3,0,0,cwt,gadf
108_3_00001.png,IF007,108_3,1,1024,cwt,gadf
108_3_00002.png,IF007,108_3,2,2048,cwt,gadf
108_3_00003.png,IF007,108_3,3,3072,cwt,gadf
108_3_00004.png,IF007,108_3,4,4096,cwt,gadf
108_3_00005.png,IF007,108_3,5,5120,cwt,gadf
108_3_00006.png,IF007,108_3,6,6144,cwt,gadf
108_3_00007.png,IF007,108_3,7,7168,cwt,gadf
108_3_00008.png,IF007,108_3,8,8192,cwt,gadf
108_3_00009.png,IF007,108_3,9,9216,cwt,gadf
108_3_00010.png,IF007,108_3,10,10240,cwt,gadf
108_3_00011.png,IF007,108_3,11,11264,cwt,gadf
108_3_00012.png,IF007,108_3,12,12288,cwt,gadf
108_3_00013.png,IF007,108_3,13,13312,cwt,gadf
108_3_00014.png,IF007,108_3,14,14336,cwt,gadf
108_3_00015.png,IF007,108_3,15,15360,cwt,gadf
108_3_00016.png,IF007,108_3,16,16384,cwt,gadf
108_3_00017.png,IF007,108_3,17,17408,cwt,gadf
108_3_00018.png,IF007,108_3,18,18432,cwt,gadf
108_3_00019.png,IF007,108_3,19,19456,cwt,gadf
108_3_00020.png,IF007,108_3,20,20480,cwt,gadf
108_3_00021.png,IF007,108_3,21,21504,cwt,gadf
108_3_00022.png,IF007,108_3,22,22528,cwt,gadf
108_3_00023.png,IF007,108_3,23,23552,cwt,gadf
108_3_00024.png,IF007,108_3,24,24576,cwt,gadf
108_3_00025.png,IF007,108_3,25,25600,cwt,gadf
108_3_00026.png,IF007,108_3,26,26624,cwt,gadf
108_3_00027.png,IF007,108_3,27,27648,cwt,gadf
108_3_00028.png,IF007,108_3,28,28672,cwt,gadf
108_3_00029.png,IF007,108_3,29,29696,cwt,gadf
108_3_00030.png,IF007,108_3,30,30720,cwt,gadf
108_3_00031.png,IF007,108_3,31,31744,cwt,gadf
108_3_00032.png,IF007,108_3,32,32768,cwt,gadf
108_3_00033.png,IF007,108_3,33,33792,cwt,gadf
108_3_00034.png,IF007,108_3,34,34816,cwt,gadf
108_3_00035.png,IF007,108_3,35,35840,cwt,gadf
108_3_00036.png,IF007,108_3,36,36864,cwt,gadf
108_3_00037.png,IF007,108_3,37,37888,cwt,gadf
108_3_00038.png,IF007,108_3,38,38912,cwt,gadf
108_3_00039.png,IF007,108_3,39,39936,cwt,gadf
108_3_00040.png,IF007,108_3,40,40960,cwt,gadf
108_3_00041.png,IF007,108_3,41,41984,cwt,gadf
108_3_00042.png,IF007,108_3,42,43008,cwt,gadf
108_3_00043.png,IF007,108_3,43,44032,cwt,gadf
108_3_00044.png,IF007,108_3,44,45056,cwt,gadf
108_3_00045.png,IF007,108_3,45,46080,cwt,gadf
108_3_00046.png,IF007,108_3,46,47104,cwt,gadf
108_3_00047.png,IF007,108_3,47,48128,cwt,gadf
108_3_00048.png,IF007,108_3,48,49152,cwt,gadf
108_3_00049.png,IF007,108_3,49,50176,cwt,gadf
108_3_00050.png,IF007,108_3,50,51200,cwt,gadf
108_3_00051.png,IF007,108_3,51,52224,cwt,gadf
108_3_00052.png,IF007,108_3,52,53248,cwt,gadf
108_3_00053.png,IF007,108_3,53,54272,cwt,gadf
108_3_00054.png,IF007,108_3,54,55296,cwt,gadf
108_3_00055.png,IF007,108_3,55,56320,cwt,gadf
108_3_00056.png,IF007,108_3,56,57344,cwt,gadf
108_3_00057.png,IF007,108_3,57,58368,cwt,gadf
108_3_00058.png,IF007,108_3,58,59392,cwt,gadf
108_3_00059.png,IF007,108_3,59,60416,cwt,gadf
108_3_00060.png,IF007,108_3,60,61440,cwt,gadf
108_3_00061.png,IF007,108_3,61,62464,cwt,gadf
108_3_00062.png,IF007,108_3,62,63488,cwt,gadf
108_3_00063.png,IF007,108_3,63,64512,cwt,gadf
108_3_00064.png,IF007,108_3,64,65536,cwt,gadf
108_3_00065.png,IF007,108_3,65,66560,cwt,gadf
108_3_00066.png,IF007,108_3,66,67584,cwt,gadf
108_3_00067.png,IF007,108_3,67,68608,cwt,gadf
108_3_00068.png,IF007,108_3,68,69632,cwt,gadf
108_3_00069.png,IF007,108_3,69,70656,cwt,gadf
108_3_00070.png,IF007,108_3,70,71680,cwt,gadf
108_3_00071.png,IF007,108_3,71,72704,cwt,gadf
108_3_00072.png,IF007,108_3,72,73728,cwt,gadf
108_3_00073.png,IF007,108_3,73,74752,cwt,gadf
108_3_00074.png,IF007,108_3,74,75776,cwt,gadf
108_3_00075.png,IF007,108_3,75,76800,cwt,gadf
108_3_00076.png,IF007,108_3,76,77824,cwt,gadf
108_3_00077.png,IF007,108_3,77,78848,cwt,gadf
108_3_00078.png,IF007,108_3,78,79872,cwt,gadf
108_3_00079.png,IF007,108_3,79,80896,cwt,gadf
108_3_00080.png,IF007,108_3,80,81920,cwt,gadf
108_3_00081.png,IF007,108_3,81,82944,cwt,gadf
108_3_00082.png,IF007,108_3,82,83968,cwt,gadf
108_3_00083.png,IF007,108_3,83,84992,cwt,gadf
108_3_00084.png,IF007,108_3,84,86016,cwt,gadf
108_3_00085.png,IF007,108_3,85,87040,cwt,gadf
108_3_00086.png,IF007,108_3,86,88064,cwt,gadf
108_3_00087.png,IF007,108_3,87,89088,cwt,gadf
108_3_00088.png,IF007,108_3,88,90112,cwt,gadf
108_3_00089.png,IF007,108_3,89,91136,cwt,gadf
108_3_00090.png,IF007,108_3,90,92160,cwt,gadf
108_3_00091.png,IF007,108_3,91,93184,cwt,gadf
108_3_00092.png,IF007,108_3,92,94208,cwt,gadf
108_3_00093.png,IF007,108_3,93,95232,cwt,gadf
108_3_00094.png,IF007,108_3,94,96256,cwt,gadf
108_3_00095.png,IF007,108_3,95,97280,cwt,gadf
108_3_00096.png,IF007,108_3,96,98304,cwt,gadf
108_3_00097.png,IF007,108_3,97,99328,cwt,gadf
108_3_00098.png,IF007,108_3,98,100352,cwt,gadf
108_3_00099.png,IF007,108_3,99,101376,cwt,gadf
108_3_00100.png,IF007,108_3,100,102400,cwt,gadf
108_3_00101.png,IF007,108_3,101,103424,cwt,gadf
108_3_00102.png,IF007,108_3,102,104448,cwt,gadf
108_3_00103.png,IF007,108_3,103,105472,cwt,gadf
108_3_00104.png,IF007,108_3,104,106496,cwt,gadf
108_3_00105.png,IF007,108_3,105,107520,cwt,gadf
108_3_00106.png,IF007,108_3,106,108544,cwt,gadf
108_3_00107.png,IF007,108_3,107,109568,cwt,gadf
108_3_00108.png,IF007,108_3,108,110592,cwt,gadf
108_3_00109.png,IF007,108_3,109,111616,cwt,gadf
108_3_00110.png,IF007,108_3,110,112640,cwt,gadf
108_3_00111.png,IF007,108_3,111,113664,cwt,gadf
108_3_00112.png,IF007,108_3,112,114688,cwt,gadf
108_3_00113.png,IF007,108_3,113,115712,cwt,gadf
108_3_00114.png,IF007,108_3,114,116736,cwt,gadf
108_3_00115.png,IF007,108_3,115,117760,cwt,gadf
108_3_00116.png,IF007,108_3,116,118784,cwt,gadf
108_3_00117.png,IF007,108_3,117,119808,cwt,gadf
108_3_00118.png,IF007,108_3,118,120832,cwt,gadf
169_0_00000.png,IF014,169_0,0,0,cwt,gadf
169_0_00001.png,IF014,169_0,1,1024,cwt,gadf
169_0_00002.png,IF014,169_0,2,2048,cwt,gadf
169_0_00003.png,IF014,169_0,3,3072,cwt,gadf
169_0_00004.png,IF014,169_0,4,4096,cwt,gadf
169_0_00005.png,IF014,169_0,5,5120,cwt,gadf
169_0_00006.png,IF014,169_0,6,6144,cwt,gadf
169_0_00007.png,IF014,169_0,7,7168,cwt,gadf
169_0_00008.png,IF014,169_0,8,8192,cwt,gadf
169_0_00009.png,IF014,169_0,9,9216,cwt,gadf
169_0_00010.png,IF014,169_0,10,10240,cwt,gadf
169_0_00011.png,IF014,169_0,11,11264,cwt,gadf
169_0_00012.png,IF014,169_0,12,12288,cwt,gadf
169_0_00013.png,IF014,169_0,13,13312,cwt,gadf
169_0_00014.png,IF014,169_0,14,14336,cwt,gadf
169_0_00015.png,IF014,169_0,15,15360,cwt,gadf
169_0_00016.png,IF014,169_0,16,16384,cwt,gadf
169_0_00017.png,IF014,169_0,17,17408,cwt,gadf
169_0_00018.png,IF014,169_0,18,18432,cwt,gadf
169_0_00019.png,IF014,169_0,19,19456,cwt,gadf
169_0_00020.png,IF014,169_0,20,20480,cwt,gadf
169_0_00021.png,IF014,169_0,21,21504,cwt,gadf
169_0_00022.png,IF014,169_0,22,22528,cwt,gadf
169_0_00023.png,IF014,169_0,23,23552,cwt,gadf
169_0_00024.png,IF014,169_0,24,24576,cwt,gadf
169_0_00025.png,IF014,169_0,25,25600,cwt,gadf
169_0_00026.png,IF014,169_0,26,26624,cwt,gadf
169_0_00027.png,IF014,169_0,27,27648,cwt,gadf
169_0_00028.png,IF014,169_0,28,28672,cwt,gadf
169_0_00029.png,IF014,169_0,29,29696,cwt,gadf
169_0_00030.png,IF014,169_0,30,30720,cwt,gadf
169_0_00031.png,IF014,169_0,31,31744,cwt,gadf
169_0_00032.png,IF014,169_0,32,32768,cwt,gadf
169_0_00033.png,IF014,169_0,33,33792,cwt,gadf
169_0_00034.png,IF014,169_0,34,34816,cwt,gadf
169_0_00035.png,IF014,169_0,35,35840,cwt,gadf
169_0_00036.png,IF014,169_0,36,36864,cwt,gadf
169_0_00037.png,IF014,169_0,37,37888,cwt,gadf
169_0_00038.png,IF014,169_0,38,38912,cwt,gadf
169_0_00039.png,IF014,169_0,39,39936,cwt,gadf
169_0_00040.png,IF014,169_0,40,40960,cwt,gadf
169_0_00041.png,IF014,169_0,41,41984,cwt,gadf
169_0_00042.png,IF014,169_0,42,43008,cwt,gadf
169_0_00043.png,IF014,169_0,43,44032,cwt,gadf
169_0_00044.png,IF014,169_0,44,45056,cwt,gadf
169_0_00045.png,IF014,169_0,45,46080,cwt,gadf
169_0_00046.png,IF014,169_0,46,47104,cwt,gadf
169_0_00047.png,IF014,169_0,47,48128,cwt,gadf
169_0_00048.png,IF014,169_0,48,49152,cwt,gadf
169_0_00049.png,IF014,169_0,49,50176,cwt,gadf
169_0_00050.png,IF014,169_0,50,51200,cwt,gadf
169_0_00051.png,IF014,169_0,51,52224,cwt,gadf
169_0_00052.png,IF014,169_0,52,53248,cwt,gadf
169_0_00053.png,IF014,169_0,53,54272,cwt,gadf
169_0_00054.png,IF014,169_0,54,55296,cwt,gadf
169_0_00055.png,IF014,169_0,55,56320,cwt,gadf
169_0_00056.png,IF014,169_0,56,57344,cwt,gadf
169_0_00057.png,IF014,169_0,57,58368,cwt,gadf
169_0_00058.png,IF014,169_0,58,59392,cwt,gadf
169_0_00059.png,IF014,169_0,59,60416,cwt,gadf
169_0_00060.png,IF014,169_0,60,61440,cwt,gadf
169_0_00061.png,IF014,169_0,61,62464,cwt,gadf
169_0_00062.png,IF014,169_0,62,63488,cwt,gadf
169_0_00063.png,IF014,169_0,63,64512,cwt,gadf
169_0_00064.png,IF014,169_0,64,65536,cwt,gadf
169_0_00065.png,IF014,169_0,65,66560,cwt,gadf
169_0_00066.png,IF014,169_0,66,67584,cwt,gadf
169_0_00067.png,IF014,169_0,67,68608,cwt,gadf
169_0_00068.png,IF014,169_0,68,69632,cwt,gadf
169_0_00069.png,IF014,169_0,69,70656,cwt,gadf
169_0_00070.png,IF014,169_0,70,71680,cwt,gadf
169_0_00071.png,IF014,169_0,71,72704,cwt,gadf
169_0_00072.png,IF014,169_0,72,73728,cwt,gadf
169_0_00073.png,IF014,169_0,73,74752,cwt,gadf
169_0_00074.png,IF014,169_0,74,75776,cwt,gadf
169_0_00075.png,IF014,169_0,75,76800,cwt,gadf
169_0_00076.png,IF014,169_0,76,77824,cwt,gadf
169_0_00077.png,IF014,169_0,77,78848,cwt,gadf
169_0_00078.png,IF014,169_0,78,79872,cwt,gadf
169_0_00079.png,IF014,169_0,79,80896,cwt,gadf
169_0_00080.png,IF014,169_0,80,81920,cwt,gadf
169_0_00081.png,IF014,169_0,81,82944,cwt,gadf
169_0_00082.png,IF014,169_0,82,83968,cwt,gadf
169_0_00083.png,IF014,169_0,83,84992,cwt,gadf
169_0_00084.png,IF014,169_0,84,86016,cwt,gadf
169_0_00085.png,IF014,169_0,85,87040,cwt,gadf
169_0_00086.png,IF014,169_0,86,88064,cwt,gadf
169_0_00087.png,IF014,169_0,87,89088,cwt,gadf
169_0_00088.png,IF014,169_0,88,90112,cwt,gadf
169_0_00089.png,IF014,169_0,89,91136,cwt,gadf
169_0_00090.png,IF014,169_0,90,92160,cwt,gadf
169_0_00091.png,IF014,169_0,91,93184,cwt,gadf
169_0_00092.png,IF014,169_0,92,94208,cwt,gadf
169_0_00093.png,IF014,169_0,93,95232,cwt,gadf
169_0_00094.png,IF014,169_0,94,96256,cwt,gadf
169_0_00095.png,IF014,169_0,95,97280,cwt,gadf
169_0_00096.png,IF014,169_0,96,98304,cwt,gadf
169_0_00097.png,IF014,169_0,97,99328,cwt,gadf
169_0_00098.png,IF014,169_0,98,100352,cwt,gadf
169_0_00099.png,IF014,169_0,99,101376,cwt,gadf
169_0_00100.png,IF014,169_0,100,102400,cwt,gadf
169_0_00101.png,IF014,169_0,101,103424,cwt,gadf
169_0_00102.png,IF014,169_0,102,104448,cwt,gadf
169_0_00103.png,IF014,169_0,103,105472,cwt,gadf
169_0_00104.png,IF014,169_0,104,106496,cwt,gadf
169_0_00105.png,IF014,169_0,105,107520,cwt,gadf
169_0_00106.png,IF014,169_0,106,108544,cwt,gadf
169_0_00107.png,IF014,169_0,107,109568,cwt,gadf
169_0_00108.png,IF014,169_0,108,110592,cwt,gadf
169_0_00109.png,IF014,169_0,109,111616,cwt,gadf
169_0_00110.png,IF014,169_0,110,112640,cwt,gadf
169_0_00111.png,IF014,169_0,111,113664,cwt,gadf
169_0_00112.png,IF014,169_0,112,114688,cwt,gadf
169_0_00113.png,IF014,169_0,113,115712,cwt,gadf
169_0_00114.png,IF014,169_0,114,116736,cwt,gadf
169_0_00115.png,IF014,169_0,115,117760,cwt,gadf
169_0_00116.png,IF014,169_0,116,118784,cwt,gadf
170_1_00000.png,IF014,170_1,0,0,cwt,gadf
170_1_00001.png,IF014,170_1,1,1024,cwt,gadf
170_1_00002.png,IF014,170_1,2,2048,cwt,gadf
170_1_00003.png,IF014,170_1,3,3072,cwt,gadf
170_1_00004.png,IF014,170_1,4,4096,cwt,gadf
170_1_00005.png,IF014,170_1,5,5120,cwt,gadf
170_1_00006.png,IF014,170_1,6,6144,cwt,gadf
170_1_00007.png,IF014,170_1,7,7168,cwt,gadf
170_1_00008.png,IF014,170_1,8,8192,cwt,gadf
170_1_00009.png,IF014,170_1,9,9216,cwt,gadf
170_1_00010.png,IF014,170_1,10,10240,cwt,gadf
170_1_00011.png,IF014,170_1,11,11264,cwt,gadf
170_1_00012.png,IF014,170_1,12,12288,cwt,gadf
170_1_00013.png,IF014,170_1,13,13312,cwt,gadf
170_1_00014.png,IF014,170_1,14,14336,cwt,gadf
170_1_00015.png,IF014,170_1,15,15360,cwt,gadf
170_1_00016.png,IF014,170_1,16,16384,cwt,gadf
170_1_00017.png,IF014,170_1,17,17408,cwt,gadf
170_1_00018.png,IF014,170_1,18,18432,cwt,gadf
170_1_00019.png,IF014,170_1,19,19456,cwt,gadf
170_1_00020.png,IF014,170_1,20,20480,cwt,gadf
170_1_00021.png,IF014,170_1,21,21504,cwt,gadf
170_1_00022.png,IF014,170_1,22,22528,cwt,gadf
170_1_00023.png,IF014,170_1,23,23552,cwt,gadf
170_1_00024.png,IF014,170_1,24,24576,cwt,gadf
170_1_00025.png,IF014,170_1,25,25600,cwt,gadf
170_1_00026.png,IF014,170_1,26,26624,cwt,gadf
170_1_00027.png,IF014,170_1,27,27648,cwt,gadf
170_1_00028.png,IF014,170_1,28,28672,cwt,gadf
170_1_00029.png,IF014,170_1,29,29696,cwt,gadf
170_1_00030.png,IF014,170_1,30,30720,cwt,gadf
170_1_00031.png,IF014,170_1,31,31744,cwt,gadf
170_1_00032.png,IF014,170_1,32,32768,cwt,gadf
170_1_00033.png,IF014,170_1,33,33792,cwt,gadf
170_1_00034.png,IF014,170_1,34,34816,cwt,gadf
170_1_00035.png,IF014,170_1,35,35840,cwt,gadf
170_1_00036.png,IF014,170_1,36,36864,cwt,gadf
170_1_00037.png,IF014,170_1,37,37888,cwt,gadf
170_1_00038.png,IF014,170_1,38,38912,cwt,gadf
170_1_00039.png,IF014,170_1,39,39936,cwt,gadf
170_1_00040.png,IF014,170_1,40,40960,cwt,gadf
170_1_00041.png,IF014,170_1,41,41984,cwt,gadf
170_1_00042.png,IF014,170_1,42,43008,cwt,gadf
170_1_00043.png,IF014,170_1,43,44032,cwt,gadf
170_1_00044.png,IF014,170_1,44,45056,cwt,gadf
170_1_00045.png,IF014,170_1,45,46080,cwt,gadf
170_1_00046.png,IF014,170_1,46,47104,cwt,gadf
170_1_00047.png,IF014,170_1,47,48128,cwt,gadf
170_1_00048.png,IF014,170_1,48,49152,cwt,gadf
170_1_00049.png,IF014,170_1,49,50176,cwt,gadf
170_1_00050.png,IF014,170_1,50,51200,cwt,gadf
170_1_00051.png,IF014,170_1,51,52224,cwt,gadf
170_1_00052.png,IF014,170_1,52,53248,cwt,gadf
170_1_00053.png,IF014,170_1,53,54272,cwt,gadf
170_1_00054.png,IF014,170_1,54,55296,cwt,gadf
170_1_00055.png,IF014,170_1,55,56320,cwt,gadf
170_1_00056.png,IF014,170_1,56,57344,cwt,gadf
170_1_00057.png,IF014,170_1,57,58368,cwt,gadf
170_1_00058.png,IF014,170_1,58,59392,cwt,gadf
170_1_00059.png,IF014,170_1,59,60416,cwt,gadf
170_1_00060.png,IF014,170_1,60,61440,cwt,gadf
170_1_00061.png,IF014,170_1,61,62464,cwt,gadf
170_1_00062.png,IF014,170_1,62,63488,cwt,gadf
170_1_00063.png,IF014,170_1,63,64512,cwt,gadf
170_1_00064.png,IF014,170_1,64,65536,cwt,gadf
170_1_00065.png,IF014,170_1,65,66560,cwt,gadf
170_1_00066.png,IF014,170_1,66,67584,cwt,gadf
170_1_00067.png,IF014,170_1,67,68608,cwt,gadf
170_1_00068.png,IF014,170_1,68,69632,cwt,gadf
170_1_00069.png,IF014,170_1,69,70656,cwt,gadf
170_1_00070.png,IF014,170_1,70,71680,cwt,gadf
170_1_00071.png,IF014,170_1,71,72704,cwt,gadf
170_1_00072.png,IF014,170_1,72,73728,cwt,gadf
170_1_00073.png,IF014,170_1,73,74752,cwt,gadf
170_1_00074.png,IF014,170_1,74,75776,cwt,gadf
170_1_00075.png,IF014,170_1,75,76800,cwt,gadf
170_1_00076.png,IF014,170_1,76,77824,cwt,gadf
170_1_00077.png,IF014,170_1,77,78848,cwt,gadf
170_1_00078.png,IF014,170_1,78,79872,cwt,gadf
170_1_00079.png,IF014,170_1,79,80896,cwt,gadf
170_1_00080.png,IF014,170_1,80,81920,cwt,gadf
170_1_00081.png,IF014,170_1,81,82944,cwt,gadf
170_1_00082.png,IF014,170_1,82,83968,cwt,gadf
170_1_00083.png,IF014,170_1,83,84992,cwt,gadf
170_1_00084.png,IF014,170_1,84,86016,cwt,gadf
170_1_00085.png,IF014,170_1,85,87040,cwt,gadf
170_1_00086.png,IF014,170_1,86,88064,cwt,gadf
170_1_00087.png,IF014,170_1,87,89088,cwt,gadf
170_1_00088.png,IF014,170_1,88,90112,cwt,gadf
170_1_00089.png,IF014,170_1,89,91136,cwt,gadf
170_1_00090.png,IF014,170_1,90,92160,cwt,gadf
170_1_00091.png,IF014,170_1,91,93184,cwt,gadf
170_1_00092.png,IF014,170_1,92,94208,cwt,gadf
170_1_00093.png,IF014,170_1,93,95232,cwt,gadf
170_1_00094.png,IF014,170_1,94,96256,cwt,gadf
170_1_00095.png,IF014,170_1,95,97280,cwt,gadf
170_1_00096.png,IF014,170_1,96,98304,cwt,gadf
170_1_00097.png,IF014,170_1,97,99328,cwt,gadf
170_1_00098.png,IF014,170_1,98,100352,cwt,gadf
170_1_00099.png,IF014,170_1,99,101376,cwt,gadf
170_1_00100.png,IF014,170_1,100,102400,cwt,gadf
170_1_00101.png,IF014,170_1,101,103424,cwt,gadf
170_1_00102.png,IF014,170_1,102,104448,cwt,gadf
170_1_00103.png,IF014,170_1,103,105472,cwt,gadf
170_1_00104.png,IF014,170_1,104,106496,cwt,gadf
170_1_00105.png,IF014,170_1,105,107520,cwt,gadf
170_1_00106.png,IF014,170_1,106,108544,cwt,gadf
170_1_00107.png,IF014,170_1,107,109568,cwt,gadf
170_1_00108.png,IF014,170_1,108,110592,cwt,gadf
170_1_00109.png,IF014,170_1,109,111616,cwt,gadf
170_1_00110.png,IF014,170_1,110,112640,cwt,gadf
170_1_00111.png,IF014,170_1,111,113664,cwt,gadf
170_1_00112.png,IF014,170_1,112,114688,cwt,gadf
170_1_00113.png,IF014,170_1,113,115712,cwt,gadf
170_1_00114.png,IF014,170_1,114,116736,cwt,gadf
170_1_00115.png,IF014,170_1,115,117760,cwt,gadf
170_1_00116.png,IF014,170_1,116,118784,cwt,gadf
171_2_00000.png,IF014,171_2,0,0,cwt,gadf
171_2_00001.png,IF014,171_2,1,1024,cwt,gadf
171_2_00002.png,IF014,171_2,2,2048,cwt,gadf
171_2_00003.png,IF014,171_2,3,3072,cwt,gadf
171_2_00004.png,IF014,171_2,4,4096,cwt,gadf
171_2_00005.png,IF014,171_2,5,5120,cwt,gadf
171_2_00006.png,IF014,171_2,6,6144,cwt,gadf
171_2_00007.png,IF014,171_2,7,7168,cwt,gadf
171_2_00008.png,IF014,171_2,8,8192,cwt,gadf
171_2_00009.png,IF014,171_2,9,9216,cwt,gadf
171_2_00010.png,IF014,171_2,10,10240,cwt,gadf
171_2_00011.png,IF014,171_2,11,11264,cwt,gadf
171_2_00012.png,IF014,171_2,12,12288,cwt,gadf
171_2_00013.png,IF014,171_2,13,13312,cwt,gadf
171_2_00014.png,IF014,171_2,14,14336,cwt,gadf
171_2_00015.png,IF014,171_2,15,15360,cwt,gadf
171_2_00016.png,IF014,171_2,16,16384,cwt,gadf
171_2_00017.png,IF014,171_2,17,17408,cwt,gadf
171_2_00018.png,IF014,171_2,18,18432,cwt,gadf
171_2_00019.png,IF014,171_2,19,19456,cwt,gadf
171_2_00020.png,IF014,171_2,20,20480,cwt,gadf
171_2_00021.png,IF014,171_2,21,21504,cwt,gadf
171_2_00022.png,IF014,171_2,22,22528,cwt,gadf
171_2_00023.png,IF014,171_2,23,23552,cwt,gadf
171_2_00024.png,IF014,171_2,24,24576,cwt,gadf
171_2_00025.png,IF014,171_2,25,25600,cwt,gadf
171_2_00026.png,IF014,171_2,26,26624,cwt,gadf
171_2_00027.png,IF014,171_2,27,27648,cwt,gadf
171_2_00028.png,IF014,171_2,28,28672,cwt,gadf
171_2_00029.png,IF014,171_2,29,29696,cwt,gadf
171_2_00030.png,IF014,171_2,30,30720,cwt,gadf
171_2_00031.png,IF014,171_2,31,31744,cwt,gadf
171_2_00032.png,IF014,171_2,32,32768,cwt,gadf
171_2_00033.png,IF014,171_2,33,33792,cwt,gadf
171_2_00034.png,IF014,171_2,34,34816,cwt,gadf
171_2_00035.png,IF014,171_2,35,35840,cwt,gadf
171_2_00036.png,IF014,171_2,36,36864,cwt,gadf
171_2_00037.png,IF014,171_2,37,37888,cwt,gadf
171_2_00038.png,IF014,171_2,38,38912,cwt,gadf
171_2_00039.png,IF014,171_2,39,39936,cwt,gadf
171_2_00040.png,IF014,171_2,40,40960,cwt,gadf
171_2_00041.png,IF014,171_2,41,41984,cwt,gadf
171_2_00042.png,IF014,171_2,42,43008,cwt,gadf
171_2_00043.png,IF014,171_2,43,44032,cwt,gadf
171_2_00044.png,IF014,171_2,44,45056,cwt,gadf
171_2_00045.png,IF014,171_2,45,46080,cwt,gadf
171_2_00046.png,IF014,171_2,46,47104,cwt,gadf
171_2_00047.png,IF014,171_2,47,48128,cwt,gadf
171_2_00048.png,IF014,171_2,48,49152,cwt,gadf
171_2_00049.png,IF014,171_2,49,50176,cwt,gadf
171_2_00050.png,IF014,171_2,50,51200,cwt,gadf
171_2_00051.png,IF014,171_2,51,52224,cwt,gadf
171_2_00052.png,IF014,171_2,52,53248,cwt,gadf
171_2_00053.png,IF014,171_2,53,54272,cwt,gadf
171_2_00054.png,IF014,171_2,54,55296,cwt,gadf
171_2_00055.png,IF014,171_2,55,56320,cwt,gadf
171_2_00056.png,IF014,171_2,56,57344,cwt,gadf
171_2_00057.png,IF014,171_2,57,58368,cwt,gadf
171_2_00058.png,IF014,171_2,58,59392,cwt,gadf
171_2_00059.png,IF014,171_2,59,60416,cwt,gadf
171_2_00060.png,IF014,171_2,60,61440,cwt,gadf
171_2_00061.png,IF014,171_2,61,62464,cwt,gadf
171_2_00062.png,IF014,171_2,62,63488,cwt,gadf
171_2_00063.png,IF014,171_2,63,64512,cwt,gadf
171_2_00064.png,IF014,171_2,64,65536,cwt,gadf
171_2_00065.png,IF014,171_2,65,66560,cwt,gadf
171_2_00066.png,IF014,171_2,66,67584,cwt,gadf
171_2_00067.png,IF014,171_2,67,68608,cwt,gadf
171_2_00068.png,IF014,171_2,68,69632,cwt,gadf
171_2_00069.png,IF014,171_2,69,70656,cwt,gadf
171_2_00070.png,IF014,171_2,70,71680,cwt,gadf
171_2_00071.png,IF014,171_2,71,72704,cwt,gadf
171_2_00072.png,IF014,171_2,72,73728,cwt,gadf
171_2_00073.png,IF014,171_2,73,74752,cwt,gadf
171_2_00074.png,IF014,171_2,74,75776,cwt,gadf
171_2_00075.png,IF014,171_2,75,76800,cwt,gadf
171_2_00076.png,IF014,171_2,76,77824,cwt,gadf
171_2_00077.png,IF014,171_2,77,78848,cwt,gadf
171_2_00078.png,IF014,171_2,78,79872,cwt,gadf
171_2_00079.png,IF014,171_2,79,80896,cwt,gadf
171_2_00080.png,IF014,171_2,80,81920,cwt,gadf
171_2_00081.png,IF014,171_2,81,82944,cwt,gadf
171_2_00082.png,IF014,171_2,82,83968,cwt,gadf
171_2_00083.png,IF014,171_2,83,84992,cwt,gadf
171_2_00084.png,IF014,171_2,84,86016,cwt,gadf
171_2_00085.png,IF014,171_2,85,87040,cwt,gadf
171_2_00086.png,IF014,171_2,86,88064,cwt,gadf
171_2_00087.png,IF014,171_2,87,89088,cwt,gadf
171_2_00088.png,IF014,171_2,88,90112,cwt,gadf
171_2_00089.png,IF014,171_2,89,91136,cwt,gadf
171_2_00090.png,IF014,171_2,90,92160,cwt,gadf
171_2_00091.png,IF014,171_2,91,93184,cwt,gadf
171_2_00092.png,IF014,171_2,92,94208,cwt,gadf
171_2_00093.png,IF014,171_2,93,95232,cwt,gadf
171_2_00094.png,IF014,171_2,94,96256,cwt,gadf
171_2_00095.png,IF014,171_2,95,97280,cwt,gadf
171_2_00096.png,IF014,171_2,96,98304,cwt,gadf
171_2_00097.png,IF014,171_2,97,99328,cwt,gadf
171_2_00098.png,IF014,171_2,98,100352,cwt,gadf
171_2_00099.png,IF014,171_2,99,101376,cwt,gadf
171_2_00100.png,IF014,171_2,100,102400,cwt,gadf
171_2_00101.png,IF014,171_2,101,103424,cwt,gadf
171_2_00102.png,IF014,171_2,102,104448,cwt,gadf
171_2_00103.png,IF014,171_2,103,105472,cwt,gadf
171_2_00104.png,IF014,171_2,104,106496,cwt,gadf
171_2_00105.png,IF014,171_2,105,107520,cwt,gadf
171_2_00106.png,IF014,171_2,106,108544,cwt,gadf
171_2_00107.png,IF014,171_2,107,109568,cwt,gadf
171_2_00108.png,IF014,171_2,108,110592,cwt,gadf
171_2_00109.png,IF014,171_2,109,111616,cwt,gadf
171_2_00110.png,IF014,171_2,110,112640,cwt,gadf
171_2_00111.png,IF014,171_2,111,113664,cwt,gadf
171_2_00112.png,IF014,171_2,112,114688,cwt,gadf
171_2_00113.png,IF014,171_2,113,115712,cwt,gadf
171_2_00114.png,IF014,171_2,114,116736,cwt,gadf
171_2_00115.png,IF014,171_2,115,117760,cwt,gadf
171_2_00116.png,IF014,171_2,116,118784,cwt,gadf
172_3_00000.png,IF014,172_3,0,0,cwt,gadf
172_3_00001.png,IF014,172_3,1,1024,cwt,gadf
172_3_00002.png,IF014,172_3,2,2048,cwt,gadf
172_3_00003.png,IF014,172_3,3,3072,cwt,gadf
172_3_00004.png,IF014,172_3,4,4096,cwt,gadf
172_3_00005.png,IF014,172_3,5,5120,cwt,gadf
172_3_00006.png,IF014,172_3,6,6144,cwt,gadf
172_3_00007.png,IF014,172_3,7,7168,cwt,gadf
172_3_00008.png,IF014,172_3,8,8192,cwt,gadf
172_3_00009.png,IF014,172_3,9,9216,cwt,gadf
172_3_00010.png,IF014,172_3,10,10240,cwt,gadf
172_3_00011.png,IF014,172_3,11,11264,cwt,gadf
172_3_00012.png,IF014,172_3,12,12288,cwt,gadf
172_3_00013.png,IF014,172_3,13,13312,cwt,gadf
172_3_00014.png,IF014,172_3,14,14336,cwt,gadf
172_3_00015.png,IF014,172_3,15,15360,cwt,gadf
172_3_00016.png,IF014,172_3,16,16384,cwt,gadf
172_3_00017.png,IF014,172_3,17,17408,cwt,gadf
172_3_00018.png,IF014,172_3,18,18432,cwt,gadf
172_3_00019.png,IF014,172_3,19,19456,cwt,gadf
172_3_00020.png,IF014,172_3,20,20480,cwt,gadf
172_3_00021.png,IF014,172_3,21,21504,cwt,gadf
172_3_00022.png,IF014,172_3,22,22528,cwt,gadf
172_3_00023.png,IF014,172_3,23,23552,cwt,gadf
172_3_00024.png,IF014,172_3,24,24576,cwt,gadf
172_3_00025.png,IF014,172_3,25,25600,cwt,gadf
172_3_00026.png,IF014,172_3,26,26624,cwt,gadf
172_3_00027.png,IF014,172_3,27,27648,cwt,gadf
172_3_00028.png,IF014,172_3,28,28672,cwt,gadf
172_3_00029.png,IF014,172_3,29,29696,cwt,gadf
172_3_00030.png,IF014,172_3,30,30720,cwt,gadf
172_3_00031.png,IF014,172_3,31,31744,cwt,gadf
172_3_00032.png,IF014,172_3,32,32768,cwt,gadf
172_3_00033.png,IF014,172_3,33,33792,cwt,gadf
172_3_00034.png,IF014,172_3,34,34816,cwt,gadf
172_3_00035.png,IF014,172_3,35,35840,cwt,gadf
172_3_00036.png,IF014,172_3,36,36864,cwt,gadf
172_3_00037.png,IF014,172_3,37,37888,cwt,gadf
172_3_00038.png,IF014,172_3,38,38912,cwt,gadf
172_3_00039.png,IF014,172_3,39,39936,cwt,gadf
172_3_00040.png,IF014,172_3,40,40960,cwt,gadf
172_3_00041.png,IF014,172_3,41,41984,cwt,gadf
172_3_00042.png,IF014,172_3,42,43008,cwt,gadf
172_3_00043.png,IF014,172_3,43,44032,cwt,gadf
172_3_00044.png,IF014,172_3,44,45056,cwt,gadf
172_3_00045.png,IF014,172_3,45,46080,cwt,gadf
172_3_00046.png,IF014,172_3,46,47104,cwt,gadf
172_3_00047.png,IF014,172_3,47,48128,cwt,gadf
172_3_00048.png,IF014,172_3,48,49152,cwt,gadf
172_3_00049.png,IF014,172_3,49,50176,cwt,gadf
172_3_00050.png,IF014,172_3,50,51200,cwt,gadf
172_3_00051.png,IF014,172_3,51,52224,cwt,gadf
172_3_00052.png,IF014,172_3,52,53248,cwt,gadf
172_3_00053.png,IF014,172_3,53,54272,cwt,gadf
172_3_00054.png,IF014,172_3,54,55296,cwt,gadf
172_3_00055.png,IF014,172_3,55,56320,cwt,gadf
172_3_00056.png,IF014,172_3,56,57344,cwt,gadf
172_3_00057.png,IF014,172_3,57,58368,cwt,gadf
172_3_00058.png,IF014,172_3,58,59392,cwt,gadf
172_3_00059.png,IF014,172_3,59,60416,cwt,gadf
172_3_00060.png,IF014,172_3,60,61440,cwt,gadf
172_3_00061.png,IF014,172_3,61,62464,cwt,gadf
172_3_00062.png,IF014,172_3,62,63488,cwt,gadf
172_3_00063.png,IF014,172_3,63,64512,cwt,gadf
172_3_00064.png,IF014,172_3,64,65536,cwt,gadf
172_3_00065.png,IF014,172_3,65,66560,cwt,gadf
172_3_00066.png,IF014,172_3,66,67584,cwt,gadf
172_3_00067.png,IF014,172_3,67,68608,cwt,gadf
172_3_00068.png,IF014,172_3,68,69632,cwt,gadf
172_3_00069.png,IF014,172_3,69,70656,cwt,gadf
172_3_00070.png,IF014,172_3,70,71680,cwt,gadf
172_3_00071.png,IF014,172_3,71,72704,cwt,gadf
172_3_00072.png,IF014,172_3,72,73728,cwt,gadf
172_3_00073.png,IF014,172_3,73,74752,cwt,gadf
172_3_00074.png,IF014,172_3,74,75776,cwt,gadf
172_3_00075.png,IF014,172_3,75,76800,cwt,gadf
172_3_00076.png,IF014,172_3,76,77824,cwt,gadf
172_3_00077.png,IF014,172_3,77,78848,cwt,gadf
172_3_00078.png,IF014,172_3,78,79872,cwt,gadf
172_3_00079.png,IF014,172_3,79,80896,cwt,gadf
172_3_00080.png,IF014,172_3,80,81920,cwt,gadf
172_3_00081.png,IF014,172_3,81,82944,cwt,gadf
172_3_00082.png,IF014,172_3,82,83968,cwt,gadf
172_3_00083.png,IF014,172_3,83,84992,cwt,gadf
172_3_00084.png,IF014,172_3,84,86016,cwt,gadf
172_3_00085.png,IF014,172_3,85,87040,cwt,gadf
172_3_00086.png,IF014,172_3,86,88064,cwt,gadf
172_3_00087.png,IF014,172_3,87,89088,cwt,gadf
172_3_00088.png,IF014,172_3,88,90112,cwt,gadf
172_3_00089.png,IF014,172_3,89,91136,cwt,gadf
172_3_00090.png,IF014,172_3,90,92160,cwt,gadf
172_3_00091.png,IF014,172_3,91,93184,cwt,gadf
172_3_00092.png,IF014,172_3,92,94208,cwt,gadf
172_3_00093.png,IF014,172_3,93,95232,cwt,gadf
172_3_00094.png,IF014,172_3,94,96256,cwt,gadf
172_3_00095.png,IF014,172_3,95,97280,cwt,gadf
172_3_00096.png,IF014,172_3,96,98304,cwt,gadf
172_3_00097.png,IF014,172_3,97,99328,cwt,gadf
172_3_00098.png,IF014,172_3,98,100352,cwt,gadf
172_3_00099.png,IF014,172_3,99,101376,cwt,gadf
172_3_00100.png,IF014,172_3,100,102400,cwt,gadf
172_3_00101.png,IF014,172_3,101,103424,cwt,gadf
172_3_00102.png,IF014,172_3,102,104448,cwt,gadf
172_3_00103.png,IF014,172_3,103,105472,cwt,gadf
172_3_00104.png,IF014,172_3,104,106496,cwt,gadf
172_3_00105.png,IF014,172_3,105,107520,cwt,gadf
172_3_00106.png,IF014,172_3,106,108544,cwt,gadf
172_3_00107.png,IF014,172_3,107,109568,cwt,gadf
172_3_00108.png,IF014,172_3,108,110592,cwt,gadf
172_3_00109.png,IF014,172_3,109,111616,cwt,gadf
172_3_00110.png,IF014,172_3,110,112640,cwt,gadf
172_3_00111.png,IF014,172_3,111,113664,cwt,gadf
172_3_00112.png,IF014,172_3,112,114688,cwt,gadf
172_3_00113.png,IF014,172_3,113,115712,cwt,gadf
172_3_00114.png,IF014,172_3,114,116736,cwt,gadf
172_3_00115.png,IF014,172_3,115,117760,cwt,gadf
172_3_00116.png,IF014,172_3,116,118784,cwt,gadf
209_0_00000.png,IF021,209_0,0,0,cwt,gadf
209_0_00001.png,IF021,209_0,1,1024,cwt,gadf
209_0_00002.png,IF021,209_0,2,2048,cwt,gadf
209_0_00003.png,IF021,209_0,3,3072,cwt,gadf
209_0_00004.png,IF021,209_0,4,4096,cwt,gadf
209_0_00005.png,IF021,209_0,5,5120,cwt,gadf
209_0_00006.png,IF021,209_0,6,6144,cwt,gadf
209_0_00007.png,IF021,209_0,7,7168,cwt,gadf
209_0_00008.png,IF021,209_0,8,8192,cwt,gadf
209_0_00009.png,IF021,209_0,9,9216,cwt,gadf
209_0_00010.png,IF021,209_0,10,10240,cwt,gadf
209_0_00011.png,IF021,209_0,11,11264,cwt,gadf
209_0_00012.png,IF021,209_0,12,12288,cwt,gadf
209_0_00013.png,IF021,209_0,13,13312,cwt,gadf
209_0_00014.png,IF021,209_0,14,14336,cwt,gadf
209_0_00015.png,IF021,209_0,15,15360,cwt,gadf
209_0_00016.png,IF021,209_0,16,16384,cwt,gadf
209_0_00017.png,IF021,209_0,17,17408,cwt,gadf
209_0_00018.png,IF021,209_0,18,18432,cwt,gadf
209_0_00019.png,IF021,209_0,19,19456,cwt,gadf
209_0_00020.png,IF021,209_0,20,20480,cwt,gadf
209_0_00021.png,IF021,209_0,21,21504,cwt,gadf
209_0_00022.png,IF021,209_0,22,22528,cwt,gadf
209_0_00023.png,IF021,209_0,23,23552,cwt,gadf
209_0_00024.png,IF021,209_0,24,24576,cwt,gadf
209_0_00025.png,IF021,209_0,25,25600,cwt,gadf
209_0_00026.png,IF021,209_0,26,26624,cwt,gadf
209_0_00027.png,IF021,209_0,27,27648,cwt,gadf
209_0_00028.png,IF021,209_0,28,28672,cwt,gadf
209_0_00029.png,IF021,209_0,29,29696,cwt,gadf
209_0_00030.png,IF021,209_0,30,30720,cwt,gadf
209_0_00031.png,IF021,209_0,31,31744,cwt,gadf
209_0_00032.png,IF021,209_0,32,32768,cwt,gadf
209_0_00033.png,IF021,209_0,33,33792,cwt,gadf
209_0_00034.png,IF021,209_0,34,34816,cwt,gadf
209_0_00035.png,IF021,209_0,35,35840,cwt,gadf
209_0_00036.png,IF021,209_0,36,36864,cwt,gadf
209_0_00037.png,IF021,209_0,37,37888,cwt,gadf
209_0_00038.png,IF021,209_0,38,38912,cwt,gadf
209_0_00039.png,IF021,209_0,39,39936,cwt,gadf
209_0_00040.png,IF021,209_0,40,40960,cwt,gadf
209_0_00041.png,IF021,209_0,41,41984,cwt,gadf
209_0_00042.png,IF021,209_0,42,43008,cwt,gadf
209_0_00043.png,IF021,209_0,43,44032,cwt,gadf
209_0_00044.png,IF021,209_0,44,45056,cwt,gadf
209_0_00045.png,IF021,209_0,45,46080,cwt,gadf
209_0_00046.png,IF021,209_0,46,47104,cwt,gadf
209_0_00047.png,IF021,209_0,47,48128,cwt,gadf
209_0_00048.png,IF021,209_0,48,49152,cwt,gadf
209_0_00049.png,IF021,209_0,49,50176,cwt,gadf
209_0_00050.png,IF021,209_0,50,51200,cwt,gadf
209_0_00051.png,IF021,209_0,51,52224,cwt,gadf
209_0_00052.png,IF021,209_0,52,53248,cwt,gadf
209_0_00053.png,IF021,209_0,53,54272,cwt,gadf
209_0_00054.png,IF021,209_0,54,55296,cwt,gadf
209_0_00055.png,IF021,209_0,55,56320,cwt,gadf
209_0_00056.png,IF021,209_0,56,57344,cwt,gadf
209_0_00057.png,IF021,209_0,57,58368,cwt,gadf
209_0_00058.png,IF021,209_0,58,59392,cwt,gadf
209_0_00059.png,IF021,209_0,59,60416,cwt,gadf
209_0_00060.png,IF021,209_0,60,61440,cwt,gadf
209_0_00061.png,IF021,209_0,61,62464,cwt,gadf
209_0_00062.png,IF021,209_0,62,63488,cwt,gadf
209_0_00063.png,IF021,209_0,63,64512,cwt,gadf
209_0_00064.png,IF021,209_0,64,65536,cwt,gadf
209_0_00065.png,IF021,209_0,65,66560,cwt,gadf
209_0_00066.png,IF021,209_0,66,67584,cwt,gadf
209_0_00067.png,IF021,209_0,67,68608,cwt,gadf
209_0_00068.png,IF021,209_0,68,69632,cwt,gadf
209_0_00069.png,IF021,209_0,69,70656,cwt,gadf
209_0_00070.png,IF021,209_0,70,71680,cwt,gadf
209_0_00071.png,IF021,209_0,71,72704,cwt,gadf
209_0_00072.png,IF021,209_0,72,73728,cwt,gadf
209_0_00073.png,IF021,209_0,73,74752,cwt,gadf
209_0_00074.png,IF021,209_0,74,75776,cwt,gadf
209_0_00075.png,IF021,209_0,75,76800,cwt,gadf
209_0_00076.png,IF021,209_0,76,77824,cwt,gadf
209_0_00077.png,IF021,209_0,77,78848,cwt,gadf
209_0_00078.png,IF021,209_0,78,79872,cwt,gadf
209_0_00079.png,IF021,209_0,79,80896,cwt,gadf
209_0_00080.png,IF021,209_0,80,81920,cwt,gadf
209_0_00081.png,IF021,209_0,81,82944,cwt,gadf
209_0_00082.png,IF021,209_0,82,83968,cwt,gadf
209_0_00083.png,IF021,209_0,83,84992,cwt,gadf
209_0_00084.png,IF021,209_0,84,86016,cwt,gadf
209_0_00085.png,IF021,209_0,85,87040,cwt,gadf
209_0_00086.png,IF021,209_0,86,88064,cwt,gadf
209_0_00087.png,IF021,209_0,87,89088,cwt,gadf
209_0_00088.png,IF021,209_0,88,90112,cwt,gadf
209_0_00089.png,IF021,209_0,89,91136,cwt,gadf
209_0_00090.png,IF021,209_0,90,92160,cwt,gadf
209_0_00091.png,IF021,209_0,91,93184,cwt,gadf
209_0_00092.png,IF021,209_0,92,94208,cwt,gadf
209_0_00093.png,IF021,209_0,93,95232,cwt,gadf
209_0_00094.png,IF021,209_0,94,96256,cwt,gadf
209_0_00095.png,IF021,209_0,95,97280,cwt,gadf
209_0_00096.png,IF021,209_0,96,98304,cwt,gadf
209_0_00097.png,IF021,209_0,97,99328,cwt,gadf
209_0_00098.png,IF021,209_0,98,100352,cwt,gadf
209_0_00099.png,IF021,209_0,99,101376,cwt,gadf
209_0_00100.png,IF021,209_0,100,102400,cwt,gadf
209_0_00101.png,IF021,209_0,101,103424,cwt,gadf
209_0_00102.png,IF021,209_0,102,104448,cwt,gadf
209_0_00103.png,IF021,209_0,103,105472,cwt,gadf
209_0_00104.png,IF021,209_0,104,106496,cwt,gadf
209_0_00105.png,IF021,209_0,105,107520,cwt,gadf
209_0_00106.png,IF021,209_0,106,108544,cwt,gadf
209_0_00107.png,IF021,209_0,107,109568,cwt,gadf
209_0_00108.png,IF021,209_0,108,110592,cwt,gadf
209_0_00109.png,IF021,209_0,109,111616,cwt,gadf
209_0_00110.png,IF021,209_0,110,112640,cwt,gadf
209_0_00111.png,IF021,209_0,111,113664,cwt,gadf
209_0_00112.png,IF021,209_0,112,114688,cwt,gadf
209_0_00113.png,IF021,209_0,113,115712,cwt,gadf
209_0_00114.png,IF021,209_0,114,116736,cwt,gadf
209_0_00115.png,IF021,209_0,115,117760,cwt,gadf
209_0_00116.png,IF021,209_0,116,118784,cwt,gadf
209_0_00117.png,IF021,209_0,117,119808,cwt,gadf
210_1_00000.png,IF021,210_1,0,0,cwt,gadf
210_1_00001.png,IF021,210_1,1,1024,cwt,gadf
210_1_00002.png,IF021,210_1,2,2048,cwt,gadf
210_1_00003.png,IF021,210_1,3,3072,cwt,gadf
210_1_00004.png,IF021,210_1,4,4096,cwt,gadf
210_1_00005.png,IF021,210_1,5,5120,cwt,gadf
210_1_00006.png,IF021,210_1,6,6144,cwt,gadf
210_1_00007.png,IF021,210_1,7,7168,cwt,gadf
210_1_00008.png,IF021,210_1,8,8192,cwt,gadf
210_1_00009.png,IF021,210_1,9,9216,cwt,gadf
210_1_00010.png,IF021,210_1,10,10240,cwt,gadf
210_1_00011.png,IF021,210_1,11,11264,cwt,gadf
210_1_00012.png,IF021,210_1,12,12288,cwt,gadf
210_1_00013.png,IF021,210_1,13,13312,cwt,gadf
210_1_00014.png,IF021,210_1,14,14336,cwt,gadf
210_1_00015.png,IF021,210_1,15,15360,cwt,gadf
210_1_00016.png,IF021,210_1,16,16384,cwt,gadf
210_1_00017.png,IF021,210_1,17,17408,cwt,gadf
210_1_00018.png,IF021,210_1,18,18432,cwt,gadf
210_1_00019.png,IF021,210_1,19,19456,cwt,gadf
210_1_00020.png,IF021,210_1,20,20480,cwt,gadf
210_1_00021.png,IF021,210_1,21,21504,cwt,gadf
210_1_00022.png,IF021,210_1,22,22528,cwt,gadf
210_1_00023.png,IF021,210_1,23,23552,cwt,gadf
210_1_00024.png,IF021,210_1,24,24576,cwt,gadf
210_1_00025.png,IF021,210_1,25,25600,cwt,gadf
210_1_00026.png,IF021,210_1,26,26624,cwt,gadf
210_1_00027.png,IF021,210_1,27,27648,cwt,gadf
210_1_00028.png,IF021,210_1,28,28672,cwt,gadf
210_1_00029.png,IF021,210_1,29,29696,cwt,gadf
210_1_00030.png,IF021,210_1,30,30720,cwt,gadf
210_1_00031.png,IF021,210_1,31,31744,cwt,gadf
210_1_00032.png,IF021,210_1,32,32768,cwt,gadf
210_1_00033.png,IF021,210_1,33,33792,cwt,gadf
210_1_00034.png,IF021,210_1,34,34816,cwt,gadf
210_1_00035.png,IF021,210_1,35,35840,cwt,gadf
210_1_00036.png,IF021,210_1,36,36864,cwt,gadf
210_1_00037.png,IF021,210_1,37,37888,cwt,gadf
210_1_00038.png,IF021,210_1,38,38912,cwt,gadf
210_1_00039.png,IF021,210_1,39,39936,cwt,gadf
210_1_00040.png,IF021,210_1,40,40960,cwt,gadf
210_1_00041.png,IF021,210_1,41,41984,cwt,gadf
210_1_00042.png,IF021,210_1,42,43008,cwt,gadf
210_1_00043.png,IF021,210_1,43,44032,cwt,gadf
210_1_00044.png,IF021,210_1,44,45056,cwt,gadf
210_1_00045.png,IF021,210_1,45,46080,cwt,gadf
210_1_00046.png,IF021,210_1,46,47104,cwt,gadf
210_1_00047.png,IF021,210_1,47,48128,cwt,gadf
210_1_00048.png,IF021,210_1,48,49152,cwt,gadf
210_1_00049.png,IF021,210_1,49,50176,cwt,gadf
210_1_00050.png,IF021,210_1,50,51200,cwt,gadf
210_1_00051.png,IF021,210_1,51,52224,cwt,gadf
210_1_00052.png,IF021,210_1,52,53248,cwt,gadf
210_1_00053.png,IF021,210_1,53,54272,cwt,gadf
210_1_00054.png,IF021,210_1,54,55296,cwt,gadf
210_1_00055.png,IF021,210_1,55,56320,cwt,gadf
210_1_00056.png,IF021,210_1,56,57344,cwt,gadf
210_1_00057.png,IF021,210_1,57,58368,cwt,gadf
210_1_00058.png,IF021,210_1,58,59392,cwt,gadf
210_1_00059.png,IF021,210_1,59,60416,cwt,gadf
210_1_00060.png,IF021,210_1,60,61440,cwt,gadf
210_1_00061.png,IF021,210_1,61,62464,cwt,gadf
210_1_00062.png,IF021,210_1,62,63488,cwt,gadf
210_1_00063.png,IF021,210_1,63,64512,cwt,gadf
210_1_00064.png,IF021,210_1,64,65536,cwt,gadf
210_1_00065.png,IF021,210_1,65,66560,cwt,gadf
210_1_00066.png,IF021,210_1,66,67584,cwt,gadf
210_1_00067.png,IF021,210_1,67,68608,cwt,gadf
210_1_00068.png,IF021,210_1,68,69632,cwt,gadf
210_1_00069.png,IF021,210_1,69,70656,cwt,gadf
210_1_00070.png,IF021,210_1,70,71680,cwt,gadf
210_1_00071.png,IF021,210_1,71,72704,cwt,gadf
210_1_00072.png,IF021,210_1,72,73728,cwt,gadf
210_1_00073.png,IF021,210_1,73,74752,cwt,gadf
210_1_00074.png,IF021,210_1,74,75776,cwt,gadf
210_1_00075.png,IF021,210_1,75,76800,cwt,gadf
210_1_00076.png,IF021,210_1,76,77824,cwt,gadf
210_1_00077.png,IF021,210_1,77,78848,cwt,gadf
210_1_00078.png,IF021,210_1,78,79872,cwt,gadf
210_1_00079.png,IF021,210_1,79,80896,cwt,gadf
210_1_00080.png,IF021,210_1,80,81920,cwt,gadf
210_1_00081.png,IF021,210_1,81,82944,cwt,gadf
210_1_00082.png,IF021,210_1,82,83968,cwt,gadf
210_1_00083.png,IF021,210_1,83,84992,cwt,gadf
210_1_00084.png,IF021,210_1,84,86016,cwt,gadf
210_1_00085.png,IF021,210_1,85,87040,cwt,gadf
210_1_00086.png,IF021,210_1,86,88064,cwt,gadf
210_1_00087.png,IF021,210_1,87,89088,cwt,gadf
210_1_00088.png,IF021,210_1,88,90112,cwt,gadf
210_1_00089.png,IF021,210_1,89,91136,cwt,gadf
210_1_00090.png,IF021,210_1,90,92160,cwt,gadf
210_1_00091.png,IF021,210_1,91,93184,cwt,gadf
210_1_00092.png,IF021,210_1,92,94208,cwt,gadf
210_1_00093.png,IF021,210_1,93,95232,cwt,gadf
210_1_00094.png,IF021,210_1,94,96256,cwt,gadf
210_1_00095.png,IF021,210_1,95,97280,cwt,gadf
210_1_00096.png,IF021,210_1,96,98304,cwt,gadf
210_1_00097.png,IF021,210_1,97,99328,cwt,gadf
210_1_00098.png,IF021,210_1,98,100352,cwt,gadf
210_1_00099.png,IF021,210_1,99,101376,cwt,gadf
210_1_00100.png,IF021,210_1,100,102400,cwt,gadf
210_1_00101.png,IF021,210_1,101,103424,cwt,gadf
210_1_00102.png,IF021,210_1,102,104448,cwt,gadf
210_1_00103.png,IF021,210_1,103,105472,cwt,gadf
210_1_00104.png,IF021,210_1,104,106496,cwt,gadf
210_1_00105.png,IF021,210_1,105,107520,cwt,gadf
210_1_00106.png,IF021,210_1,106,108544,cwt,gadf
210_1_00107.png,IF021,210_1,107,109568,cwt,gadf
210_1_00108.png,IF021,210_1,108,110592,cwt,gadf
210_1_00109.png,IF021,210_1,109,111616,cwt,gadf
210_1_00110.png,IF021,210_1,110,112640,cwt,gadf
210_1_00111.png,IF021,210_1,111,113664,cwt,gadf
210_1_00112.png,IF021,210_1,112,114688,cwt,gadf
210_1_00113.png,IF021,210_1,113,115712,cwt,gadf
210_1_00114.png,IF021,210_1,114,116736,cwt,gadf
210_1_00115.png,IF021,210_1,115,117760,cwt,gadf
210_1_00116.png,IF021,210_1,116,118784,cwt,gadf
211_2_00000.png,IF021,211_2,0,0,cwt,gadf
211_2_00001.png,IF021,211_2,1,1024,cwt,gadf
211_2_00002.png,IF021,211_2,2,2048,cwt,gadf
211_2_00003.png,IF021,211_2,3,3072,cwt,gadf
211_2_00004.png,IF021,211_2,4,4096,cwt,gadf
211_2_00005.png,IF021,211_2,5,5120,cwt,gadf
211_2_00006.png,IF021,211_2,6,6144,cwt,gadf
211_2_00007.png,IF021,211_2,7,7168,cwt,gadf
211_2_00008.png,IF021,211_2,8,8192,cwt,gadf
211_2_00009.png,IF021,211_2,9,9216,cwt,gadf
211_2_00010.png,IF021,211_2,10,10240,cwt,gadf
211_2_00011.png,IF021,211_2,11,11264,cwt,gadf
211_2_00012.png,IF021,211_2,12,12288,cwt,gadf
211_2_00013.png,IF021,211_2,13,13312,cwt,gadf
211_2_00014.png,IF021,211_2,14,14336,cwt,gadf
211_2_00015.png,IF021,211_2,15,15360,cwt,gadf
211_2_00016.png,IF021,211_2,16,16384,cwt,gadf
211_2_00017.png,IF021,211_2,17,17408,cwt,gadf
211_2_00018.png,IF021,211_2,18,18432,cwt,gadf
211_2_00019.png,IF021,211_2,19,19456,cwt,gadf
211_2_00020.png,IF021,211_2,20,20480,cwt,gadf
211_2_00021.png,IF021,211_2,21,21504,cwt,gadf
211_2_00022.png,IF021,211_2,22,22528,cwt,gadf
211_2_00023.png,IF021,211_2,23,23552,cwt,gadf
211_2_00024.png,IF021,211_2,24,24576,cwt,gadf
211_2_00025.png,IF021,211_2,25,25600,cwt,gadf
211_2_00026.png,IF021,211_2,26,26624,cwt,gadf
211_2_00027.png,IF021,211_2,27,27648,cwt,gadf
211_2_00028.png,IF021,211_2,28,28672,cwt,gadf
211_2_00029.png,IF021,211_2,29,29696,cwt,gadf
211_2_00030.png,IF021,211_2,30,30720,cwt,gadf
211_2_00031.png,IF021,211_2,31,31744,cwt,gadf
211_2_00032.png,IF021,211_2,32,32768,cwt,gadf
211_2_00033.png,IF021,211_2,33,33792,cwt,gadf
211_2_00034.png,IF021,211_2,34,34816,cwt,gadf
211_2_00035.png,IF021,211_2,35,35840,cwt,gadf
211_2_00036.png,IF021,211_2,36,36864,cwt,gadf
211_2_00037.png,IF021,211_2,37,37888,cwt,gadf
211_2_00038.png,IF021,211_2,38,38912,cwt,gadf
211_2_00039.png,IF021,211_2,39,39936,cwt,gadf
211_2_00040.png,IF021,211_2,40,40960,cwt,gadf
211_2_00041.png,IF021,211_2,41,41984,cwt,gadf
211_2_00042.png,IF021,211_2,42,43008,cwt,gadf
211_2_00043.png,IF021,211_2,43,44032,cwt,gadf
211_2_00044.png,IF021,211_2,44,45056,cwt,gadf
211_2_00045.png,IF021,211_2,45,46080,cwt,gadf
211_2_00046.png,IF021,211_2,46,47104,cwt,gadf
211_2_00047.png,IF021,211_2,47,48128,cwt,gadf
211_2_00048.png,IF021,211_2,48,49152,cwt,gadf
211_2_00049.png,IF021,211_2,49,50176,cwt,gadf
211_2_00050.png,IF021,211_2,50,51200,cwt,gadf
211_2_00051.png,IF021,211_2,51,52224,cwt,gadf
211_2_00052.png,IF021,211_2,52,53248,cwt,gadf
211_2_00053.png,IF021,211_2,53,54272,cwt,gadf
211_2_00054.png,IF021,211_2,54,55296,cwt,gadf
211_2_00055.png,IF021,211_2,55,56320,cwt,gadf
211_2_00056.png,IF021,211_2,56,57344,cwt,gadf
211_2_00057.png,IF021,211_2,57,58368,cwt,gadf
211_2_00058.png,IF021,211_2,58,59392,cwt,gadf
211_2_00059.png,IF021,211_2,59,60416,cwt,gadf
211_2_00060.png,IF021,211_2,60,61440,cwt,gadf
211_2_00061.png,IF021,211_2,61,62464,cwt,gadf
211_2_00062.png,IF021,211_2,62,63488,cwt,gadf
211_2_00063.png,IF021,211_2,63,64512,cwt,gadf
211_2_00064.png,IF021,211_2,64,65536,cwt,gadf
211_2_00065.png,IF021,211_2,65,66560,cwt,gadf
211_2_00066.png,IF021,211_2,66,67584,cwt,gadf
211_2_00067.png,IF021,211_2,67,68608,cwt,gadf
211_2_00068.png,IF021,211_2,68,69632,cwt,gadf
211_2_00069.png,IF021,211_2,69,70656,cwt,gadf
211_2_00070.png,IF021,211_2,70,71680,cwt,gadf
211_2_00071.png,IF021,211_2,71,72704,cwt,gadf
211_2_00072.png,IF021,211_2,72,73728,cwt,gadf
211_2_00073.png,IF021,211_2,73,74752,cwt,gadf
211_2_00074.png,IF021,211_2,74,75776,cwt,gadf
211_2_00075.png,IF021,211_2,75,76800,cwt,gadf
211_2_00076.png,IF021,211_2,76,77824,cwt,gadf
211_2_00077.png,IF021,211_2,77,78848,cwt,gadf
211_2_00078.png,IF021,211_2,78,79872,cwt,gadf
211_2_00079.png,IF021,211_2,79,80896,cwt,gadf
211_2_00080.png,IF021,211_2,80,81920,cwt,gadf
211_2_00081.png,IF021,211_2,81,82944,cwt,gadf
211_2_00082.png,IF021,211_2,82,83968,cwt,gadf
211_2_00083.png,IF021,211_2,83,84992,cwt,gadf
211_2_00084.png,IF021,211_2,84,86016,cwt,gadf
211_2_00085.png,IF021,211_2,85,87040,cwt,gadf
211_2_00086.png,IF021,211_2,86,88064,cwt,gadf
211_2_00087.png,IF021,211_2,87,89088,cwt,gadf
211_2_00088.png,IF021,211_2,88,90112,cwt,gadf
211_2_00089.png,IF021,211_2,89,91136,cwt,gadf
211_2_00090.png,IF021,211_2,90,92160,cwt,gadf
211_2_00091.png,IF021,211_2,91,93184,cwt,gadf
211_2_00092.png,IF021,211_2,92,94208,cwt,gadf
211_2_00093.png,IF021,211_2,93,95232,cwt,gadf
211_2_00094.png,IF021,211_2,94,96256,cwt,gadf
211_2_00095.png,IF021,211_2,95,97280,cwt,gadf
211_2_00096.png,IF021,211_2,96,98304,cwt,gadf
211_2_00097.png,IF021,211_2,97,99328,cwt,gadf
211_2_00098.png,IF021,211_2,98,100352,cwt,gadf
211_2_00099.png,IF021,211_2,99,101376,cwt,gadf
211_2_00100.png,IF021,211_2,100,102400,cwt,gadf
211_2_00101.png,IF021,211_2,101,103424,cwt,gadf
211_2_00102.png,IF021,211_2,102,104448,cwt,gadf
211_2_00103.png,IF021,211_2,103,105472,cwt,gadf
211_2_00104.png,IF021,211_2,104,106496,cwt,gadf
211_2_00105.png,IF021,211_2,105,107520,cwt,gadf
211_2_00106.png,IF021,211_2,106,108544,cwt,gadf
211_2_00107.png,IF021,211_2,107,109568,cwt,gadf
211_2_00108.png,IF021,211_2,108,110592,cwt,gadf
211_2_00109.png,IF021,211_2,109,111616,cwt,gadf
211_2_00110.png,IF021,211_2,110,112640,cwt,gadf
211_2_00111.png,IF021,211_2,111,113664,cwt,gadf
211_2_00112.png,IF021,211_2,112,114688,cwt,gadf
211_2_00113.png,IF021,211_2,113,115712,cwt,gadf
211_2_00114.png,IF021,211_2,114,116736,cwt,gadf
211_2_00115.png,IF021,211_2,115,117760,cwt,gadf
211_2_00116.png,IF021,211_2,116,118784,cwt,gadf
212_3_00000.png,IF021,212_3,0,0,cwt,gadf
212_3_00001.png,IF021,212_3,1,1024,cwt,gadf
212_3_00002.png,IF021,212_3,2,2048,cwt,gadf
212_3_00003.png,IF021,212_3,3,3072,cwt,gadf
212_3_00004.png,IF021,212_3,4,4096,cwt,gadf
212_3_00005.png,IF021,212_3,5,5120,cwt,gadf
212_3_00006.png,IF021,212_3,6,6144,cwt,gadf
212_3_00007.png,IF021,212_3,7,7168,cwt,gadf
212_3_00008.png,IF021,212_3,8,8192,cwt,gadf
212_3_00009.png,IF021,212_3,9,9216,cwt,gadf
212_3_00010.png,IF021,212_3,10,10240,cwt,gadf
212_3_00011.png,IF021,212_3,11,11264,cwt,gadf
212_3_00012.png,IF021,212_3,12,12288,cwt,gadf
212_3_00013.png,IF021,212_3,13,13312,cwt,gadf
212_3_00014.png,IF021,212_3,14,14336,cwt,gadf
212_3_00015.png,IF021,212_3,15,15360,cwt,gadf
212_3_00016.png,IF021,212_3,16,16384,cwt,gadf
212_3_00017.png,IF021,212_3,17,17408,cwt,gadf
212_3_00018.png,IF021,212_3,18,18432,cwt,gadf
212_3_00019.png,IF021,212_3,19,19456,cwt,gadf
212_3_00020.png,IF021,212_3,20,20480,cwt,gadf
212_3_00021.png,IF021,212_3,21,21504,cwt,gadf
212_3_00022.png,IF021,212_3,22,22528,cwt,gadf
212_3_00023.png,IF021,212_3,23,23552,cwt,gadf
212_3_00024.png,IF021,212_3,24,24576,cwt,gadf
212_3_00025.png,IF021,212_3,25,25600,cwt,gadf
212_3_00026.png,IF021,212_3,26,26624,cwt,gadf
212_3_00027.png,IF021,212_3,27,27648,cwt,gadf
212_3_00028.png,IF021,212_3,28,28672,cwt,gadf
212_3_00029.png,IF021,212_3,29,29696,cwt,gadf
212_3_00030.png,IF021,212_3,30,30720,cwt,gadf
212_3_00031.png,IF021,212_3,31,31744,cwt,gadf
212_3_00032.png,IF021,212_3,32,32768,cwt,gadf
212_3_00033.png,IF021,212_3,33,33792,cwt,gadf
212_3_00034.png,IF021,212_3,34,34816,cwt,gadf
212_3_00035.png,IF021,212_3,35,35840,cwt,gadf
212_3_00036.png,IF021,212_3,36,36864,cwt,gadf
212_3_00037.png,IF021,212_3,37,37888,cwt,gadf
212_3_00038.png,IF021,212_3,38,38912,cwt,gadf
212_3_00039.png,IF021,212_3,39,39936,cwt,gadf
212_3_00040.png,IF021,212_3,40,40960,cwt,gadf
212_3_00041.png,IF021,212_3,41,41984,cwt,gadf
212_3_00042.png,IF021,212_3,42,43008,cwt,gadf
212_3_00043.png,IF021,212_3,43,44032,cwt,gadf
212_3_00044.png,IF021,212_3,44,45056,cwt,gadf
212_3_00045.png,IF021,212_3,45,46080,cwt,gadf
212_3_00046.png,IF021,212_3,46,47104,cwt,gadf
212_3_00047.png,IF021,212_3,47,48128,cwt,gadf
212_3_00048.png,IF021,212_3,48,49152,cwt,gadf
212_3_00049.png,IF021,212_3,49,50176,cwt,gadf
212_3_00050.png,IF021,212_3,50,51200,cwt,gadf
212_3_00051.png,IF021,212_3,51,52224,cwt,gadf
212_3_00052.png,IF021,212_3,52,53248,cwt,gadf
212_3_00053.png,IF021,212_3,53,54272,cwt,gadf
212_3_00054.png,IF021,212_3,54,55296,cwt,gadf
212_3_00055.png,IF021,212_3,55,56320,cwt,gadf
212_3_00056.png,IF021,212_3,56,57344,cwt,gadf
212_3_00057.png,IF021,212_3,57,58368,cwt,gadf
212_3_00058.png,IF021,212_3,58,59392,cwt,gadf
212_3_00059.png,IF021,212_3,59,60416,cwt,gadf
212_3_00060.png,IF021,212_3,60,61440,cwt,gadf
212_3_00061.png,IF021,212_3,61,62464,cwt,gadf
212_3_00062.png,IF021,212_3,62,63488,cwt,gadf
212_3_00063.png,IF021,212_3,63,64512,cwt,gadf
212_3_00064.png,IF021,212_3,64,65536,cwt,gadf
212_3_00065.png,IF021,212_3,65,66560,cwt,gadf
212_3_00066.png,IF021,212_3,66,67584,cwt,gadf
212_3_00067.png,IF021,212_3,67,68608,cwt,gadf
212_3_00068.png,IF021,212_3,68,69632,cwt,gadf
212_3_00069.png,IF021,212_3,69,70656,cwt,gadf
212_3_00070.png,IF021,212_3,70,71680,cwt,gadf
212_3_00071.png,IF021,212_3,71,72704,cwt,gadf
212_3_00072.png,IF021,212_3,72,73728,cwt,gadf
212_3_00073.png,IF021,212_3,73,74752,cwt,gadf
212_3_00074.png,IF021,212_3,74,75776,cwt,gadf
212_3_00075.png,IF021,212_3,75,76800,cwt,gadf
212_3_00076.png,IF021,212_3,76,77824,cwt,gadf
212_3_00077.png,IF021,212_3,77,78848,cwt,gadf
212_3_00078.png,IF021,212_3,78,79872,cwt,gadf
212_3_00079.png,IF021,212_3,79,80896,cwt,gadf
212_3_00080.png,IF021,212_3,80,81920,cwt,gadf
212_3_00081.png,IF021,212_3,81,82944,cwt,gadf
212_3_00082.png,IF021,212_3,82,83968,cwt,gadf
212_3_00083.png,IF021,212_3,83,84992,cwt,gadf
212_3_00084.png,IF021,212_3,84,86016,cwt,gadf
212_3_00085.png,IF021,212_3,85,87040,cwt,gadf
212_3_00086.png,IF021,212_3,86,88064,cwt,gadf
212_3_00087.png,IF021,212_3,87,89088,cwt,gadf
212_3_00088.png,IF021,212_3,88,90112,cwt,gadf
212_3_00089.png,IF021,212_3,89,91136,cwt,gadf
212_3_00090.png,IF021,212_3,90,92160,cwt,gadf
212_3_00091.png,IF021,212_3,91,93184,cwt,gadf
212_3_00092.png,IF021,212_3,92,94208,cwt,gadf
212_3_00093.png,IF021,212_3,93,95232,cwt,gadf
212_3_00094.png,IF021,212_3,94,96256,cwt,gadf
212_3_00095.png,IF021,212_3,95,97280,cwt,gadf
212_3_00096.png,IF021,212_3,96,98304,cwt,gadf
212_3_00097.png,IF021,212_3,97,99328,cwt,gadf
212_3_00098.png,IF021,212_3,98,100352,cwt,gadf
212_3_00099.png,IF021,212_3,99,101376,cwt,gadf
212_3_00100.png,IF021,212_3,100,102400,cwt,gadf
212_3_00101.png,IF021,212_3,101,103424,cwt,gadf
212_3_00102.png,IF021,212_3,102,104448,cwt,gadf
212_3_00103.png,IF021,212_3,103,105472,cwt,gadf
212_3_00104.png,IF021,212_3,104,106496,cwt,gadf
212_3_00105.png,IF021,212_3,105,107520,cwt,gadf
212_3_00106.png,IF021,212_3,106,108544,cwt,gadf
212_3_00107.png,IF021,212_3,107,109568,cwt,gadf
212_3_00108.png,IF021,212_3,108,110592,cwt,gadf
212_3_00109.png,IF021,212_3,109,111616,cwt,gadf
212_3_00110.png,IF021,212_3,110,112640,cwt,gadf
212_3_00111.png,IF021,212_3,111,113664,cwt,gadf
212_3_00112.png,IF021,212_3,112,114688,cwt,gadf
212_3_00113.png,IF021,212_3,113,115712,cwt,gadf
212_3_00114.png,IF021,212_3,114,116736,cwt,gadf
212_3_00115.png,IF021,212_3,115,117760,cwt,gadf
212_3_00116.png,IF021,212_3,116,118784,cwt,gadf
212_3_00117.png,IF021,212_3,117,119808,cwt,gadf
100_Normal_3_00000.png,Normal,100_Normal_3,0,0,cwt,gadf
100_Normal_3_00001.png,Normal,100_Normal_3,1,1024,cwt,gadf
100_Normal_3_00002.png,Normal,100_Normal_3,2,2048,cwt,gadf
100_Normal_3_00003.png,Normal,100_Normal_3,3,3072,cwt,gadf
100_Normal_3_00004.png,Normal,100_Normal_3,4,4096,cwt,gadf
100_Normal_3_00005.png,Normal,100_Normal_3,5,5120,cwt,gadf
100_Normal_3_00006.png,Normal,100_Normal_3,6,6144,cwt,gadf
100_Normal_3_00007.png,Normal,100_Normal_3,7,7168,cwt,gadf
100_Normal_3_00008.png,Normal,100_Normal_3,8,8192,cwt,gadf
100_Normal_3_00009.png,Normal,100_Normal_3,9,9216,cwt,gadf
100_Normal_3_00010.png,Normal,100_Normal_3,10,10240,cwt,gadf
100_Normal_3_00011.png,Normal,100_Normal_3,11,11264,cwt,gadf
100_Normal_3_00012.png,Normal,100_Normal_3,12,12288,cwt,gadf
100_Normal_3_00013.png,Normal,100_Normal_3,13,13312,cwt,gadf
100_Normal_3_00014.png,Normal,100_Normal_3,14,14336,cwt,gadf
100_Normal_3_00015.png,Normal,100_Normal_3,15,15360,cwt,gadf
100_Normal_3_00016.png,Normal,100_Normal_3,16,16384,cwt,gadf
100_Normal_3_00017.png,Normal,100_Normal_3,17,17408,cwt,gadf
100_Normal_3_00018.png,Normal,100_Normal_3,18,18432,cwt,gadf
100_Normal_3_00019.png,Normal,100_Normal_3,19,19456,cwt,gadf
100_Normal_3_00020.png,Normal,100_Normal_3,20,20480,cwt,gadf
100_Normal_3_00021.png,Normal,100_Normal_3,21,21504,cwt,gadf
100_Normal_3_00022.png,Normal,100_Normal_3,22,22528,cwt,gadf
100_Normal_3_00023.png,Normal,100_Normal_3,23,23552,cwt,gadf
100_Normal_3_00024.png,Normal,100_Normal_3,24,24576,cwt,gadf
100_Normal_3_00025.png,Normal,100_Normal_3,25,25600,cwt,gadf
100_Normal_3_00026.png,Normal,100_Normal_3,26,26624,cwt,gadf
100_Normal_3_00027.png,Normal,100_Normal_3,27,27648,cwt,gadf
100_Normal_3_00028.png,Normal,100_Normal_3,28,28672,cwt,gadf
100_Normal_3_00029.png,Normal,100_Normal_3,29,29696,cwt,gadf
100_Normal_3_00030.png,Normal,100_Normal_3,30,30720,cwt,gadf
100_Normal_3_00031.png,Normal,100_Normal_3,31,31744,cwt,gadf
100_Normal_3_00032.png,Normal,100_Normal_3,32,32768,cwt,gadf
100_Normal_3_00033.png,Normal,100_Normal_3,33,33792,cwt,gadf
100_Normal_3_00034.png,Normal,100_Normal_3,34,34816,cwt,gadf
100_Normal_3_00035.png,Normal,100_Normal_3,35,35840,cwt,gadf
100_Normal_3_00036.png,Normal,100_Normal_3,36,36864,cwt,gadf
100_Normal_3_00037.png,Normal,100_Normal_3,37,37888,cwt,gadf
100_Normal_3_00038.png,Normal,100_Normal_3,38,38912,cwt,gadf
100_Normal_3_00039.png,Normal,100_Normal_3,39,39936,cwt,gadf
100_Normal_3_00040.png,Normal,100_Normal_3,40,40960,cwt,gadf
100_Normal_3_00041.png,Normal,100_Normal_3,41,41984,cwt,gadf
100_Normal_3_00042.png,Normal,100_Normal_3,42,43008,cwt,gadf
100_Normal_3_00043.png,Normal,100_Normal_3,43,44032,cwt,gadf
100_Normal_3_00044.png,Normal,100_Normal_3,44,45056,cwt,gadf
100_Normal_3_00045.png,Normal,100_Normal_3,45,46080,cwt,gadf
100_Normal_3_00046.png,Normal,100_Normal_3,46,47104,cwt,gadf
100_Normal_3_00047.png,Normal,100_Normal_3,47,48128,cwt,gadf
100_Normal_3_00048.png,Normal,100_Normal_3,48,49152,cwt,gadf
100_Normal_3_00049.png,Normal,100_Normal_3,49,50176,cwt,gadf
100_Normal_3_00050.png,Normal,100_Normal_3,50,51200,cwt,gadf
100_Normal_3_00051.png,Normal,100_Normal_3,51,52224,cwt,gadf
100_Normal_3_00052.png,Normal,100_Normal_3,52,53248,cwt,gadf
100_Normal_3_00053.png,Normal,100_Normal_3,53,54272,cwt,gadf
100_Normal_3_00054.png,Normal,100_Normal_3,54,55296,cwt,gadf
100_Normal_3_00055.png,Normal,100_Normal_3,55,56320,cwt,gadf
100_Normal_3_00056.png,Normal,100_Normal_3,56,57344,cwt,gadf
100_Normal_3_00057.png,Normal,100_Normal_3,57,58368,cwt,gadf
100_Normal_3_00058.png,Normal,100_Normal_3,58,59392,cwt,gadf
100_Normal_3_00059.png,Normal,100_Normal_3,59,60416,cwt,gadf
100_Normal_3_00060.png,Normal,100_Normal_3,60,61440,cwt,gadf
100_Normal_3_00061.png,Normal,100_Normal_3,61,62464,cwt,gadf
100_Normal_3_00062.png,Normal,100_Normal_3,62,63488,cwt,gadf
100_Normal_3_00063.png,Normal,100_Normal_3,63,64512,cwt,gadf
100_Normal_3_00064.png,Normal,100_Normal_3,64,65536,cwt,gadf
100_Normal_3_00065.png,Normal,100_Normal_3,65,66560,cwt,gadf
100_Normal_3_00066.png,Normal,100_Normal_3,66,67584,cwt,gadf
100_Normal_3_00067.png,Normal,100_Normal_3,67,68608,cwt,gadf
100_Normal_3_00068.png,Normal,100_Normal_3,68,69632,cwt,gadf
100_Normal_3_00069.png,Normal,100_Normal_3,69,70656,cwt,gadf
100_Normal_3_00070.png,Normal,100_Normal_3,70,71680,cwt,gadf
100_Normal_3_00071.png,Normal,100_Normal_3,71,72704,cwt,gadf
100_Normal_3_00072.png,Normal,100_Normal_3,72,73728,cwt,gadf
100_Normal_3_00073.png,Normal,100_Normal_3,73,74752,cwt,gadf
100_Normal_3_00074.png,Normal,100_Normal_3,74,75776,cwt,gadf
100_Normal_3_00075.png,Normal,100_Normal_3,75,76800,cwt,gadf
100_Normal_3_00076.png,Normal,100_Normal_3,76,77824,cwt,gadf
100_Normal_3_00077.png,Normal,100_Normal_3,77,78848,cwt,gadf
100_Normal_3_00078.png,Normal,100_Normal_3,78,79872,cwt,gadf
100_Normal_3_00079.png,Normal,100_Normal_3,79,80896,cwt,gadf
100_Normal_3_00080.png,Normal,100_Normal_3,80,81920,cwt,gadf
100_Normal_3_00081.png,Normal,100_Normal_3,81,82944,cwt,gadf
100_Normal_3_00082.png,Normal,100_Normal_3,82,83968,cwt,gadf
100_Normal_3_00083.png,Normal,100_Normal_3,83,84992,cwt,gadf
100_Normal_3_00084.png,Normal,100_Normal_3,84,86016,cwt,gadf
100_Normal_3_00085.png,Normal,100_Normal_3,85,87040,cwt,gadf
100_Normal_3_00086.png,Normal,100_Normal_3,86,88064,cwt,gadf
100_Normal_3_00087.png,Normal,100_Normal_3,87,89088,cwt,gadf
100_Normal_3_00088.png,Normal,100_Normal_3,88,90112,cwt,gadf
100_Normal_3_00089.png,Normal,100_Normal_3,89,91136,cwt,gadf
100_Normal_3_00090.png,Normal,100_Normal_3,90,92160,cwt,gadf
100_Normal_3_00091.png,Normal,100_Normal_3,91,93184,cwt,gadf
100_Normal_3_00092.png,Normal,100_Normal_3,92,94208,cwt,gadf
100_Normal_3_00093.png,Normal,100_Normal_3,93,95232,cwt,gadf
100_Normal_3_00094.png,Normal,100_Normal_3,94,96256,cwt,gadf
100_Normal_3_00095.png,Normal,100_Normal_3,95,97280,cwt,gadf
100_Normal_3_00096.png,Normal,100_Normal_3,96,98304,cwt,gadf
100_Normal_3_00097.png,Normal,100_Normal_3,97,99328,cwt,gadf
100_Normal_3_00098.png,Normal,100_Normal_3,98,100352,cwt,gadf
100_Normal_3_00099.png,Normal,100_Normal_3,99,101376,cwt,gadf
100_Normal_3_00100.png,Normal,100_Normal_3,100,102400,cwt,gadf
100_Normal_3_00101.png,Normal,100_Normal_3,101,103424,cwt,gadf
100_Normal_3_00102.png,Normal,100_Normal_3,102,104448,cwt,gadf
100_Normal_3_00103.png,Normal,100_Normal_3,103,105472,cwt,gadf
100_Normal_3_00104.png,Normal,100_Normal_3,104,106496,cwt,gadf
100_Normal_3_00105.png,Normal,100_Normal_3,105,107520,cwt,gadf
100_Normal_3_00106.png,Normal,100_Normal_3,106,108544,cwt,gadf
100_Normal_3_00107.png,Normal,100_Normal_3,107,109568,cwt,gadf
100_Normal_3_00108.png,Normal,100_Normal_3,108,110592,cwt,gadf
100_Normal_3_00109.png,Normal,100_Normal_3,109,111616,cwt,gadf
100_Normal_3_00110.png,Normal,100_Normal_3,110,112640,cwt,gadf
100_Normal_3_00111.png,Normal,100_Normal_3,111,113664,cwt,gadf
100_Normal_3_00112.png,Normal,100_Normal_3,112,114688,cwt,gadf
100_Normal_3_00113.png,Normal,100_Normal_3,113,115712,cwt,gadf
100_Normal_3_00114.png,Normal,100_Normal_3,114,116736,cwt,gadf
100_Normal_3_00115.png,Normal,100_Normal_3,115,117760,cwt,gadf
100_Normal_3_00116.png,Normal,100_Normal_3,116,118784,cwt,gadf
100_Normal_3_00117.png,Normal,100_Normal_3,117,119808,cwt,gadf
100_Normal_3_00118.png,Normal,100_Normal_3,118,120832,cwt,gadf
100_Normal_3_00119.png,Normal,100_Normal_3,119,121856,cwt,gadf
100_Normal_3_00120.png,Normal,100_Normal_3,120,122880,cwt,gadf
100_Normal_3_00121.png,Normal,100_Normal_3,121,123904,cwt,gadf
100_Normal_3_00122.png,Normal,100_Normal_3,122,124928,cwt,gadf
100_Normal_3_00123.png,Normal,100_Normal_3,123,125952,cwt,gadf
100_Normal_3_00124.png,Normal,100_Normal_3,124,126976,cwt,gadf
100_Normal_3_00125.png,Normal,100_Normal_3,125,128000,cwt,gadf
100_Normal_3_00126.png,Normal,100_Normal_3,126,129024,cwt,gadf
100_Normal_3_00127.png,Normal,100_Normal_3,127,130048,cwt,gadf
100_Normal_3_00128.png,Normal,100_Normal_3,128,131072,cwt,gadf
100_Normal_3_00129.png,Normal,100_Normal_3,129,132096,cwt,gadf
100_Normal_3_00130.png,Normal,100_Normal_3,130,133120,cwt,gadf
100_Normal_3_00131.png,Normal,100_Normal_3,131,134144,cwt,gadf
100_Normal_3_00132.png,Normal,100_Normal_3,132,135168,cwt,gadf
100_Normal_3_00133.png,Normal,100_Normal_3,133,136192,cwt,gadf
100_Normal_3_00134.png,Normal,100_Normal_3,134,137216,cwt,gadf
100_Normal_3_00135.png,Normal,100_Normal_3,135,138240,cwt,gadf
100_Normal_3_00136.png,Normal,100_Normal_3,136,139264,cwt,gadf
100_Normal_3_00137.png,Normal,100_Normal_3,137,140288,cwt,gadf
100_Normal_3_00138.png,Normal,100_Normal_3,138,141312,cwt,gadf
100_Normal_3_00139.png,Normal,100_Normal_3,139,142336,cwt,gadf
100_Normal_3_00140.png,Normal,100_Normal_3,140,143360,cwt,gadf
100_Normal_3_00141.png,Normal,100_Normal_3,141,144384,cwt,gadf
100_Normal_3_00142.png,Normal,100_Normal_3,142,145408,cwt,gadf
100_Normal_3_00143.png,Normal,100_Normal_3,143,146432,cwt,gadf
100_Normal_3_00144.png,Normal,100_Normal_3,144,147456,cwt,gadf
100_Normal_3_00145.png,Normal,100_Normal_3,145,148480,cwt,gadf
100_Normal_3_00146.png,Normal,100_Normal_3,146,149504,cwt,gadf
100_Normal_3_00147.png,Normal,100_Normal_3,147,150528,cwt,gadf
100_Normal_3_00148.png,Normal,100_Normal_3,148,151552,cwt,gadf
100_Normal_3_00149.png,Normal,100_Normal_3,149,152576,cwt,gadf
100_Normal_3_00150.png,Normal,100_Normal_3,150,153600,cwt,gadf
100_Normal_3_00151.png,Normal,100_Normal_3,151,154624,cwt,gadf
100_Normal_3_00152.png,Normal,100_Normal_3,152,155648,cwt,gadf
100_Normal_3_00153.png,Normal,100_Normal_3,153,156672,cwt,gadf
100_Normal_3_00154.png,Normal,100_Normal_3,154,157696,cwt,gadf
100_Normal_3_00155.png,Normal,100_Normal_3,155,158720,cwt,gadf
100_Normal_3_00156.png,Normal,100_Normal_3,156,159744,cwt,gadf
100_Normal_3_00157.png,Normal,100_Normal_3,157,160768,cwt,gadf
100_Normal_3_00158.png,Normal,100_Normal_3,158,161792,cwt,gadf
100_Normal_3_00159.png,Normal,100_Normal_3,159,162816,cwt,gadf
100_Normal_3_00160.png,Normal,100_Normal_3,160,163840,cwt,gadf
100_Normal_3_00161.png,Normal,100_Normal_3,161,164864,cwt,gadf
100_Normal_3_00162.png,Normal,100_Normal_3,162,165888,cwt,gadf
100_Normal_3_00163.png,Normal,100_Normal_3,163,166912,cwt,gadf
100_Normal_3_00164.png,Normal,100_Normal_3,164,167936,cwt,gadf
100_Normal_3_00165.png,Normal,100_Normal_3,165,168960,cwt,gadf
100_Normal_3_00166.png,Normal,100_Normal_3,166,169984,cwt,gadf
100_Normal_3_00167.png,Normal,100_Normal_3,167,171008,cwt,gadf
100_Normal_3_00168.png,Normal,100_Normal_3,168,172032,cwt,gadf
100_Normal_3_00169.png,Normal,100_Normal_3,169,173056,cwt,gadf
100_Normal_3_00170.png,Normal,100_Normal_3,170,174080,cwt,gadf
100_Normal_3_00171.png,Normal,100_Normal_3,171,175104,cwt,gadf
100_Normal_3_00172.png,Normal,100_Normal_3,172,176128,cwt,gadf
100_Normal_3_00173.png,Normal,100_Normal_3,173,177152,cwt,gadf
100_Normal_3_00174.png,Normal,100_Normal_3,174,178176,cwt,gadf
100_Normal_3_00175.png,Normal,100_Normal_3,175,179200,cwt,gadf
100_Normal_3_00176.png,Normal,100_Normal_3,176,180224,cwt,gadf
100_Normal_3_00177.png,Normal,100_Normal_3,177,181248,cwt,gadf
100_Normal_3_00178.png,Normal,100_Normal_3,178,182272,cwt,gadf
100_Normal_3_00179.png,Normal,100_Normal_3,179,183296,cwt,gadf
100_Normal_3_00180.png,Normal,100_Normal_3,180,184320,cwt,gadf
100_Normal_3_00181.png,Normal,100_Normal_3,181,185344,cwt,gadf
100_Normal_3_00182.png,Normal,100_Normal_3,182,186368,cwt,gadf
100_Normal_3_00183.png,Normal,100_Normal_3,183,187392,cwt,gadf
100_Normal_3_00184.png,Normal,100_Normal_3,184,188416,cwt,gadf
100_Normal_3_00185.png,Normal,100_Normal_3,185,189440,cwt,gadf
100_Normal_3_00186.png,Normal,100_Normal_3,186,190464,cwt,gadf
100_Normal_3_00187.png,Normal,100_Normal_3,187,191488,cwt,gadf
100_Normal_3_00188.png,Normal,100_Normal_3,188,192512,cwt,gadf
100_Normal_3_00189.png,Normal,100_Normal_3,189,193536,cwt,gadf
100_Normal_3_00190.png,Normal,100_Normal_3,190,194560,cwt,gadf
100_Normal_3_00191.png,Normal,100_Normal_3,191,195584,cwt,gadf
100_Normal_3_00192.png,Normal,100_Normal_3,192,196608,cwt,gadf
100_Normal_3_00193.png,Normal,100_Normal_3,193,197632,cwt,gadf
100_Normal_3_00194.png,Normal,100_Normal_3,194,198656,cwt,gadf
100_Normal_3_00195.png,Normal,100_Normal_3,195,199680,cwt,gadf
100_Normal_3_00196.png,Normal,100_Normal_3,196,200704,cwt,gadf
100_Normal_3_00197.png,Normal,100_Normal_3,197,201728,cwt,gadf
100_Normal_3_00198.png,Normal,100_Normal_3,198,202752,cwt,gadf
100_Normal_3_00199.png,Normal,100_Normal_3,199,203776,cwt,gadf
100_Normal_3_00200.png,Normal,100_Normal_3,200,204800,cwt,gadf
100_Normal_3_00201.png,Normal,100_Normal_3,201,205824,cwt,gadf
100_Normal_3_00202.png,Normal,100_Normal_3,202,206848,cwt,gadf
100_Normal_3_00203.png,Normal,100_Normal_3,203,207872,cwt,gadf
100_Normal_3_00204.png,Normal,100_Normal_3,204,208896,cwt,gadf
100_Normal_3_00205.png,Normal,100_Normal_3,205,209920,cwt,gadf
100_Normal_3_00206.png,Normal,100_Normal_3,206,210944,cwt,gadf
100_Normal_3_00207.png,Normal,100_Normal_3,207,211968,cwt,gadf
100_Normal_3_00208.png,Normal,100_Normal_3,208,212992,cwt,gadf
100_Normal_3_00209.png,Normal,100_Normal_3,209,214016,cwt,gadf
100_Normal_3_00210.png,Normal,100_Normal_3,210,215040,cwt,gadf
100_Normal_3_00211.png,Normal,100_Normal_3,211,216064,cwt,gadf
100_Normal_3_00212.png,Normal,100_Normal_3,212,217088,cwt,gadf
100_Normal_3_00213.png,Normal,100_Normal_3,213,218112,cwt,gadf
100_Normal_3_00214.png,Normal,100_Normal_3,214,219136,cwt,gadf
100_Normal_3_00215.png,Normal,100_Normal_3,215,220160,cwt,gadf
100_Normal_3_00216.png,Normal,100_Normal_3,216,221184,cwt,gadf
100_Normal_3_00217.png,Normal,100_Normal_3,217,222208,cwt,gadf
100_Normal_3_00218.png,Normal,100_Normal_3,218,223232,cwt,gadf
100_Normal_3_00219.png,Normal,100_Normal_3,219,224256,cwt,gadf
100_Normal_3_00220.png,Normal,100_Normal_3,220,225280,cwt,gadf
100_Normal_3_00221.png,Normal,100_Normal_3,221,226304,cwt,gadf
100_Normal_3_00222.png,Normal,100_Normal_3,222,227328,cwt,gadf
100_Normal_3_00223.png,Normal,100_Normal_3,223,228352,cwt,gadf
100_Normal_3_00224.png,Normal,100_Normal_3,224,229376,cwt,gadf
100_Normal_3_00225.png,Normal,100_Normal_3,225,230400,cwt,gadf
100_Normal_3_00226.png,Normal,100_Normal_3,226,231424,cwt,gadf
100_Normal_3_00227.png,Normal,100_Normal_3,227,232448,cwt,gadf
100_Normal_3_00228.png,Normal,100_Normal_3,228,233472,cwt,gadf
100_Normal_3_00229.png,Normal,100_Normal_3,229,234496,cwt,gadf
100_Normal_3_00230.png,Normal,100_Normal_3,230,235520,cwt,gadf
100_Normal_3_00231.png,Normal,100_Normal_3,231,236544,cwt,gadf
100_Normal_3_00232.png,Normal,100_Normal_3,232,237568,cwt,gadf
100_Normal_3_00233.png,Normal,100_Normal_3,233,238592,cwt,gadf
100_Normal_3_00234.png,Normal,100_Normal_3,234,239616,cwt,gadf
100_Normal_3_00235.png,Normal,100_Normal_3,235,240640,cwt,gadf
100_Normal_3_00236.png,Normal,100_Normal_3,236,241664,cwt,gadf
100_Normal_3_00237.png,Normal,100_Normal_3,237,242688,cwt,gadf
100_Normal_3_00238.png,Normal,100_Normal_3,238,243712,cwt,gadf
100_Normal_3_00239.png,Normal,100_Normal_3,239,244736,cwt,gadf
100_Normal_3_00240.png,Normal,100_Normal_3,240,245760,cwt,gadf
100_Normal_3_00241.png,Normal,100_Normal_3,241,246784,cwt,gadf
100_Normal_3_00242.png,Normal,100_Normal_3,242,247808,cwt,gadf
100_Normal_3_00243.png,Normal,100_Normal_3,243,248832,cwt,gadf
100_Normal_3_00244.png,Normal,100_Normal_3,244,249856,cwt,gadf
100_Normal_3_00245.png,Normal,100_Normal_3,245,250880,cwt,gadf
100_Normal_3_00246.png,Normal,100_Normal_3,246,251904,cwt,gadf
100_Normal_3_00247.png,Normal,100_Normal_3,247,252928,cwt,gadf
100_Normal_3_00248.png,Normal,100_Normal_3,248,253952,cwt,gadf
100_Normal_3_00249.png,Normal,100_Normal_3,249,254976,cwt,gadf
100_Normal_3_00250.png,Normal,100_Normal_3,250,256000,cwt,gadf
100_Normal_3_00251.png,Normal,100_Normal_3,251,257024,cwt,gadf
100_Normal_3_00252.png,Normal,100_Normal_3,252,258048,cwt,gadf
100_Normal_3_00253.png,Normal,100_Normal_3,253,259072,cwt,gadf
100_Normal_3_00254.png,Normal,100_Normal_3,254,260096,cwt,gadf
100_Normal_3_00255.png,Normal,100_Normal_3,255,261120,cwt,gadf
100_Normal_3_00256.png,Normal,100_Normal_3,256,262144,cwt,gadf
100_Normal_3_00257.png,Normal,100_Normal_3,257,263168,cwt,gadf
100_Normal_3_00258.png,Normal,100_Normal_3,258,264192,cwt,gadf
100_Normal_3_00259.png,Normal,100_Normal_3,259,265216,cwt,gadf
100_Normal_3_00260.png,Normal,100_Normal_3,260,266240,cwt,gadf
100_Normal_3_00261.png,Normal,100_Normal_3,261,267264,cwt,gadf
100_Normal_3_00262.png,Normal,100_Normal_3,262,268288,cwt,gadf
100_Normal_3_00263.png,Normal,100_Normal_3,263,269312,cwt,gadf
100_Normal_3_00264.png,Normal,100_Normal_3,264,270336,cwt,gadf
100_Normal_3_00265.png,Normal,100_Normal_3,265,271360,cwt,gadf
100_Normal_3_00266.png,Normal,100_Normal_3,266,272384,cwt,gadf
100_Normal_3_00267.png,Normal,100_Normal_3,267,273408,cwt,gadf
100_Normal_3_00268.png,Normal,100_Normal_3,268,274432,cwt,gadf
100_Normal_3_00269.png,Normal,100_Normal_3,269,275456,cwt,gadf
100_Normal_3_00270.png,Normal,100_Normal_3,270,276480,cwt,gadf
100_Normal_3_00271.png,Normal,100_Normal_3,271,277504,cwt,gadf
100_Normal_3_00272.png,Normal,100_Normal_3,272,278528,cwt,gadf
100_Normal_3_00273.png,Normal,100_Normal_3,273,279552,cwt,gadf
100_Normal_3_00274.png,Normal,100_Normal_3,274,280576,cwt,gadf
100_Normal_3_00275.png,Normal,100_Normal_3,275,281600,cwt,gadf
100_Normal_3_00276.png,Normal,100_Normal_3,276,282624,cwt,gadf
100_Normal_3_00277.png,Normal,100_Normal_3,277,283648,cwt,gadf
100_Normal_3_00278.png,Normal,100_Normal_3,278,284672,cwt,gadf
100_Normal_3_00279.png,Normal,100_Normal_3,279,285696,cwt,gadf
100_Normal_3_00280.png,Normal,100_Normal_3,280,286720,cwt,gadf
100_Normal_3_00281.png,Normal,100_Normal_3,281,287744,cwt,gadf
100_Normal_3_00282.png,Normal,100_Normal_3,282,288768,cwt,gadf
100_Normal_3_00283.png,Normal,100_Normal_3,283,289792,cwt,gadf
100_Normal_3_00284.png,Normal,100_Normal_3,284,290816,cwt,gadf
100_Normal_3_00285.png,Normal,100_Normal_3,285,291840,cwt,gadf
100_Normal_3_00286.png,Normal,100_Normal_3,286,292864,cwt,gadf
100_Normal_3_00287.png,Normal,100_Normal_3,287,293888,cwt,gadf
100_Normal_3_00288.png,Normal,100_Normal_3,288,294912,cwt,gadf
100_Normal_3_00289.png,Normal,100_Normal_3,289,295936,cwt,gadf
100_Normal_3_00290.png,Normal,100_Normal_3,290,296960,cwt,gadf
100_Normal_3_00291.png,Normal,100_Normal_3,291,297984,cwt,gadf
100_Normal_3_00292.png,Normal,100_Normal_3,292,299008,cwt,gadf
100_Normal_3_00293.png,Normal,100_Normal_3,293,300032,cwt,gadf
100_Normal_3_00294.png,Normal,100_Normal_3,294,301056,cwt,gadf
100_Normal_3_00295.png,Normal,100_Normal_3,295,302080,cwt,gadf
100_Normal_3_00296.png,Normal,100_Normal_3,296,303104,cwt,gadf
100_Normal_3_00297.png,Normal,100_Normal_3,297,304128,cwt,gadf
100_Normal_3_00298.png,Normal,100_Normal_3,298,305152,cwt,gadf
100_Normal_3_00299.png,Normal,100_Normal_3,299,306176,cwt,gadf
100_Normal_3_00300.png,Normal,100_Normal_3,300,307200,cwt,gadf
100_Normal_3_00301.png,Normal,100_Normal_3,301,308224,cwt,gadf
100_Normal_3_00302.png,Normal,100_Normal_3,302,309248,cwt,gadf
100_Normal_3_00303.png,Normal,100_Normal_3,303,310272,cwt,gadf
100_Normal_3_00304.png,Normal,100_Normal_3,304,311296,cwt,gadf
100_Normal_3_00305.png,Normal,100_Normal_3,305,312320,cwt,gadf
100_Normal_3_00306.png,Normal,100_Normal_3,306,313344,cwt,gadf
100_Normal_3_00307.png,Normal,100_Normal_3,307,314368,cwt,gadf
100_Normal_3_00308.png,Normal,100_Normal_3,308,315392,cwt,gadf
100_Normal_3_00309.png,Normal,100_Normal_3,309,316416,cwt,gadf
100_Normal_3_00310.png,Normal,100_Normal_3,310,317440,cwt,gadf
100_Normal_3_00311.png,Normal,100_Normal_3,311,318464,cwt,gadf
100_Normal_3_00312.png,Normal,100_Normal_3,312,319488,cwt,gadf
100_Normal_3_00313.png,Normal,100_Normal_3,313,320512,cwt,gadf
100_Normal_3_00314.png,Normal,100_Normal_3,314,321536,cwt,gadf
100_Normal_3_00315.png,Normal,100_Normal_3,315,322560,cwt,gadf
100_Normal_3_00316.png,Normal,100_Normal_3,316,323584,cwt,gadf
100_Normal_3_00317.png,Normal,100_Normal_3,317,324608,cwt,gadf
100_Normal_3_00318.png,Normal,100_Normal_3,318,325632,cwt,gadf
100_Normal_3_00319.png,Normal,100_Normal_3,319,326656,cwt,gadf
100_Normal_3_00320.png,Normal,100_Normal_3,320,327680,cwt,gadf
100_Normal_3_00321.png,Normal,100_Normal_3,321,328704,cwt,gadf
100_Normal_3_00322.png,Normal,100_Normal_3,322,329728,cwt,gadf
100_Normal_3_00323.png,Normal,100_Normal_3,323,330752,cwt,gadf
100_Normal_3_00324.png,Normal,100_Normal_3,324,331776,cwt,gadf
100_Normal_3_00325.png,Normal,100_Normal_3,325,332800,cwt,gadf
100_Normal_3_00326.png,Normal,100_Normal_3,326,333824,cwt,gadf
100_Normal_3_00327.png,Normal,100_Normal_3,327,334848,cwt,gadf
100_Normal_3_00328.png,Normal,100_Normal_3,328,335872,cwt,gadf
100_Normal_3_00329.png,Normal,100_Normal_3,329,336896,cwt,gadf
100_Normal_3_00330.png,Normal,100_Normal_3,330,337920,cwt,gadf
100_Normal_3_00331.png,Normal,100_Normal_3,331,338944,cwt,gadf
100_Normal_3_00332.png,Normal,100_Normal_3,332,339968,cwt,gadf
100_Normal_3_00333.png,Normal,100_Normal_3,333,340992,cwt,gadf
100_Normal_3_00334.png,Normal,100_Normal_3,334,342016,cwt,gadf
100_Normal_3_00335.png,Normal,100_Normal_3,335,343040,cwt,gadf
100_Normal_3_00336.png,Normal,100_Normal_3,336,344064,cwt,gadf
100_Normal_3_00337.png,Normal,100_Normal_3,337,345088,cwt,gadf
100_Normal_3_00338.png,Normal,100_Normal_3,338,346112,cwt,gadf
100_Normal_3_00339.png,Normal,100_Normal_3,339,347136,cwt,gadf
100_Normal_3_00340.png,Normal,100_Normal_3,340,348160,cwt,gadf
100_Normal_3_00341.png,Normal,100_Normal_3,341,349184,cwt,gadf
100_Normal_3_00342.png,Normal,100_Normal_3,342,350208,cwt,gadf
100_Normal_3_00343.png,Normal,100_Normal_3,343,351232,cwt,gadf
100_Normal_3_00344.png,Normal,100_Normal_3,344,352256,cwt,gadf
100_Normal_3_00345.png,Normal,100_Normal_3,345,353280,cwt,gadf
100_Normal_3_00346.png,Normal,100_Normal_3,346,354304,cwt,gadf
100_Normal_3_00347.png,Normal,100_Normal_3,347,355328,cwt,gadf
100_Normal_3_00348.png,Normal,100_Normal_3,348,356352,cwt,gadf
100_Normal_3_00349.png,Normal,100_Normal_3,349,357376,cwt,gadf
100_Normal_3_00350.png,Normal,100_Normal_3,350,358400,cwt,gadf
100_Normal_3_00351.png,Normal,100_Normal_3,351,359424,cwt,gadf
100_Normal_3_00352.png,Normal,100_Normal_3,352,360448,cwt,gadf
100_Normal_3_00353.png,Normal,100_Normal_3,353,361472,cwt,gadf
100_Normal_3_00354.png,Normal,100_Normal_3,354,362496,cwt,gadf
100_Normal_3_00355.png,Normal,100_Normal_3,355,363520,cwt,gadf
100_Normal_3_00356.png,Normal,100_Normal_3,356,364544,cwt,gadf
100_Normal_3_00357.png,Normal,100_Normal_3,357,365568,cwt,gadf
100_Normal_3_00358.png,Normal,100_Normal_3,358,366592,cwt,gadf
100_Normal_3_00359.png,Normal,100_Normal_3,359,367616,cwt,gadf
100_Normal_3_00360.png,Normal,100_Normal_3,360,368640,cwt,gadf
100_Normal_3_00361.png,Normal,100_Normal_3,361,369664,cwt,gadf
100_Normal_3_00362.png,Normal,100_Normal_3,362,370688,cwt,gadf
100_Normal_3_00363.png,Normal,100_Normal_3,363,371712,cwt,gadf
100_Normal_3_00364.png,Normal,100_Normal_3,364,372736,cwt,gadf
100_Normal_3_00365.png,Normal,100_Normal_3,365,373760,cwt,gadf
100_Normal_3_00366.png,Normal,100_Normal_3,366,374784,cwt,gadf
100_Normal_3_00367.png,Normal,100_Normal_3,367,375808,cwt,gadf
100_Normal_3_00368.png,Normal,100_Normal_3,368,376832,cwt,gadf
100_Normal_3_00369.png,Normal,100_Normal_3,369,377856,cwt,gadf
100_Normal_3_00370.png,Normal,100_Normal_3,370,378880,cwt,gadf
100_Normal_3_00371.png,Normal,100_Normal_3,371,379904,cwt,gadf
100_Normal_3_00372.png,Normal,100_Normal_3,372,380928,cwt,gadf
100_Normal_3_00373.png,Normal,100_Normal_3,373,381952,cwt,gadf
100_Normal_3_00374.png,Normal,100_Normal_3,374,382976,cwt,gadf
100_Normal_3_00375.png,Normal,100_Normal_3,375,384000,cwt,gadf
100_Normal_3_00376.png,Normal,100_Normal_3,376,385024,cwt,gadf
100_Normal_3_00377.png,Normal,100_Normal_3,377,386048,cwt,gadf
100_Normal_3_00378.png,Normal,100_Normal_3,378,387072,cwt,gadf
100_Normal_3_00379.png,Normal,100_Normal_3,379,388096,cwt,gadf
100_Normal_3_00380.png,Normal,100_Normal_3,380,389120,cwt,gadf
100_Normal_3_00381.png,Normal,100_Normal_3,381,390144,cwt,gadf
100_Normal_3_00382.png,Normal,100_Normal_3,382,391168,cwt,gadf
100_Normal_3_00383.png,Normal,100_Normal_3,383,392192,cwt,gadf
100_Normal_3_00384.png,Normal,100_Normal_3,384,393216,cwt,gadf
100_Normal_3_00385.png,Normal,100_Normal_3,385,394240,cwt,gadf
100_Normal_3_00386.png,Normal,100_Normal_3,386,395264,cwt,gadf
100_Normal_3_00387.png,Normal,100_Normal_3,387,396288,cwt,gadf
100_Normal_3_00388.png,Normal,100_Normal_3,388,397312,cwt,gadf
100_Normal_3_00389.png,Normal,100_Normal_3,389,398336,cwt,gadf
100_Normal_3_00390.png,Normal,100_Normal_3,390,399360,cwt,gadf
100_Normal_3_00391.png,Normal,100_Normal_3,391,400384,cwt,gadf
100_Normal_3_00392.png,Normal,100_Normal_3,392,401408,cwt,gadf
100_Normal_3_00393.png,Normal,100_Normal_3,393,402432,cwt,gadf
100_Normal_3_00394.png,Normal,100_Normal_3,394,403456,cwt,gadf
100_Normal_3_00395.png,Normal,100_Normal_3,395,404480,cwt,gadf
100_Normal_3_00396.png,Normal,100_Normal_3,396,405504,cwt,gadf
100_Normal_3_00397.png,Normal,100_Normal_3,397,406528,cwt,gadf
100_Normal_3_00398.png,Normal,100_Normal_3,398,407552,cwt,gadf
100_Normal_3_00399.png,Normal,100_Normal_3,399,408576,cwt,gadf
100_Normal_3_00400.png,Normal,100_Normal_3,400,409600,cwt,gadf
100_Normal_3_00401.png,Normal,100_Normal_3,401,410624,cwt,gadf
100_Normal_3_00402.png,Normal,100_Normal_3,402,411648,cwt,gadf
100_Normal_3_00403.png,Normal,100_Normal_3,403,412672,cwt,gadf
100_Normal_3_00404.png,Normal,100_Normal_3,404,413696,cwt,gadf
100_Normal_3_00405.png,Normal,100_Normal_3,405,414720,cwt,gadf
100_Normal_3_00406.png,Normal,100_Normal_3,406,415744,cwt,gadf
100_Normal_3_00407.png,Normal,100_Normal_3,407,416768,cwt,gadf
100_Normal_3_00408.png,Normal,100_Normal_3,408,417792,cwt,gadf
100_Normal_3_00409.png,Normal,100_Normal_3,409,418816,cwt,gadf
100_Normal_3_00410.png,Normal,100_Normal_3,410,419840,cwt,gadf
100_Normal_3_00411.png,Normal,100_Normal_3,411,420864,cwt,gadf
100_Normal_3_00412.png,Normal,100_Normal_3,412,421888,cwt,gadf
100_Normal_3_00413.png,Normal,100_Normal_3,413,422912,cwt,gadf
100_Normal_3_00414.png,Normal,100_Normal_3,414,423936,cwt,gadf
100_Normal_3_00415.png,Normal,100_Normal_3,415,424960,cwt,gadf
100_Normal_3_00416.png,Normal,100_Normal_3,416,425984,cwt,gadf
100_Normal_3_00417.png,Normal,100_Normal_3,417,427008,cwt,gadf
100_Normal_3_00418.png,Normal,100_Normal_3,418,428032,cwt,gadf
100_Normal_3_00419.png,Normal,100_Normal_3,419,429056,cwt,gadf
100_Normal_3_00420.png,Normal,100_Normal_3,420,430080,cwt,gadf
100_Normal_3_00421.png,Normal,100_Normal_3,421,431104,cwt,gadf
100_Normal_3_00422.png,Normal,100_Normal_3,422,432128,cwt,gadf
100_Normal_3_00423.png,Normal,100_Normal_3,423,433152,cwt,gadf
100_Normal_3_00424.png,Normal,100_Normal_3,424,434176,cwt,gadf
100_Normal_3_00425.png,Normal,100_Normal_3,425,435200,cwt,gadf
100_Normal_3_00426.png,Normal,100_Normal_3,426,436224,cwt,gadf
100_Normal_3_00427.png,Normal,100_Normal_3,427,437248,cwt,gadf
100_Normal_3_00428.png,Normal,100_Normal_3,428,438272,cwt,gadf
100_Normal_3_00429.png,Normal,100_Normal_3,429,439296,cwt,gadf
100_Normal_3_00430.png,Normal,100_Normal_3,430,440320,cwt,gadf
100_Normal_3_00431.png,Normal,100_Normal_3,431,441344,cwt,gadf
100_Normal_3_00432.png,Normal,100_Normal_3,432,442368,cwt,gadf
100_Normal_3_00433.png,Normal,100_Normal_3,433,443392,cwt,gadf
100_Normal_3_00434.png,Normal,100_Normal_3,434,444416,cwt,gadf
100_Normal_3_00435.png,Normal,100_Normal_3,435,445440,cwt,gadf
100_Normal_3_00436.png,Normal,100_Normal_3,436,446464,cwt,gadf
100_Normal_3_00437.png,Normal,100_Normal_3,437,447488,cwt,gadf
100_Normal_3_00438.png,Normal,100_Normal_3,438,448512,cwt,gadf
100_Normal_3_00439.png,Normal,100_Normal_3,439,449536,cwt,gadf
100_Normal_3_00440.png,Normal,100_Normal_3,440,450560,cwt,gadf
100_Normal_3_00441.png,Normal,100_Normal_3,441,451584,cwt,gadf
100_Normal_3_00442.png,Normal,100_Normal_3,442,452608,cwt,gadf
100_Normal_3_00443.png,Normal,100_Normal_3,443,453632,cwt,gadf
100_Normal_3_00444.png,Normal,100_Normal_3,444,454656,cwt,gadf
100_Normal_3_00445.png,Normal,100_Normal_3,445,455680,cwt,gadf
100_Normal_3_00446.png,Normal,100_Normal_3,446,456704,cwt,gadf
100_Normal_3_00447.png,Normal,100_Normal_3,447,457728,cwt,gadf
100_Normal_3_00448.png,Normal,100_Normal_3,448,458752,cwt,gadf
100_Normal_3_00449.png,Normal,100_Normal_3,449,459776,cwt,gadf
100_Normal_3_00450.png,Normal,100_Normal_3,450,460800,cwt,gadf
100_Normal_3_00451.png,Normal,100_Normal_3,451,461824,cwt,gadf
100_Normal_3_00452.png,Normal,100_Normal_3,452,462848,cwt,gadf
100_Normal_3_00453.png,Normal,100_Normal_3,453,463872,cwt,gadf
100_Normal_3_00454.png,Normal,100_Normal_3,454,464896,cwt,gadf
100_Normal_3_00455.png,Normal,100_Normal_3,455,465920,cwt,gadf
100_Normal_3_00456.png,Normal,100_Normal_3,456,466944,cwt,gadf
100_Normal_3_00457.png,Normal,100_Normal_3,457,467968,cwt,gadf
100_Normal_3_00458.png,Normal,100_Normal_3,458,468992,cwt,gadf
100_Normal_3_00459.png,Normal,100_Normal_3,459,470016,cwt,gadf
100_Normal_3_00460.png,Normal,100_Normal_3,460,471040,cwt,gadf
100_Normal_3_00461.png,Normal,100_Normal_3,461,472064,cwt,gadf
100_Normal_3_00462.png,Normal,100_Normal_3,462,473088,cwt,gadf
100_Normal_3_00463.png,Normal,100_Normal_3,463,474112,cwt,gadf
100_Normal_3_00464.png,Normal,100_Normal_3,464,475136,cwt,gadf
100_Normal_3_00465.png,Normal,100_Normal_3,465,476160,cwt,gadf
100_Normal_3_00466.png,Normal,100_Normal_3,466,477184,cwt,gadf
100_Normal_3_00467.png,Normal,100_Normal_3,467,478208,cwt,gadf
100_Normal_3_00468.png,Normal,100_Normal_3,468,479232,cwt,gadf
100_Normal_3_00469.png,Normal,100_Normal_3,469,480256,cwt,gadf
100_Normal_3_00470.png,Normal,100_Normal_3,470,481280,cwt,gadf
100_Normal_3_00471.png,Normal,100_Normal_3,471,482304,cwt,gadf
100_Normal_3_00472.png,Normal,100_Normal_3,472,483328,cwt,gadf
97_Normal_0_00000.png,Normal,97_Normal_0,0,0,cwt,gadf
97_Normal_0_00001.png,Normal,97_Normal_0,1,1024,cwt,gadf
97_Normal_0_00002.png,Normal,97_Normal_0,2,2048,cwt,gadf
97_Normal_0_00003.png,Normal,97_Normal_0,3,3072,cwt,gadf
97_Normal_0_00004.png,Normal,97_Normal_0,4,4096,cwt,gadf
97_Normal_0_00005.png,Normal,97_Normal_0,5,5120,cwt,gadf
97_Normal_0_00006.png,Normal,97_Normal_0,6,6144,cwt,gadf
97_Normal_0_00007.png,Normal,97_Normal_0,7,7168,cwt,gadf
97_Normal_0_00008.png,Normal,97_Normal_0,8,8192,cwt,gadf
97_Normal_0_00009.png,Normal,97_Normal_0,9,9216,cwt,gadf
97_Normal_0_00010.png,Normal,97_Normal_0,10,10240,cwt,gadf
97_Normal_0_00011.png,Normal,97_Normal_0,11,11264,cwt,gadf
97_Normal_0_00012.png,Normal,97_Normal_0,12,12288,cwt,gadf
97_Normal_0_00013.png,Normal,97_Normal_0,13,13312,cwt,gadf
97_Normal_0_00014.png,Normal,97_Normal_0,14,14336,cwt,gadf
97_Normal_0_00015.png,Normal,97_Normal_0,15,15360,cwt,gadf
97_Normal_0_00016.png,Normal,97_Normal_0,16,16384,cwt,gadf
97_Normal_0_00017.png,Normal,97_Normal_0,17,17408,cwt,gadf
97_Normal_0_00018.png,Normal,97_Normal_0,18,18432,cwt,gadf
97_Normal_0_00019.png,Normal,97_Normal_0,19,19456,cwt,gadf
97_Normal_0_00020.png,Normal,97_Normal_0,20,20480,cwt,gadf
97_Normal_0_00021.png,Normal,97_Normal_0,21,21504,cwt,gadf
97_Normal_0_00022.png,Normal,97_Normal_0,22,22528,cwt,gadf
97_Normal_0_00023.png,Normal,97_Normal_0,23,23552,cwt,gadf
97_Normal_0_00024.png,Normal,97_Normal_0,24,24576,cwt,gadf
97_Normal_0_00025.png,Normal,97_Normal_0,25,25600,cwt,gadf
97_Normal_0_00026.png,Normal,97_Normal_0,26,26624,cwt,gadf
97_Normal_0_00027.png,Normal,97_Normal_0,27,27648,cwt,gadf
97_Normal_0_00028.png,Normal,97_Normal_0,28,28672,cwt,gadf
97_Normal_0_00029.png,Normal,97_Normal_0,29,29696,cwt,gadf
97_Normal_0_00030.png,Normal,97_Normal_0,30,30720,cwt,gadf
97_Normal_0_00031.png,Normal,97_Normal_0,31,31744,cwt,gadf
97_Normal_0_00032.png,Normal,97_Normal_0,32,32768,cwt,gadf
97_Normal_0_00033.png,Normal,97_Normal_0,33,33792,cwt,gadf
97_Normal_0_00034.png,Normal,97_Normal_0,34,34816,cwt,gadf
97_Normal_0_00035.png,Normal,97_Normal_0,35,35840,cwt,gadf
97_Normal_0_00036.png,Normal,97_Normal_0,36,36864,cwt,gadf
97_Normal_0_00037.png,Normal,97_Normal_0,37,37888,cwt,gadf
97_Normal_0_00038.png,Normal,97_Normal_0,38,38912,cwt,gadf
97_Normal_0_00039.png,Normal,97_Normal_0,39,39936,cwt,gadf
97_Normal_0_00040.png,Normal,97_Normal_0,40,40960,cwt,gadf
97_Normal_0_00041.png,Normal,97_Normal_0,41,41984,cwt,gadf
97_Normal_0_00042.png,Normal,97_Normal_0,42,43008,cwt,gadf
97_Normal_0_00043.png,Normal,97_Normal_0,43,44032,cwt,gadf
97_Normal_0_00044.png,Normal,97_Normal_0,44,45056,cwt,gadf
97_Normal_0_00045.png,Normal,97_Normal_0,45,46080,cwt,gadf
97_Normal_0_00046.png,Normal,97_Normal_0,46,47104,cwt,gadf
97_Normal_0_00047.png,Normal,97_Normal_0,47,48128,cwt,gadf
97_Normal_0_00048.png,Normal,97_Normal_0,48,49152,cwt,gadf
97_Normal_0_00049.png,Normal,97_Normal_0,49,50176,cwt,gadf
97_Normal_0_00050.png,Normal,97_Normal_0,50,51200,cwt,gadf
97_Normal_0_00051.png,Normal,97_Normal_0,51,52224,cwt,gadf
97_Normal_0_00052.png,Normal,97_Normal_0,52,53248,cwt,gadf
97_Normal_0_00053.png,Normal,97_Normal_0,53,54272,cwt,gadf
97_Normal_0_00054.png,Normal,97_Normal_0,54,55296,cwt,gadf
97_Normal_0_00055.png,Normal,97_Normal_0,55,56320,cwt,gadf
97_Normal_0_00056.png,Normal,97_Normal_0,56,57344,cwt,gadf
97_Normal_0_00057.png,Normal,97_Normal_0,57,58368,cwt,gadf
97_Normal_0_00058.png,Normal,97_Normal_0,58,59392,cwt,gadf
97_Normal_0_00059.png,Normal,97_Normal_0,59,60416,cwt,gadf
97_Normal_0_00060.png,Normal,97_Normal_0,60,61440,cwt,gadf
97_Normal_0_00061.png,Normal,97_Normal_0,61,62464,cwt,gadf
97_Normal_0_00062.png,Normal,97_Normal_0,62,63488,cwt,gadf
97_Normal_0_00063.png,Normal,97_Normal_0,63,64512,cwt,gadf
97_Normal_0_00064.png,Normal,97_Normal_0,64,65536,cwt,gadf
97_Normal_0_00065.png,Normal,97_Normal_0,65,66560,cwt,gadf
97_Normal_0_00066.png,Normal,97_Normal_0,66,67584,cwt,gadf
97_Normal_0_00067.png,Normal,97_Normal_0,67,68608,cwt,gadf
97_Normal_0_00068.png,Normal,97_Normal_0,68,69632,cwt,gadf
97_Normal_0_00069.png,Normal,97_Normal_0,69,70656,cwt,gadf
97_Normal_0_00070.png,Normal,97_Normal_0,70,71680,cwt,gadf
97_Normal_0_00071.png,Normal,97_Normal_0,71,72704,cwt,gadf
97_Normal_0_00072.png,Normal,97_Normal_0,72,73728,cwt,gadf
97_Normal_0_00073.png,Normal,97_Normal_0,73,74752,cwt,gadf
97_Normal_0_00074.png,Normal,97_Normal_0,74,75776,cwt,gadf
97_Normal_0_00075.png,Normal,97_Normal_0,75,76800,cwt,gadf
97_Normal_0_00076.png,Normal,97_Normal_0,76,77824,cwt,gadf
97_Normal_0_00077.png,Normal,97_Normal_0,77,78848,cwt,gadf
97_Normal_0_00078.png,Normal,97_Normal_0,78,79872,cwt,gadf
97_Normal_0_00079.png,Normal,97_Normal_0,79,80896,cwt,gadf
97_Normal_0_00080.png,Normal,97_Normal_0,80,81920,cwt,gadf
97_Normal_0_00081.png,Normal,97_Normal_0,81,82944,cwt,gadf
97_Normal_0_00082.png,Normal,97_Normal_0,82,83968,cwt,gadf
97_Normal_0_00083.png,Normal,97_Normal_0,83,84992,cwt,gadf
97_Normal_0_00084.png,Normal,97_Normal_0,84,86016,cwt,gadf
97_Normal_0_00085.png,Normal,97_Normal_0,85,87040,cwt,gadf
97_Normal_0_00086.png,Normal,97_Normal_0,86,88064,cwt,gadf
97_Normal_0_00087.png,Normal,97_Normal_0,87,89088,cwt,gadf
97_Normal_0_00088.png,Normal,97_Normal_0,88,90112,cwt,gadf
97_Normal_0_00089.png,Normal,97_Normal_0,89,91136,cwt,gadf
97_Normal_0_00090.png,Normal,97_Normal_0,90,92160,cwt,gadf
97_Normal_0_00091.png,Normal,97_Normal_0,91,93184,cwt,gadf
97_Normal_0_00092.png,Normal,97_Normal_0,92,94208,cwt,gadf
97_Normal_0_00093.png,Normal,97_Normal_0,93,95232,cwt,gadf
97_Normal_0_00094.png,Normal,97_Normal_0,94,96256,cwt,gadf
97_Normal_0_00095.png,Normal,97_Normal_0,95,97280,cwt,gadf
97_Normal_0_00096.png,Normal,97_Normal_0,96,98304,cwt,gadf
97_Normal_0_00097.png,Normal,97_Normal_0,97,99328,cwt,gadf
97_Normal_0_00098.png,Normal,97_Normal_0,98,100352,cwt,gadf
97_Normal_0_00099.png,Normal,97_Normal_0,99,101376,cwt,gadf
97_Normal_0_00100.png,Normal,97_Normal_0,100,102400,cwt,gadf
97_Normal_0_00101.png,Normal,97_Normal_0,101,103424,cwt,gadf
97_Normal_0_00102.png,Normal,97_Normal_0,102,104448,cwt,gadf
97_Normal_0_00103.png,Normal,97_Normal_0,103,105472,cwt,gadf
97_Normal_0_00104.png,Normal,97_Normal_0,104,106496,cwt,gadf
97_Normal_0_00105.png,Normal,97_Normal_0,105,107520,cwt,gadf
97_Normal_0_00106.png,Normal,97_Normal_0,106,108544,cwt,gadf
97_Normal_0_00107.png,Normal,97_Normal_0,107,109568,cwt,gadf
97_Normal_0_00108.png,Normal,97_Normal_0,108,110592,cwt,gadf
97_Normal_0_00109.png,Normal,97_Normal_0,109,111616,cwt,gadf
97_Normal_0_00110.png,Normal,97_Normal_0,110,112640,cwt,gadf
97_Normal_0_00111.png,Normal,97_Normal_0,111,113664,cwt,gadf
97_Normal_0_00112.png,Normal,97_Normal_0,112,114688,cwt,gadf
97_Normal_0_00113.png,Normal,97_Normal_0,113,115712,cwt,gadf
97_Normal_0_00114.png,Normal,97_Normal_0,114,116736,cwt,gadf
97_Normal_0_00115.png,Normal,97_Normal_0,115,117760,cwt,gadf
97_Normal_0_00116.png,Normal,97_Normal_0,116,118784,cwt,gadf
97_Normal_0_00117.png,Normal,97_Normal_0,117,119808,cwt,gadf
97_Normal_0_00118.png,Normal,97_Normal_0,118,120832,cwt,gadf
97_Normal_0_00119.png,Normal,97_Normal_0,119,121856,cwt,gadf
97_Normal_0_00120.png,Normal,97_Normal_0,120,122880,cwt,gadf
97_Normal_0_00121.png,Normal,97_Normal_0,121,123904,cwt,gadf
97_Normal_0_00122.png,Normal,97_Normal_0,122,124928,cwt,gadf
97_Normal_0_00123.png,Normal,97_Normal_0,123,125952,cwt,gadf
97_Normal_0_00124.png,Normal,97_Normal_0,124,126976,cwt,gadf
97_Normal_0_00125.png,Normal,97_Normal_0,125,128000,cwt,gadf
97_Normal_0_00126.png,Normal,97_Normal_0,126,129024,cwt,gadf
97_Normal_0_00127.png,Normal,97_Normal_0,127,130048,cwt,gadf
97_Normal_0_00128.png,Normal,97_Normal_0,128,131072,cwt,gadf
97_Normal_0_00129.png,Normal,97_Normal_0,129,132096,cwt,gadf
97_Normal_0_00130.png,Normal,97_Normal_0,130,133120,cwt,gadf
97_Normal_0_00131.png,Normal,97_Normal_0,131,134144,cwt,gadf
97_Normal_0_00132.png,Normal,97_Normal_0,132,135168,cwt,gadf
97_Normal_0_00133.png,Normal,97_Normal_0,133,136192,cwt,gadf
97_Normal_0_00134.png,Normal,97_Normal_0,134,137216,cwt,gadf
97_Normal_0_00135.png,Normal,97_Normal_0,135,138240,cwt,gadf
97_Normal_0_00136.png,Normal,97_Normal_0,136,139264,cwt,gadf
97_Normal_0_00137.png,Normal,97_Normal_0,137,140288,cwt,gadf
97_Normal_0_00138.png,Normal,97_Normal_0,138,141312,cwt,gadf
97_Normal_0_00139.png,Normal,97_Normal_0,139,142336,cwt,gadf
97_Normal_0_00140.png,Normal,97_Normal_0,140,143360,cwt,gadf
97_Normal_0_00141.png,Normal,97_Normal_0,141,144384,cwt,gadf
97_Normal_0_00142.png,Normal,97_Normal_0,142,145408,cwt,gadf
97_Normal_0_00143.png,Normal,97_Normal_0,143,146432,cwt,gadf
97_Normal_0_00144.png,Normal,97_Normal_0,144,147456,cwt,gadf
97_Normal_0_00145.png,Normal,97_Normal_0,145,148480,cwt,gadf
97_Normal_0_00146.png,Normal,97_Normal_0,146,149504,cwt,gadf
97_Normal_0_00147.png,Normal,97_Normal_0,147,150528,cwt,gadf
97_Normal_0_00148.png,Normal,97_Normal_0,148,151552,cwt,gadf
97_Normal_0_00149.png,Normal,97_Normal_0,149,152576,cwt,gadf
97_Normal_0_00150.png,Normal,97_Normal_0,150,153600,cwt,gadf
97_Normal_0_00151.png,Normal,97_Normal_0,151,154624,cwt,gadf
97_Normal_0_00152.png,Normal,97_Normal_0,152,155648,cwt,gadf
97_Normal_0_00153.png,Normal,97_Normal_0,153,156672,cwt,gadf
97_Normal_0_00154.png,Normal,97_Normal_0,154,157696,cwt,gadf
97_Normal_0_00155.png,Normal,97_Normal_0,155,158720,cwt,gadf
97_Normal_0_00156.png,Normal,97_Normal_0,156,159744,cwt,gadf
97_Normal_0_00157.png,Normal,97_Normal_0,157,160768,cwt,gadf
97_Normal_0_00158.png,Normal,97_Normal_0,158,161792,cwt,gadf
97_Normal_0_00159.png,Normal,97_Normal_0,159,162816,cwt,gadf
97_Normal_0_00160.png,Normal,97_Normal_0,160,163840,cwt,gadf
97_Normal_0_00161.png,Normal,97_Normal_0,161,164864,cwt,gadf
97_Normal_0_00162.png,Normal,97_Normal_0,162,165888,cwt,gadf
97_Normal_0_00163.png,Normal,97_Normal_0,163,166912,cwt,gadf
97_Normal_0_00164.png,Normal,97_Normal_0,164,167936,cwt,gadf
97_Normal_0_00165.png,Normal,97_Normal_0,165,168960,cwt,gadf
97_Normal_0_00166.png,Normal,97_Normal_0,166,169984,cwt,gadf
97_Normal_0_00167.png,Normal,97_Normal_0,167,171008,cwt,gadf
97_Normal_0_00168.png,Normal,97_Normal_0,168,172032,cwt,gadf
97_Normal_0_00169.png,Normal,97_Normal_0,169,173056,cwt,gadf
97_Normal_0_00170.png,Normal,97_Normal_0,170,174080,cwt,gadf
97_Normal_0_00171.png,Normal,97_Normal_0,171,175104,cwt,gadf
97_Normal_0_00172.png,Normal,97_Normal_0,172,176128,cwt,gadf
97_Normal_0_00173.png,Normal,97_Normal_0,173,177152,cwt,gadf
97_Normal_0_00174.png,Normal,97_Normal_0,174,178176,cwt,gadf
97_Normal_0_00175.png,Normal,97_Normal_0,175,179200,cwt,gadf
97_Normal_0_00176.png,Normal,97_Normal_0,176,180224,cwt,gadf
97_Normal_0_00177.png,Normal,97_Normal_0,177,181248,cwt,gadf
97_Normal_0_00178.png,Normal,97_Normal_0,178,182272,cwt,gadf
97_Normal_0_00179.png,Normal,97_Normal_0,179,183296,cwt,gadf
97_Normal_0_00180.png,Normal,97_Normal_0,180,184320,cwt,gadf
97_Normal_0_00181.png,Normal,97_Normal_0,181,185344,cwt,gadf
97_Normal_0_00182.png,Normal,97_Normal_0,182,186368,cwt,gadf
97_Normal_0_00183.png,Normal,97_Normal_0,183,187392,cwt,gadf
97_Normal_0_00184.png,Normal,97_Normal_0,184,188416,cwt,gadf
97_Normal_0_00185.png,Normal,97_Normal_0,185,189440,cwt,gadf
97_Normal_0_00186.png,Normal,97_Normal_0,186,190464,cwt,gadf
97_Normal_0_00187.png,Normal,97_Normal_0,187,191488,cwt,gadf
97_Normal_0_00188.png,Normal,97_Normal_0,188,192512,cwt,gadf
97_Normal_0_00189.png,Normal,97_Normal_0,189,193536,cwt,gadf
97_Normal_0_00190.png,Normal,97_Normal_0,190,194560,cwt,gadf
97_Normal_0_00191.png,Normal,97_Normal_0,191,195584,cwt,gadf
97_Normal_0_00192.png,Normal,97_Normal_0,192,196608,cwt,gadf
97_Normal_0_00193.png,Normal,97_Normal_0,193,197632,cwt,gadf
97_Normal_0_00194.png,Normal,97_Normal_0,194,198656,cwt,gadf
97_Normal_0_00195.png,Normal,97_Normal_0,195,199680,cwt,gadf
97_Normal_0_00196.png,Normal,97_Normal_0,196,200704,cwt,gadf
97_Normal_0_00197.png,Normal,97_Normal_0,197,201728,cwt,gadf
97_Normal_0_00198.png,Normal,97_Normal_0,198,202752,cwt,gadf
97_Normal_0_00199.png,Normal,97_Normal_0,199,203776,cwt,gadf
97_Normal_0_00200.png,Normal,97_Normal_0,200,204800,cwt,gadf
97_Normal_0_00201.png,Normal,97_Normal_0,201,205824,cwt,gadf
97_Normal_0_00202.png,Normal,97_Normal_0,202,206848,cwt,gadf
97_Normal_0_00203.png,Normal,97_Normal_0,203,207872,cwt,gadf
97_Normal_0_00204.png,Normal,97_Normal_0,204,208896,cwt,gadf
97_Normal_0_00205.png,Normal,97_Normal_0,205,209920,cwt,gadf
97_Normal_0_00206.png,Normal,97_Normal_0,206,210944,cwt,gadf
97_Normal_0_00207.png,Normal,97_Normal_0,207,211968,cwt,gadf
97_Normal_0_00208.png,Normal,97_Normal_0,208,212992,cwt,gadf
97_Normal_0_00209.png,Normal,97_Normal_0,209,214016,cwt,gadf
97_Normal_0_00210.png,Normal,97_Normal_0,210,215040,cwt,gadf
97_Normal_0_00211.png,Normal,97_Normal_0,211,216064,cwt,gadf
97_Normal_0_00212.png,Normal,97_Normal_0,212,217088,cwt,gadf
97_Normal_0_00213.png,Normal,97_Normal_0,213,218112,cwt,gadf
97_Normal_0_00214.png,Normal,97_Normal_0,214,219136,cwt,gadf
97_Normal_0_00215.png,Normal,97_Normal_0,215,220160,cwt,gadf
97_Normal_0_00216.png,Normal,97_Normal_0,216,221184,cwt,gadf
97_Normal_0_00217.png,Normal,97_Normal_0,217,222208,cwt,gadf
97_Normal_0_00218.png,Normal,97_Normal_0,218,223232,cwt,gadf
97_Normal_0_00219.png,Normal,97_Normal_0,219,224256,cwt,gadf
97_Normal_0_00220.png,Normal,97_Normal_0,220,225280,cwt,gadf
97_Normal_0_00221.png,Normal,97_Normal_0,221,226304,cwt,gadf
97_Normal_0_00222.png,Normal,97_Normal_0,222,227328,cwt,gadf
97_Normal_0_00223.png,Normal,97_Normal_0,223,228352,cwt,gadf
97_Normal_0_00224.png,Normal,97_Normal_0,224,229376,cwt,gadf
97_Normal_0_00225.png,Normal,97_Normal_0,225,230400,cwt,gadf
97_Normal_0_00226.png,Normal,97_Normal_0,226,231424,cwt,gadf
97_Normal_0_00227.png,Normal,97_Normal_0,227,232448,cwt,gadf
97_Normal_0_00228.png,Normal,97_Normal_0,228,233472,cwt,gadf
97_Normal_0_00229.png,Normal,97_Normal_0,229,234496,cwt,gadf
97_Normal_0_00230.png,Normal,97_Normal_0,230,235520,cwt,gadf
97_Normal_0_00231.png,Normal,97_Normal_0,231,236544,cwt,gadf
97_Normal_0_00232.png,Normal,97_Normal_0,232,237568,cwt,gadf
97_Normal_0_00233.png,Normal,97_Normal_0,233,238592,cwt,gadf
97_Normal_0_00234.png,Normal,97_Normal_0,234,239616,cwt,gadf
97_Normal_0_00235.png,Normal,97_Normal_0,235,240640,cwt,gadf
97_Normal_0_00236.png,Normal,97_Normal_0,236,241664,cwt,gadf
98_Normal_1_00000.png,Normal,98_Normal_1,0,0,cwt,gadf
98_Normal_1_00001.png,Normal,98_Normal_1,1,1024,cwt,gadf
98_Normal_1_00002.png,Normal,98_Normal_1,2,2048,cwt,gadf
98_Normal_1_00003.png,Normal,98_Normal_1,3,3072,cwt,gadf
98_Normal_1_00004.png,Normal,98_Normal_1,4,4096,cwt,gadf
98_Normal_1_00005.png,Normal,98_Normal_1,5,5120,cwt,gadf
98_Normal_1_00006.png,Normal,98_Normal_1,6,6144,cwt,gadf
98_Normal_1_00007.png,Normal,98_Normal_1,7,7168,cwt,gadf
98_Normal_1_00008.png,Normal,98_Normal_1,8,8192,cwt,gadf
98_Normal_1_00009.png,Normal,98_Normal_1,9,9216,cwt,gadf
98_Normal_1_00010.png,Normal,98_Normal_1,10,10240,cwt,gadf
98_Normal_1_00011.png,Normal,98_Normal_1,11,11264,cwt,gadf
98_Normal_1_00012.png,Normal,98_Normal_1,12,12288,cwt,gadf
98_Normal_1_00013.png,Normal,98_Normal_1,13,13312,cwt,gadf
98_Normal_1_00014.png,Normal,98_Normal_1,14,14336,cwt,gadf
98_Normal_1_00015.png,Normal,98_Normal_1,15,15360,cwt,gadf
98_Normal_1_00016.png,Normal,98_Normal_1,16,16384,cwt,gadf
98_Normal_1_00017.png,Normal,98_Normal_1,17,17408,cwt,gadf
98_Normal_1_00018.png,Normal,98_Normal_1,18,18432,cwt,gadf
98_Normal_1_00019.png,Normal,98_Normal_1,19,19456,cwt,gadf
98_Normal_1_00020.png,Normal,98_Normal_1,20,20480,cwt,gadf
98_Normal_1_00021.png,Normal,98_Normal_1,21,21504,cwt,gadf
98_Normal_1_00022.png,Normal,98_Normal_1,22,22528,cwt,gadf
98_Normal_1_00023.png,Normal,98_Normal_1,23,23552,cwt,gadf
98_Normal_1_00024.png,Normal,98_Normal_1,24,24576,cwt,gadf
98_Normal_1_00025.png,Normal,98_Normal_1,25,25600,cwt,gadf
98_Normal_1_00026.png,Normal,98_Normal_1,26,26624,cwt,gadf
98_Normal_1_00027.png,Normal,98_Normal_1,27,27648,cwt,gadf
98_Normal_1_00028.png,Normal,98_Normal_1,28,28672,cwt,gadf
98_Normal_1_00029.png,Normal,98_Normal_1,29,29696,cwt,gadf
98_Normal_1_00030.png,Normal,98_Normal_1,30,30720,cwt,gadf
98_Normal_1_00031.png,Normal,98_Normal_1,31,31744,cwt,gadf
98_Normal_1_00032.png,Normal,98_Normal_1,32,32768,cwt,gadf
98_Normal_1_00033.png,Normal,98_Normal_1,33,33792,cwt,gadf
98_Normal_1_00034.png,Normal,98_Normal_1,34,34816,cwt,gadf
98_Normal_1_00035.png,Normal,98_Normal_1,35,35840,cwt,gadf
98_Normal_1_00036.png,Normal,98_Normal_1,36,36864,cwt,gadf
98_Normal_1_00037.png,Normal,98_Normal_1,37,37888,cwt,gadf
98_Normal_1_00038.png,Normal,98_Normal_1,38,38912,cwt,gadf
98_Normal_1_00039.png,Normal,98_Normal_1,39,39936,cwt,gadf
98_Normal_1_00040.png,Normal,98_Normal_1,40,40960,cwt,gadf
98_Normal_1_00041.png,Normal,98_Normal_1,41,41984,cwt,gadf
98_Normal_1_00042.png,Normal,98_Normal_1,42,43008,cwt,gadf
98_Normal_1_00043.png,Normal,98_Normal_1,43,44032,cwt,gadf
98_Normal_1_00044.png,Normal,98_Normal_1,44,45056,cwt,gadf
98_Normal_1_00045.png,Normal,98_Normal_1,45,46080,cwt,gadf
98_Normal_1_00046.png,Normal,98_Normal_1,46,47104,cwt,gadf
98_Normal_1_00047.png,Normal,98_Normal_1,47,48128,cwt,gadf
98_Normal_1_00048.png,Normal,98_Normal_1,48,49152,cwt,gadf
98_Normal_1_00049.png,Normal,98_Normal_1,49,50176,cwt,gadf
98_Normal_1_00050.png,Normal,98_Normal_1,50,51200,cwt,gadf
98_Normal_1_00051.png,Normal,98_Normal_1,51,52224,cwt,gadf
98_Normal_1_00052.png,Normal,98_Normal_1,52,53248,cwt,gadf
98_Normal_1_00053.png,Normal,98_Normal_1,53,54272,cwt,gadf
98_Normal_1_00054.png,Normal,98_Normal_1,54,55296,cwt,gadf
98_Normal_1_00055.png,Normal,98_Normal_1,55,56320,cwt,gadf
98_Normal_1_00056.png,Normal,98_Normal_1,56,57344,cwt,gadf
98_Normal_1_00057.png,Normal,98_Normal_1,57,58368,cwt,gadf
98_Normal_1_00058.png,Normal,98_Normal_1,58,59392,cwt,gadf
98_Normal_1_00059.png,Normal,98_Normal_1,59,60416,cwt,gadf
98_Normal_1_00060.png,Normal,98_Normal_1,60,61440,cwt,gadf
98_Normal_1_00061.png,Normal,98_Normal_1,61,62464,cwt,gadf
98_Normal_1_00062.png,Normal,98_Normal_1,62,63488,cwt,gadf
98_Normal_1_00063.png,Normal,98_Normal_1,63,64512,cwt,gadf
98_Normal_1_00064.png,Normal,98_Normal_1,64,65536,cwt,gadf
98_Normal_1_00065.png,Normal,98_Normal_1,65,66560,cwt,gadf
98_Normal_1_00066.png,Normal,98_Normal_1,66,67584,cwt,gadf
98_Normal_1_00067.png,Normal,98_Normal_1,67,68608,cwt,gadf
98_Normal_1_00068.png,Normal,98_Normal_1,68,69632,cwt,gadf
98_Normal_1_00069.png,Normal,98_Normal_1,69,70656,cwt,gadf
98_Normal_1_00070.png,Normal,98_Normal_1,70,71680,cwt,gadf
98_Normal_1_00071.png,Normal,98_Normal_1,71,72704,cwt,gadf
98_Normal_1_00072.png,Normal,98_Normal_1,72,73728,cwt,gadf
98_Normal_1_00073.png,Normal,98_Normal_1,73,74752,cwt,gadf
98_Normal_1_00074.png,Normal,98_Normal_1,74,75776,cwt,gadf
98_Normal_1_00075.png,Normal,98_Normal_1,75,76800,cwt,gadf
98_Normal_1_00076.png,Normal,98_Normal_1,76,77824,cwt,gadf
98_Normal_1_00077.png,Normal,98_Normal_1,77,78848,cwt,gadf
98_Normal_1_00078.png,Normal,98_Normal_1,78,79872,cwt,gadf
98_Normal_1_00079.png,Normal,98_Normal_1,79,80896,cwt,gadf
98_Normal_1_00080.png,Normal,98_Normal_1,80,81920,cwt,gadf
98_Normal_1_00081.png,Normal,98_Normal_1,81,82944,cwt,gadf
98_Normal_1_00082.png,Normal,98_Normal_1,82,83968,cwt,gadf
98_Normal_1_00083.png,Normal,98_Normal_1,83,84992,cwt,gadf
98_Normal_1_00084.png,Normal,98_Normal_1,84,86016,cwt,gadf
98_Normal_1_00085.png,Normal,98_Normal_1,85,87040,cwt,gadf
98_Normal_1_00086.png,Normal,98_Normal_1,86,88064,cwt,gadf
98_Normal_1_00087.png,Normal,98_Normal_1,87,89088,cwt,gadf
98_Normal_1_00088.png,Normal,98_Normal_1,88,90112,cwt,gadf
98_Normal_1_00089.png,Normal,98_Normal_1,89,91136,cwt,gadf
98_Normal_1_00090.png,Normal,98_Normal_1,90,92160,cwt,gadf
98_Normal_1_00091.png,Normal,98_Normal_1,91,93184,cwt,gadf
98_Normal_1_00092.png,Normal,98_Normal_1,92,94208,cwt,gadf
98_Normal_1_00093.png,Normal,98_Normal_1,93,95232,cwt,gadf
98_Normal_1_00094.png,Normal,98_Normal_1,94,96256,cwt,gadf
98_Normal_1_00095.png,Normal,98_Normal_1,95,97280,cwt,gadf
98_Normal_1_00096.png,Normal,98_Normal_1,96,98304,cwt,gadf
98_Normal_1_00097.png,Normal,98_Normal_1,97,99328,cwt,gadf
98_Normal_1_00098.png,Normal,98_Normal_1,98,100352,cwt,gadf
98_Normal_1_00099.png,Normal,98_Normal_1,99,101376,cwt,gadf
98_Normal_1_00100.png,Normal,98_Normal_1,100,102400,cwt,gadf
98_Normal_1_00101.png,Normal,98_Normal_1,101,103424,cwt,gadf
98_Normal_1_00102.png,Normal,98_Normal_1,102,104448,cwt,gadf
98_Normal_1_00103.png,Normal,98_Normal_1,103,105472,cwt,gadf
98_Normal_1_00104.png,Normal,98_Normal_1,104,106496,cwt,gadf
98_Normal_1_00105.png,Normal,98_Normal_1,105,107520,cwt,gadf
98_Normal_1_00106.png,Normal,98_Normal_1,106,108544,cwt,gadf
98_Normal_1_00107.png,Normal,98_Normal_1,107,109568,cwt,gadf
98_Normal_1_00108.png,Normal,98_Normal_1,108,110592,cwt,gadf
98_Normal_1_00109.png,Normal,98_Normal_1,109,111616,cwt,gadf
98_Normal_1_00110.png,Normal,98_Normal_1,110,112640,cwt,gadf
98_Normal_1_00111.png,Normal,98_Normal_1,111,113664,cwt,gadf
98_Normal_1_00112.png,Normal,98_Normal_1,112,114688,cwt,gadf
98_Normal_1_00113.png,Normal,98_Normal_1,113,115712,cwt,gadf
98_Normal_1_00114.png,Normal,98_Normal_1,114,116736,cwt,gadf
98_Normal_1_00115.png,Normal,98_Normal_1,115,117760,cwt,gadf
98_Normal_1_00116.png,Normal,98_Normal_1,116,118784,cwt,gadf
98_Normal_1_00117.png,Normal,98_Normal_1,117,119808,cwt,gadf
98_Normal_1_00118.png,Normal,98_Normal_1,118,120832,cwt,gadf
98_Normal_1_00119.png,Normal,98_Normal_1,119,121856,cwt,gadf
98_Normal_1_00120.png,Normal,98_Normal_1,120,122880,cwt,gadf
98_Normal_1_00121.png,Normal,98_Normal_1,121,123904,cwt,gadf
98_Normal_1_00122.png,Normal,98_Normal_1,122,124928,cwt,gadf
98_Normal_1_00123.png,Normal,98_Normal_1,123,125952,cwt,gadf
98_Normal_1_00124.png,Normal,98_Normal_1,124,126976,cwt,gadf
98_Normal_1_00125.png,Normal,98_Normal_1,125,128000,cwt,gadf
98_Normal_1_00126.png,Normal,98_Normal_1,126,129024,cwt,gadf
98_Normal_1_00127.png,Normal,98_Normal_1,127,130048,cwt,gadf
98_Normal_1_00128.png,Normal,98_Normal_1,128,131072,cwt,gadf
98_Normal_1_00129.png,Normal,98_Normal_1,129,132096,cwt,gadf
98_Normal_1_00130.png,Normal,98_Normal_1,130,133120,cwt,gadf
98_Normal_1_00131.png,Normal,98_Normal_1,131,134144,cwt,gadf
98_Normal_1_00132.png,Normal,98_Normal_1,132,135168,cwt,gadf
98_Normal_1_00133.png,Normal,98_Normal_1,133,136192,cwt,gadf
98_Normal_1_00134.png,Normal,98_Normal_1,134,137216,cwt,gadf
98_Normal_1_00135.png,Normal,98_Normal_1,135,138240,cwt,gadf
98_Normal_1_00136.png,Normal,98_Normal_1,136,139264,cwt,gadf
98_Normal_1_00137.png,Normal,98_Normal_1,137,140288,cwt,gadf
98_Normal_1_00138.png,Normal,98_Normal_1,138,141312,cwt,gadf
98_Normal_1_00139.png,Normal,98_Normal_1,139,142336,cwt,gadf
98_Normal_1_00140.png,Normal,98_Normal_1,140,143360,cwt,gadf
98_Normal_1_00141.png,Normal,98_Normal_1,141,144384,cwt,gadf
98_Normal_1_00142.png,Normal,98_Normal_1,142,145408,cwt,gadf
98_Normal_1_00143.png,Normal,98_Normal_1,143,146432,cwt,gadf
98_Normal_1_00144.png,Normal,98_Normal_1,144,147456,cwt,gadf
98_Normal_1_00145.png,Normal,98_Normal_1,145,148480,cwt,gadf
98_Normal_1_00146.png,Normal,98_Normal_1,146,149504,cwt,gadf
98_Normal_1_00147.png,Normal,98_Normal_1,147,150528,cwt,gadf
98_Normal_1_00148.png,Normal,98_Normal_1,148,151552,cwt,gadf
98_Normal_1_00149.png,Normal,98_Normal_1,149,152576,cwt,gadf
98_Normal_1_00150.png,Normal,98_Normal_1,150,153600,cwt,gadf
98_Normal_1_00151.png,Normal,98_Normal_1,151,154624,cwt,gadf
98_Normal_1_00152.png,Normal,98_Normal_1,152,155648,cwt,gadf
98_Normal_1_00153.png,Normal,98_Normal_1,153,156672,cwt,gadf
98_Normal_1_00154.png,Normal,98_Normal_1,154,157696,cwt,gadf
98_Normal_1_00155.png,Normal,98_Normal_1,155,158720,cwt,gadf
98_Normal_1_00156.png,Normal,98_Normal_1,156,159744,cwt,gadf
98_Normal_1_00157.png,Normal,98_Normal_1,157,160768,cwt,gadf
98_Normal_1_00158.png,Normal,98_Normal_1,158,161792,cwt,gadf
98_Normal_1_00159.png,Normal,98_Normal_1,159,162816,cwt,gadf
98_Normal_1_00160.png,Normal,98_Normal_1,160,163840,cwt,gadf
98_Normal_1_00161.png,Normal,98_Normal_1,161,164864,cwt,gadf
98_Normal_1_00162.png,Normal,98_Normal_1,162,165888,cwt,gadf
98_Normal_1_00163.png,Normal,98_Normal_1,163,166912,cwt,gadf
98_Normal_1_00164.png,Normal,98_Normal_1,164,167936,cwt,gadf
98_Normal_1_00165.png,Normal,98_Normal_1,165,168960,cwt,gadf
98_Normal_1_00166.png,Normal,98_Normal_1,166,169984,cwt,gadf
98_Normal_1_00167.png,Normal,98_Normal_1,167,171008,cwt,gadf
98_Normal_1_00168.png,Normal,98_Normal_1,168,172032,cwt,gadf
98_Normal_1_00169.png,Normal,98_Normal_1,169,173056,cwt,gadf
98_Normal_1_00170.png,Normal,98_Normal_1,170,174080,cwt,gadf
98_Normal_1_00171.png,Normal,98_Normal_1,171,175104,cwt,gadf
98_Normal_1_00172.png,Normal,98_Normal_1,172,176128,cwt,gadf
98_Normal_1_00173.png,Normal,98_Normal_1,173,177152,cwt,gadf
98_Normal_1_00174.png,Normal,98_Normal_1,174,178176,cwt,gadf
98_Normal_1_00175.png,Normal,98_Normal_1,175,179200,cwt,gadf
98_Normal_1_00176.png,Normal,98_Normal_1,176,180224,cwt,gadf
98_Normal_1_00177.png,Normal,98_Normal_1,177,181248,cwt,gadf
98_Normal_1_00178.png,Normal,98_Normal_1,178,182272,cwt,gadf
98_Normal_1_00179.png,Normal,98_Normal_1,179,183296,cwt,gadf
98_Normal_1_00180.png,Normal,98_Normal_1,180,184320,cwt,gadf
98_Normal_1_00181.png,Normal,98_Normal_1,181,185344,cwt,gadf
98_Normal_1_00182.png,Normal,98_Normal_1,182,186368,cwt,gadf
98_Normal_1_00183.png,Normal,98_Normal_1,183,187392,cwt,gadf
98_Normal_1_00184.png,Normal,98_Normal_1,184,188416,cwt,gadf
98_Normal_1_00185.png,Normal,98_Normal_1,185,189440,cwt,gadf
98_Normal_1_00186.png,Normal,98_Normal_1,186,190464,cwt,gadf
98_Normal_1_00187.png,Normal,98_Normal_1,187,191488,cwt,gadf
98_Normal_1_00188.png,Normal,98_Normal_1,188,192512,cwt,gadf
98_Normal_1_00189.png,Normal,98_Normal_1,189,193536,cwt,gadf
98_Normal_1_00190.png,Normal,98_Normal_1,190,194560,cwt,gadf
98_Normal_1_00191.png,Normal,98_Normal_1,191,195584,cwt,gadf
98_Normal_1_00192.png,Normal,98_Normal_1,192,196608,cwt,gadf
98_Normal_1_00193.png,Normal,98_Normal_1,193,197632,cwt,gadf
98_Normal_1_00194.png,Normal,98_Normal_1,194,198656,cwt,gadf
98_Normal_1_00195.png,Normal,98_Normal_1,195,199680,cwt,gadf
98_Normal_1_00196.png,Normal,98_Normal_1,196,200704,cwt,gadf
98_Normal_1_00197.png,Normal,98_Normal_1,197,201728,cwt,gadf
98_Normal_1_00198.png,Normal,98_Normal_1,198,202752,cwt,gadf
98_Normal_1_00199.png,Normal,98_Normal_1,199,203776,cwt,gadf
98_Normal_1_00200.png,Normal,98_Normal_1,200,204800,cwt,gadf
98_Normal_1_00201.png,Normal,98_Normal_1,201,205824,cwt,gadf
98_Normal_1_00202.png,Normal,98_Normal_1,202,206848,cwt,gadf
98_Normal_1_00203.png,Normal,98_Normal_1,203,207872,cwt,gadf
98_Normal_1_00204.png,Normal,98_Normal_1,204,208896,cwt,gadf
98_Normal_1_00205.png,Normal,98_Normal_1,205,209920,cwt,gadf
98_Normal_1_00206.png,Normal,98_Normal_1,206,210944,cwt,gadf
98_Normal_1_00207.png,Normal,98_Normal_1,207,211968,cwt,gadf
98_Normal_1_00208.png,Normal,98_Normal_1,208,212992,cwt,gadf
98_Normal_1_00209.png,Normal,98_Normal_1,209,214016,cwt,gadf
98_Normal_1_00210.png,Normal,98_Normal_1,210,215040,cwt,gadf
98_Normal_1_00211.png,Normal,98_Normal_1,211,216064,cwt,gadf
98_Normal_1_00212.png,Normal,98_Normal_1,212,217088,cwt,gadf
98_Normal_1_00213.png,Normal,98_Normal_1,213,218112,cwt,gadf
98_Normal_1_00214.png,Normal,98_Normal_1,214,219136,cwt,gadf
98_Normal_1_00215.png,Normal,98_Normal_1,215,220160,cwt,gadf
98_Normal_1_00216.png,Normal,98_Normal_1,216,221184,cwt,gadf
98_Normal_1_00217.png,Normal,98_Normal_1,217,222208,cwt,gadf
98_Normal_1_00218.png,Normal,98_Normal_1,218,223232,cwt,gadf
98_Normal_1_00219.png,Normal,98_Normal_1,219,224256,cwt,gadf
98_Normal_1_00220.png,Normal,98_Normal_1,220,225280,cwt,gadf
98_Normal_1_00221.png,Normal,98_Normal_1,221,226304,cwt,gadf
98_Normal_1_00222.png,Normal,98_Normal_1,222,227328,cwt,gadf
98_Normal_1_00223.png,Normal,98_Normal_1,223,228352,cwt,gadf
98_Normal_1_00224.png,Normal,98_Normal_1,224,229376,cwt,gadf
98_Normal_1_00225.png,Normal,98_Normal_1,225,230400,cwt,gadf
98_Normal_1_00226.png,Normal,98_Normal_1,226,231424,cwt,gadf
98_Normal_1_00227.png,Normal,98_Normal_1,227,232448,cwt,gadf
98_Normal_1_00228.png,Normal,98_Normal_1,228,233472,cwt,gadf
98_Normal_1_00229.png,Normal,98_Normal_1,229,234496,cwt,gadf
98_Normal_1_00230.png,Normal,98_Normal_1,230,235520,cwt,gadf
98_Normal_1_00231.png,Normal,98_Normal_1,231,236544,cwt,gadf
98_Normal_1_00232.png,Normal,98_Normal_1,232,237568,cwt,gadf
98_Normal_1_00233.png,Normal,98_Normal_1,233,238592,cwt,gadf
98_Normal_1_00234.png,Normal,98_Normal_1,234,239616,cwt,gadf
98_Normal_1_00235.png,Normal,98_Normal_1,235,240640,cwt,gadf
98_Normal_1_00236.png,Normal,98_Normal_1,236,241664,cwt,gadf
98_Normal_1_00237.png,Normal,98_Normal_1,237,242688,cwt,gadf
98_Normal_1_00238.png,Normal,98_Normal_1,238,243712,cwt,gadf
98_Normal_1_00239.png,Normal,98_Normal_1,239,244736,cwt,gadf
98_Normal_1_00240.png,Normal,98_Normal_1,240,245760,cwt,gadf
98_Normal_1_00241.png,Normal,98_Normal_1,241,246784,cwt,gadf
98_Normal_1_00242.png,Normal,98_Normal_1,242,247808,cwt,gadf
98_Normal_1_00243.png,Normal,98_Normal_1,243,248832,cwt,gadf
98_Normal_1_00244.png,Normal,98_Normal_1,244,249856,cwt,gadf
98_Normal_1_00245.png,Normal,98_Normal_1,245,250880,cwt,gadf
98_Normal_1_00246.png,Normal,98_Normal_1,246,251904,cwt,gadf
98_Normal_1_00247.png,Normal,98_Normal_1,247,252928,cwt,gadf
98_Normal_1_00248.png,Normal,98_Normal_1,248,253952,cwt,gadf
98_Normal_1_00249.png,Normal,98_Normal_1,249,254976,cwt,gadf
98_Normal_1_00250.png,Normal,98_Normal_1,250,256000,cwt,gadf
98_Normal_1_00251.png,Normal,98_Normal_1,251,257024,cwt,gadf
98_Normal_1_00252.png,Normal,98_Normal_1,252,258048,cwt,gadf
98_Normal_1_00253.png,Normal,98_Normal_1,253,259072,cwt,gadf
98_Normal_1_00254.png,Normal,98_Normal_1,254,260096,cwt,gadf
98_Normal_1_00255.png,Normal,98_Normal_1,255,261120,cwt,gadf
98_Normal_1_00256.png,Normal,98_Normal_1,256,262144,cwt,gadf
98_Normal_1_00257.png,Normal,98_Normal_1,257,263168,cwt,gadf
98_Normal_1_00258.png,Normal,98_Normal_1,258,264192,cwt,gadf
98_Normal_1_00259.png,Normal,98_Normal_1,259,265216,cwt,gadf
98_Normal_1_00260.png,Normal,98_Normal_1,260,266240,cwt,gadf
98_Normal_1_00261.png,Normal,98_Normal_1,261,267264,cwt,gadf
98_Normal_1_00262.png,Normal,98_Normal_1,262,268288,cwt,gadf
98_Normal_1_00263.png,Normal,98_Normal_1,263,269312,cwt,gadf
98_Normal_1_00264.png,Normal,98_Normal_1,264,270336,cwt,gadf
98_Normal_1_00265.png,Normal,98_Normal_1,265,271360,cwt,gadf
98_Normal_1_00266.png,Normal,98_Normal_1,266,272384,cwt,gadf
98_Normal_1_00267.png,Normal,98_Normal_1,267,273408,cwt,gadf
98_Normal_1_00268.png,Normal,98_Normal_1,268,274432,cwt,gadf
98_Normal_1_00269.png,Normal,98_Normal_1,269,275456,cwt,gadf
98_Normal_1_00270.png,Normal,98_Normal_1,270,276480,cwt,gadf
98_Normal_1_00271.png,Normal,98_Normal_1,271,277504,cwt,gadf
98_Normal_1_00272.png,Normal,98_Normal_1,272,278528,cwt,gadf
98_Normal_1_00273.png,Normal,98_Normal_1,273,279552,cwt,gadf
98_Normal_1_00274.png,Normal,98_Normal_1,274,280576,cwt,gadf
98_Normal_1_00275.png,Normal,98_Normal_1,275,281600,cwt,gadf
98_Normal_1_00276.png,Normal,98_Normal_1,276,282624,cwt,gadf
98_Normal_1_00277.png,Normal,98_Normal_1,277,283648,cwt,gadf
98_Normal_1_00278.png,Normal,98_Normal_1,278,284672,cwt,gadf
98_Normal_1_00279.png,Normal,98_Normal_1,279,285696,cwt,gadf
98_Normal_1_00280.png,Normal,98_Normal_1,280,286720,cwt,gadf
98_Normal_1_00281.png,Normal,98_Normal_1,281,287744,cwt,gadf
98_Normal_1_00282.png,Normal,98_Normal_1,282,288768,cwt,gadf
98_Normal_1_00283.png,Normal,98_Normal_1,283,289792,cwt,gadf
98_Normal_1_00284.png,Normal,98_Normal_1,284,290816,cwt,gadf
98_Normal_1_00285.png,Normal,98_Normal_1,285,291840,cwt,gadf
98_Normal_1_00286.png,Normal,98_Normal_1,286,292864,cwt,gadf
98_Normal_1_00287.png,Normal,98_Normal_1,287,293888,cwt,gadf
98_Normal_1_00288.png,Normal,98_Normal_1,288,294912,cwt,gadf
98_Normal_1_00289.png,Normal,98_Normal_1,289,295936,cwt,gadf
98_Normal_1_00290.png,Normal,98_Normal_1,290,296960,cwt,gadf
98_Normal_1_00291.png,Normal,98_Normal_1,291,297984,cwt,gadf
98_Normal_1_00292.png,Normal,98_Normal_1,292,299008,cwt,gadf
98_Normal_1_00293.png,Normal,98_Normal_1,293,300032,cwt,gadf
98_Normal_1_00294.png,Normal,98_Normal_1,294,301056,cwt,gadf
98_Normal_1_00295.png,Normal,98_Normal_1,295,302080,cwt,gadf
98_Normal_1_00296.png,Normal,98_Normal_1,296,303104,cwt,gadf
98_Normal_1_00297.png,Normal,98_Normal_1,297,304128,cwt,gadf
98_Normal_1_00298.png,Normal,98_Normal_1,298,305152,cwt,gadf
98_Normal_1_00299.png,Normal,98_Normal_1,299,306176,cwt,gadf
98_Normal_1_00300.png,Normal,98_Normal_1,300,307200,cwt,gadf
98_Normal_1_00301.png,Normal,98_Normal_1,301,308224,cwt,gadf
98_Normal_1_00302.png,Normal,98_Normal_1,302,309248,cwt,gadf
98_Normal_1_00303.png,Normal,98_Normal_1,303,310272,cwt,gadf
98_Normal_1_00304.png,Normal,98_Normal_1,304,311296,cwt,gadf
98_Normal_1_00305.png,Normal,98_Normal_1,305,312320,cwt,gadf
98_Normal_1_00306.png,Normal,98_Normal_1,306,313344,cwt,gadf
98_Normal_1_00307.png,Normal,98_Normal_1,307,314368,cwt,gadf
98_Normal_1_00308.png,Normal,98_Normal_1,308,315392,cwt,gadf
98_Normal_1_00309.png,Normal,98_Normal_1,309,316416,cwt,gadf
98_Normal_1_00310.png,Normal,98_Normal_1,310,317440,cwt,gadf
98_Normal_1_00311.png,Normal,98_Normal_1,311,318464,cwt,gadf
98_Normal_1_00312.png,Normal,98_Normal_1,312,319488,cwt,gadf
98_Normal_1_00313.png,Normal,98_Normal_1,313,320512,cwt,gadf
98_Normal_1_00314.png,Normal,98_Normal_1,314,321536,cwt,gadf
98_Normal_1_00315.png,Normal,98_Normal_1,315,322560,cwt,gadf
98_Normal_1_00316.png,Normal,98_Normal_1,316,323584,cwt,gadf
98_Normal_1_00317.png,Normal,98_Normal_1,317,324608,cwt,gadf
98_Normal_1_00318.png,Normal,98_Normal_1,318,325632,cwt,gadf
98_Normal_1_00319.png,Normal,98_Normal_1,319,326656,cwt,gadf
98_Normal_1_00320.png,Normal,98_Normal_1,320,327680,cwt,gadf
98_Normal_1_00321.png,Normal,98_Normal_1,321,328704,cwt,gadf
98_Normal_1_00322.png,Normal,98_Normal_1,322,329728,cwt,gadf
98_Normal_1_00323.png,Normal,98_Normal_1,323,330752,cwt,gadf
98_Normal_1_00324.png,Normal,98_Normal_1,324,331776,cwt,gadf
98_Normal_1_00325.png,Normal,98_Normal_1,325,332800,cwt,gadf
98_Normal_1_00326.png,Normal,98_Normal_1,326,333824,cwt,gadf
98_Normal_1_00327.png,Normal,98_Normal_1,327,334848,cwt,gadf
98_Normal_1_00328.png,Normal,98_Normal_1,328,335872,cwt,gadf
98_Normal_1_00329.png,Normal,98_Normal_1,329,336896,cwt,gadf
98_Normal_1_00330.png,Normal,98_Normal_1,330,337920,cwt,gadf
98_Normal_1_00331.png,Normal,98_Normal_1,331,338944,cwt,gadf
98_Normal_1_00332.png,Normal,98_Normal_1,332,339968,cwt,gadf
98_Normal_1_00333.png,Normal,98_Normal_1,333,340992,cwt,gadf
98_Normal_1_00334.png,Normal,98_Normal_1,334,342016,cwt,gadf
98_Normal_1_00335.png,Normal,98_Normal_1,335,343040,cwt,gadf
98_Normal_1_00336.png,Normal,98_Normal_1,336,344064,cwt,gadf
98_Normal_1_00337.png,Normal,98_Normal_1,337,345088,cwt,gadf
98_Normal_1_00338.png,Normal,98_Normal_1,338,346112,cwt,gadf
98_Normal_1_00339.png,Normal,98_Normal_1,339,347136,cwt,gadf
98_Normal_1_00340.png,Normal,98_Normal_1,340,348160,cwt,gadf
98_Normal_1_00341.png,Normal,98_Normal_1,341,349184,cwt,gadf
98_Normal_1_00342.png,Normal,98_Normal_1,342,350208,cwt,gadf
98_Normal_1_00343.png,Normal,98_Normal_1,343,351232,cwt,gadf
98_Normal_1_00344.png,Normal,98_Normal_1,344,352256,cwt,gadf
98_Normal_1_00345.png,Normal,98_Normal_1,345,353280,cwt,gadf
98_Normal_1_00346.png,Normal,98_Normal_1,346,354304,cwt,gadf
98_Normal_1_00347.png,Normal,98_Normal_1,347,355328,cwt,gadf
98_Normal_1_00348.png,Normal,98_Normal_1,348,356352,cwt,gadf
98_Normal_1_00349.png,Normal,98_Normal_1,349,357376,cwt,gadf
98_Normal_1_00350.png,Normal,98_Normal_1,350,358400,cwt,gadf
98_Normal_1_00351.png,Normal,98_Normal_1,351,359424,cwt,gadf
98_Normal_1_00352.png,Normal,98_Normal_1,352,360448,cwt,gadf
98_Normal_1_00353.png,Normal,98_Normal_1,353,361472,cwt,gadf
98_Normal_1_00354.png,Normal,98_Normal_1,354,362496,cwt,gadf
98_Normal_1_00355.png,Normal,98_Normal_1,355,363520,cwt,gadf
98_Normal_1_00356.png,Normal,98_Normal_1,356,364544,cwt,gadf
98_Normal_1_00357.png,Normal,98_Normal_1,357,365568,cwt,gadf
98_Normal_1_00358.png,Normal,98_Normal_1,358,366592,cwt,gadf
98_Normal_1_00359.png,Normal,98_Normal_1,359,367616,cwt,gadf
98_Normal_1_00360.png,Normal,98_Normal_1,360,368640,cwt,gadf
98_Normal_1_00361.png,Normal,98_Normal_1,361,369664,cwt,gadf
98_Normal_1_00362.png,Normal,98_Normal_1,362,370688,cwt,gadf
98_Normal_1_00363.png,Normal,98_Normal_1,363,371712,cwt,gadf
98_Normal_1_00364.png,Normal,98_Normal_1,364,372736,cwt,gadf
98_Normal_1_00365.png,Normal,98_Normal_1,365,373760,cwt,gadf
98_Normal_1_00366.png,Normal,98_Normal_1,366,374784,cwt,gadf
98_Normal_1_00367.png,Normal,98_Normal_1,367,375808,cwt,gadf
98_Normal_1_00368.png,Normal,98_Normal_1,368,376832,cwt,gadf
98_Normal_1_00369.png,Normal,98_Normal_1,369,377856,cwt,gadf
98_Normal_1_00370.png,Normal,98_Normal_1,370,378880,cwt,gadf
98_Normal_1_00371.png,Normal,98_Normal_1,371,379904,cwt,gadf
98_Normal_1_00372.png,Normal,98_Normal_1,372,380928,cwt,gadf
98_Normal_1_00373.png,Normal,98_Normal_1,373,381952,cwt,gadf
98_Normal_1_00374.png,Normal,98_Normal_1,374,382976,cwt,gadf
98_Normal_1_00375.png,Normal,98_Normal_1,375,384000,cwt,gadf
98_Normal_1_00376.png,Normal,98_Normal_1,376,385024,cwt,gadf
98_Normal_1_00377.png,Normal,98_Normal_1,377,386048,cwt,gadf
98_Normal_1_00378.png,Normal,98_Normal_1,378,387072,cwt,gadf
98_Normal_1_00379.png,Normal,98_Normal_1,379,388096,cwt,gadf
98_Normal_1_00380.png,Normal,98_Normal_1,380,389120,cwt,gadf
98_Normal_1_00381.png,Normal,98_Normal_1,381,390144,cwt,gadf
98_Normal_1_00382.png,Normal,98_Normal_1,382,391168,cwt,gadf
98_Normal_1_00383.png,Normal,98_Normal_1,383,392192,cwt,gadf
98_Normal_1_00384.png,Normal,98_Normal_1,384,393216,cwt,gadf
98_Normal_1_00385.png,Normal,98_Normal_1,385,394240,cwt,gadf
98_Normal_1_00386.png,Normal,98_Normal_1,386,395264,cwt,gadf
98_Normal_1_00387.png,Normal,98_Normal_1,387,396288,cwt,gadf
98_Normal_1_00388.png,Normal,98_Normal_1,388,397312,cwt,gadf
98_Normal_1_00389.png,Normal,98_Normal_1,389,398336,cwt,gadf
98_Normal_1_00390.png,Normal,98_Normal_1,390,399360,cwt,gadf
98_Normal_1_00391.png,Normal,98_Normal_1,391,400384,cwt,gadf
98_Normal_1_00392.png,Normal,98_Normal_1,392,401408,cwt,gadf
98_Normal_1_00393.png,Normal,98_Normal_1,393,402432,cwt,gadf
98_Normal_1_00394.png,Normal,98_Normal_1,394,403456,cwt,gadf
98_Normal_1_00395.png,Normal,98_Normal_1,395,404480,cwt,gadf
98_Normal_1_00396.png,Normal,98_Normal_1,396,405504,cwt,gadf
98_Normal_1_00397.png,Normal,98_Normal_1,397,406528,cwt,gadf
98_Normal_1_00398.png,Normal,98_Normal_1,398,407552,cwt,gadf
98_Normal_1_00399.png,Normal,98_Normal_1,399,408576,cwt,gadf
98_Normal_1_00400.png,Normal,98_Normal_1,400,409600,cwt,gadf
98_Normal_1_00401.png,Normal,98_Normal_1,401,410624,cwt,gadf
98_Normal_1_00402.png,Normal,98_Normal_1,402,411648,cwt,gadf
98_Normal_1_00403.png,Normal,98_Normal_1,403,412672,cwt,gadf
98_Normal_1_00404.png,Normal,98_Normal_1,404,413696,cwt,gadf
98_Normal_1_00405.png,Normal,98_Normal_1,405,414720,cwt,gadf
98_Normal_1_00406.png,Normal,98_Normal_1,406,415744,cwt,gadf
98_Normal_1_00407.png,Normal,98_Normal_1,407,416768,cwt,gadf
98_Normal_1_00408.png,Normal,98_Normal_1,408,417792,cwt,gadf
98_Normal_1_00409.png,Normal,98_Normal_1,409,418816,cwt,gadf
98_Normal_1_00410.png,Normal,98_Normal_1,410,419840,cwt,gadf
98_Normal_1_00411.png,Normal,98_Normal_1,411,420864,cwt,gadf
98_Normal_1_00412.png,Normal,98_Normal_1,412,421888,cwt,gadf
98_Normal_1_00413.png,Normal,98_Normal_1,413,422912,cwt,gadf
98_Normal_1_00414.png,Normal,98_Normal_1,414,423936,cwt,gadf
98_Normal_1_00415.png,Normal,98_Normal_1,415,424960,cwt,gadf
98_Normal_1_00416.png,Normal,98_Normal_1,416,425984,cwt,gadf
98_Normal_1_00417.png,Normal,98_Normal_1,417,427008,cwt,gadf
98_Normal_1_00418.png,Normal,98_Normal_1,418,428032,cwt,gadf
98_Normal_1_00419.png,Normal,98_Normal_1,419,429056,cwt,gadf
98_Normal_1_00420.png,Normal,98_Normal_1,420,430080,cwt,gadf
98_Normal_1_00421.png,Normal,98_Normal_1,421,431104,cwt,gadf
98_Normal_1_00422.png,Normal,98_Normal_1,422,432128,cwt,gadf
98_Normal_1_00423.png,Normal,98_Normal_1,423,433152,cwt,gadf
98_Normal_1_00424.png,Normal,98_Normal_1,424,434176,cwt,gadf
98_Normal_1_00425.png,Normal,98_Normal_1,425,435200,cwt,gadf
98_Normal_1_00426.png,Normal,98_Normal_1,426,436224,cwt,gadf
98_Normal_1_00427.png,Normal,98_Normal_1,427,437248,cwt,gadf
98_Normal_1_00428.png,Normal,98_Normal_1,428,438272,cwt,gadf
98_Normal_1_00429.png,Normal,98_Normal_1,429,439296,cwt,gadf
98_Normal_1_00430.png,Normal,98_Normal_1,430,440320,cwt,gadf
98_Normal_1_00431.png,Normal,98_Normal_1,431,441344,cwt,gadf
98_Normal_1_00432.png,Normal,98_Normal_1,432,442368,cwt,gadf
98_Normal_1_00433.png,Normal,98_Normal_1,433,443392,cwt,gadf
98_Normal_1_00434.png,Normal,98_Normal_1,434,444416,cwt,gadf
98_Normal_1_00435.png,Normal,98_Normal_1,435,445440,cwt,gadf
98_Normal_1_00436.png,Normal,98_Normal_1,436,446464,cwt,gadf
98_Normal_1_00437.png,Normal,98_Normal_1,437,447488,cwt,gadf
98_Normal_1_00438.png,Normal,98_Normal_1,438,448512,cwt,gadf
98_Normal_1_00439.png,Normal,98_Normal_1,439,449536,cwt,gadf
98_Normal_1_00440.png,Normal,98_Normal_1,440,450560,cwt,gadf
98_Normal_1_00441.png,Normal,98_Normal_1,441,451584,cwt,gadf
98_Normal_1_00442.png,Normal,98_Normal_1,442,452608,cwt,gadf
98_Normal_1_00443.png,Normal,98_Normal_1,443,453632,cwt,gadf
98_Normal_1_00444.png,Normal,98_Normal_1,444,454656,cwt,gadf
98_Normal_1_00445.png,Normal,98_Normal_1,445,455680,cwt,gadf
98_Normal_1_00446.png,Normal,98_Normal_1,446,456704,cwt,gadf
98_Normal_1_00447.png,Normal,98_Normal_1,447,457728,cwt,gadf
98_Normal_1_00448.png,Normal,98_Normal_1,448,458752,cwt,gadf
98_Normal_1_00449.png,Normal,98_Normal_1,449,459776,cwt,gadf
98_Normal_1_00450.png,Normal,98_Normal_1,450,460800,cwt,gadf
98_Normal_1_00451.png,Normal,98_Normal_1,451,461824,cwt,gadf
98_Normal_1_00452.png,Normal,98_Normal_1,452,462848,cwt,gadf
98_Normal_1_00453.png,Normal,98_Normal_1,453,463872,cwt,gadf
98_Normal_1_00454.png,Normal,98_Normal_1,454,464896,cwt,gadf
98_Normal_1_00455.png,Normal,98_Normal_1,455,465920,cwt,gadf
98_Normal_1_00456.png,Normal,98_Normal_1,456,466944,cwt,gadf
98_Normal_1_00457.png,Normal,98_Normal_1,457,467968,cwt,gadf
98_Normal_1_00458.png,Normal,98_Normal_1,458,468992,cwt,gadf
98_Normal_1_00459.png,Normal,98_Normal_1,459,470016,cwt,gadf
98_Normal_1_00460.png,Normal,98_Normal_1,460,471040,cwt,gadf
98_Normal_1_00461.png,Normal,98_Normal_1,461,472064,cwt,gadf
98_Normal_1_00462.png,Normal,98_Normal_1,462,473088,cwt,gadf
98_Normal_1_00463.png,Normal,98_Normal_1,463,474112,cwt,gadf
98_Normal_1_00464.png,Normal,98_Normal_1,464,475136,cwt,gadf
98_Normal_1_00465.png,Normal,98_Normal_1,465,476160,cwt,gadf
98_Normal_1_00466.png,Normal,98_Normal_1,466,477184,cwt,gadf
98_Normal_1_00467.png,Normal,98_Normal_1,467,478208,cwt,gadf
98_Normal_1_00468.png,Normal,98_Normal_1,468,479232,cwt,gadf
98_Normal_1_00469.png,Normal,98_Normal_1,469,480256,cwt,gadf
98_Normal_1_00470.png,Normal,98_Normal_1,470,481280,cwt,gadf
99_Normal_2_00000.png,Normal,99_Normal_2,0,0,cwt,gadf
99_Normal_2_00001.png,Normal,99_Normal_2,1,1024,cwt,gadf
99_Normal_2_00002.png,Normal,99_Normal_2,2,2048,cwt,gadf
99_Normal_2_00003.png,Normal,99_Normal_2,3,3072,cwt,gadf
99_Normal_2_00004.png,Normal,99_Normal_2,4,4096,cwt,gadf
99_Normal_2_00005.png,Normal,99_Normal_2,5,5120,cwt,gadf
99_Normal_2_00006.png,Normal,99_Normal_2,6,6144,cwt,gadf
99_Normal_2_00007.png,Normal,99_Normal_2,7,7168,cwt,gadf
99_Normal_2_00008.png,Normal,99_Normal_2,8,8192,cwt,gadf
99_Normal_2_00009.png,Normal,99_Normal_2,9,9216,cwt,gadf
99_Normal_2_00010.png,Normal,99_Normal_2,10,10240,cwt,gadf
99_Normal_2_00011.png,Normal,99_Normal_2,11,11264,cwt,gadf
99_Normal_2_00012.png,Normal,99_Normal_2,12,12288,cwt,gadf
99_Normal_2_00013.png,Normal,99_Normal_2,13,13312,cwt,gadf
99_Normal_2_00014.png,Normal,99_Normal_2,14,14336,cwt,gadf
99_Normal_2_00015.png,Normal,99_Normal_2,15,15360,cwt,gadf
99_Normal_2_00016.png,Normal,99_Normal_2,16,16384,cwt,gadf
99_Normal_2_00017.png,Normal,99_Normal_2,17,17408,cwt,gadf
99_Normal_2_00018.png,Normal,99_Normal_2,18,18432,cwt,gadf
99_Normal_2_00019.png,Normal,99_Normal_2,19,19456,cwt,gadf
99_Normal_2_00020.png,Normal,99_Normal_2,20,20480,cwt,gadf
99_Normal_2_00021.png,Normal,99_Normal_2,21,21504,cwt,gadf
99_Normal_2_00022.png,Normal,99_Normal_2,22,22528,cwt,gadf
99_Normal_2_00023.png,Normal,99_Normal_2,23,23552,cwt,gadf
99_Normal_2_00024.png,Normal,99_Normal_2,24,24576,cwt,gadf
99_Normal_2_00025.png,Normal,99_Normal_2,25,25600,cwt,gadf
99_Normal_2_00026.png,Normal,99_Normal_2,26,26624,cwt,gadf
99_Normal_2_00027.png,Normal,99_Normal_2,27,27648,cwt,gadf
99_Normal_2_00028.png,Normal,99_Normal_2,28,28672,cwt,gadf
99_Normal_2_00029.png,Normal,99_Normal_2,29,29696,cwt,gadf
99_Normal_2_00030.png,Normal,99_Normal_2,30,30720,cwt,gadf
99_Normal_2_00031.png,Normal,99_Normal_2,31,31744,cwt,gadf
99_Normal_2_00032.png,Normal,99_Normal_2,32,32768,cwt,gadf
99_Normal_2_00033.png,Normal,99_Normal_2,33,33792,cwt,gadf
99_Normal_2_00034.png,Normal,99_Normal_2,34,34816,cwt,gadf
99_Normal_2_00035.png,Normal,99_Normal_2,35,35840,cwt,gadf
99_Normal_2_00036.png,Normal,99_Normal_2,36,36864,cwt,gadf
99_Normal_2_00037.png,Normal,99_Normal_2,37,37888,cwt,gadf
99_Normal_2_00038.png,Normal,99_Normal_2,38,38912,cwt,gadf
99_Normal_2_00039.png,Normal,99_Normal_2,39,39936,cwt,gadf
99_Normal_2_00040.png,Normal,99_Normal_2,40,40960,cwt,gadf
99_Normal_2_00041.png,Normal,99_Normal_2,41,41984,cwt,gadf
99_Normal_2_00042.png,Normal,99_Normal_2,42,43008,cwt,gadf
99_Normal_2_00043.png,Normal,99_Normal_2,43,44032,cwt,gadf
99_Normal_2_00044.png,Normal,99_Normal_2,44,45056,cwt,gadf
99_Normal_2_00045.png,Normal,99_Normal_2,45,46080,cwt,gadf
99_Normal_2_00046.png,Normal,99_Normal_2,46,47104,cwt,gadf
99_Normal_2_00047.png,Normal,99_Normal_2,47,48128,cwt,gadf
99_Normal_2_00048.png,Normal,99_Normal_2,48,49152,cwt,gadf
99_Normal_2_00049.png,Normal,99_Normal_2,49,50176,cwt,gadf
99_Normal_2_00050.png,Normal,99_Normal_2,50,51200,cwt,gadf
99_Normal_2_00051.png,Normal,99_Normal_2,51,52224,cwt,gadf
99_Normal_2_00052.png,Normal,99_Normal_2,52,53248,cwt,gadf
99_Normal_2_00053.png,Normal,99_Normal_2,53,54272,cwt,gadf
99_Normal_2_00054.png,Normal,99_Normal_2,54,55296,cwt,gadf
99_Normal_2_00055.png,Normal,99_Normal_2,55,56320,cwt,gadf
99_Normal_2_00056.png,Normal,99_Normal_2,56,57344,cwt,gadf
99_Normal_2_00057.png,Normal,99_Normal_2,57,58368,cwt,gadf
99_Normal_2_00058.png,Normal,99_Normal_2,58,59392,cwt,gadf
99_Normal_2_00059.png,Normal,99_Normal_2,59,60416,cwt,gadf
99_Normal_2_00060.png,Normal,99_Normal_2,60,61440,cwt,gadf
99_Normal_2_00061.png,Normal,99_Normal_2,61,62464,cwt,gadf
99_Normal_2_00062.png,Normal,99_Normal_2,62,63488,cwt,gadf
99_Normal_2_00063.png,Normal,99_Normal_2,63,64512,cwt,gadf
99_Normal_2_00064.png,Normal,99_Normal_2,64,65536,cwt,gadf
99_Normal_2_00065.png,Normal,99_Normal_2,65,66560,cwt,gadf
99_Normal_2_00066.png,Normal,99_Normal_2,66,67584,cwt,gadf
99_Normal_2_00067.png,Normal,99_Normal_2,67,68608,cwt,gadf
99_Normal_2_00068.png,Normal,99_Normal_2,68,69632,cwt,gadf
99_Normal_2_00069.png,Normal,99_Normal_2,69,70656,cwt,gadf
99_Normal_2_00070.png,Normal,99_Normal_2,70,71680,cwt,gadf
99_Normal_2_00071.png,Normal,99_Normal_2,71,72704,cwt,gadf
99_Normal_2_00072.png,Normal,99_Normal_2,72,73728,cwt,gadf
99_Normal_2_00073.png,Normal,99_Normal_2,73,74752,cwt,gadf
99_Normal_2_00074.png,Normal,99_Normal_2,74,75776,cwt,gadf
99_Normal_2_00075.png,Normal,99_Normal_2,75,76800,cwt,gadf
99_Normal_2_00076.png,Normal,99_Normal_2,76,77824,cwt,gadf
99_Normal_2_00077.png,Normal,99_Normal_2,77,78848,cwt,gadf
99_Normal_2_00078.png,Normal,99_Normal_2,78,79872,cwt,gadf
99_Normal_2_00079.png,Normal,99_Normal_2,79,80896,cwt,gadf
99_Normal_2_00080.png,Normal,99_Normal_2,80,81920,cwt,gadf
99_Normal_2_00081.png,Normal,99_Normal_2,81,82944,cwt,gadf
99_Normal_2_00082.png,Normal,99_Normal_2,82,83968,cwt,gadf
99_Normal_2_00083.png,Normal,99_Normal_2,83,84992,cwt,gadf
99_Normal_2_00084.png,Normal,99_Normal_2,84,86016,cwt,gadf
99_Normal_2_00085.png,Normal,99_Normal_2,85,87040,cwt,gadf
99_Normal_2_00086.png,Normal,99_Normal_2,86,88064,cwt,gadf
99_Normal_2_00087.png,Normal,99_Normal_2,87,89088,cwt,gadf
99_Normal_2_00088.png,Normal,99_Normal_2,88,90112,cwt,gadf
99_Normal_2_00089.png,Normal,99_Normal_2,89,91136,cwt,gadf
99_Normal_2_00090.png,Normal,99_Normal_2,90,92160,cwt,gadf
99_Normal_2_00091.png,Normal,99_Normal_2,91,93184,cwt,gadf
99_Normal_2_00092.png,Normal,99_Normal_2,92,94208,cwt,gadf
99_Normal_2_00093.png,Normal,99_Normal_2,93,95232,cwt,gadf
99_Normal_2_00094.png,Normal,99_Normal_2,94,96256,cwt,gadf
99_Normal_2_00095.png,Normal,99_Normal_2,95,97280,cwt,gadf
99_Normal_2_00096.png,Normal,99_Normal_2,96,98304,cwt,gadf
99_Normal_2_00097.png,Normal,99_Normal_2,97,99328,cwt,gadf
99_Normal_2_00098.png,Normal,99_Normal_2,98,100352,cwt,gadf
99_Normal_2_00099.png,Normal,99_Normal_2,99,101376,cwt,gadf
99_Normal_2_00100.png,Normal,99_Normal_2,100,102400,cwt,gadf
99_Normal_2_00101.png,Normal,99_Normal_2,101,103424,cwt,gadf
99_Normal_2_00102.png,Normal,99_Normal_2,102,104448,cwt,gadf
99_Normal_2_00103.png,Normal,99_Normal_2,103,105472,cwt,gadf
99_Normal_2_00104.png,Normal,99_Normal_2,104,106496,cwt,gadf
99_Normal_2_00105.png,Normal,99_Normal_2,105,107520,cwt,gadf
99_Normal_2_00106.png,Normal,99_Normal_2,106,108544,cwt,gadf
99_Normal_2_00107.png,Normal,99_Normal_2,107,109568,cwt,gadf
99_Normal_2_00108.png,Normal,99_Normal_2,108,110592,cwt,gadf
99_Normal_2_00109.png,Normal,99_Normal_2,109,111616,cwt,gadf
99_Normal_2_00110.png,Normal,99_Normal_2,110,112640,cwt,gadf
99_Normal_2_00111.png,Normal,99_Normal_2,111,113664,cwt,gadf
99_Normal_2_00112.png,Normal,99_Normal_2,112,114688,cwt,gadf
99_Normal_2_00113.png,Normal,99_Normal_2,113,115712,cwt,gadf
99_Normal_2_00114.png,Normal,99_Normal_2,114,116736,cwt,gadf
99_Normal_2_00115.png,Normal,99_Normal_2,115,117760,cwt,gadf
99_Normal_2_00116.png,Normal,99_Normal_2,116,118784,cwt,gadf
99_Normal_2_00117.png,Normal,99_Normal_2,117,119808,cwt,gadf
99_Normal_2_00118.png,Normal,99_Normal_2,118,120832,cwt,gadf
99_Normal_2_00119.png,Normal,99_Normal_2,119,121856,cwt,gadf
99_Normal_2_00120.png,Normal,99_Normal_2,120,122880,cwt,gadf
99_Normal_2_00121.png,Normal,99_Normal_2,121,123904,cwt,gadf
99_Normal_2_00122.png,Normal,99_Normal_2,122,124928,cwt,gadf
99_Normal_2_00123.png,Normal,99_Normal_2,123,125952,cwt,gadf
99_Normal_2_00124.png,Normal,99_Normal_2,124,126976,cwt,gadf
99_Normal_2_00125.png,Normal,99_Normal_2,125,128000,cwt,gadf
99_Normal_2_00126.png,Normal,99_Normal_2,126,129024,cwt,gadf
99_Normal_2_00127.png,Normal,99_Normal_2,127,130048,cwt,gadf
99_Normal_2_00128.png,Normal,99_Normal_2,128,131072,cwt,gadf
99_Normal_2_00129.png,Normal,99_Normal_2,129,132096,cwt,gadf
99_Normal_2_00130.png,Normal,99_Normal_2,130,133120,cwt,gadf
99_Normal_2_00131.png,Normal,99_Normal_2,131,134144,cwt,gadf
99_Normal_2_00132.png,Normal,99_Normal_2,132,135168,cwt,gadf
99_Normal_2_00133.png,Normal,99_Normal_2,133,136192,cwt,gadf
99_Normal_2_00134.png,Normal,99_Normal_2,134,137216,cwt,gadf
99_Normal_2_00135.png,Normal,99_Normal_2,135,138240,cwt,gadf
99_Normal_2_00136.png,Normal,99_Normal_2,136,139264,cwt,gadf
99_Normal_2_00137.png,Normal,99_Normal_2,137,140288,cwt,gadf
99_Normal_2_00138.png,Normal,99_Normal_2,138,141312,cwt,gadf
99_Normal_2_00139.png,Normal,99_Normal_2,139,142336,cwt,gadf
99_Normal_2_00140.png,Normal,99_Normal_2,140,143360,cwt,gadf
99_Normal_2_00141.png,Normal,99_Normal_2,141,144384,cwt,gadf
99_Normal_2_00142.png,Normal,99_Normal_2,142,145408,cwt,gadf
99_Normal_2_00143.png,Normal,99_Normal_2,143,146432,cwt,gadf
99_Normal_2_00144.png,Normal,99_Normal_2,144,147456,cwt,gadf
99_Normal_2_00145.png,Normal,99_Normal_2,145,148480,cwt,gadf
99_Normal_2_00146.png,Normal,99_Normal_2,146,149504,cwt,gadf
99_Normal_2_00147.png,Normal,99_Normal_2,147,150528,cwt,gadf
99_Normal_2_00148.png,Normal,99_Normal_2,148,151552,cwt,gadf
99_Normal_2_00149.png,Normal,99_Normal_2,149,152576,cwt,gadf
99_Normal_2_00150.png,Normal,99_Normal_2,150,153600,cwt,gadf
99_Normal_2_00151.png,Normal,99_Normal_2,151,154624,cwt,gadf
99_Normal_2_00152.png,Normal,99_Normal_2,152,155648,cwt,gadf
99_Normal_2_00153.png,Normal,99_Normal_2,153,156672,cwt,gadf
99_Normal_2_00154.png,Normal,99_Normal_2,154,157696,cwt,gadf
99_Normal_2_00155.png,Normal,99_Normal_2,155,158720,cwt,gadf
99_Normal_2_00156.png,Normal,99_Normal_2,156,159744,cwt,gadf
99_Normal_2_00157.png,Normal,99_Normal_2,157,160768,cwt,gadf
99_Normal_2_00158.png,Normal,99_Normal_2,158,161792,cwt,gadf
99_Normal_2_00159.png,Normal,99_Normal_2,159,162816,cwt,gadf
99_Normal_2_00160.png,Normal,99_Normal_2,160,163840,cwt,gadf
99_Normal_2_00161.png,Normal,99_Normal_2,161,164864,cwt,gadf
99_Normal_2_00162.png,Normal,99_Normal_2,162,165888,cwt,gadf
99_Normal_2_00163.png,Normal,99_Normal_2,163,166912,cwt,gadf
99_Normal_2_00164.png,Normal,99_Normal_2,164,167936,cwt,gadf
99_Normal_2_00165.png,Normal,99_Normal_2,165,168960,cwt,gadf
99_Normal_2_00166.png,Normal,99_Normal_2,166,169984,cwt,gadf
99_Normal_2_00167.png,Normal,99_Normal_2,167,171008,cwt,gadf
99_Normal_2_00168.png,Normal,99_Normal_2,168,172032,cwt,gadf
99_Normal_2_00169.png,Normal,99_Normal_2,169,173056,cwt,gadf
99_Normal_2_00170.png,Normal,99_Normal_2,170,174080,cwt,gadf
99_Normal_2_00171.png,Normal,99_Normal_2,171,175104,cwt,gadf
99_Normal_2_00172.png,Normal,99_Normal_2,172,176128,cwt,gadf
99_Normal_2_00173.png,Normal,99_Normal_2,173,177152,cwt,gadf
99_Normal_2_00174.png,Normal,99_Normal_2,174,178176,cwt,gadf
99_Normal_2_00175.png,Normal,99_Normal_2,175,179200,cwt,gadf
99_Normal_2_00176.png,Normal,99_Normal_2,176,180224,cwt,gadf
99_Normal_2_00177.png,Normal,99_Normal_2,177,181248,cwt,gadf
99_Normal_2_00178.png,Normal,99_Normal_2,178,182272,cwt,gadf
99_Normal_2_00179.png,Normal,99_Normal_2,179,183296,cwt,gadf
99_Normal_2_00180.png,Normal,99_Normal_2,180,184320,cwt,gadf
99_Normal_2_00181.png,Normal,99_Normal_2,181,185344,cwt,gadf
99_Normal_2_00182.png,Normal,99_Normal_2,182,186368,cwt,gadf
99_Normal_2_00183.png,Normal,99_Normal_2,183,187392,cwt,gadf
99_Normal_2_00184.png,Normal,99_Normal_2,184,188416,cwt,gadf
99_Normal_2_00185.png,Normal,99_Normal_2,185,189440,cwt,gadf
99_Normal_2_00186.png,Normal,99_Normal_2,186,190464,cwt,gadf
99_Normal_2_00187.png,Normal,99_Normal_2,187,191488,cwt,gadf
99_Normal_2_00188.png,Normal,99_Normal_2,188,192512,cwt,gadf
99_Normal_2_00189.png,Normal,99_Normal_2,189,193536,cwt,gadf
99_Normal_2_00190.png,Normal,99_Normal_2,190,194560,cwt,gadf
99_Normal_2_00191.png,Normal,99_Normal_2,191,195584,cwt,gadf
99_Normal_2_00192.png,Normal,99_Normal_2,192,196608,cwt,gadf
99_Normal_2_00193.png,Normal,99_Normal_2,193,197632,cwt,gadf
99_Normal_2_00194.png,Normal,99_Normal_2,194,198656,cwt,gadf
99_Normal_2_00195.png,Normal,99_Normal_2,195,199680,cwt,gadf
99_Normal_2_00196.png,Normal,99_Normal_2,196,200704,cwt,gadf
99_Normal_2_00197.png,Normal,99_Normal_2,197,201728,cwt,gadf
99_Normal_2_00198.png,Normal,99_Normal_2,198,202752,cwt,gadf
99_Normal_2_00199.png,Normal,99_Normal_2,199,203776,cwt,gadf
99_Normal_2_00200.png,Normal,99_Normal_2,200,204800,cwt,gadf
99_Normal_2_00201.png,Normal,99_Normal_2,201,205824,cwt,gadf
99_Normal_2_00202.png,Normal,99_Normal_2,202,206848,cwt,gadf
99_Normal_2_00203.png,Normal,99_Normal_2,203,207872,cwt,gadf
99_Normal_2_00204.png,Normal,99_Normal_2,204,208896,cwt,gadf
99_Normal_2_00205.png,Normal,99_Normal_2,205,209920,cwt,gadf
99_Normal_2_00206.png,Normal,99_Normal_2,206,210944,cwt,gadf
99_Normal_2_00207.png,Normal,99_Normal_2,207,211968,cwt,gadf
99_Normal_2_00208.png,Normal,99_Normal_2,208,212992,cwt,gadf
99_Normal_2_00209.png,Normal,99_Normal_2,209,214016,cwt,gadf
99_Normal_2_00210.png,Normal,99_Normal_2,210,215040,cwt,gadf
99_Normal_2_00211.png,Normal,99_Normal_2,211,216064,cwt,gadf
99_Normal_2_00212.png,Normal,99_Normal_2,212,217088,cwt,gadf
99_Normal_2_00213.png,Normal,99_Normal_2,213,218112,cwt,gadf
99_Normal_2_00214.png,Normal,99_Normal_2,214,219136,cwt,gadf
99_Normal_2_00215.png,Normal,99_Normal_2,215,220160,cwt,gadf
99_Normal_2_00216.png,Normal,99_Normal_2,216,221184,cwt,gadf
99_Normal_2_00217.png,Normal,99_Normal_2,217,222208,cwt,gadf
99_Normal_2_00218.png,Normal,99_Normal_2,218,223232,cwt,gadf
99_Normal_2_00219.png,Normal,99_Normal_2,219,224256,cwt,gadf
99_Normal_2_00220.png,Normal,99_Normal_2,220,225280,cwt,gadf
99_Normal_2_00221.png,Normal,99_Normal_2,221,226304,cwt,gadf
99_Normal_2_00222.png,Normal,99_Normal_2,222,227328,cwt,gadf
99_Normal_2_00223.png,Normal,99_Normal_2,223,228352,cwt,gadf
99_Normal_2_00224.png,Normal,99_Normal_2,224,229376,cwt,gadf
99_Normal_2_00225.png,Normal,99_Normal_2,225,230400,cwt,gadf
99_Normal_2_00226.png,Normal,99_Normal_2,226,231424,cwt,gadf
99_Normal_2_00227.png,Normal,99_Normal_2,227,232448,cwt,gadf
99_Normal_2_00228.png,Normal,99_Normal_2,228,233472,cwt,gadf
99_Normal_2_00229.png,Normal,99_Normal_2,229,234496,cwt,gadf
99_Normal_2_00230.png,Normal,99_Normal_2,230,235520,cwt,gadf
99_Normal_2_00231.png,Normal,99_Normal_2,231,236544,cwt,gadf
99_Normal_2_00232.png,Normal,99_Normal_2,232,237568,cwt,gadf
99_Normal_2_00233.png,Normal,99_Normal_2,233,238592,cwt,gadf
99_Normal_2_00234.png,Normal,99_Normal_2,234,239616,cwt,gadf
99_Normal_2_00235.png,Normal,99_Normal_2,235,240640,cwt,gadf
99_Normal_2_00236.png,Normal,99_Normal_2,236,241664,cwt,gadf
99_Normal_2_00237.png,Normal,99_Normal_2,237,242688,cwt,gadf
99_Normal_2_00238.png,Normal,99_Normal_2,238,243712,cwt,gadf
99_Normal_2_00239.png,Normal,99_Normal_2,239,244736,cwt,gadf
99_Normal_2_00240.png,Normal,99_Normal_2,240,245760,cwt,gadf
99_Normal_2_00241.png,Normal,99_Normal_2,241,246784,cwt,gadf
99_Normal_2_00242.png,Normal,99_Normal_2,242,247808,cwt,gadf
99_Normal_2_00243.png,Normal,99_Normal_2,243,248832,cwt,gadf
99_Normal_2_00244.png,Normal,99_Normal_2,244,249856,cwt,gadf
99_Normal_2_00245.png,Normal,99_Normal_2,245,250880,cwt,gadf
99_Normal_2_00246.png,Normal,99_Normal_2,246,251904,cwt,gadf
99_Normal_2_00247.png,Normal,99_Normal_2,247,252928,cwt,gadf
99_Normal_2_00248.png,Normal,99_Normal_2,248,253952,cwt,gadf
99_Normal_2_00249.png,Normal,99_Normal_2,249,254976,cwt,gadf
99_Normal_2_00250.png,Normal,99_Normal_2,250,256000,cwt,gadf
99_Normal_2_00251.png,Normal,99_Normal_2,251,257024,cwt,gadf
99_Normal_2_00252.png,Normal,99_Normal_2,252,258048,cwt,gadf
99_Normal_2_00253.png,Normal,99_Normal_2,253,259072,cwt,gadf
99_Normal_2_00254.png,Normal,99_Normal_2,254,260096,cwt,gadf
99_Normal_2_00255.png,Normal,99_Normal_2,255,261120,cwt,gadf
99_Normal_2_00256.png,Normal,99_Normal_2,256,262144,cwt,gadf
99_Normal_2_00257.png,Normal,99_Normal_2,257,263168,cwt,gadf
99_Normal_2_00258.png,Normal,99_Normal_2,258,264192,cwt,gadf
99_Normal_2_00259.png,Normal,99_Normal_2,259,265216,cwt,gadf
99_Normal_2_00260.png,Normal,99_Normal_2,260,266240,cwt,gadf
99_Normal_2_00261.png,Normal,99_Normal_2,261,267264,cwt,gadf
99_Normal_2_00262.png,Normal,99_Normal_2,262,268288,cwt,gadf
99_Normal_2_00263.png,Normal,99_Normal_2,263,269312,cwt,gadf
99_Normal_2_00264.png,Normal,99_Normal_2,264,270336,cwt,gadf
99_Normal_2_00265.png,Normal,99_Normal_2,265,271360,cwt,gadf
99_Normal_2_00266.png,Normal,99_Normal_2,266,272384,cwt,gadf
99_Normal_2_00267.png,Normal,99_Normal_2,267,273408,cwt,gadf
99_Normal_2_00268.png,Normal,99_Normal_2,268,274432,cwt,gadf
99_Normal_2_00269.png,Normal,99_Normal_2,269,275456,cwt,gadf
99_Normal_2_00270.png,Normal,99_Normal_2,270,276480,cwt,gadf
99_Normal_2_00271.png,Normal,99_Normal_2,271,277504,cwt,gadf
99_Normal_2_00272.png,Normal,99_Normal_2,272,278528,cwt,gadf
99_Normal_2_00273.png,Normal,99_Normal_2,273,279552,cwt,gadf
99_Normal_2_00274.png,Normal,99_Normal_2,274,280576,cwt,gadf
99_Normal_2_00275.png,Normal,99_Normal_2,275,281600,cwt,gadf
99_Normal_2_00276.png,Normal,99_Normal_2,276,282624,cwt,gadf
99_Normal_2_00277.png,Normal,99_Normal_2,277,283648,cwt,gadf
99_Normal_2_00278.png,Normal,99_Normal_2,278,284672,cwt,gadf
99_Normal_2_00279.png,Normal,99_Normal_2,279,285696,cwt,gadf
99_Normal_2_00280.png,Normal,99_Normal_2,280,286720,cwt,gadf
99_Normal_2_00281.png,Normal,99_Normal_2,281,287744,cwt,gadf
99_Normal_2_00282.png,Normal,99_Normal_2,282,288768,cwt,gadf
99_Normal_2_00283.png,Normal,99_Normal_2,283,289792,cwt,gadf
99_Normal_2_00284.png,Normal,99_Normal_2,284,290816,cwt,gadf
99_Normal_2_00285.png,Normal,99_Normal_2,285,291840,cwt,gadf
99_Normal_2_00286.png,Normal,99_Normal_2,286,292864,cwt,gadf
99_Normal_2_00287.png,Normal,99_Normal_2,287,293888,cwt,gadf
99_Normal_2_00288.png,Normal,99_Normal_2,288,294912,cwt,gadf
99_Normal_2_00289.png,Normal,99_Normal_2,289,295936,cwt,gadf
99_Normal_2_00290.png,Normal,99_Normal_2,290,296960,cwt,gadf
99_Normal_2_00291.png,Normal,99_Normal_2,291,297984,cwt,gadf
99_Normal_2_00292.png,Normal,99_Normal_2,292,299008,cwt,gadf
99_Normal_2_00293.png,Normal,99_Normal_2,293,300032,cwt,gadf
99_Normal_2_00294.png,Normal,99_Normal_2,294,301056,cwt,gadf
99_Normal_2_00295.png,Normal,99_Normal_2,295,302080,cwt,gadf
99_Normal_2_00296.png,Normal,99_Normal_2,296,303104,cwt,gadf
99_Normal_2_00297.png,Normal,99_Normal_2,297,304128,cwt,gadf
99_Normal_2_00298.png,Normal,99_Normal_2,298,305152,cwt,gadf
99_Normal_2_00299.png,Normal,99_Normal_2,299,306176,cwt,gadf
99_Normal_2_00300.png,Normal,99_Normal_2,300,307200,cwt,gadf
99_Normal_2_00301.png,Normal,99_Normal_2,301,308224,cwt,gadf
99_Normal_2_00302.png,Normal,99_Normal_2,302,309248,cwt,gadf
99_Normal_2_00303.png,Normal,99_Normal_2,303,310272,cwt,gadf
99_Normal_2_00304.png,Normal,99_Normal_2,304,311296,cwt,gadf
99_Normal_2_00305.png,Normal,99_Normal_2,305,312320,cwt,gadf
99_Normal_2_00306.png,Normal,99_Normal_2,306,313344,cwt,gadf
99_Normal_2_00307.png,Normal,99_Normal_2,307,314368,cwt,gadf
99_Normal_2_00308.png,Normal,99_Normal_2,308,315392,cwt,gadf
99_Normal_2_00309.png,Normal,99_Normal_2,309,316416,cwt,gadf
99_Normal_2_00310.png,Normal,99_Normal_2,310,317440,cwt,gadf
99_Normal_2_00311.png,Normal,99_Normal_2,311,318464,cwt,gadf
99_Normal_2_00312.png,Normal,99_Normal_2,312,319488,cwt,gadf
99_Normal_2_00313.png,Normal,99_Normal_2,313,320512,cwt,gadf
99_Normal_2_00314.png,Normal,99_Normal_2,314,321536,cwt,gadf
99_Normal_2_00315.png,Normal,99_Normal_2,315,322560,cwt,gadf
99_Normal_2_00316.png,Normal,99_Normal_2,316,323584,cwt,gadf
99_Normal_2_00317.png,Normal,99_Normal_2,317,324608,cwt,gadf
99_Normal_2_00318.png,Normal,99_Normal_2,318,325632,cwt,gadf
99_Normal_2_00319.png,Normal,99_Normal_2,319,326656,cwt,gadf
99_Normal_2_00320.png,Normal,99_Normal_2,320,327680,cwt,gadf
99_Normal_2_00321.png,Normal,99_Normal_2,321,328704,cwt,gadf
99_Normal_2_00322.png,Normal,99_Normal_2,322,329728,cwt,gadf
99_Normal_2_00323.png,Normal,99_Normal_2,323,330752,cwt,gadf
99_Normal_2_00324.png,Normal,99_Normal_2,324,331776,cwt,gadf
99_Normal_2_00325.png,Normal,99_Normal_2,325,332800,cwt,gadf
99_Normal_2_00326.png,Normal,99_Normal_2,326,333824,cwt,gadf
99_Normal_2_00327.png,Normal,99_Normal_2,327,334848,cwt,gadf
99_Normal_2_00328.png,Normal,99_Normal_2,328,335872,cwt,gadf
99_Normal_2_00329.png,Normal,99_Normal_2,329,336896,cwt,gadf
99_Normal_2_00330.png,Normal,99_Normal_2,330,337920,cwt,gadf
99_Normal_2_00331.png,Normal,99_Normal_2,331,338944,cwt,gadf
99_Normal_2_00332.png,Normal,99_Normal_2,332,339968,cwt,gadf
99_Normal_2_00333.png,Normal,99_Normal_2,333,340992,cwt,gadf
99_Normal_2_00334.png,Normal,99_Normal_2,334,342016,cwt,gadf
99_Normal_2_00335.png,Normal,99_Normal_2,335,343040,cwt,gadf
99_Normal_2_00336.png,Normal,99_Normal_2,336,344064,cwt,gadf
99_Normal_2_00337.png,Normal,99_Normal_2,337,345088,cwt,gadf
99_Normal_2_00338.png,Normal,99_Normal_2,338,346112,cwt,gadf
99_Normal_2_00339.png,Normal,99_Normal_2,339,347136,cwt,gadf
99_Normal_2_00340.png,Normal,99_Normal_2,340,348160,cwt,gadf
99_Normal_2_00341.png,Normal,99_Normal_2,341,349184,cwt,gadf
99_Normal_2_00342.png,Normal,99_Normal_2,342,350208,cwt,gadf
99_Normal_2_00343.png,Normal,99_Normal_2,343,351232,cwt,gadf
99_Normal_2_00344.png,Normal,99_Normal_2,344,352256,cwt,gadf
99_Normal_2_00345.png,Normal,99_Normal_2,345,353280,cwt,gadf
99_Normal_2_00346.png,Normal,99_Normal_2,346,354304,cwt,gadf
99_Normal_2_00347.png,Normal,99_Normal_2,347,355328,cwt,gadf
99_Normal_2_00348.png,Normal,99_Normal_2,348,356352,cwt,gadf
99_Normal_2_00349.png,Normal,99_Normal_2,349,357376,cwt,gadf
99_Normal_2_00350.png,Normal,99_Normal_2,350,358400,cwt,gadf
99_Normal_2_00351.png,Normal,99_Normal_2,351,359424,cwt,gadf
99_Normal_2_00352.png,Normal,99_Normal_2,352,360448,cwt,gadf
99_Normal_2_00353.png,Normal,99_Normal_2,353,361472,cwt,gadf
99_Normal_2_00354.png,Normal,99_Normal_2,354,362496,cwt,gadf
99_Normal_2_00355.png,Normal,99_Normal_2,355,363520,cwt,gadf
99_Normal_2_00356.png,Normal,99_Normal_2,356,364544,cwt,gadf
99_Normal_2_00357.png,Normal,99_Normal_2,357,365568,cwt,gadf
99_Normal_2_00358.png,Normal,99_Normal_2,358,366592,cwt,gadf
99_Normal_2_00359.png,Normal,99_Normal_2,359,367616,cwt,gadf
99_Normal_2_00360.png,Normal,99_Normal_2,360,368640,cwt,gadf
99_Normal_2_00361.png,Normal,99_Normal_2,361,369664,cwt,gadf
99_Normal_2_00362.png,Normal,99_Normal_2,362,370688,cwt,gadf
99_Normal_2_00363.png,Normal,99_Normal_2,363,371712,cwt,gadf
99_Normal_2_00364.png,Normal,99_Normal_2,364,372736,cwt,gadf
99_Normal_2_00365.png,Normal,99_Normal_2,365,373760,cwt,gadf
99_Normal_2_00366.png,Normal,99_Normal_2,366,374784,cwt,gadf
99_Normal_2_00367.png,Normal,99_Normal_2,367,375808,cwt,gadf
99_Normal_2_00368.png,Normal,99_Normal_2,368,376832,cwt,gadf
99_Normal_2_00369.png,Normal,99_Normal_2,369,377856,cwt,gadf
99_Normal_2_00370.png,Normal,99_Normal_2,370,378880,cwt,gadf
99_Normal_2_00371.png,Normal,99_Normal_2,371,379904,cwt,gadf
99_Normal_2_00372.png,Normal,99_Normal_2,372,380928,cwt,gadf
99_Normal_2_00373.png,Normal,99_Normal_2,373,381952,cwt,gadf
99_Normal_2_00374.png,Normal,99_Normal_2,374,382976,cwt,gadf
99_Normal_2_00375.png,Normal,99_Normal_2,375,384000,cwt,gadf
99_Normal_2_00376.png,Normal,99_Normal_2,376,385024,cwt,gadf
99_Normal_2_00377.png,Normal,99_Normal_2,377,386048,cwt,gadf
99_Normal_2_00378.png,Normal,99_Normal_2,378,387072,cwt,gadf
99_Normal_2_00379.png,Normal,99_Normal_2,379,388096,cwt,gadf
99_Normal_2_00380.png,Normal,99_Normal_2,380,389120,cwt,gadf
99_Normal_2_00381.png,Normal,99_Normal_2,381,390144,cwt,gadf
99_Normal_2_00382.png,Normal,99_Normal_2,382,391168,cwt,gadf
99_Normal_2_00383.png,Normal,99_Normal_2,383,392192,cwt,gadf
99_Normal_2_00384.png,Normal,99_Normal_2,384,393216,cwt,gadf
99_Normal_2_00385.png,Normal,99_Normal_2,385,394240,cwt,gadf
99_Normal_2_00386.png,Normal,99_Normal_2,386,395264,cwt,gadf
99_Normal_2_00387.png,Normal,99_Normal_2,387,396288,cwt,gadf
99_Normal_2_00388.png,Normal,99_Normal_2,388,397312,cwt,gadf
99_Normal_2_00389.png,Normal,99_Normal_2,389,398336,cwt,gadf
99_Normal_2_00390.png,Normal,99_Normal_2,390,399360,cwt,gadf
99_Normal_2_00391.png,Normal,99_Normal_2,391,400384,cwt,gadf
99_Normal_2_00392.png,Normal,99_Normal_2,392,401408,cwt,gadf
99_Normal_2_00393.png,Normal,99_Normal_2,393,402432,cwt,gadf
99_Normal_2_00394.png,Normal,99_Normal_2,394,403456,cwt,gadf
99_Normal_2_00395.png,Normal,99_Normal_2,395,404480,cwt,gadf
99_Normal_2_00396.png,Normal,99_Normal_2,396,405504,cwt,gadf
99_Normal_2_00397.png,Normal,99_Normal_2,397,406528,cwt,gadf
99_Normal_2_00398.png,Normal,99_Normal_2,398,407552,cwt,gadf
99_Normal_2_00399.png,Normal,99_Normal_2,399,408576,cwt,gadf
99_Normal_2_00400.png,Normal,99_Normal_2,400,409600,cwt,gadf
99_Normal_2_00401.png,Normal,99_Normal_2,401,410624,cwt,gadf
99_Normal_2_00402.png,Normal,99_Normal_2,402,411648,cwt,gadf
99_Normal_2_00403.png,Normal,99_Normal_2,403,412672,cwt,gadf
99_Normal_2_00404.png,Normal,99_Normal_2,404,413696,cwt,gadf
99_Normal_2_00405.png,Normal,99_Normal_2,405,414720,cwt,gadf
99_Normal_2_00406.png,Normal,99_Normal_2,406,415744,cwt,gadf
99_Normal_2_00407.png,Normal,99_Normal_2,407,416768,cwt,gadf
99_Normal_2_00408.png,Normal,99_Normal_2,408,417792,cwt,gadf
99_Normal_2_00409.png,Normal,99_Normal_2,409,418816,cwt,gadf
99_Normal_2_00410.png,Normal,99_Normal_2,410,419840,cwt,gadf
99_Normal_2_00411.png,Normal,99_Normal_2,411,420864,cwt,gadf
99_Normal_2_00412.png,Normal,99_Normal_2,412,421888,cwt,gadf
99_Normal_2_00413.png,Normal,99_Normal_2,413,422912,cwt,gadf
99_Normal_2_00414.png,Normal,99_Normal_2,414,423936,cwt,gadf
99_Normal_2_00415.png,Normal,99_Normal_2,415,424960,cwt,gadf
99_Normal_2_00416.png,Normal,99_Normal_2,416,425984,cwt,gadf
99_Normal_2_00417.png,Normal,99_Normal_2,417,427008,cwt,gadf
99_Normal_2_00418.png,Normal,99_Normal_2,418,428032,cwt,gadf
99_Normal_2_00419.png,Normal,99_Normal_2,419,429056,cwt,gadf
99_Normal_2_00420.png,Normal,99_Normal_2,420,430080,cwt,gadf
99_Normal_2_00421.png,Normal,99_Normal_2,421,431104,cwt,gadf
99_Normal_2_00422.png,Normal,99_Normal_2,422,432128,cwt,gadf
99_Normal_2_00423.png,Normal,99_Normal_2,423,433152,cwt,gadf
99_Normal_2_00424.png,Normal,99_Normal_2,424,434176,cwt,gadf
99_Normal_2_00425.png,Normal,99_Normal_2,425,435200,cwt,gadf
99_Normal_2_00426.png,Normal,99_Normal_2,426,436224,cwt,gadf
99_Normal_2_00427.png,Normal,99_Normal_2,427,437248,cwt,gadf
99_Normal_2_00428.png,Normal,99_Normal_2,428,438272,cwt,gadf
99_Normal_2_00429.png,Normal,99_Normal_2,429,439296,cwt,gadf
99_Normal_2_00430.png,Normal,99_Normal_2,430,440320,cwt,gadf
99_Normal_2_00431.png,Normal,99_Normal_2,431,441344,cwt,gadf
99_Normal_2_00432.png,Normal,99_Normal_2,432,442368,cwt,gadf
99_Normal_2_00433.png,Normal,99_Normal_2,433,443392,cwt,gadf
99_Normal_2_00434.png,Normal,99_Normal_2,434,444416,cwt,gadf
99_Normal_2_00435.png,Normal,99_Normal_2,435,445440,cwt,gadf
99_Normal_2_00436.png,Normal,99_Normal_2,436,446464,cwt,gadf
99_Normal_2_00437.png,Normal,99_Normal_2,437,447488,cwt,gadf
99_Normal_2_00438.png,Normal,99_Normal_2,438,448512,cwt,gadf
99_Normal_2_00439.png,Normal,99_Normal_2,439,449536,cwt,gadf
99_Normal_2_00440.png,Normal,99_Normal_2,440,450560,cwt,gadf
99_Normal_2_00441.png,Normal,99_Normal_2,441,451584,cwt,gadf
99_Normal_2_00442.png,Normal,99_Normal_2,442,452608,cwt,gadf
99_Normal_2_00443.png,Normal,99_Normal_2,443,453632,cwt,gadf
99_Normal_2_00444.png,Normal,99_Normal_2,444,454656,cwt,gadf
99_Normal_2_00445.png,Normal,99_Normal_2,445,455680,cwt,gadf
99_Normal_2_00446.png,Normal,99_Normal_2,446,456704,cwt,gadf
99_Normal_2_00447.png,Normal,99_Normal_2,447,457728,cwt,gadf
99_Normal_2_00448.png,Normal,99_Normal_2,448,458752,cwt,gadf
99_Normal_2_00449.png,Normal,99_Normal_2,449,459776,cwt,gadf
99_Normal_2_00450.png,Normal,99_Normal_2,450,460800,cwt,gadf
99_Normal_2_00451.png,Normal,99_Normal_2,451,461824,cwt,gadf
99_Normal_2_00452.png,Normal,99_Normal_2,452,462848,cwt,gadf
99_Normal_2_00453.png,Normal,99_Normal_2,453,463872,cwt,gadf
99_Normal_2_00454.png,Normal,99_Normal_2,454,464896,cwt,gadf
99_Normal_2_00455.png,Normal,99_Normal_2,455,465920,cwt,gadf
99_Normal_2_00456.png,Normal,99_Normal_2,456,466944,cwt,gadf
99_Normal_2_00457.png,Normal,99_Normal_2,457,467968,cwt,gadf
99_Normal_2_00458.png,Normal,99_Normal_2,458,468992,cwt,gadf
99_Normal_2_00459.png,Normal,99_Normal_2,459,470016,cwt,gadf
99_Normal_2_00460.png,Normal,99_Normal_2,460,471040,cwt,gadf
99_Normal_2_00461.png,Normal,99_Normal_2,461,472064,cwt,gadf
99_Normal_2_00462.png,Normal,99_Normal_2,462,473088,cwt,gadf
99_Normal_2_00463.png,Normal,99_Normal_2,463,474112,cwt,gadf
99_Normal_2_00464.png,Normal,99_Normal_2,464,475136,cwt,gadf
99_Normal_2_00465.png,Normal,99_Normal_2,465,476160,cwt,gadf
99_Normal_2_00466.png,Normal,99_Normal_2,466,477184,cwt,gadf
99_Normal_2_00467.png,Normal,99_Normal_2,467,478208,cwt,gadf
99_Normal_2_00468.png,Normal,99_Normal_2,468,479232,cwt,gadf
99_Normal_2_00469.png,Normal,99_Normal_2,469,480256,cwt,gadf
99_Normal_2_00470.png,Normal,99_Normal_2,470,481280,cwt,gadf
130@6_0_00000.png,OF007,130@6_0,0,0,cwt,gadf
130@6_0_00001.png,OF007,130@6_0,1,1024,cwt,gadf
130@6_0_00002.png,OF007,130@6_0,2,2048,cwt,gadf
130@6_0_00003.png,OF007,130@6_0,3,3072,cwt,gadf
130@6_0_00004.png,OF007,130@6_0,4,4096,cwt,gadf
130@6_0_00005.png,OF007,130@6_0,5,5120,cwt,gadf
130@6_0_00006.png,OF007,130@6_0,6,6144,cwt,gadf
130@6_0_00007.png,OF007,130@6_0,7,7168,cwt,gadf
130@6_0_00008.png,OF007,130@6_0,8,8192,cwt,gadf
130@6_0_00009.png,OF007,130@6_0,9,9216,cwt,gadf
130@6_0_00010.png,OF007,130@6_0,10,10240,cwt,gadf
130@6_0_00011.png,OF007,130@6_0,11,11264,cwt,gadf
130@6_0_00012.png,OF007,130@6_0,12,12288,cwt,gadf
130@6_0_00013.png,OF007,130@6_0,13,13312,cwt,gadf
130@6_0_00014.png,OF007,130@6_0,14,14336,cwt,gadf
130@6_0_00015.png,OF007,130@6_0,15,15360,cwt,gadf
130@6_0_00016.png,OF007,130@6_0,16,16384,cwt,gadf
130@6_0_00017.png,OF007,130@6_0,17,17408,cwt,gadf
130@6_0_00018.png,OF007,130@6_0,18,18432,cwt,gadf
130@6_0_00019.png,OF007,130@6_0,19,19456,cwt,gadf
130@6_0_00020.png,OF007,130@6_0,20,20480,cwt,gadf
130@6_0_00021.png,OF007,130@6_0,21,21504,cwt,gadf
130@6_0_00022.png,OF007,130@6_0,22,22528,cwt,gadf
130@6_0_00023.png,OF007,130@6_0,23,23552,cwt,gadf
130@6_0_00024.png,OF007,130@6_0,24,24576,cwt,gadf
130@6_0_00025.png,OF007,130@6_0,25,25600,cwt,gadf
130@6_0_00026.png,OF007,130@6_0,26,26624,cwt,gadf
130@6_0_00027.png,OF007,130@6_0,27,27648,cwt,gadf
130@6_0_00028.png,OF007,130@6_0,28,28672,cwt,gadf
130@6_0_00029.png,OF007,130@6_0,29,29696,cwt,gadf
130@6_0_00030.png,OF007,130@6_0,30,30720,cwt,gadf
130@6_0_00031.png,OF007,130@6_0,31,31744,cwt,gadf
130@6_0_00032.png,OF007,130@6_0,32,32768,cwt,gadf
130@6_0_00033.png,OF007,130@6_0,33,33792,cwt,gadf
130@6_0_00034.png,OF007,130@6_0,34,34816,cwt,gadf
130@6_0_00035.png,OF007,130@6_0,35,35840,cwt,gadf
130@6_0_00036.png,OF007,130@6_0,36,36864,cwt,gadf
130@6_0_00037.png,OF007,130@6_0,37,37888,cwt,gadf
130@6_0_00038.png,OF007,130@6_0,38,38912,cwt,gadf
130@6_0_00039.png,OF007,130@6_0,39,39936,cwt,gadf
130@6_0_00040.png,OF007,130@6_0,40,40960,cwt,gadf
130@6_0_00041.png,OF007,130@6_0,41,41984,cwt,gadf
130@6_0_00042.png,OF007,130@6_0,42,43008,cwt,gadf
130@6_0_00043.png,OF007,130@6_0,43,44032,cwt,gadf
130@6_0_00044.png,OF007,130@6_0,44,45056,cwt,gadf
130@6_0_00045.png,OF007,130@6_0,45,46080,cwt,gadf
130@6_0_00046.png,OF007,130@6_0,46,47104,cwt,gadf
130@6_0_00047.png,OF007,130@6_0,47,48128,cwt,gadf
130@6_0_00048.png,OF007,130@6_0,48,49152,cwt,gadf
130@6_0_00049.png,OF007,130@6_0,49,50176,cwt,gadf
130@6_0_00050.png,OF007,130@6_0,50,51200,cwt,gadf
130@6_0_00051.png,OF007,130@6_0,51,52224,cwt,gadf
130@6_0_00052.png,OF007,130@6_0,52,53248,cwt,gadf
130@6_0_00053.png,OF007,130@6_0,53,54272,cwt,gadf
130@6_0_00054.png,OF007,130@6_0,54,55296,cwt,gadf
130@6_0_00055.png,OF007,130@6_0,55,56320,cwt,gadf
130@6_0_00056.png,OF007,130@6_0,56,57344,cwt,gadf
130@6_0_00057.png,OF007,130@6_0,57,58368,cwt,gadf
130@6_0_00058.png,OF007,130@6_0,58,59392,cwt,gadf
130@6_0_00059.png,OF007,130@6_0,59,60416,cwt,gadf
130@6_0_00060.png,OF007,130@6_0,60,61440,cwt,gadf
130@6_0_00061.png,OF007,130@6_0,61,62464,cwt,gadf
130@6_0_00062.png,OF007,130@6_0,62,63488,cwt,gadf
130@6_0_00063.png,OF007,130@6_0,63,64512,cwt,gadf
130@6_0_00064.png,OF007,130@6_0,64,65536,cwt,gadf
130@6_0_00065.png,OF007,130@6_0,65,66560,cwt,gadf
130@6_0_00066.png,OF007,130@6_0,66,67584,cwt,gadf
130@6_0_00067.png,OF007,130@6_0,67,68608,cwt,gadf
130@6_0_00068.png,OF007,130@6_0,68,69632,cwt,gadf
130@6_0_00069.png,OF007,130@6_0,69,70656,cwt,gadf
130@6_0_00070.png,OF007,130@6_0,70,71680,cwt,gadf
130@6_0_00071.png,OF007,130@6_0,71,72704,cwt,gadf
130@6_0_00072.png,OF007,130@6_0,72,73728,cwt,gadf
130@6_0_00073.png,OF007,130@6_0,73,74752,cwt,gadf
130@6_0_00074.png,OF007,130@6_0,74,75776,cwt,gadf
130@6_0_00075.png,OF007,130@6_0,75,76800,cwt,gadf
130@6_0_00076.png,OF007,130@6_0,76,77824,cwt,gadf
130@6_0_00077.png,OF007,130@6_0,77,78848,cwt,gadf
130@6_0_00078.png,OF007,130@6_0,78,79872,cwt,gadf
130@6_0_00079.png,OF007,130@6_0,79,80896,cwt,gadf
130@6_0_00080.png,OF007,130@6_0,80,81920,cwt,gadf
130@6_0_00081.png,OF007,130@6_0,81,82944,cwt,gadf
130@6_0_00082.png,OF007,130@6_0,82,83968,cwt,gadf
130@6_0_00083.png,OF007,130@6_0,83,84992,cwt,gadf
130@6_0_00084.png,OF007,130@6_0,84,86016,cwt,gadf
130@6_0_00085.png,OF007,130@6_0,85,87040,cwt,gadf
130@6_0_00086.png,OF007,130@6_0,86,88064,cwt,gadf
130@6_0_00087.png,OF007,130@6_0,87,89088,cwt,gadf
130@6_0_00088.png,OF007,130@6_0,88,90112,cwt,gadf
130@6_0_00089.png,OF007,130@6_0,89,91136,cwt,gadf
130@6_0_00090.png,OF007,130@6_0,90,92160,cwt,gadf
130@6_0_00091.png,OF007,130@6_0,91,93184,cwt,gadf
130@6_0_00092.png,OF007,130@6_0,92,94208,cwt,gadf
130@6_0_00093.png,OF007,130@6_0,93,95232,cwt,gadf
130@6_0_00094.png,OF007,130@6_0,94,96256,cwt,gadf
130@6_0_00095.png,OF007,130@6_0,95,97280,cwt,gadf
130@6_0_00096.png,OF007,130@6_0,96,98304,cwt,gadf
130@6_0_00097.png,OF007,130@6_0,97,99328,cwt,gadf
130@6_0_00098.png,OF007,130@6_0,98,100352,cwt,gadf
130@6_0_00099.png,OF007,130@6_0,99,101376,cwt,gadf
130@6_0_00100.png,OF007,130@6_0,100,102400,cwt,gadf
130@6_0_00101.png,OF007,130@6_0,101,103424,cwt,gadf
130@6_0_00102.png,OF007,130@6_0,102,104448,cwt,gadf
130@6_0_00103.png,OF007,130@6_0,103,105472,cwt,gadf
130@6_0_00104.png,OF007,130@6_0,104,106496,cwt,gadf
130@6_0_00105.png,OF007,130@6_0,105,107520,cwt,gadf
130@6_0_00106.png,OF007,130@6_0,106,108544,cwt,gadf
130@6_0_00107.png,OF007,130@6_0,107,109568,cwt,gadf
130@6_0_00108.png,OF007,130@6_0,108,110592,cwt,gadf
130@6_0_00109.png,OF007,130@6_0,109,111616,cwt,gadf
130@6_0_00110.png,OF007,130@6_0,110,112640,cwt,gadf
130@6_0_00111.png,OF007,130@6_0,111,113664,cwt,gadf
130@6_0_00112.png,OF007,130@6_0,112,114688,cwt,gadf
130@6_0_00113.png,OF007,130@6_0,113,115712,cwt,gadf
130@6_0_00114.png,OF007,130@6_0,114,116736,cwt,gadf
130@6_0_00115.png,OF007,130@6_0,115,117760,cwt,gadf
130@6_0_00116.png,OF007,130@6_0,116,118784,cwt,gadf
130@6_0_00117.png,OF007,130@6_0,117,119808,cwt,gadf
131@6_1_00000.png,OF007,131@6_1,0,0,cwt,gadf
131@6_1_00001.png,OF007,131@6_1,1,1024,cwt,gadf
131@6_1_00002.png,OF007,131@6_1,2,2048,cwt,gadf
131@6_1_00003.png,OF007,131@6_1,3,3072,cwt,gadf
131@6_1_00004.png,OF007,131@6_1,4,4096,cwt,gadf
131@6_1_00005.png,OF007,131@6_1,5,5120,cwt,gadf
131@6_1_00006.png,OF007,131@6_1,6,6144,cwt,gadf
131@6_1_00007.png,OF007,131@6_1,7,7168,cwt,gadf
131@6_1_00008.png,OF007,131@6_1,8,8192,cwt,gadf
131@6_1_00009.png,OF007,131@6_1,9,9216,cwt,gadf
131@6_1_00010.png,OF007,131@6_1,10,10240,cwt,gadf
131@6_1_00011.png,OF007,131@6_1,11,11264,cwt,gadf
131@6_1_00012.png,OF007,131@6_1,12,12288,cwt,gadf
131@6_1_00013.png,OF007,131@6_1,13,13312,cwt,gadf
131@6_1_00014.png,OF007,131@6_1,14,14336,cwt,gadf
131@6_1_00015.png,OF007,131@6_1,15,15360,cwt,gadf
131@6_1_00016.png,OF007,131@6_1,16,16384,cwt,gadf
131@6_1_00017.png,OF007,131@6_1,17,17408,cwt,gadf
131@6_1_00018.png,OF007,131@6_1,18,18432,cwt,gadf
131@6_1_00019.png,OF007,131@6_1,19,19456,cwt,gadf
131@6_1_00020.png,OF007,131@6_1,20,20480,cwt,gadf
131@6_1_00021.png,OF007,131@6_1,21,21504,cwt,gadf
131@6_1_00022.png,OF007,131@6_1,22,22528,cwt,gadf
131@6_1_00023.png,OF007,131@6_1,23,23552,cwt,gadf
131@6_1_00024.png,OF007,131@6_1,24,24576,cwt,gadf
131@6_1_00025.png,OF007,131@6_1,25,25600,cwt,gadf
131@6_1_00026.png,OF007,131@6_1,26,26624,cwt,gadf
131@6_1_00027.png,OF007,131@6_1,27,27648,cwt,gadf
131@6_1_00028.png,OF007,131@6_1,28,28672,cwt,gadf
131@6_1_00029.png,OF007,131@6_1,29,29696,cwt,gadf
131@6_1_00030.png,OF007,131@6_1,30,30720,cwt,gadf
131@6_1_00031.png,OF007,131@6_1,31,31744,cwt,gadf
131@6_1_00032.png,OF007,131@6_1,32,32768,cwt,gadf
131@6_1_00033.png,OF007,131@6_1,33,33792,cwt,gadf
131@6_1_00034.png,OF007,131@6_1,34,34816,cwt,gadf
131@6_1_00035.png,OF007,131@6_1,35,35840,cwt,gadf
131@6_1_00036.png,OF007,131@6_1,36,36864,cwt,gadf
131@6_1_00037.png,OF007,131@6_1,37,37888,cwt,gadf
131@6_1_00038.png,OF007,131@6_1,38,38912,cwt,gadf
131@6_1_00039.png,OF007,131@6_1,39,39936,cwt,gadf
131@6_1_00040.png,OF007,131@6_1,40,40960,cwt,gadf
131@6_1_00041.png,OF007,131@6_1,41,41984,cwt,gadf
131@6_1_00042.png,OF007,131@6_1,42,43008,cwt,gadf
131@6_1_00043.png,OF007,131@6_1,43,44032,cwt,gadf
131@6_1_00044.png,OF007,131@6_1,44,45056,cwt,gadf
131@6_1_00045.png,OF007,131@6_1,45,46080,cwt,gadf
131@6_1_00046.png,OF007,131@6_1,46,47104,cwt,gadf
131@6_1_00047.png,OF007,131@6_1,47,48128,cwt,gadf
131@6_1_00048.png,OF007,131@6_1,48,49152,cwt,gadf
131@6_1_00049.png,OF007,131@6_1,49,50176,cwt,gadf
131@6_1_00050.png,OF007,131@6_1,50,51200,cwt,gadf
131@6_1_00051.png,OF007,131@6_1,51,52224,cwt,gadf
131@6_1_00052.png,OF007,131@6_1,52,53248,cwt,gadf
131@6_1_00053.png,OF007,131@6_1,53,54272,cwt,gadf
131@6_1_00054.png,OF007,131@6_1,54,55296,cwt,gadf
131@6_1_00055.png,OF007,131@6_1,55,56320,cwt,gadf
131@6_1_00056.png,OF007,131@6_1,56,57344,cwt,gadf
131@6_1_00057.png,OF007,131@6_1,57,58368,cwt,gadf
131@6_1_00058.png,OF007,131@6_1,58,59392,cwt,gadf
131@6_1_00059.png,OF007,131@6_1,59,60416,cwt,gadf
131@6_1_00060.png,OF007,131@6_1,60,61440,cwt,gadf
131@6_1_00061.png,OF007,131@6_1,61,62464,cwt,gadf
131@6_1_00062.png,OF007,131@6_1,62,63488,cwt,gadf
131@6_1_00063.png,OF007,131@6_1,63,64512,cwt,gadf
131@6_1_00064.png,OF007,131@6_1,64,65536,cwt,gadf
131@6_1_00065.png,OF007,131@6_1,65,66560,cwt,gadf
131@6_1_00066.png,OF007,131@6_1,66,67584,cwt,gadf
131@6_1_00067.png,OF007,131@6_1,67,68608,cwt,gadf
131@6_1_00068.png,OF007,131@6_1,68,69632,cwt,gadf
131@6_1_00069.png,OF007,131@6_1,69,70656,cwt,gadf
131@6_1_00070.png,OF007,131@6_1,70,71680,cwt,gadf
131@6_1_00071.png,OF007,131@6_1,71,72704,cwt,gadf
131@6_1_00072.png,OF007,131@6_1,72,73728,cwt,gadf
131@6_1_00073.png,OF007,131@6_1,73,74752,cwt,gadf
131@6_1_00074.png,OF007,131@6_1,74,75776,cwt,gadf
131@6_1_00075.png,OF007,131@6_1,75,76800,cwt,gadf
131@6_1_00076.png,OF007,131@6_1,76,77824,cwt,gadf
131@6_1_00077.png,OF007,131@6_1,77,78848,cwt,gadf
131@6_1_00078.png,OF007,131@6_1,78,79872,cwt,gadf
131@6_1_00079.png,OF007,131@6_1,79,80896,cwt,gadf
131@6_1_00080.png,OF007,131@6_1,80,81920,cwt,gadf
131@6_1_00081.png,OF007,131@6_1,81,82944,cwt,gadf
131@6_1_00082.png,OF007,131@6_1,82,83968,cwt,gadf
131@6_1_00083.png,OF007,131@6_1,83,84992,cwt,gadf
131@6_1_00084.png,OF007,131@6_1,84,86016,cwt,gadf
131@6_1_00085.png,OF007,131@6_1,85,87040,cwt,gadf
131@6_1_00086.png,OF007,131@6_1,86,88064,cwt,gadf
131@6_1_00087.png,OF007,131@6_1,87,89088,cwt,gadf
131@6_1_00088.png,OF007,131@6_1,88,90112,cwt,gadf
131@6_1_00089.png,OF007,131@6_1,89,91136,cwt,gadf
131@6_1_00090.png,OF007,131@6_1,90,92160,cwt,gadf
131@6_1_00091.png,OF007,131@6_1,91,93184,cwt,gadf
131@6_1_00092.png,OF007,131@6_1,92,94208,cwt,gadf
131@6_1_00093.png,OF007,131@6_1,93,95232,cwt,gadf
131@6_1_00094.png,OF007,131@6_1,94,96256,cwt,gadf
131@6_1_00095.png,OF007,131@6_1,95,97280,cwt,gadf
131@6_1_00096.png,OF007,131@6_1,96,98304,cwt,gadf
131@6_1_00097.png,OF007,131@6_1,97,99328,cwt,gadf
131@6_1_00098.png,OF007,131@6_1,98,100352,cwt,gadf
131@6_1_00099.png,OF007,131@6_1,99,101376,cwt,gadf
131@6_1_00100.png,OF007,131@6_1,100,102400,cwt,gadf
131@6_1_00101.png,OF007,131@6_1,101,103424,cwt,gadf
131@6_1_00102.png,OF007,131@6_1,102,104448,cwt,gadf
131@6_1_00103.png,OF007,131@6_1,103,105472,cwt,gadf
131@6_1_00104.png,OF007,131@6_1,104,106496,cwt,gadf
131@6_1_00105.png,OF007,131@6_1,105,107520,cwt,gadf
131@6_1_00106.png,OF007,131@6_1,106,108544,cwt,gadf
131@6_1_00107.png,OF007,131@6_1,107,109568,cwt,gadf
131@6_1_00108.png,OF007,131@6_1,108,110592,cwt,gadf
131@6_1_00109.png,OF007,131@6_1,109,111616,cwt,gadf
131@6_1_00110.png,OF007,131@6_1,110,112640,cwt,gadf
131@6_1_00111.png,OF007,131@6_1,111,113664,cwt,gadf
131@6_1_00112.png,OF007,131@6_1,112,114688,cwt,gadf
131@6_1_00113.png,OF007,131@6_1,113,115712,cwt,gadf
131@6_1_00114.png,OF007,131@6_1,114,116736,cwt,gadf
131@6_1_00115.png,OF007,131@6_1,115,117760,cwt,gadf
131@6_1_00116.png,OF007,131@6_1,116,118784,cwt,gadf
131@6_1_00117.png,OF007,131@6_1,117,119808,cwt,gadf
132@6_2_00000.png,OF007,132@6_2,0,0,cwt,gadf
132@6_2_00001.png,OF007,132@6_2,1,1024,cwt,gadf
132@6_2_00002.png,OF007,132@6_2,2,2048,cwt,gadf
132@6_2_00003.png,OF007,132@6_2,3,3072,cwt,gadf
132@6_2_00004.png,OF007,132@6_2,4,4096,cwt,gadf
132@6_2_00005.png,OF007,132@6_2,5,5120,cwt,gadf
132@6_2_00006.png,OF007,132@6_2,6,6144,cwt,gadf
132@6_2_00007.png,OF007,132@6_2,7,7168,cwt,gadf
132@6_2_00008.png,OF007,132@6_2,8,8192,cwt,gadf
132@6_2_00009.png,OF007,132@6_2,9,9216,cwt,gadf
132@6_2_00010.png,OF007,132@6_2,10,10240,cwt,gadf
132@6_2_00011.png,OF007,132@6_2,11,11264,cwt,gadf
132@6_2_00012.png,OF007,132@6_2,12,12288,cwt,gadf
132@6_2_00013.png,OF007,132@6_2,13,13312,cwt,gadf
132@6_2_00014.png,OF007,132@6_2,14,14336,cwt,gadf
132@6_2_00015.png,OF007,132@6_2,15,15360,cwt,gadf
132@6_2_00016.png,OF007,132@6_2,16,16384,cwt,gadf
132@6_2_00017.png,OF007,132@6_2,17,17408,cwt,gadf
132@6_2_00018.png,OF007,132@6_2,18,18432,cwt,gadf
132@6_2_00019.png,OF007,132@6_2,19,19456,cwt,gadf
132@6_2_00020.png,OF007,132@6_2,20,20480,cwt,gadf
132@6_2_00021.png,OF007,132@6_2,21,21504,cwt,gadf
132@6_2_00022.png,OF007,132@6_2,22,22528,cwt,gadf
132@6_2_00023.png,OF007,132@6_2,23,23552,cwt,gadf
132@6_2_00024.png,OF007,132@6_2,24,24576,cwt,gadf
132@6_2_00025.png,OF007,132@6_2,25,25600,cwt,gadf
132@6_2_00026.png,OF007,132@6_2,26,26624,cwt,gadf
132@6_2_00027.png,OF007,132@6_2,27,27648,cwt,gadf
132@6_2_00028.png,OF007,132@6_2,28,28672,cwt,gadf
132@6_2_00029.png,OF007,132@6_2,29,29696,cwt,gadf
132@6_2_00030.png,OF007,132@6_2,30,30720,cwt,gadf
132@6_2_00031.png,OF007,132@6_2,31,31744,cwt,gadf
132@6_2_00032.png,OF007,132@6_2,32,32768,cwt,gadf
132@6_2_00033.png,OF007,132@6_2,33,33792,cwt,gadf
132@6_2_00034.png,OF007,132@6_2,34,34816,cwt,gadf
132@6_2_00035.png,OF007,132@6_2,35,35840,cwt,gadf
132@6_2_00036.png,OF007,132@6_2,36,36864,cwt,gadf
132@6_2_00037.png,OF007,132@6_2,37,37888,cwt,gadf
132@6_2_00038.png,OF007,132@6_2,38,38912,cwt,gadf
132@6_2_00039.png,OF007,132@6_2,39,39936,cwt,gadf
132@6_2_00040.png,OF007,132@6_2,40,40960,cwt,gadf
132@6_2_00041.png,OF007,132@6_2,41,41984,cwt,gadf
132@6_2_00042.png,OF007,132@6_2,42,43008,cwt,gadf
132@6_2_00043.png,OF007,132@6_2,43,44032,cwt,gadf
132@6_2_00044.png,OF007,132@6_2,44,45056,cwt,gadf
132@6_2_00045.png,OF007,132@6_2,45,46080,cwt,gadf
132@6_2_00046.png,OF007,132@6_2,46,47104,cwt,gadf
132@6_2_00047.png,OF007,132@6_2,47,48128,cwt,gadf
132@6_2_00048.png,OF007,132@6_2,48,49152,cwt,gadf
132@6_2_00049.png,OF007,132@6_2,49,50176,cwt,gadf
132@6_2_00050.png,OF007,132@6_2,50,51200,cwt,gadf
132@6_2_00051.png,OF007,132@6_2,51,52224,cwt,gadf
132@6_2_00052.png,OF007,132@6_2,52,53248,cwt,gadf
132@6_2_00053.png,OF007,132@6_2,53,54272,cwt,gadf
132@6_2_00054.png,OF007,132@6_2,54,55296,cwt,gadf
132@6_2_00055.png,OF007,132@6_2,55,56320,cwt,gadf
132@6_2_00056.png,OF007,132@6_2,56,57344,cwt,gadf
132@6_2_00057.png,OF007,132@6_2,57,58368,cwt,gadf
132@6_2_00058.png,OF007,132@6_2,58,59392,cwt,gadf
132@6_2_00059.png,OF007,132@6_2,59,60416,cwt,gadf
132@6_2_00060.png,OF007,132@6_2,60,61440,cwt,gadf
132@6_2_00061.png,OF007,132@6_2,61,62464,cwt,gadf
132@6_2_00062.png,OF007,132@6_2,62,63488,cwt,gadf
132@6_2_00063.png,OF007,132@6_2,63,64512,cwt,gadf
132@6_2_00064.png,OF007,132@6_2,64,65536,cwt,gadf
132@6_2_00065.png,OF007,132@6_2,65,66560,cwt,gadf
132@6_2_00066.png,OF007,132@6_2,66,67584,cwt,gadf
132@6_2_00067.png,OF007,132@6_2,67,68608,cwt,gadf
132@6_2_00068.png,OF007,132@6_2,68,69632,cwt,gadf
132@6_2_00069.png,OF007,132@6_2,69,70656,cwt,gadf
132@6_2_00070.png,OF007,132@6_2,70,71680,cwt,gadf
132@6_2_00071.png,OF007,132@6_2,71,72704,cwt,gadf
132@6_2_00072.png,OF007,132@6_2,72,73728,cwt,gadf
132@6_2_00073.png,OF007,132@6_2,73,74752,cwt,gadf
132@6_2_00074.png,OF007,132@6_2,74,75776,cwt,gadf
132@6_2_00075.png,OF007,132@6_2,75,76800,cwt,gadf
132@6_2_00076.png,OF007,132@6_2,76,77824,cwt,gadf
132@6_2_00077.png,OF007,132@6_2,77,78848,cwt,gadf
132@6_2_00078.png,OF007,132@6_2,78,79872,cwt,gadf
132@6_2_00079.png,OF007,132@6_2,79,80896,cwt,gadf
132@6_2_00080.png,OF007,132@6_2,80,81920,cwt,gadf
132@6_2_00081.png,OF007,132@6_2,81,82944,cwt,gadf
132@6_2_00082.png,OF007,132@6_2,82,83968,cwt,gadf
132@6_2_00083.png,OF007,132@6_2,83,84992,cwt,gadf
132@6_2_00084.png,OF007,132@6_2,84,86016,cwt,gadf
132@6_2_00085.png,OF007,132@6_2,85,87040,cwt,gadf
132@6_2_00086.png,OF007,132@6_2,86,88064,cwt,gadf
132@6_2_00087.png,OF007,132@6_2,87,89088,cwt,gadf
132@6_2_00088.png,OF007,132@6_2,88,90112,cwt,gadf
132@6_2_00089.png,OF007,132@6_2,89,91136,cwt,gadf
132@6_2_00090.png,OF007,132@6_2,90,92160,cwt,gadf
132@6_2_00091.png,OF007,132@6_2,91,93184,cwt,gadf
132@6_2_00092.png,OF007,132@6_2,92,94208,cwt,gadf
132@6_2_00093.png,OF007,132@6_2,93,95232,cwt,gadf
132@6_2_00094.png,OF007,132@6_2,94,96256,cwt,gadf
132@6_2_00095.png,OF007,132@6_2,95,97280,cwt,gadf
132@6_2_00096.png,OF007,132@6_2,96,98304,cwt,gadf
132@6_2_00097.png,OF007,132@6_2,97,99328,cwt,gadf
132@6_2_00098.png,OF007,132@6_2,98,100352,cwt,gadf
132@6_2_00099.png,OF007,132@6_2,99,101376,cwt,gadf
132@6_2_00100.png,OF007,132@6_2,100,102400,cwt,gadf
132@6_2_00101.png,OF007,132@6_2,101,103424,cwt,gadf
132@6_2_00102.png,OF007,132@6_2,102,104448,cwt,gadf
132@6_2_00103.png,OF007,132@6_2,103,105472,cwt,gadf
132@6_2_00104.png,OF007,132@6_2,104,106496,cwt,gadf
132@6_2_00105.png,OF007,132@6_2,105,107520,cwt,gadf
132@6_2_00106.png,OF007,132@6_2,106,108544,cwt,gadf
132@6_2_00107.png,OF007,132@6_2,107,109568,cwt,gadf
132@6_2_00108.png,OF007,132@6_2,108,110592,cwt,gadf
132@6_2_00109.png,OF007,132@6_2,109,111616,cwt,gadf
132@6_2_00110.png,OF007,132@6_2,110,112640,cwt,gadf
132@6_2_00111.png,OF007,132@6_2,111,113664,cwt,gadf
132@6_2_00112.png,OF007,132@6_2,112,114688,cwt,gadf
132@6_2_00113.png,OF007,132@6_2,113,115712,cwt,gadf
132@6_2_00114.png,OF007,132@6_2,114,116736,cwt,gadf
132@6_2_00115.png,OF007,132@6_2,115,117760,cwt,gadf
132@6_2_00116.png,OF007,132@6_2,116,118784,cwt,gadf
133@6_3_00000.png,OF007,133@6_3,0,0,cwt,gadf
133@6_3_00001.png,OF007,133@6_3,1,1024,cwt,gadf
133@6_3_00002.png,OF007,133@6_3,2,2048,cwt,gadf
133@6_3_00003.png,OF007,133@6_3,3,3072,cwt,gadf
133@6_3_00004.png,OF007,133@6_3,4,4096,cwt,gadf
133@6_3_00005.png,OF007,133@6_3,5,5120,cwt,gadf
133@6_3_00006.png,OF007,133@6_3,6,6144,cwt,gadf
133@6_3_00007.png,OF007,133@6_3,7,7168,cwt,gadf
133@6_3_00008.png,OF007,133@6_3,8,8192,cwt,gadf
133@6_3_00009.png,OF007,133@6_3,9,9216,cwt,gadf
133@6_3_00010.png,OF007,133@6_3,10,10240,cwt,gadf
133@6_3_00011.png,OF007,133@6_3,11,11264,cwt,gadf
133@6_3_00012.png,OF007,133@6_3,12,12288,cwt,gadf
133@6_3_00013.png,OF007,133@6_3,13,13312,cwt,gadf
133@6_3_00014.png,OF007,133@6_3,14,14336,cwt,gadf
133@6_3_00015.png,OF007,133@6_3,15,15360,cwt,gadf
133@6_3_00016.png,OF007,133@6_3,16,16384,cwt,gadf
133@6_3_00017.png,OF007,133@6_3,17,17408,cwt,gadf
133@6_3_00018.png,OF007,133@6_3,18,18432,cwt,gadf
133@6_3_00019.png,OF007,133@6_3,19,19456,cwt,gadf
133@6_3_00020.png,OF007,133@6_3,20,20480,cwt,gadf
133@6_3_00021.png,OF007,133@6_3,21,21504,cwt,gadf
133@6_3_00022.png,OF007,133@6_3,22,22528,cwt,gadf
133@6_3_00023.png,OF007,133@6_3,23,23552,cwt,gadf
133@6_3_00024.png,OF007,133@6_3,24,24576,cwt,gadf
133@6_3_00025.png,OF007,133@6_3,25,25600,cwt,gadf
133@6_3_00026.png,OF007,133@6_3,26,26624,cwt,gadf
133@6_3_00027.png,OF007,133@6_3,27,27648,cwt,gadf
133@6_3_00028.png,OF007,133@6_3,28,28672,cwt,gadf
133@6_3_00029.png,OF007,133@6_3,29,29696,cwt,gadf
133@6_3_00030.png,OF007,133@6_3,30,30720,cwt,gadf
133@6_3_00031.png,OF007,133@6_3,31,31744,cwt,gadf
133@6_3_00032.png,OF007,133@6_3,32,32768,cwt,gadf
133@6_3_00033.png,OF007,133@6_3,33,33792,cwt,gadf
133@6_3_00034.png,OF007,133@6_3,34,34816,cwt,gadf
133@6_3_00035.png,OF007,133@6_3,35,35840,cwt,gadf
133@6_3_00036.png,OF007,133@6_3,36,36864,cwt,gadf
133@6_3_00037.png,OF007,133@6_3,37,37888,cwt,gadf
133@6_3_00038.png,OF007,133@6_3,38,38912,cwt,gadf
133@6_3_00039.png,OF007,133@6_3,39,39936,cwt,gadf
133@6_3_00040.png,OF007,133@6_3,40,40960,cwt,gadf
133@6_3_00041.png,OF007,133@6_3,41,41984,cwt,gadf
133@6_3_00042.png,OF007,133@6_3,42,43008,cwt,gadf
133@6_3_00043.png,OF007,133@6_3,43,44032,cwt,gadf
133@6_3_00044.png,OF007,133@6_3,44,45056,cwt,gadf
133@6_3_00045.png,OF007,133@6_3,45,46080,cwt,gadf
133@6_3_00046.png,OF007,133@6_3,46,47104,cwt,gadf
133@6_3_00047.png,OF007,133@6_3,47,48128,cwt,gadf
133@6_3_00048.png,OF007,133@6_3,48,49152,cwt,gadf
133@6_3_00049.png,OF007,133@6_3,49,50176,cwt,gadf
133@6_3_00050.png,OF007,133@6_3,50,51200,cwt,gadf
133@6_3_00051.png,OF007,133@6_3,51,52224,cwt,gadf
133@6_3_00052.png,OF007,133@6_3,52,53248,cwt,gadf
133@6_3_00053.png,OF007,133@6_3,53,54272,cwt,gadf
133@6_3_00054.png,OF007,133@6_3,54,55296,cwt,gadf
133@6_3_00055.png,OF007,133@6_3,55,56320,cwt,gadf
133@6_3_00056.png,OF007,133@6_3,56,57344,cwt,gadf
133@6_3_00057.png,OF007,133@6_3,57,58368,cwt,gadf
133@6_3_00058.png,OF007,133@6_3,58,59392,cwt,gadf
133@6_3_00059.png,OF007,133@6_3,59,60416,cwt,gadf
133@6_3_00060.png,OF007,133@6_3,60,61440,cwt,gadf
133@6_3_00061.png,OF007,133@6_3,61,62464,cwt,gadf
133@6_3_00062.png,OF007,133@6_3,62,63488,cwt,gadf
133@6_3_00063.png,OF007,133@6_3,63,64512,cwt,gadf
133@6_3_00064.png,OF007,133@6_3,64,65536,cwt,gadf
133@6_3_00065.png,OF007,133@6_3,65,66560,cwt,gadf
133@6_3_00066.png,OF007,133@6_3,66,67584,cwt,gadf
133@6_3_00067.png,OF007,133@6_3,67,68608,cwt,gadf
133@6_3_00068.png,OF007,133@6_3,68,69632,cwt,gadf
133@6_3_00069.png,OF007,133@6_3,69,70656,cwt,gadf
133@6_3_00070.png,OF007,133@6_3,70,71680,cwt,gadf
133@6_3_00071.png,OF007,133@6_3,71,72704,cwt,gadf
133@6_3_00072.png,OF007,133@6_3,72,73728,cwt,gadf
133@6_3_00073.png,OF007,133@6_3,73,74752,cwt,gadf
133@6_3_00074.png,OF007,133@6_3,74,75776,cwt,gadf
133@6_3_00075.png,OF007,133@6_3,75,76800,cwt,gadf
133@6_3_00076.png,OF007,133@6_3,76,77824,cwt,gadf
133@6_3_00077.png,OF007,133@6_3,77,78848,cwt,gadf
133@6_3_00078.png,OF007,133@6_3,78,79872,cwt,gadf
133@6_3_00079.png,OF007,133@6_3,79,80896,cwt,gadf
133@6_3_00080.png,OF007,133@6_3,80,81920,cwt,gadf
133@6_3_00081.png,OF007,133@6_3,81,82944,cwt,gadf
133@6_3_00082.png,OF007,133@6_3,82,83968,cwt,gadf
133@6_3_00083.png,OF007,133@6_3,83,84992,cwt,gadf
133@6_3_00084.png,OF007,133@6_3,84,86016,cwt,gadf
133@6_3_00085.png,OF007,133@6_3,85,87040,cwt,gadf
133@6_3_00086.png,OF007,133@6_3,86,88064,cwt,gadf
133@6_3_00087.png,OF007,133@6_3,87,89088,cwt,gadf
133@6_3_00088.png,OF007,133@6_3,88,90112,cwt,gadf
133@6_3_00089.png,OF007,133@6_3,89,91136,cwt,gadf
133@6_3_00090.png,OF007,133@6_3,90,92160,cwt,gadf
133@6_3_00091.png,OF007,133@6_3,91,93184,cwt,gadf
133@6_3_00092.png,OF007,133@6_3,92,94208,cwt,gadf
133@6_3_00093.png,OF007,133@6_3,93,95232,cwt,gadf
133@6_3_00094.png,OF007,133@6_3,94,96256,cwt,gadf
133@6_3_00095.png,OF007,133@6_3,95,97280,cwt,gadf
133@6_3_00096.png,OF007,133@6_3,96,98304,cwt,gadf
133@6_3_00097.png,OF007,133@6_3,97,99328,cwt,gadf
133@6_3_00098.png,OF007,133@6_3,98,100352,cwt,gadf
133@6_3_00099.png,OF007,133@6_3,99,101376,cwt,gadf
133@6_3_00100.png,OF007,133@6_3,100,102400,cwt,gadf
133@6_3_00101.png,OF007,133@6_3,101,103424,cwt,gadf
133@6_3_00102.png,OF007,133@6_3,102,104448,cwt,gadf
133@6_3_00103.png,OF007,133@6_3,103,105472,cwt,gadf
133@6_3_00104.png,OF007,133@6_3,104,106496,cwt,gadf
133@6_3_00105.png,OF007,133@6_3,105,107520,cwt,gadf
133@6_3_00106.png,OF007,133@6_3,106,108544,cwt,gadf
133@6_3_00107.png,OF007,133@6_3,107,109568,cwt,gadf
133@6_3_00108.png,OF007,133@6_3,108,110592,cwt,gadf
133@6_3_00109.png,OF007,133@6_3,109,111616,cwt,gadf
133@6_3_00110.png,OF007,133@6_3,110,112640,cwt,gadf
133@6_3_00111.png,OF007,133@6_3,111,113664,cwt,gadf
133@6_3_00112.png,OF007,133@6_3,112,114688,cwt,gadf
133@6_3_00113.png,OF007,133@6_3,113,115712,cwt,gadf
133@6_3_00114.png,OF007,133@6_3,114,116736,cwt,gadf
133@6_3_00115.png,OF007,133@6_3,115,117760,cwt,gadf
133@6_3_00116.png,OF007,133@6_3,116,118784,cwt,gadf
133@6_3_00117.png,OF007,133@6_3,117,119808,cwt,gadf
197@6_0_00000.png,OF014,197@6_0,0,0,cwt,gadf
197@6_0_00001.png,OF014,197@6_0,1,1024,cwt,gadf
197@6_0_00002.png,OF014,197@6_0,2,2048,cwt,gadf
197@6_0_00003.png,OF014,197@6_0,3,3072,cwt,gadf
197@6_0_00004.png,OF014,197@6_0,4,4096,cwt,gadf
197@6_0_00005.png,OF014,197@6_0,5,5120,cwt,gadf
197@6_0_00006.png,OF014,197@6_0,6,6144,cwt,gadf
197@6_0_00007.png,OF014,197@6_0,7,7168,cwt,gadf
197@6_0_00008.png,OF014,197@6_0,8,8192,cwt,gadf
197@6_0_00009.png,OF014,197@6_0,9,9216,cwt,gadf
197@6_0_00010.png,OF014,197@6_0,10,10240,cwt,gadf
197@6_0_00011.png,OF014,197@6_0,11,11264,cwt,gadf
197@6_0_00012.png,OF014,197@6_0,12,12288,cwt,gadf
197@6_0_00013.png,OF014,197@6_0,13,13312,cwt,gadf
197@6_0_00014.png,OF014,197@6_0,14,14336,cwt,gadf
197@6_0_00015.png,OF014,197@6_0,15,15360,cwt,gadf
197@6_0_00016.png,OF014,197@6_0,16,16384,cwt,gadf
197@6_0_00017.png,OF014,197@6_0,17,17408,cwt,gadf
197@6_0_00018.png,OF014,197@6_0,18,18432,cwt,gadf
197@6_0_00019.png,OF014,197@6_0,19,19456,cwt,gadf
197@6_0_00020.png,OF014,197@6_0,20,20480,cwt,gadf
197@6_0_00021.png,OF014,197@6_0,21,21504,cwt,gadf
197@6_0_00022.png,OF014,197@6_0,22,22528,cwt,gadf
197@6_0_00023.png,OF014,197@6_0,23,23552,cwt,gadf
197@6_0_00024.png,OF014,197@6_0,24,24576,cwt,gadf
197@6_0_00025.png,OF014,197@6_0,25,25600,cwt,gadf
197@6_0_00026.png,OF014,197@6_0,26,26624,cwt,gadf
197@6_0_00027.png,OF014,197@6_0,27,27648,cwt,gadf
197@6_0_00028.png,OF014,197@6_0,28,28672,cwt,gadf
197@6_0_00029.png,OF014,197@6_0,29,29696,cwt,gadf
197@6_0_00030.png,OF014,197@6_0,30,30720,cwt,gadf
197@6_0_00031.png,OF014,197@6_0,31,31744,cwt,gadf
197@6_0_00032.png,OF014,197@6_0,32,32768,cwt,gadf
197@6_0_00033.png,OF014,197@6_0,33,33792,cwt,gadf
197@6_0_00034.png,OF014,197@6_0,34,34816,cwt,gadf
197@6_0_00035.png,OF014,197@6_0,35,35840,cwt,gadf
197@6_0_00036.png,OF014,197@6_0,36,36864,cwt,gadf
197@6_0_00037.png,OF014,197@6_0,37,37888,cwt,gadf
197@6_0_00038.png,OF014,197@6_0,38,38912,cwt,gadf
197@6_0_00039.png,OF014,197@6_0,39,39936,cwt,gadf
197@6_0_00040.png,OF014,197@6_0,40,40960,cwt,gadf
197@6_0_00041.png,OF014,197@6_0,41,41984,cwt,gadf
197@6_0_00042.png,OF014,197@6_0,42,43008,cwt,gadf
197@6_0_00043.png,OF014,197@6_0,43,44032,cwt,gadf
197@6_0_00044.png,OF014,197@6_0,44,45056,cwt,gadf
197@6_0_00045.png,OF014,197@6_0,45,46080,cwt,gadf
197@6_0_00046.png,OF014,197@6_0,46,47104,cwt,gadf
197@6_0_00047.png,OF014,197@6_0,47,48128,cwt,gadf
197@6_0_00048.png,OF014,197@6_0,48,49152,cwt,gadf
197@6_0_00049.png,OF014,197@6_0,49,50176,cwt,gadf
197@6_0_00050.png,OF014,197@6_0,50,51200,cwt,gadf
197@6_0_00051.png,OF014,197@6_0,51,52224,cwt,gadf
197@6_0_00052.png,OF014,197@6_0,52,53248,cwt,gadf
197@6_0_00053.png,OF014,197@6_0,53,54272,cwt,gadf
197@6_0_00054.png,OF014,197@6_0,54,55296,cwt,gadf
197@6_0_00055.png,OF014,197@6_0,55,56320,cwt,gadf
197@6_0_00056.png,OF014,197@6_0,56,57344,cwt,gadf
197@6_0_00057.png,OF014,197@6_0,57,58368,cwt,gadf
197@6_0_00058.png,OF014,197@6_0,58,59392,cwt,gadf
197@6_0_00059.png,OF014,197@6_0,59,60416,cwt,gadf
197@6_0_00060.png,OF014,197@6_0,60,61440,cwt,gadf
197@6_0_00061.png,OF014,197@6_0,61,62464,cwt,gadf
197@6_0_00062.png,OF014,197@6_0,62,63488,cwt,gadf
197@6_0_00063.png,OF014,197@6_0,63,64512,cwt,gadf
197@6_0_00064.png,OF014,197@6_0,64,65536,cwt,gadf
197@6_0_00065.png,OF014,197@6_0,65,66560,cwt,gadf
197@6_0_00066.png,OF014,197@6_0,66,67584,cwt,gadf
197@6_0_00067.png,OF014,197@6_0,67,68608,cwt,gadf
197@6_0_00068.png,OF014,197@6_0,68,69632,cwt,gadf
197@6_0_00069.png,OF014,197@6_0,69,70656,cwt,gadf
197@6_0_00070.png,OF014,197@6_0,70,71680,cwt,gadf
197@6_0_00071.png,OF014,197@6_0,71,72704,cwt,gadf
197@6_0_00072.png,OF014,197@6_0,72,73728,cwt,gadf
197@6_0_00073.png,OF014,197@6_0,73,74752,cwt,gadf
197@6_0_00074.png,OF014,197@6_0,74,75776,cwt,gadf
197@6_0_00075.png,OF014,197@6_0,75,76800,cwt,gadf
197@6_0_00076.png,OF014,197@6_0,76,77824,cwt,gadf
197@6_0_00077.png,OF014,197@6_0,77,78848,cwt,gadf
197@6_0_00078.png,OF014,197@6_0,78,79872,cwt,gadf
197@6_0_00079.png,OF014,197@6_0,79,80896,cwt,gadf
197@6_0_00080.png,OF014,197@6_0,80,81920,cwt,gadf
197@6_0_00081.png,OF014,197@6_0,81,82944,cwt,gadf
197@6_0_00082.png,OF014,197@6_0,82,83968,cwt,gadf
197@6_0_00083.png,OF014,197@6_0,83,84992,cwt,gadf
197@6_0_00084.png,OF014,197@6_0,84,86016,cwt,gadf
197@6_0_00085.png,OF014,197@6_0,85,87040,cwt,gadf
197@6_0_00086.png,OF014,197@6_0,86,88064,cwt,gadf
197@6_0_00087.png,OF014,197@6_0,87,89088,cwt,gadf
197@6_0_00088.png,OF014,197@6_0,88,90112,cwt,gadf
197@6_0_00089.png,OF014,197@6_0,89,91136,cwt,gadf
197@6_0_00090.png,OF014,197@6_0,90,92160,cwt,gadf
197@6_0_00091.png,OF014,197@6_0,91,93184,cwt,gadf
197@6_0_00092.png,OF014,197@6_0,92,94208,cwt,gadf
197@6_0_00093.png,OF014,197@6_0,93,95232,cwt,gadf
197@6_0_00094.png,OF014,197@6_0,94,96256,cwt,gadf
197@6_0_00095.png,OF014,197@6_0,95,97280,cwt,gadf
197@6_0_00096.png,OF014,197@6_0,96,98304,cwt,gadf
197@6_0_00097.png,OF014,197@6_0,97,99328,cwt,gadf
197@6_0_00098.png,OF014,197@6_0,98,100352,cwt,gadf
197@6_0_00099.png,OF014,197@6_0,99,101376,cwt,gadf
197@6_0_00100.png,OF014,197@6_0,100,102400,cwt,gadf
197@6_0_00101.png,OF014,197@6_0,101,103424,cwt,gadf
197@6_0_00102.png,OF014,197@6_0,102,104448,cwt,gadf
197@6_0_00103.png,OF014,197@6_0,103,105472,cwt,gadf
197@6_0_00104.png,OF014,197@6_0,104,106496,cwt,gadf
197@6_0_00105.png,OF014,197@6_0,105,107520,cwt,gadf
197@6_0_00106.png,OF014,197@6_0,106,108544,cwt,gadf
197@6_0_00107.png,OF014,197@6_0,107,109568,cwt,gadf
197@6_0_00108.png,OF014,197@6_0,108,110592,cwt,gadf
197@6_0_00109.png,OF014,197@6_0,109,111616,cwt,gadf
197@6_0_00110.png,OF014,197@6_0,110,112640,cwt,gadf
197@6_0_00111.png,OF014,197@6_0,111,113664,cwt,gadf
197@6_0_00112.png,OF014,197@6_0,112,114688,cwt,gadf
197@6_0_00113.png,OF014,197@6_0,113,115712,cwt,gadf
197@6_0_00114.png,OF014,197@6_0,114,116736,cwt,gadf
197@6_0_00115.png,OF014,197@6_0,115,117760,cwt,gadf
197@6_0_00116.png,OF014,197@6_0,116,118784,cwt,gadf
198@6_1_00000.png,OF014,198@6_1,0,0,cwt,gadf
198@6_1_00001.png,OF014,198@6_1,1,1024,cwt,gadf
198@6_1_00002.png,OF014,198@6_1,2,2048,cwt,gadf
198@6_1_00003.png,OF014,198@6_1,3,3072,cwt,gadf
198@6_1_00004.png,OF014,198@6_1,4,4096,cwt,gadf
198@6_1_00005.png,OF014,198@6_1,5,5120,cwt,gadf
198@6_1_00006.png,OF014,198@6_1,6,6144,cwt,gadf
198@6_1_00007.png,OF014,198@6_1,7,7168,cwt,gadf
198@6_1_00008.png,OF014,198@6_1,8,8192,cwt,gadf
198@6_1_00009.png,OF014,198@6_1,9,9216,cwt,gadf
198@6_1_00010.png,OF014,198@6_1,10,10240,cwt,gadf
198@6_1_00011.png,OF014,198@6_1,11,11264,cwt,gadf
198@6_1_00012.png,OF014,198@6_1,12,12288,cwt,gadf
198@6_1_00013.png,OF014,198@6_1,13,13312,cwt,gadf
198@6_1_00014.png,OF014,198@6_1,14,14336,cwt,gadf
198@6_1_00015.png,OF014,198@6_1,15,15360,cwt,gadf
198@6_1_00016.png,OF014,198@6_1,16,16384,cwt,gadf
198@6_1_00017.png,OF014,198@6_1,17,17408,cwt,gadf
198@6_1_00018.png,OF014,198@6_1,18,18432,cwt,gadf
198@6_1_00019.png,OF014,198@6_1,19,19456,cwt,gadf
198@6_1_00020.png,OF014,198@6_1,20,20480,cwt,gadf
198@6_1_00021.png,OF014,198@6_1,21,21504,cwt,gadf
198@6_1_00022.png,OF014,198@6_1,22,22528,cwt,gadf
198@6_1_00023.png,OF014,198@6_1,23,23552,cwt,gadf
198@6_1_00024.png,OF014,198@6_1,24,24576,cwt,gadf
198@6_1_00025.png,OF014,198@6_1,25,25600,cwt,gadf
198@6_1_00026.png,OF014,198@6_1,26,26624,cwt,gadf
198@6_1_00027.png,OF014,198@6_1,27,27648,cwt,gadf
198@6_1_00028.png,OF014,198@6_1,28,28672,cwt,gadf
198@6_1_00029.png,OF014,198@6_1,29,29696,cwt,gadf
198@6_1_00030.png,OF014,198@6_1,30,30720,cwt,gadf
198@6_1_00031.png,OF014,198@6_1,31,31744,cwt,gadf
198@6_1_00032.png,OF014,198@6_1,32,32768,cwt,gadf
198@6_1_00033.png,OF014,198@6_1,33,33792,cwt,gadf
198@6_1_00034.png,OF014,198@6_1,34,34816,cwt,gadf
198@6_1_00035.png,OF014,198@6_1,35,35840,cwt,gadf
198@6_1_00036.png,OF014,198@6_1,36,36864,cwt,gadf
198@6_1_00037.png,OF014,198@6_1,37,37888,cwt,gadf
198@6_1_00038.png,OF014,198@6_1,38,38912,cwt,gadf
198@6_1_00039.png,OF014,198@6_1,39,39936,cwt,gadf
198@6_1_00040.png,OF014,198@6_1,40,40960,cwt,gadf
198@6_1_00041.png,OF014,198@6_1,41,41984,cwt,gadf
198@6_1_00042.png,OF014,198@6_1,42,43008,cwt,gadf
198@6_1_00043.png,OF014,198@6_1,43,44032,cwt,gadf
198@6_1_00044.png,OF014,198@6_1,44,45056,cwt,gadf
198@6_1_00045.png,OF014,198@6_1,45,46080,cwt,gadf
198@6_1_00046.png,OF014,198@6_1,46,47104,cwt,gadf
198@6_1_00047.png,OF014,198@6_1,47,48128,cwt,gadf
198@6_1_00048.png,OF014,198@6_1,48,49152,cwt,gadf
198@6_1_00049.png,OF014,198@6_1,49,50176,cwt,gadf
198@6_1_00050.png,OF014,198@6_1,50,51200,cwt,gadf
198@6_1_00051.png,OF014,198@6_1,51,52224,cwt,gadf
198@6_1_00052.png,OF014,198@6_1,52,53248,cwt,gadf
198@6_1_00053.png,OF014,198@6_1,53,54272,cwt,gadf
198@6_1_00054.png,OF014,198@6_1,54,55296,cwt,gadf
198@6_1_00055.png,OF014,198@6_1,55,56320,cwt,gadf
198@6_1_00056.png,OF014,198@6_1,56,57344,cwt,gadf
198@6_1_00057.png,OF014,198@6_1,57,58368,cwt,gadf
198@6_1_00058.png,OF014,198@6_1,58,59392,cwt,gadf
198@6_1_00059.png,OF014,198@6_1,59,60416,cwt,gadf
198@6_1_00060.png,OF014,198@6_1,60,61440,cwt,gadf
198@6_1_00061.png,OF014,198@6_1,61,62464,cwt,gadf
198@6_1_00062.png,OF014,198@6_1,62,63488,cwt,gadf
198@6_1_00063.png,OF014,198@6_1,63,64512,cwt,gadf
198@6_1_00064.png,OF014,198@6_1,64,65536,cwt,gadf
198@6_1_00065.png,OF014,198@6_1,65,66560,cwt,gadf
198@6_1_00066.png,OF014,198@6_1,66,67584,cwt,gadf
198@6_1_00067.png,OF014,198@6_1,67,68608,cwt,gadf
198@6_1_00068.png,OF014,198@6_1,68,69632,cwt,gadf
198@6_1_00069.png,OF014,198@6_1,69,70656,cwt,gadf
198@6_1_00070.png,OF014,198@6_1,70,71680,cwt,gadf
198@6_1_00071.png,OF014,198@6_1,71,72704,cwt,gadf
198@6_1_00072.png,OF014,198@6_1,72,73728,cwt,gadf
198@6_1_00073.png,OF014,198@6_1,73,74752,cwt,gadf
198@6_1_00074.png,OF014,198@6_1,74,75776,cwt,gadf
198@6_1_00075.png,OF014,198@6_1,75,76800,cwt,gadf
198@6_1_00076.png,OF014,198@6_1,76,77824,cwt,gadf
198@6_1_00077.png,OF014,198@6_1,77,78848,cwt,gadf
198@6_1_00078.png,OF014,198@6_1,78,79872,cwt,gadf
198@6_1_00079.png,OF014,198@6_1,79,80896,cwt,gadf
198@6_1_00080.png,OF014,198@6_1,80,81920,cwt,gadf
198@6_1_00081.png,OF014,198@6_1,81,82944,cwt,gadf
198@6_1_00082.png,OF014,198@6_1,82,83968,cwt,gadf
198@6_1_00083.png,OF014,198@6_1,83,84992,cwt,gadf
198@6_1_00084.png,OF014,198@6_1,84,86016,cwt,gadf
198@6_1_00085.png,OF014,198@6_1,85,87040,cwt,gadf
198@6_1_00086.png,OF014,198@6_1,86,88064,cwt,gadf
198@6_1_00087.png,OF014,198@6_1,87,89088,cwt,gadf
198@6_1_00088.png,OF014,198@6_1,88,90112,cwt,gadf
198@6_1_00089.png,OF014,198@6_1,89,91136,cwt,gadf
198@6_1_00090.png,OF014,198@6_1,90,92160,cwt,gadf
198@6_1_00091.png,OF014,198@6_1,91,93184,cwt,gadf
198@6_1_00092.png,OF014,198@6_1,92,94208,cwt,gadf
198@6_1_00093.png,OF014,198@6_1,93,95232,cwt,gadf
198@6_1_00094.png,OF014,198@6_1,94,96256,cwt,gadf
198@6_1_00095.png,OF014,198@6_1,95,97280,cwt,gadf
198@6_1_00096.png,OF014,198@6_1,96,98304,cwt,gadf
198@6_1_00097.png,OF014,198@6_1,97,99328,cwt,gadf
198@6_1_00098.png,OF014,198@6_1,98,100352,cwt,gadf
198@6_1_00099.png,OF014,198@6_1,99,101376,cwt,gadf
198@6_1_00100.png,OF014,198@6_1,100,102400,cwt,gadf
198@6_1_00101.png,OF014,198@6_1,101,103424,cwt,gadf
198@6_1_00102.png,OF014,198@6_1,102,104448,cwt,gadf
198@6_1_00103.png,OF014,198@6_1,103,105472,cwt,gadf
198@6_1_00104.png,OF014,198@6_1,104,106496,cwt,gadf
198@6_1_00105.png,OF014,198@6_1,105,107520,cwt,gadf
198@6_1_00106.png,OF014,198@6_1,106,108544,cwt,gadf
198@6_1_00107.png,OF014,198@6_1,107,109568,cwt,gadf
198@6_1_00108.png,OF014,198@6_1,108,110592,cwt,gadf
198@6_1_00109.png,OF014,198@6_1,109,111616,cwt,gadf
198@6_1_00110.png,OF014,198@6_1,110,112640,cwt,gadf
198@6_1_00111.png,OF014,198@6_1,111,113664,cwt,gadf
198@6_1_00112.png,OF014,198@6_1,112,114688,cwt,gadf
198@6_1_00113.png,OF014,198@6_1,113,115712,cwt,gadf
198@6_1_00114.png,OF014,198@6_1,114,116736,cwt,gadf
198@6_1_00115.png,OF014,198@6_1,115,117760,cwt,gadf
198@6_1_00116.png,OF014,198@6_1,116,118784,cwt,gadf
198@6_1_00117.png,OF014,198@6_1,117,119808,cwt,gadf
199@6_2_00000.png,OF014,199@6_2,0,0,cwt,gadf
199@6_2_00001.png,OF014,199@6_2,1,1024,cwt,gadf
199@6_2_00002.png,OF014,199@6_2,2,2048,cwt,gadf
199@6_2_00003.png,OF014,199@6_2,3,3072,cwt,gadf
199@6_2_00004.png,OF014,199@6_2,4,4096,cwt,gadf
199@6_2_00005.png,OF014,199@6_2,5,5120,cwt,gadf
199@6_2_00006.png,OF014,199@6_2,6,6144,cwt,gadf
199@6_2_00007.png,OF014,199@6_2,7,7168,cwt,gadf
199@6_2_00008.png,OF014,199@6_2,8,8192,cwt,gadf
199@6_2_00009.png,OF014,199@6_2,9,9216,cwt,gadf
199@6_2_00010.png,OF014,199@6_2,10,10240,cwt,gadf
199@6_2_00011.png,OF014,199@6_2,11,11264,cwt,gadf
199@6_2_00012.png,OF014,199@6_2,12,12288,cwt,gadf
199@6_2_00013.png,OF014,199@6_2,13,13312,cwt,gadf
199@6_2_00014.png,OF014,199@6_2,14,14336,cwt,gadf
199@6_2_00015.png,OF014,199@6_2,15,15360,cwt,gadf
199@6_2_00016.png,OF014,199@6_2,16,16384,cwt,gadf
199@6_2_00017.png,OF014,199@6_2,17,17408,cwt,gadf
199@6_2_00018.png,OF014,199@6_2,18,18432,cwt,gadf
199@6_2_00019.png,OF014,199@6_2,19,19456,cwt,gadf
199@6_2_00020.png,OF014,199@6_2,20,20480,cwt,gadf
199@6_2_00021.png,OF014,199@6_2,21,21504,cwt,gadf
199@6_2_00022.png,OF014,199@6_2,22,22528,cwt,gadf
199@6_2_00023.png,OF014,199@6_2,23,23552,cwt,gadf
199@6_2_00024.png,OF014,199@6_2,24,24576,cwt,gadf
199@6_2_00025.png,OF014,199@6_2,25,25600,cwt,gadf
199@6_2_00026.png,OF014,199@6_2,26,26624,cwt,gadf
199@6_2_00027.png,OF014,199@6_2,27,27648,cwt,gadf
199@6_2_00028.png,OF014,199@6_2,28,28672,cwt,gadf
199@6_2_00029.png,OF014,199@6_2,29,29696,cwt,gadf
199@6_2_00030.png,OF014,199@6_2,30,30720,cwt,gadf
199@6_2_00031.png,OF014,199@6_2,31,31744,cwt,gadf
199@6_2_00032.png,OF014,199@6_2,32,32768,cwt,gadf
199@6_2_00033.png,OF014,199@6_2,33,33792,cwt,gadf
199@6_2_00034.png,OF014,199@6_2,34,34816,cwt,gadf
199@6_2_00035.png,OF014,199@6_2,35,35840,cwt,gadf
199@6_2_00036.png,OF014,199@6_2,36,36864,cwt,gadf
199@6_2_00037.png,OF014,199@6_2,37,37888,cwt,gadf
199@6_2_00038.png,OF014,199@6_2,38,38912,cwt,gadf
199@6_2_00039.png,OF014,199@6_2,39,39936,cwt,gadf
199@6_2_00040.png,OF014,199@6_2,40,40960,cwt,gadf
199@6_2_00041.png,OF014,199@6_2,41,41984,cwt,gadf
199@6_2_00042.png,OF014,199@6_2,42,43008,cwt,gadf
199@6_2_00043.png,OF014,199@6_2,43,44032,cwt,gadf
199@6_2_00044.png,OF014,199@6_2,44,45056,cwt,gadf
199@6_2_00045.png,OF014,199@6_2,45,46080,cwt,gadf
199@6_2_00046.png,OF014,199@6_2,46,47104,cwt,gadf
199@6_2_00047.png,OF014,199@6_2,47,48128,cwt,gadf
199@6_2_00048.png,OF014,199@6_2,48,49152,cwt,gadf
199@6_2_00049.png,OF014,199@6_2,49,50176,cwt,gadf
199@6_2_00050.png,OF014,199@6_2,50,51200,cwt,gadf
199@6_2_00051.png,OF014,199@6_2,51,52224,cwt,gadf
199@6_2_00052.png,OF014,199@6_2,52,53248,cwt,gadf
199@6_2_00053.png,OF014,199@6_2,53,54272,cwt,gadf
199@6_2_00054.png,OF014,199@6_2,54,55296,cwt,gadf
199@6_2_00055.png,OF014,199@6_2,55,56320,cwt,gadf
199@6_2_00056.png,OF014,199@6_2,56,57344,cwt,gadf
199@6_2_00057.png,OF014,199@6_2,57,58368,cwt,gadf
199@6_2_00058.png,OF014,199@6_2,58,59392,cwt,gadf
199@6_2_00059.png,OF014,199@6_2,59,60416,cwt,gadf
199@6_2_00060.png,OF014,199@6_2,60,61440,cwt,gadf
199@6_2_00061.png,OF014,199@6_2,61,62464,cwt,gadf
199@6_2_00062.png,OF014,199@6_2,62,63488,cwt,gadf
199@6_2_00063.png,OF014,199@6_2,63,64512,cwt,gadf
199@6_2_00064.png,OF014,199@6_2,64,65536,cwt,gadf
199@6_2_00065.png,OF014,199@6_2,65,66560,cwt,gadf
199@6_2_00066.png,OF014,199@6_2,66,67584,cwt,gadf
199@6_2_00067.png,OF014,199@6_2,67,68608,cwt,gadf
199@6_2_00068.png,OF014,199@6_2,68,69632,cwt,gadf
199@6_2_00069.png,OF014,199@6_2,69,70656,cwt,gadf
199@6_2_00070.png,OF014,199@6_2,70,71680,cwt,gadf
199@6_2_00071.png,OF014,199@6_2,71,72704,cwt,gadf
199@6_2_00072.png,OF014,199@6_2,72,73728,cwt,gadf
199@6_2_00073.png,OF014,199@6_2,73,74752,cwt,gadf
199@6_2_00074.png,OF014,199@6_2,74,75776,cwt,gadf
199@6_2_00075.png,OF014,199@6_2,75,76800,cwt,gadf
199@6_2_00076.png,OF014,199@6_2,76,77824,cwt,gadf
199@6_2_00077.png,OF014,199@6_2,77,78848,cwt,gadf
199@6_2_00078.png,OF014,199@6_2,78,79872,cwt,gadf
199@6_2_00079.png,OF014,199@6_2,79,80896,cwt,gadf
199@6_2_00080.png,OF014,199@6_2,80,81920,cwt,gadf
199@6_2_00081.png,OF014,199@6_2,81,82944,cwt,gadf
199@6_2_00082.png,OF014,199@6_2,82,83968,cwt,gadf
199@6_2_00083.png,OF014,199@6_2,83,84992,cwt,gadf
199@6_2_00084.png,OF014,199@6_2,84,86016,cwt,gadf
199@6_2_00085.png,OF014,199@6_2,85,87040,cwt,gadf
199@6_2_00086.png,OF014,199@6_2,86,88064,cwt,gadf
199@6_2_00087.png,OF014,199@6_2,87,89088,cwt,gadf
199@6_2_00088.png,OF014,199@6_2,88,90112,cwt,gadf
199@6_2_00089.png,OF014,199@6_2,89,91136,cwt,gadf
199@6_2_00090.png,OF014,199@6_2,90,92160,cwt,gadf
199@6_2_00091.png,OF014,199@6_2,91,93184,cwt,gadf
199@6_2_00092.png,OF014,199@6_2,92,94208,cwt,gadf
199@6_2_00093.png,OF014,199@6_2,93,95232,cwt,gadf
199@6_2_00094.png,OF014,199@6_2,94,96256,cwt,gadf
199@6_2_00095.png,OF014,199@6_2,95,97280,cwt,gadf
199@6_2_00096.png,OF014,199@6_2,96,98304,cwt,gadf
199@6_2_00097.png,OF014,199@6_2,97,99328,cwt,gadf
199@6_2_00098.png,OF014,199@6_2,98,100352,cwt,gadf
199@6_2_00099.png,OF014,199@6_2,99,101376,cwt,gadf
199@6_2_00100.png,OF014,199@6_2,100,102400,cwt,gadf
199@6_2_00101.png,OF014,199@6_2,101,103424,cwt,gadf
199@6_2_00102.png,OF014,199@6_2,102,104448,cwt,gadf
199@6_2_00103.png,OF014,199@6_2,103,105472,cwt,gadf
199@6_2_00104.png,OF014,199@6_2,104,106496,cwt,gadf
199@6_2_00105.png,OF014,199@6_2,105,107520,cwt,gadf
199@6_2_00106.png,OF014,199@6_2,106,108544,cwt,gadf
199@6_2_00107.png,OF014,199@6_2,107,109568,cwt,gadf
199@6_2_00108.png,OF014,199@6_2,108,110592,cwt,gadf
199@6_2_00109.png,OF014,199@6_2,109,111616,cwt,gadf
199@6_2_00110.png,OF014,199@6_2,110,112640,cwt,gadf
199@6_2_00111.png,OF014,199@6_2,111,113664,cwt,gadf
199@6_2_00112.png,OF014,199@6_2,112,114688,cwt,gadf
199@6_2_00113.png,OF014,199@6_2,113,115712,cwt,gadf
199@6_2_00114.png,OF014,199@6_2,114,116736,cwt,gadf
199@6_2_00115.png,OF014,199@6_2,115,117760,cwt,gadf
199@6_2_00116.png,OF014,199@6_2,116,118784,cwt,gadf
200@6_3_00000.png,OF014,200@6_3,0,0,cwt,gadf
200@6_3_00001.png,OF014,200@6_3,1,1024,cwt,gadf
200@6_3_00002.png,OF014,200@6_3,2,2048,cwt,gadf
200@6_3_00003.png,OF014,200@6_3,3,3072,cwt,gadf
200@6_3_00004.png,OF014,200@6_3,4,4096,cwt,gadf
200@6_3_00005.png,OF014,200@6_3,5,5120,cwt,gadf
200@6_3_00006.png,OF014,200@6_3,6,6144,cwt,gadf
200@6_3_00007.png,OF014,200@6_3,7,7168,cwt,gadf
200@6_3_00008.png,OF014,200@6_3,8,8192,cwt,gadf
200@6_3_00009.png,OF014,200@6_3,9,9216,cwt,gadf
200@6_3_00010.png,OF014,200@6_3,10,10240,cwt,gadf
200@6_3_00011.png,OF014,200@6_3,11,11264,cwt,gadf
200@6_3_00012.png,OF014,200@6_3,12,12288,cwt,gadf
200@6_3_00013.png,OF014,200@6_3,13,13312,cwt,gadf
200@6_3_00014.png,OF014,200@6_3,14,14336,cwt,gadf
200@6_3_00015.png,OF014,200@6_3,15,15360,cwt,gadf
200@6_3_00016.png,OF014,200@6_3,16,16384,cwt,gadf
200@6_3_00017.png,OF014,200@6_3,17,17408,cwt,gadf
200@6_3_00018.png,OF014,200@6_3,18,18432,cwt,gadf
200@6_3_00019.png,OF014,200@6_3,19,19456,cwt,gadf
200@6_3_00020.png,OF014,200@6_3,20,20480,cwt,gadf
200@6_3_00021.png,OF014,200@6_3,21,21504,cwt,gadf
200@6_3_00022.png,OF014,200@6_3,22,22528,cwt,gadf
200@6_3_00023.png,OF014,200@6_3,23,23552,cwt,gadf
200@6_3_00024.png,OF014,200@6_3,24,24576,cwt,gadf
200@6_3_00025.png,OF014,200@6_3,25,25600,cwt,gadf
200@6_3_00026.png,OF014,200@6_3,26,26624,cwt,gadf
200@6_3_00027.png,OF014,200@6_3,27,27648,cwt,gadf
200@6_3_00028.png,OF014,200@6_3,28,28672,cwt,gadf
200@6_3_00029.png,OF014,200@6_3,29,29696,cwt,gadf
200@6_3_00030.png,OF014,200@6_3,30,30720,cwt,gadf
200@6_3_00031.png,OF014,200@6_3,31,31744,cwt,gadf
200@6_3_00032.png,OF014,200@6_3,32,32768,cwt,gadf
200@6_3_00033.png,OF014,200@6_3,33,33792,cwt,gadf
200@6_3_00034.png,OF014,200@6_3,34,34816,cwt,gadf
200@6_3_00035.png,OF014,200@6_3,35,35840,cwt,gadf
200@6_3_00036.png,OF014,200@6_3,36,36864,cwt,gadf
200@6_3_00037.png,OF014,200@6_3,37,37888,cwt,gadf
200@6_3_00038.png,OF014,200@6_3,38,38912,cwt,gadf
200@6_3_00039.png,OF014,200@6_3,39,39936,cwt,gadf
200@6_3_00040.png,OF014,200@6_3,40,40960,cwt,gadf
200@6_3_00041.png,OF014,200@6_3,41,41984,cwt,gadf
200@6_3_00042.png,OF014,200@6_3,42,43008,cwt,gadf
200@6_3_00043.png,OF014,200@6_3,43,44032,cwt,gadf
200@6_3_00044.png,OF014,200@6_3,44,45056,cwt,gadf
200@6_3_00045.png,OF014,200@6_3,45,46080,cwt,gadf
200@6_3_00046.png,OF014,200@6_3,46,47104,cwt,gadf
200@6_3_00047.png,OF014,200@6_3,47,48128,cwt,gadf
200@6_3_00048.png,OF014,200@6_3,48,49152,cwt,gadf
200@6_3_00049.png,OF014,200@6_3,49,50176,cwt,gadf
200@6_3_00050.png,OF014,200@6_3,50,51200,cwt,gadf
200@6_3_00051.png,OF014,200@6_3,51,52224,cwt,gadf
200@6_3_00052.png,OF014,200@6_3,52,53248,cwt,gadf
200@6_3_00053.png,OF014,200@6_3,53,54272,cwt,gadf
200@6_3_00054.png,OF014,200@6_3,54,55296,cwt,gadf
200@6_3_00055.png,OF014,200@6_3,55,56320,cwt,gadf
200@6_3_00056.png,OF014,200@6_3,56,57344,cwt,gadf
200@6_3_00057.png,OF014,200@6_3,57,58368,cwt,gadf
200@6_3_00058.png,OF014,200@6_3,58,59392,cwt,gadf
200@6_3_00059.png,OF014,200@6_3,59,60416,cwt,gadf
200@6_3_00060.png,OF014,200@6_3,60,61440,cwt,gadf
200@6_3_00061.png,OF014,200@6_3,61,62464,cwt,gadf
200@6_3_00062.png,OF014,200@6_3,62,63488,cwt,gadf
200@6_3_00063.png,OF014,200@6_3,63,64512,cwt,gadf
200@6_3_00064.png,OF014,200@6_3,64,65536,cwt,gadf
200@6_3_00065.png,OF014,200@6_3,65,66560,cwt,gadf
200@6_3_00066.png,OF014,200@6_3,66,67584,cwt,gadf
200@6_3_00067.png,OF014,200@6_3,67,68608,cwt,gadf
200@6_3_00068.png,OF014,200@6_3,68,69632,cwt,gadf
200@6_3_00069.png,OF014,200@6_3,69,70656,cwt,gadf
200@6_3_00070.png,OF014,200@6_3,70,71680,cwt,gadf
200@6_3_00071.png,OF014,200@6_3,71,72704,cwt,gadf
200@6_3_00072.png,OF014,200@6_3,72,73728,cwt,gadf
200@6_3_00073.png,OF014,200@6_3,73,74752,cwt,gadf
200@6_3_00074.png,OF014,200@6_3,74,75776,cwt,gadf
200@6_3_00075.png,OF014,200@6_3,75,76800,cwt,gadf
200@6_3_00076.png,OF014,200@6_3,76,77824,cwt,gadf
200@6_3_00077.png,OF014,200@6_3,77,78848,cwt,gadf
200@6_3_00078.png,OF014,200@6_3,78,79872,cwt,gadf
200@6_3_00079.png,OF014,200@6_3,79,80896,cwt,gadf
200@6_3_00080.png,OF014,200@6_3,80,81920,cwt,gadf
200@6_3_00081.png,OF014,200@6_3,81,82944,cwt,gadf
200@6_3_00082.png,OF014,200@6_3,82,83968,cwt,gadf
200@6_3_00083.png,OF014,200@6_3,83,84992,cwt,gadf
200@6_3_00084.png,OF014,200@6_3,84,86016,cwt,gadf
200@6_3_00085.png,OF014,200@6_3,85,87040,cwt,gadf
200@6_3_00086.png,OF014,200@6_3,86,88064,cwt,gadf
200@6_3_00087.png,OF014,200@6_3,87,89088,cwt,gadf
200@6_3_00088.png,OF014,200@6_3,88,90112,cwt,gadf
200@6_3_00089.png,OF014,200@6_3,89,91136,cwt,gadf
200@6_3_00090.png,OF014,200@6_3,90,92160,cwt,gadf
200@6_3_00091.png,OF014,200@6_3,91,93184,cwt,gadf
200@6_3_00092.png,OF014,200@6_3,92,94208,cwt,gadf
200@6_3_00093.png,OF014,200@6_3,93,95232,cwt,gadf
200@6_3_00094.png,OF014,200@6_3,94,96256,cwt,gadf
200@6_3_00095.png,OF014,200@6_3,95,97280,cwt,gadf
200@6_3_00096.png,OF014,200@6_3,96,98304,cwt,gadf
200@6_3_00097.png,OF014,200@6_3,97,99328,cwt,gadf
200@6_3_00098.png,OF014,200@6_3,98,100352,cwt,gadf
200@6_3_00099.png,OF014,200@6_3,99,101376,cwt,gadf
200@6_3_00100.png,OF014,200@6_3,100,102400,cwt,gadf
200@6_3_00101.png,OF014,200@6_3,101,103424,cwt,gadf
200@6_3_00102.png,OF014,200@6_3,102,104448,cwt,gadf
200@6_3_00103.png,OF014,200@6_3,103,105472,cwt,gadf
200@6_3_00104.png,OF014,200@6_3,104,106496,cwt,gadf
200@6_3_00105.png,OF014,200@6_3,105,107520,cwt,gadf
200@6_3_00106.png,OF014,200@6_3,106,108544,cwt,gadf
200@6_3_00107.png,OF014,200@6_3,107,109568,cwt,gadf
200@6_3_00108.png,OF014,200@6_3,108,110592,cwt,gadf
200@6_3_00109.png,OF014,200@6_3,109,111616,cwt,gadf
200@6_3_00110.png,OF014,200@6_3,110,112640,cwt,gadf
200@6_3_00111.png,OF014,200@6_3,111,113664,cwt,gadf
200@6_3_00112.png,OF014,200@6_3,112,114688,cwt,gadf
200@6_3_00113.png,OF014,200@6_3,113,115712,cwt,gadf
200@6_3_00114.png,OF014,200@6_3,114,116736,cwt,gadf
200@6_3_00115.png,OF014,200@6_3,115,117760,cwt,gadf
200@6_3_00116.png,OF014,200@6_3,116,118784,cwt,gadf
200@6_3_00117.png,OF014,200@6_3,117,119808,cwt,gadf
234_0_00000.png,OF021,234_0,0,0,cwt,gadf
234_0_00001.png,OF021,234_0,1,1024,cwt,gadf
234_0_00002.png,OF021,234_0,2,2048,cwt,gadf
234_0_00003.png,OF021,234_0,3,3072,cwt,gadf
234_0_00004.png,OF021,234_0,4,4096,cwt,gadf
234_0_00005.png,OF021,234_0,5,5120,cwt,gadf
234_0_00006.png,OF021,234_0,6,6144,cwt,gadf
234_0_00007.png,OF021,234_0,7,7168,cwt,gadf
234_0_00008.png,OF021,234_0,8,8192,cwt,gadf
234_0_00009.png,OF021,234_0,9,9216,cwt,gadf
234_0_00010.png,OF021,234_0,10,10240,cwt,gadf
234_0_00011.png,OF021,234_0,11,11264,cwt,gadf
234_0_00012.png,OF021,234_0,12,12288,cwt,gadf
234_0_00013.png,OF021,234_0,13,13312,cwt,gadf
234_0_00014.png,OF021,234_0,14,14336,cwt,gadf
234_0_00015.png,OF021,234_0,15,15360,cwt,gadf
234_0_00016.png,OF021,234_0,16,16384,cwt,gadf
234_0_00017.png,OF021,234_0,17,17408,cwt,gadf
234_0_00018.png,OF021,234_0,18,18432,cwt,gadf
234_0_00019.png,OF021,234_0,19,19456,cwt,gadf
234_0_00020.png,OF021,234_0,20,20480,cwt,gadf
234_0_00021.png,OF021,234_0,21,21504,cwt,gadf
234_0_00022.png,OF021,234_0,22,22528,cwt,gadf
234_0_00023.png,OF021,234_0,23,23552,cwt,gadf
234_0_00024.png,OF021,234_0,24,24576,cwt,gadf
234_0_00025.png,OF021,234_0,25,25600,cwt,gadf
234_0_00026.png,OF021,234_0,26,26624,cwt,gadf
234_0_00027.png,OF021,234_0,27,27648,cwt,gadf
234_0_00028.png,OF021,234_0,28,28672,cwt,gadf
234_0_00029.png,OF021,234_0,29,29696,cwt,gadf
234_0_00030.png,OF021,234_0,30,30720,cwt,gadf
234_0_00031.png,OF021,234_0,31,31744,cwt,gadf
234_0_00032.png,OF021,234_0,32,32768,cwt,gadf
234_0_00033.png,OF021,234_0,33,33792,cwt,gadf
234_0_00034.png,OF021,234_0,34,34816,cwt,gadf
234_0_00035.png,OF021,234_0,35,35840,cwt,gadf
234_0_00036.png,OF021,234_0,36,36864,cwt,gadf
234_0_00037.png,OF021,234_0,37,37888,cwt,gadf
234_0_00038.png,OF021,234_0,38,38912,cwt,gadf
234_0_00039.png,OF021,234_0,39,39936,cwt,gadf
234_0_00040.png,OF021,234_0,40,40960,cwt,gadf
234_0_00041.png,OF021,234_0,41,41984,cwt,gadf
234_0_00042.png,OF021,234_0,42,43008,cwt,gadf
234_0_00043.png,OF021,234_0,43,44032,cwt,gadf
234_0_00044.png,OF021,234_0,44,45056,cwt,gadf
234_0_00045.png,OF021,234_0,45,46080,cwt,gadf
234_0_00046.png,OF021,234_0,46,47104,cwt,gadf
234_0_00047.png,OF021,234_0,47,48128,cwt,gadf
234_0_00048.png,OF021,234_0,48,49152,cwt,gadf
234_0_00049.png,OF021,234_0,49,50176,cwt,gadf
234_0_00050.png,OF021,234_0,50,51200,cwt,gadf
234_0_00051.png,OF021,234_0,51,52224,cwt,gadf
234_0_00052.png,OF021,234_0,52,53248,cwt,gadf
234_0_00053.png,OF021,234_0,53,54272,cwt,gadf
234_0_00054.png,OF021,234_0,54,55296,cwt,gadf
234_0_00055.png,OF021,234_0,55,56320,cwt,gadf
234_0_00056.png,OF021,234_0,56,57344,cwt,gadf
234_0_00057.png,OF021,234_0,57,58368,cwt,gadf
234_0_00058.png,OF021,234_0,58,59392,cwt,gadf
234_0_00059.png,OF021,234_0,59,60416,cwt,gadf
234_0_00060.png,OF021,234_0,60,61440,cwt,gadf
234_0_00061.png,OF021,234_0,61,62464,cwt,gadf
234_0_00062.png,OF021,234_0,62,63488,cwt,gadf
234_0_00063.png,OF021,234_0,63,64512,cwt,gadf
234_0_00064.png,OF021,234_0,64,65536,cwt,gadf
234_0_00065.png,OF021,234_0,65,66560,cwt,gadf
234_0_00066.png,OF021,234_0,66,67584,cwt,gadf
234_0_00067.png,OF021,234_0,67,68608,cwt,gadf
234_0_00068.png,OF021,234_0,68,69632,cwt,gadf
234_0_00069.png,OF021,234_0,69,70656,cwt,gadf
234_0_00070.png,OF021,234_0,70,71680,cwt,gadf
234_0_00071.png,OF021,234_0,71,72704,cwt,gadf
234_0_00072.png,OF021,234_0,72,73728,cwt,gadf
234_0_00073.png,OF021,234_0,73,74752,cwt,gadf
234_0_00074.png,OF021,234_0,74,75776,cwt,gadf
234_0_00075.png,OF021,234_0,75,76800,cwt,gadf
234_0_00076.png,OF021,234_0,76,77824,cwt,gadf
234_0_00077.png,OF021,234_0,77,78848,cwt,gadf
234_0_00078.png,OF021,234_0,78,79872,cwt,gadf
234_0_00079.png,OF021,234_0,79,80896,cwt,gadf
234_0_00080.png,OF021,234_0,80,81920,cwt,gadf
234_0_00081.png,OF021,234_0,81,82944,cwt,gadf
234_0_00082.png,OF021,234_0,82,83968,cwt,gadf
234_0_00083.png,OF021,234_0,83,84992,cwt,gadf
234_0_00084.png,OF021,234_0,84,86016,cwt,gadf
234_0_00085.png,OF021,234_0,85,87040,cwt,gadf
234_0_00086.png,OF021,234_0,86,88064,cwt,gadf
234_0_00087.png,OF021,234_0,87,89088,cwt,gadf
234_0_00088.png,OF021,234_0,88,90112,cwt,gadf
234_0_00089.png,OF021,234_0,89,91136,cwt,gadf
234_0_00090.png,OF021,234_0,90,92160,cwt,gadf
234_0_00091.png,OF021,234_0,91,93184,cwt,gadf
234_0_00092.png,OF021,234_0,92,94208,cwt,gadf
234_0_00093.png,OF021,234_0,93,95232,cwt,gadf
234_0_00094.png,OF021,234_0,94,96256,cwt,gadf
234_0_00095.png,OF021,234_0,95,97280,cwt,gadf
234_0_00096.png,OF021,234_0,96,98304,cwt,gadf
234_0_00097.png,OF021,234_0,97,99328,cwt,gadf
234_0_00098.png,OF021,234_0,98,100352,cwt,gadf
234_0_00099.png,OF021,234_0,99,101376,cwt,gadf
234_0_00100.png,OF021,234_0,100,102400,cwt,gadf
234_0_00101.png,OF021,234_0,101,103424,cwt,gadf
234_0_00102.png,OF021,234_0,102,104448,cwt,gadf
234_0_00103.png,OF021,234_0,103,105472,cwt,gadf
234_0_00104.png,OF021,234_0,104,106496,cwt,gadf
234_0_00105.png,OF021,234_0,105,107520,cwt,gadf
234_0_00106.png,OF021,234_0,106,108544,cwt,gadf
234_0_00107.png,OF021,234_0,107,109568,cwt,gadf
234_0_00108.png,OF021,234_0,108,110592,cwt,gadf
234_0_00109.png,OF021,234_0,109,111616,cwt,gadf
234_0_00110.png,OF021,234_0,110,112640,cwt,gadf
234_0_00111.png,OF021,234_0,111,113664,cwt,gadf
234_0_00112.png,OF021,234_0,112,114688,cwt,gadf
234_0_00113.png,OF021,234_0,113,115712,cwt,gadf
234_0_00114.png,OF021,234_0,114,116736,cwt,gadf
234_0_00115.png,OF021,234_0,115,117760,cwt,gadf
234_0_00116.png,OF021,234_0,116,118784,cwt,gadf
234_0_00117.png,OF021,234_0,117,119808,cwt,gadf
235_1_00000.png,OF021,235_1,0,0,cwt,gadf
235_1_00001.png,OF021,235_1,1,1024,cwt,gadf
235_1_00002.png,OF021,235_1,2,2048,cwt,gadf
235_1_00003.png,OF021,235_1,3,3072,cwt,gadf
235_1_00004.png,OF021,235_1,4,4096,cwt,gadf
235_1_00005.png,OF021,235_1,5,5120,cwt,gadf
235_1_00006.png,OF021,235_1,6,6144,cwt,gadf
235_1_00007.png,OF021,235_1,7,7168,cwt,gadf
235_1_00008.png,OF021,235_1,8,8192,cwt,gadf
235_1_00009.png,OF021,235_1,9,9216,cwt,gadf
235_1_00010.png,OF021,235_1,10,10240,cwt,gadf
235_1_00011.png,OF021,235_1,11,11264,cwt,gadf
235_1_00012.png,OF021,235_1,12,12288,cwt,gadf
235_1_00013.png,OF021,235_1,13,13312,cwt,gadf
235_1_00014.png,OF021,235_1,14,14336,cwt,gadf
235_1_00015.png,OF021,235_1,15,15360,cwt,gadf
235_1_00016.png,OF021,235_1,16,16384,cwt,gadf
235_1_00017.png,OF021,235_1,17,17408,cwt,gadf
235_1_00018.png,OF021,235_1,18,18432,cwt,gadf
235_1_00019.png,OF021,235_1,19,19456,cwt,gadf
235_1_00020.png,OF021,235_1,20,20480,cwt,gadf
235_1_00021.png,OF021,235_1,21,21504,cwt,gadf
235_1_00022.png,OF021,235_1,22,22528,cwt,gadf
235_1_00023.png,OF021,235_1,23,23552,cwt,gadf
235_1_00024.png,OF021,235_1,24,24576,cwt,gadf
235_1_00025.png,OF021,235_1,25,25600,cwt,gadf
235_1_00026.png,OF021,235_1,26,26624,cwt,gadf
235_1_00027.png,OF021,235_1,27,27648,cwt,gadf
235_1_00028.png,OF021,235_1,28,28672,cwt,gadf
235_1_00029.png,OF021,235_1,29,29696,cwt,gadf
235_1_00030.png,OF021,235_1,30,30720,cwt,gadf
235_1_00031.png,OF021,235_1,31,31744,cwt,gadf
235_1_00032.png,OF021,235_1,32,32768,cwt,gadf
235_1_00033.png,OF021,235_1,33,33792,cwt,gadf
235_1_00034.png,OF021,235_1,34,34816,cwt,gadf
235_1_00035.png,OF021,235_1,35,35840,cwt,gadf
235_1_00036.png,OF021,235_1,36,36864,cwt,gadf
235_1_00037.png,OF021,235_1,37,37888,cwt,gadf
235_1_00038.png,OF021,235_1,38,38912,cwt,gadf
235_1_00039.png,OF021,235_1,39,39936,cwt,gadf
235_1_00040.png,OF021,235_1,40,40960,cwt,gadf
235_1_00041.png,OF021,235_1,41,41984,cwt,gadf
235_1_00042.png,OF021,235_1,42,43008,cwt,gadf
235_1_00043.png,OF021,235_1,43,44032,cwt,gadf
235_1_00044.png,OF021,235_1,44,45056,cwt,gadf
235_1_00045.png,OF021,235_1,45,46080,cwt,gadf
235_1_00046.png,OF021,235_1,46,47104,cwt,gadf
235_1_00047.png,OF021,235_1,47,48128,cwt,gadf
235_1_00048.png,OF021,235_1,48,49152,cwt,gadf
235_1_00049.png,OF021,235_1,49,50176,cwt,gadf
235_1_00050.png,OF021,235_1,50,51200,cwt,gadf
235_1_00051.png,OF021,235_1,51,52224,cwt,gadf
235_1_00052.png,OF021,235_1,52,53248,cwt,gadf
235_1_00053.png,OF021,235_1,53,54272,cwt,gadf
235_1_00054.png,OF021,235_1,54,55296,cwt,gadf
235_1_00055.png,OF021,235_1,55,56320,cwt,gadf
235_1_00056.png,OF021,235_1,56,57344,cwt,gadf
235_1_00057.png,OF021,235_1,57,58368,cwt,gadf
235_1_00058.png,OF021,235_1,58,59392,cwt,gadf
235_1_00059.png,OF021,235_1,59,60416,cwt,gadf
235_1_00060.png,OF021,235_1,60,61440,cwt,gadf
235_1_00061.png,OF021,235_1,61,62464,cwt,gadf
235_1_00062.png,OF021,235_1,62,63488,cwt,gadf
235_1_00063.png,OF021,235_1,63,64512,cwt,gadf
235_1_00064.png,OF021,235_1,64,65536,cwt,gadf
235_1_00065.png,OF021,235_1,65,66560,cwt,gadf
235_1_00066.png,OF021,235_1,66,67584,cwt,gadf
235_1_00067.png,OF021,235_1,67,68608,cwt,gadf
235_1_00068.png,OF021,235_1,68,69632,cwt,gadf
235_1_00069.png,OF021,235_1,69,70656,cwt,gadf
235_1_00070.png,OF021,235_1,70,71680,cwt,gadf
235_1_00071.png,OF021,235_1,71,72704,cwt,gadf
235_1_00072.png,OF021,235_1,72,73728,cwt,gadf
235_1_00073.png,OF021,235_1,73,74752,cwt,gadf
235_1_00074.png,OF021,235_1,74,75776,cwt,gadf
235_1_00075.png,OF021,235_1,75,76800,cwt,gadf
235_1_00076.png,OF021,235_1,76,77824,cwt,gadf
235_1_00077.png,OF021,235_1,77,78848,cwt,gadf
235_1_00078.png,OF021,235_1,78,79872,cwt,gadf
235_1_00079.png,OF021,235_1,79,80896,cwt,gadf
235_1_00080.png,OF021,235_1,80,81920,cwt,gadf
235_1_00081.png,OF021,235_1,81,82944,cwt,gadf
235_1_00082.png,OF021,235_1,82,83968,cwt,gadf
235_1_00083.png,OF021,235_1,83,84992,cwt,gadf
235_1_00084.png,OF021,235_1,84,86016,cwt,gadf
235_1_00085.png,OF021,235_1,85,87040,cwt,gadf
235_1_00086.png,OF021,235_1,86,88064,cwt,gadf
235_1_00087.png,OF021,235_1,87,89088,cwt,gadf
235_1_00088.png,OF021,235_1,88,90112,cwt,gadf
235_1_00089.png,OF021,235_1,89,91136,cwt,gadf
235_1_00090.png,OF021,235_1,90,92160,cwt,gadf
235_1_00091.png,OF021,235_1,91,93184,cwt,gadf
235_1_00092.png,OF021,235_1,92,94208,cwt,gadf
235_1_00093.png,OF021,235_1,93,95232,cwt,gadf
235_1_00094.png,OF021,235_1,94,96256,cwt,gadf
235_1_00095.png,OF021,235_1,95,97280,cwt,gadf
235_1_00096.png,OF021,235_1,96,98304,cwt,gadf
235_1_00097.png,OF021,235_1,97,99328,cwt,gadf
235_1_00098.png,OF021,235_1,98,100352,cwt,gadf
235_1_00099.png,OF021,235_1,99,101376,cwt,gadf
235_1_00100.png,OF021,235_1,100,102400,cwt,gadf
235_1_00101.png,OF021,235_1,101,103424,cwt,gadf
235_1_00102.png,OF021,235_1,102,104448,cwt,gadf
235_1_00103.png,OF021,235_1,103,105472,cwt,gadf
235_1_00104.png,OF021,235_1,104,106496,cwt,gadf
235_1_00105.png,OF021,235_1,105,107520,cwt,gadf
235_1_00106.png,OF021,235_1,106,108544,cwt,gadf
235_1_00107.png,OF021,235_1,107,109568,cwt,gadf
235_1_00108.png,OF021,235_1,108,110592,cwt,gadf
235_1_00109.png,OF021,235_1,109,111616,cwt,gadf
235_1_00110.png,OF021,235_1,110,112640,cwt,gadf
235_1_00111.png,OF021,235_1,111,113664,cwt,gadf
235_1_00112.png,OF021,235_1,112,114688,cwt,gadf
235_1_00113.png,OF021,235_1,113,115712,cwt,gadf
235_1_00114.png,OF021,235_1,114,116736,cwt,gadf
235_1_00115.png,OF021,235_1,115,117760,cwt,gadf
235_1_00116.png,OF021,235_1,116,118784,cwt,gadf
235_1_00117.png,OF021,235_1,117,119808,cwt,gadf
236_2_00000.png,OF021,236_2,0,0,cwt,gadf
236_2_00001.png,OF021,236_2,1,1024,cwt,gadf
236_2_00002.png,OF021,236_2,2,2048,cwt,gadf
236_2_00003.png,OF021,236_2,3,3072,cwt,gadf
236_2_00004.png,OF021,236_2,4,4096,cwt,gadf
236_2_00005.png,OF021,236_2,5,5120,cwt,gadf
236_2_00006.png,OF021,236_2,6,6144,cwt,gadf
236_2_00007.png,OF021,236_2,7,7168,cwt,gadf
236_2_00008.png,OF021,236_2,8,8192,cwt,gadf
236_2_00009.png,OF021,236_2,9,9216,cwt,gadf
236_2_00010.png,OF021,236_2,10,10240,cwt,gadf
236_2_00011.png,OF021,236_2,11,11264,cwt,gadf
236_2_00012.png,OF021,236_2,12,12288,cwt,gadf
236_2_00013.png,OF021,236_2,13,13312,cwt,gadf
236_2_00014.png,OF021,236_2,14,14336,cwt,gadf
236_2_00015.png,OF021,236_2,15,15360,cwt,gadf
236_2_00016.png,OF021,236_2,16,16384,cwt,gadf
236_2_00017.png,OF021,236_2,17,17408,cwt,gadf
236_2_00018.png,OF021,236_2,18,18432,cwt,gadf
236_2_00019.png,OF021,236_2,19,19456,cwt,gadf
236_2_00020.png,OF021,236_2,20,20480,cwt,gadf
236_2_00021.png,OF021,236_2,21,21504,cwt,gadf
236_2_00022.png,OF021,236_2,22,22528,cwt,gadf
236_2_00023.png,OF021,236_2,23,23552,cwt,gadf
236_2_00024.png,OF021,236_2,24,24576,cwt,gadf
236_2_00025.png,OF021,236_2,25,25600,cwt,gadf
236_2_00026.png,OF021,236_2,26,26624,cwt,gadf
236_2_00027.png,OF021,236_2,27,27648,cwt,gadf
236_2_00028.png,OF021,236_2,28,28672,cwt,gadf
236_2_00029.png,OF021,236_2,29,29696,cwt,gadf
236_2_00030.png,OF021,236_2,30,30720,cwt,gadf
236_2_00031.png,OF021,236_2,31,31744,cwt,gadf
236_2_00032.png,OF021,236_2,32,32768,cwt,gadf
236_2_00033.png,OF021,236_2,33,33792,cwt,gadf
236_2_00034.png,OF021,236_2,34,34816,cwt,gadf
236_2_00035.png,OF021,236_2,35,35840,cwt,gadf
236_2_00036.png,OF021,236_2,36,36864,cwt,gadf
236_2_00037.png,OF021,236_2,37,37888,cwt,gadf
236_2_00038.png,OF021,236_2,38,38912,cwt,gadf
236_2_00039.png,OF021,236_2,39,39936,cwt,gadf
236_2_00040.png,OF021,236_2,40,40960,cwt,gadf
236_2_00041.png,OF021,236_2,41,41984,cwt,gadf
236_2_00042.png,OF021,236_2,42,43008,cwt,gadf
236_2_00043.png,OF021,236_2,43,44032,cwt,gadf
236_2_00044.png,OF021,236_2,44,45056,cwt,gadf
236_2_00045.png,OF021,236_2,45,46080,cwt,gadf
236_2_00046.png,OF021,236_2,46,47104,cwt,gadf
236_2_00047.png,OF021,236_2,47,48128,cwt,gadf
236_2_00048.png,OF021,236_2,48,49152,cwt,gadf
236_2_00049.png,OF021,236_2,49,50176,cwt,gadf
236_2_00050.png,OF021,236_2,50,51200,cwt,gadf
236_2_00051.png,OF021,236_2,51,52224,cwt,gadf
236_2_00052.png,OF021,236_2,52,53248,cwt,gadf
236_2_00053.png,OF021,236_2,53,54272,cwt,gadf
236_2_00054.png,OF021,236_2,54,55296,cwt,gadf
236_2_00055.png,OF021,236_2,55,56320,cwt,gadf
236_2_00056.png,OF021,236_2,56,57344,cwt,gadf
236_2_00057.png,OF021,236_2,57,58368,cwt,gadf
236_2_00058.png,OF021,236_2,58,59392,cwt,gadf
236_2_00059.png,OF021,236_2,59,60416,cwt,gadf
236_2_00060.png,OF021,236_2,60,61440,cwt,gadf
236_2_00061.png,OF021,236_2,61,62464,cwt,gadf
236_2_00062.png,OF021,236_2,62,63488,cwt,gadf
236_2_00063.png,OF021,236_2,63,64512,cwt,gadf
236_2_00064.png,OF021,236_2,64,65536,cwt,gadf
236_2_00065.png,OF021,236_2,65,66560,cwt,gadf
236_2_00066.png,OF021,236_2,66,67584,cwt,gadf
236_2_00067.png,OF021,236_2,67,68608,cwt,gadf
236_2_00068.png,OF021,236_2,68,69632,cwt,gadf
236_2_00069.png,OF021,236_2,69,70656,cwt,gadf
236_2_00070.png,OF021,236_2,70,71680,cwt,gadf
236_2_00071.png,OF021,236_2,71,72704,cwt,gadf
236_2_00072.png,OF021,236_2,72,73728,cwt,gadf
236_2_00073.png,OF021,236_2,73,74752,cwt,gadf
236_2_00074.png,OF021,236_2,74,75776,cwt,gadf
236_2_00075.png,OF021,236_2,75,76800,cwt,gadf
236_2_00076.png,OF021,236_2,76,77824,cwt,gadf
236_2_00077.png,OF021,236_2,77,78848,cwt,gadf
236_2_00078.png,OF021,236_2,78,79872,cwt,gadf
236_2_00079.png,OF021,236_2,79,80896,cwt,gadf
236_2_00080.png,OF021,236_2,80,81920,cwt,gadf
236_2_00081.png,OF021,236_2,81,82944,cwt,gadf
236_2_00082.png,OF021,236_2,82,83968,cwt,gadf
236_2_00083.png,OF021,236_2,83,84992,cwt,gadf
236_2_00084.png,OF021,236_2,84,86016,cwt,gadf
236_2_00085.png,OF021,236_2,85,87040,cwt,gadf
236_2_00086.png,OF021,236_2,86,88064,cwt,gadf
236_2_00087.png,OF021,236_2,87,89088,cwt,gadf
236_2_00088.png,OF021,236_2,88,90112,cwt,gadf
236_2_00089.png,OF021,236_2,89,91136,cwt,gadf
236_2_00090.png,OF021,236_2,90,92160,cwt,gadf
236_2_00091.png,OF021,236_2,91,93184,cwt,gadf
236_2_00092.png,OF021,236_2,92,94208,cwt,gadf
236_2_00093.png,OF021,236_2,93,95232,cwt,gadf
236_2_00094.png,OF021,236_2,94,96256,cwt,gadf
236_2_00095.png,OF021,236_2,95,97280,cwt,gadf
236_2_00096.png,OF021,236_2,96,98304,cwt,gadf
236_2_00097.png,OF021,236_2,97,99328,cwt,gadf
236_2_00098.png,OF021,236_2,98,100352,cwt,gadf
236_2_00099.png,OF021,236_2,99,101376,cwt,gadf
236_2_00100.png,OF021,236_2,100,102400,cwt,gadf
236_2_00101.png,OF021,236_2,101,103424,cwt,gadf
236_2_00102.png,OF021,236_2,102,104448,cwt,gadf
236_2_00103.png,OF021,236_2,103,105472,cwt,gadf
236_2_00104.png,OF021,236_2,104,106496,cwt,gadf
236_2_00105.png,OF021,236_2,105,107520,cwt,gadf
236_2_00106.png,OF021,236_2,106,108544,cwt,gadf
236_2_00107.png,OF021,236_2,107,109568,cwt,gadf
236_2_00108.png,OF021,236_2,108,110592,cwt,gadf
236_2_00109.png,OF021,236_2,109,111616,cwt,gadf
236_2_00110.png,OF021,236_2,110,112640,cwt,gadf
236_2_00111.png,OF021,236_2,111,113664,cwt,gadf
236_2_00112.png,OF021,236_2,112,114688,cwt,gadf
236_2_00113.png,OF021,236_2,113,115712,cwt,gadf
236_2_00114.png,OF021,236_2,114,116736,cwt,gadf
236_2_00115.png,OF021,236_2,115,117760,cwt,gadf
236_2_00116.png,OF021,236_2,116,118784,cwt,gadf
236_2_00117.png,OF021,236_2,117,119808,cwt,gadf
237_3_00000.png,OF021,237_3,0,0,cwt,gadf
237_3_00001.png,OF021,237_3,1,1024,cwt,gadf
237_3_00002.png,OF021,237_3,2,2048,cwt,gadf
237_3_00003.png,OF021,237_3,3,3072,cwt,gadf
237_3_00004.png,OF021,237_3,4,4096,cwt,gadf
237_3_00005.png,OF021,237_3,5,5120,cwt,gadf
237_3_00006.png,OF021,237_3,6,6144,cwt,gadf
237_3_00007.png,OF021,237_3,7,7168,cwt,gadf
237_3_00008.png,OF021,237_3,8,8192,cwt,gadf
237_3_00009.png,OF021,237_3,9,9216,cwt,gadf
237_3_00010.png,OF021,237_3,10,10240,cwt,gadf
237_3_00011.png,OF021,237_3,11,11264,cwt,gadf
237_3_00012.png,OF021,237_3,12,12288,cwt,gadf
237_3_00013.png,OF021,237_3,13,13312,cwt,gadf
237_3_00014.png,OF021,237_3,14,14336,cwt,gadf
237_3_00015.png,OF021,237_3,15,15360,cwt,gadf
237_3_00016.png,OF021,237_3,16,16384,cwt,gadf
237_3_00017.png,OF021,237_3,17,17408,cwt,gadf
237_3_00018.png,OF021,237_3,18,18432,cwt,gadf
237_3_00019.png,OF021,237_3,19,19456,cwt,gadf
237_3_00020.png,OF021,237_3,20,20480,cwt,gadf
237_3_00021.png,OF021,237_3,21,21504,cwt,gadf
237_3_00022.png,OF021,237_3,22,22528,cwt,gadf
237_3_00023.png,OF021,237_3,23,23552,cwt,gadf
237_3_00024.png,OF021,237_3,24,24576,cwt,gadf
237_3_00025.png,OF021,237_3,25,25600,cwt,gadf
237_3_00026.png,OF021,237_3,26,26624,cwt,gadf
237_3_00027.png,OF021,237_3,27,27648,cwt,gadf
237_3_00028.png,OF021,237_3,28,28672,cwt,gadf
237_3_00029.png,OF021,237_3,29,29696,cwt,gadf
237_3_00030.png,OF021,237_3,30,30720,cwt,gadf
237_3_00031.png,OF021,237_3,31,31744,cwt,gadf
237_3_00032.png,OF021,237_3,32,32768,cwt,gadf
237_3_00033.png,OF021,237_3,33,33792,cwt,gadf
237_3_00034.png,OF021,237_3,34,34816,cwt,gadf
237_3_00035.png,OF021,237_3,35,35840,cwt,gadf
237_3_00036.png,OF021,237_3,36,36864,cwt,gadf
237_3_00037.png,OF021,237_3,37,37888,cwt,gadf
237_3_00038.png,OF021,237_3,38,38912,cwt,gadf
237_3_00039.png,OF021,237_3,39,39936,cwt,gadf
237_3_00040.png,OF021,237_3,40,40960,cwt,gadf
237_3_00041.png,OF021,237_3,41,41984,cwt,gadf
237_3_00042.png,OF021,237_3,42,43008,cwt,gadf
237_3_00043.png,OF021,237_3,43,44032,cwt,gadf
237_3_00044.png,OF021,237_3,44,45056,cwt,gadf
237_3_00045.png,OF021,237_3,45,46080,cwt,gadf
237_3_00046.png,OF021,237_3,46,47104,cwt,gadf
237_3_00047.png,OF021,237_3,47,48128,cwt,gadf
237_3_00048.png,OF021,237_3,48,49152,cwt,gadf
237_3_00049.png,OF021,237_3,49,50176,cwt,gadf
237_3_00050.png,OF021,237_3,50,51200,cwt,gadf
237_3_00051.png,OF021,237_3,51,52224,cwt,gadf
237_3_00052.png,OF021,237_3,52,53248,cwt,gadf
237_3_00053.png,OF021,237_3,53,54272,cwt,gadf
237_3_00054.png,OF021,237_3,54,55296,cwt,gadf
237_3_00055.png,OF021,237_3,55,56320,cwt,gadf
237_3_00056.png,OF021,237_3,56,57344,cwt,gadf
237_3_00057.png,OF021,237_3,57,58368,cwt,gadf
237_3_00058.png,OF021,237_3,58,59392,cwt,gadf
237_3_00059.png,OF021,237_3,59,60416,cwt,gadf
237_3_00060.png,OF021,237_3,60,61440,cwt,gadf
237_3_00061.png,OF021,237_3,61,62464,cwt,gadf
237_3_00062.png,OF021,237_3,62,63488,cwt,gadf
237_3_00063.png,OF021,237_3,63,64512,cwt,gadf
237_3_00064.png,OF021,237_3,64,65536,cwt,gadf
237_3_00065.png,OF021,237_3,65,66560,cwt,gadf
237_3_00066.png,OF021,237_3,66,67584,cwt,gadf
237_3_00067.png,OF021,237_3,67,68608,cwt,gadf
237_3_00068.png,OF021,237_3,68,69632,cwt,gadf
237_3_00069.png,OF021,237_3,69,70656,cwt,gadf
237_3_00070.png,OF021,237_3,70,71680,cwt,gadf
237_3_00071.png,OF021,237_3,71,72704,cwt,gadf
237_3_00072.png,OF021,237_3,72,73728,cwt,gadf
237_3_00073.png,OF021,237_3,73,74752,cwt,gadf
237_3_00074.png,OF021,237_3,74,75776,cwt,gadf
237_3_00075.png,OF021,237_3,75,76800,cwt,gadf
237_3_00076.png,OF021,237_3,76,77824,cwt,gadf
237_3_00077.png,OF021,237_3,77,78848,cwt,gadf
237_3_00078.png,OF021,237_3,78,79872,cwt,gadf
237_3_00079.png,OF021,237_3,79,80896,cwt,gadf
237_3_00080.png,OF021,237_3,80,81920,cwt,gadf
237_3_00081.png,OF021,237_3,81,82944,cwt,gadf
237_3_00082.png,OF021,237_3,82,83968,cwt,gadf
237_3_00083.png,OF021,237_3,83,84992,cwt,gadf
237_3_00084.png,OF021,237_3,84,86016,cwt,gadf
237_3_00085.png,OF021,237_3,85,87040,cwt,gadf
237_3_00086.png,OF021,237_3,86,88064,cwt,gadf
237_3_00087.png,OF021,237_3,87,89088,cwt,gadf
237_3_00088.png,OF021,237_3,88,90112,cwt,gadf
237_3_00089.png,OF021,237_3,89,91136,cwt,gadf
237_3_00090.png,OF021,237_3,90,92160,cwt,gadf
237_3_00091.png,OF021,237_3,91,93184,cwt,gadf
237_3_00092.png,OF021,237_3,92,94208,cwt,gadf
237_3_00093.png,OF021,237_3,93,95232,cwt,gadf
237_3_00094.png,OF021,237_3,94,96256,cwt,gadf
237_3_00095.png,OF021,237_3,95,97280,cwt,gadf
237_3_00096.png,OF021,237_3,96,98304,cwt,gadf
237_3_00097.png,OF021,237_3,97,99328,cwt,gadf
237_3_00098.png,OF021,237_3,98,100352,cwt,gadf
237_3_00099.png,OF021,237_3,99,101376,cwt,gadf
237_3_00100.png,OF021,237_3,100,102400,cwt,gadf
237_3_00101.png,OF021,237_3,101,103424,cwt,gadf
237_3_00102.png,OF021,237_3,102,104448,cwt,gadf
237_3_00103.png,OF021,237_3,103,105472,cwt,gadf
237_3_00104.png,OF021,237_3,104,106496,cwt,gadf
237_3_00105.png,OF021,237_3,105,107520,cwt,gadf
237_3_00106.png,OF021,237_3,106,108544,cwt,gadf
237_3_00107.png,OF021,237_3,107,109568,cwt,gadf
237_3_00108.png,OF021,237_3,108,110592,cwt,gadf
237_3_00109.png,OF021,237_3,109,111616,cwt,gadf
237_3_00110.png,OF021,237_3,110,112640,cwt,gadf
237_3_00111.png,OF021,237_3,111,113664,cwt,gadf
237_3_00112.png,OF021,237_3,112,114688,cwt,gadf
237_3_00113.png,OF021,237_3,113,115712,cwt,gadf
237_3_00114.png,OF021,237_3,114,116736,cwt,gadf
237_3_00115.png,OF021,237_3,115,117760,cwt,gadf
237_3_00116.png,OF021,237_3,116,118784,cwt,gadf
237_3_00117.png,OF021,237_3,117,119808,cwt,gadf
