filename,class_label,source_file,split,window_idx,window_start_sample
124_2_00000.png,BF007,124_2.mat,train,0,0
124_2_00001.png,BF007,124_2.mat,train,1,4096
124_2_00002.png,BF007,124_2.mat,train,2,8192
124_2_00003.png,BF007,124_2.mat,train,3,12288
124_2_00004.png,BF007,124_2.mat,train,4,16384
124_2_00005.png,BF007,124_2.mat,train,5,20480
124_2_00006.png,BF007,124_2.mat,train,6,24576
124_2_00007.png,BF007,124_2.mat,train,7,28672
124_2_00008.png,BF007,124_2.mat,train,8,32768
124_2_00009.png,BF007,124_2.mat,train,9,36864
124_2_00010.png,BF007,124_2.mat,train,10,40960
124_2_00011.png,BF007,124_2.mat,train,11,45056
124_2_00012.png,BF007,124_2.mat,train,12,49152
124_2_00013.png,BF007,124_2.mat,train,13,53248
124_2_00014.png,BF007,124_2.mat,train,14,57344
124_2_00015.png,BF007,124_2.mat,train,15,61440
124_2_00016.png,BF007,124_2.mat,train,16,65536
124_2_00017.png,BF007,124_2.mat,train,17,69632
124_2_00018.png,BF007,124_2.mat,train,18,73728
124_2_00019.png,BF007,124_2.mat,train,19,77824
124_2_00020.png,BF007,124_2.mat,train,20,81920
124_2_00021.png,BF007,124_2.mat,train,21,86016
124_2_00022.png,BF007,124_2.mat,train,22,90112
124_2_00023.png,BF007,124_2.mat,train,23,94208
124_2_00024.png,BF007,124_2.mat,train,24,98304
124_2_00025.png,BF007,124_2.mat,train,25,102400
124_2_00026.png,BF007,124_2.mat,train,26,106496
124_2_00027.png,BF007,124_2.mat,train,27,110592
124_2_00028.png,BF007,124_2.mat,train,28,114688
124_2_00029.png,BF007,124_2.mat,train,29,118784
124_2_00030.png,BF007,124_2.mat,train,30,122880
124_2_00031.png,BF007,124_2.mat,train,31,126976
124_2_00032.png,BF007,124_2.mat,train,32,131072
124_2_00033.png,BF007,124_2.mat,train,33,135168
124_2_00034.png,BF007,124_2.mat,train,34,139264
124_2_00035.png,BF007,124_2.mat,train,35,143360
124_2_00036.png,BF007,124_2.mat,train,36,147456
124_2_00037.png,BF007,124_2.mat,train,37,151552
124_2_00038.png,BF007,124_2.mat,train,38,155648
124_2_00039.png,BF007,124_2.mat,train,39,159744
124_2_00040.png,BF007,124_2.mat,train,40,163840
124_2_00041.png,BF007,124_2.mat,train,41,167936
124_2_00042.png,BF007,124_2.mat,train,42,172032
124_2_00043.png,BF007,124_2.mat,train,43,176128
124_2_00044.png,BF007,124_2.mat,train,44,180224
124_2_00045.png,BF007,124_2.mat,train,45,184320
124_2_00046.png,BF007,124_2.mat,train,46,188416
124_2_00047.png,BF007,124_2.mat,train,47,192512
124_2_00048.png,BF007,124_2.mat,train,48,196608
124_2_00049.png,BF007,124_2.mat,train,49,200704
124_2_00050.png,BF007,124_2.mat,train,50,204800
124_2_00051.png,BF007,124_2.mat,train,51,208896
124_2_00052.png,BF007,124_2.mat,train,52,212992
124_2_00053.png,BF007,124_2.mat,train,53,217088
124_2_00054.png,BF007,124_2.mat,train,54,221184
124_2_00055.png,BF007,124_2.mat,train,55,225280
124_2_00056.png,BF007,124_2.mat,train,56,229376
124_2_00057.png,BF007,124_2.mat,train,57,233472
124_2_00058.png,BF007,124_2.mat,train,58,237568
124_2_00059.png,BF007,124_2.mat,train,59,241664
124_2_00060.png,BF007,124_2.mat,train,60,245760
124_2_00061.png,BF007,124_2.mat,train,61,249856
124_2_00062.png,BF007,124_2.mat,train,62,253952
124_2_00063.png,BF007,124_2.mat,train,63,258048
124_2_00064.png,BF007,124_2.mat,train,64,262144
124_2_00065.png,BF007,124_2.mat,train,65,266240
124_2_00066.png,BF007,124_2.mat,train,66,270336
124_2_00067.png,BF007,124_2.mat,train,67,274432
124_2_00068.png,BF007,124_2.mat,train,68,278528
124_2_00069.png,BF007,124_2.mat,train,69,282624
124_2_00070.png,BF007,124_2.mat,train,70,286720
124_2_00071.png,BF007,124_2.mat,train,71,290816
124_2_00072.png,BF007,124_2.mat,train,72,294912
124_2_00073.png,BF007,124_2.mat,train,73,299008
124_2_00074.png,BF007,124_2.mat,train,74,303104
124_2_00075.png,BF007,124_2.mat,train,75,307200
124_2_00076.png,BF007,124_2.mat,train,76,311296
124_2_00077.png,BF007,124_2.mat,train,77,315392
124_2_00078.png,BF007,124_2.mat,train,78,319488
124_2_00079.png,BF007,124_2.mat,train,79,323584
124_2_00080.png,BF007,124_2.mat,train,80,327680
124_2_00081.png,BF007,124_2.mat,train,81,331776
124_2_00082.png,BF007,124_2.mat,train,82,335872
124_2_00083.png,BF007,124_2.mat,train,83,339968
124_2_00084.png,BF007,124_2.mat,train,84,344064
124_2_00085.png,BF007,124_2.mat,train,85,348160
124_2_00086.png,BF007,124_2.mat,train,86,352256
124_2_00087.png,BF007,124_2.mat,train,87,356352
124_2_00088.png,BF007,124_2.mat,train,88,360448
124_2_00089.png,BF007,124_2.mat,train,89,364544
124_2_00090.png,BF007,124_2.mat,train,90,368640
124_2_00091.png,BF007,124_2.mat,train,91,372736
124_2_00092.png,BF007,124_2.mat,train,92,376832
124_2_00093.png,BF007,124_2.mat,train,93,380928
124_2_00094.png,BF007,124_2.mat,train,94,385024
124_2_00095.png,BF007,124_2.mat,train,95,389120
124_2_00096.png,BF007,124_2.mat,train,96,393216
124_2_00097.png,BF007,124_2.mat,train,97,397312
124_2_00098.png,BF007,124_2.mat,train,98,401408
124_2_00099.png,BF007,124_2.mat,train,99,405504
124_2_00100.png,BF007,124_2.mat,train,100,409600
124_2_00101.png,BF007,124_2.mat,train,101,413696
124_2_00102.png,BF007,124_2.mat,train,102,417792
124_2_00103.png,BF007,124_2.mat,train,103,421888
124_2_00104.png,BF007,124_2.mat,train,104,425984
124_2_00105.png,BF007,124_2.mat,train,105,430080
124_2_00106.png,BF007,124_2.mat,train,106,434176
124_2_00107.png,BF007,124_2.mat,train,107,438272
124_2_00108.png,BF007,124_2.mat,train,108,442368
124_2_00109.png,BF007,124_2.mat,train,109,446464
124_2_00110.png,BF007,124_2.mat,train,110,450560
124_2_00111.png,BF007,124_2.mat,train,111,454656
124_2_00112.png,BF007,124_2.mat,train,112,458752
124_2_00113.png,BF007,124_2.mat,train,113,462848
124_2_00114.png,BF007,124_2.mat,train,114,466944
124_2_00115.png,BF007,124_2.mat,train,115,471040
124_2_00116.png,BF007,124_2.mat,train,116,475136
123_1_00000.png,BF007,123_1.mat,train,0,0
123_1_00001.png,BF007,123_1.mat,train,1,4096
123_1_00002.png,BF007,123_1.mat,train,2,8192
123_1_00003.png,BF007,123_1.mat,train,3,12288
123_1_00004.png,BF007,123_1.mat,train,4,16384
123_1_00005.png,BF007,123_1.mat,train,5,20480
123_1_00006.png,BF007,123_1.mat,train,6,24576
123_1_00007.png,BF007,123_1.mat,train,7,28672
123_1_00008.png,BF007,123_1.mat,train,8,32768
123_1_00009.png,BF007,123_1.mat,train,9,36864
123_1_00010.png,BF007,123_1.mat,train,10,40960
123_1_00011.png,BF007,123_1.mat,train,11,45056
123_1_00012.png,BF007,123_1.mat,train,12,49152
123_1_00013.png,BF007,123_1.mat,train,13,53248
123_1_00014.png,BF007,123_1.mat,train,14,57344
123_1_00015.png,BF007,123_1.mat,train,15,61440
123_1_00016.png,BF007,123_1.mat,train,16,65536
123_1_00017.png,BF007,123_1.mat,train,17,69632
123_1_00018.png,BF007,123_1.mat,train,18,73728
123_1_00019.png,BF007,123_1.mat,train,19,77824
123_1_00020.png,BF007,123_1.mat,train,20,81920
123_1_00021.png,BF007,123_1.mat,train,21,86016
123_1_00022.png,BF007,123_1.mat,train,22,90112
123_1_00023.png,BF007,123_1.mat,train,23,94208
123_1_00024.png,BF007,123_1.mat,train,24,98304
123_1_00025.png,BF007,123_1.mat,train,25,102400
123_1_00026.png,BF007,123_1.mat,train,26,106496
123_1_00027.png,BF007,123_1.mat,train,27,110592
123_1_00028.png,BF007,123_1.mat,train,28,114688
123_1_00029.png,BF007,123_1.mat,train,29,118784
123_1_00030.png,BF007,123_1.mat,train,30,122880
123_1_00031.png,BF007,123_1.mat,train,31,126976
123_1_00032.png,BF007,123_1.mat,train,32,131072
123_1_00033.png,BF007,123_1.mat,train,33,135168
123_1_00034.png,BF007,123_1.mat,train,34,139264
123_1_00035.png,BF007,123_1.mat,train,35,143360
123_1_00036.png,BF007,123_1.mat,train,36,147456
123_1_00037.png,BF007,123_1.mat,train,37,151552
123_1_00038.png,BF007,123_1.mat,train,38,155648
123_1_00039.png,BF007,123_1.mat,train,39,159744
123_1_00040.png,BF007,123_1.mat,train,40,163840
123_1_00041.png,BF007,123_1.mat,train,41,167936
123_1_00042.png,BF007,123_1.mat,train,42,172032
123_1_00043.png,BF007,123_1.mat,train,43,176128
123_1_00044.png,BF007,123_1.mat,train,44,180224
123_1_00045.png,BF007,123_1.mat,train,45,184320
123_1_00046.png,BF007,123_1.mat,train,46,188416
123_1_00047.png,BF007,123_1.mat,train,47,192512
123_1_00048.png,BF007,123_1.mat,train,48,196608
123_1_00049.png,BF007,123_1.mat,train,49,200704
123_1_00050.png,BF007,123_1.mat,train,50,204800
123_1_00051.png,BF007,123_1.mat,train,51,208896
123_1_00052.png,BF007,123_1.mat,train,52,212992
123_1_00053.png,BF007,123_1.mat,train,53,217088
123_1_00054.png,BF007,123_1.mat,train,54,221184
123_1_00055.png,BF007,123_1.mat,train,55,225280
123_1_00056.png,BF007,123_1.mat,train,56,229376
123_1_00057.png,BF007,123_1.mat,train,57,233472
123_1_00058.png,BF007,123_1.mat,train,58,237568
123_1_00059.png,BF007,123_1.mat,train,59,241664
123_1_00060.png,BF007,123_1.mat,train,60,245760
123_1_00061.png,BF007,123_1.mat,train,61,249856
123_1_00062.png,BF007,123_1.mat,train,62,253952
123_1_00063.png,BF007,123_1.mat,train,63,258048
123_1_00064.png,BF007,123_1.mat,train,64,262144
123_1_00065.png,BF007,123_1.mat,train,65,266240
123_1_00066.png,BF007,123_1.mat,train,66,270336
123_1_00067.png,BF007,123_1.mat,train,67,274432
123_1_00068.png,BF007,123_1.mat,train,68,278528
123_1_00069.png,BF007,123_1.mat,train,69,282624
123_1_00070.png,BF007,123_1.mat,train,70,286720
123_1_00071.png,BF007,123_1.mat,train,71,290816
123_1_00072.png,BF007,123_1.mat,train,72,294912
123_1_00073.png,BF007,123_1.mat,train,73,299008
123_1_00074.png,BF007,123_1.mat,train,74,303104
123_1_00075.png,BF007,123_1.mat,train,75,307200
123_1_00076.png,BF007,123_1.mat,train,76,311296
123_1_00077.png,BF007,123_1.mat,train,77,315392
123_1_00078.png,BF007,123_1.mat,train,78,319488
123_1_00079.png,BF007,123_1.mat,train,79,323584
123_1_00080.png,BF007,123_1.mat,train,80,327680
123_1_00081.png,BF007,123_1.mat,train,81,331776
123_1_00082.png,BF007,123_1.mat,train,82,335872
123_1_00083.png,BF007,123_1.mat,train,83,339968
123_1_00084.png,BF007,123_1.mat,train,84,344064
123_1_00085.png,BF007,123_1.mat,train,85,348160
123_1_00086.png,BF007,123_1.mat,train,86,352256
123_1_00087.png,BF007,123_1.mat,train,87,356352
123_1_00088.png,BF007,123_1.mat,train,88,360448
123_1_00089.png,BF007,123_1.mat,train,89,364544
123_1_00090.png,BF007,123_1.mat,train,90,368640
123_1_00091.png,BF007,123_1.mat,train,91,372736
123_1_00092.png,BF007,123_1.mat,train,92,376832
123_1_00093.png,BF007,123_1.mat,train,93,380928
123_1_00094.png,BF007,123_1.mat,train,94,385024
123_1_00095.png,BF007,123_1.mat,train,95,389120
123_1_00096.png,BF007,123_1.mat,train,96,393216
123_1_00097.png,BF007,123_1.mat,train,97,397312
123_1_00098.png,BF007,123_1.mat,train,98,401408
123_1_00099.png,BF007,123_1.mat,train,99,405504
123_1_00100.png,BF007,123_1.mat,train,100,409600
123_1_00101.png,BF007,123_1.mat,train,101,413696
123_1_00102.png,BF007,123_1.mat,train,102,417792
123_1_00103.png,BF007,123_1.mat,train,103,421888
123_1_00104.png,BF007,123_1.mat,train,104,425984
123_1_00105.png,BF007,123_1.mat,train,105,430080
123_1_00106.png,BF007,123_1.mat,train,106,434176
123_1_00107.png,BF007,123_1.mat,train,107,438272
123_1_00108.png,BF007,123_1.mat,train,108,442368
123_1_00109.png,BF007,123_1.mat,train,109,446464
123_1_00110.png,BF007,123_1.mat,train,110,450560
123_1_00111.png,BF007,123_1.mat,train,111,454656
123_1_00112.png,BF007,123_1.mat,train,112,458752
123_1_00113.png,BF007,123_1.mat,train,113,462848
123_1_00114.png,BF007,123_1.mat,train,114,466944
123_1_00115.png,BF007,123_1.mat,train,115,471040
123_1_00116.png,BF007,123_1.mat,train,116,475136
192_3_00000.png,BF014,192_3.mat,train,0,0
192_3_00001.png,BF014,192_3.mat,train,1,4096
192_3_00002.png,BF014,192_3.mat,train,2,8192
192_3_00003.png,BF014,192_3.mat,train,3,12288
192_3_00004.png,BF014,192_3.mat,train,4,16384
192_3_00005.png,BF014,192_3.mat,train,5,20480
192_3_00006.png,BF014,192_3.mat,train,6,24576
192_3_00007.png,BF014,192_3.mat,train,7,28672
192_3_00008.png,BF014,192_3.mat,train,8,32768
192_3_00009.png,BF014,192_3.mat,train,9,36864
192_3_00010.png,BF014,192_3.mat,train,10,40960
192_3_00011.png,BF014,192_3.mat,train,11,45056
192_3_00012.png,BF014,192_3.mat,train,12,49152
192_3_00013.png,BF014,192_3.mat,train,13,53248
192_3_00014.png,BF014,192_3.mat,train,14,57344
192_3_00015.png,BF014,192_3.mat,train,15,61440
192_3_00016.png,BF014,192_3.mat,train,16,65536
192_3_00017.png,BF014,192_3.mat,train,17,69632
192_3_00018.png,BF014,192_3.mat,train,18,73728
192_3_00019.png,BF014,192_3.mat,train,19,77824
192_3_00020.png,BF014,192_3.mat,train,20,81920
192_3_00021.png,BF014,192_3.mat,train,21,86016
192_3_00022.png,BF014,192_3.mat,train,22,90112
192_3_00023.png,BF014,192_3.mat,train,23,94208
192_3_00024.png,BF014,192_3.mat,train,24,98304
192_3_00025.png,BF014,192_3.mat,train,25,102400
192_3_00026.png,BF014,192_3.mat,train,26,106496
192_3_00027.png,BF014,192_3.mat,train,27,110592
192_3_00028.png,BF014,192_3.mat,train,28,114688
192_3_00029.png,BF014,192_3.mat,train,29,118784
192_3_00030.png,BF014,192_3.mat,train,30,122880
192_3_00031.png,BF014,192_3.mat,train,31,126976
192_3_00032.png,BF014,192_3.mat,train,32,131072
192_3_00033.png,BF014,192_3.mat,train,33,135168
192_3_00034.png,BF014,192_3.mat,train,34,139264
192_3_00035.png,BF014,192_3.mat,train,35,143360
192_3_00036.png,BF014,192_3.mat,train,36,147456
192_3_00037.png,BF014,192_3.mat,train,37,151552
192_3_00038.png,BF014,192_3.mat,train,38,155648
192_3_00039.png,BF014,192_3.mat,train,39,159744
192_3_00040.png,BF014,192_3.mat,train,40,163840
192_3_00041.png,BF014,192_3.mat,train,41,167936
192_3_00042.png,BF014,192_3.mat,train,42,172032
192_3_00043.png,BF014,192_3.mat,train,43,176128
192_3_00044.png,BF014,192_3.mat,train,44,180224
192_3_00045.png,BF014,192_3.mat,train,45,184320
192_3_00046.png,BF014,192_3.mat,train,46,188416
192_3_00047.png,BF014,192_3.mat,train,47,192512
192_3_00048.png,BF014,192_3.mat,train,48,196608
192_3_00049.png,BF014,192_3.mat,train,49,200704
192_3_00050.png,BF014,192_3.mat,train,50,204800
192_3_00051.png,BF014,192_3.mat,train,51,208896
192_3_00052.png,BF014,192_3.mat,train,52,212992
192_3_00053.png,BF014,192_3.mat,train,53,217088
192_3_00054.png,BF014,192_3.mat,train,54,221184
192_3_00055.png,BF014,192_3.mat,train,55,225280
192_3_00056.png,BF014,192_3.mat,train,56,229376
192_3_00057.png,BF014,192_3.mat,train,57,233472
192_3_00058.png,BF014,192_3.mat,train,58,237568
192_3_00059.png,BF014,192_3.mat,train,59,241664
192_3_00060.png,BF014,192_3.mat,train,60,245760
192_3_00061.png,BF014,192_3.mat,train,61,249856
192_3_00062.png,BF014,192_3.mat,train,62,253952
192_3_00063.png,BF014,192_3.mat,train,63,258048
192_3_00064.png,BF014,192_3.mat,train,64,262144
192_3_00065.png,BF014,192_3.mat,train,65,266240
192_3_00066.png,BF014,192_3.mat,train,66,270336
192_3_00067.png,BF014,192_3.mat,train,67,274432
192_3_00068.png,BF014,192_3.mat,train,68,278528
192_3_00069.png,BF014,192_3.mat,train,69,282624
192_3_00070.png,BF014,192_3.mat,train,70,286720
192_3_00071.png,BF014,192_3.mat,train,71,290816
192_3_00072.png,BF014,192_3.mat,train,72,294912
192_3_00073.png,BF014,192_3.mat,train,73,299008
192_3_00074.png,BF014,192_3.mat,train,74,303104
192_3_00075.png,BF014,192_3.mat,train,75,307200
192_3_00076.png,BF014,192_3.mat,train,76,311296
192_3_00077.png,BF014,192_3.mat,train,77,315392
192_3_00078.png,BF014,192_3.mat,train,78,319488
192_3_00079.png,BF014,192_3.mat,train,79,323584
192_3_00080.png,BF014,192_3.mat,train,80,327680
192_3_00081.png,BF014,192_3.mat,train,81,331776
192_3_00082.png,BF014,192_3.mat,train,82,335872
192_3_00083.png,BF014,192_3.mat,train,83,339968
192_3_00084.png,BF014,192_3.mat,train,84,344064
192_3_00085.png,BF014,192_3.mat,train,85,348160
192_3_00086.png,BF014,192_3.mat,train,86,352256
192_3_00087.png,BF014,192_3.mat,train,87,356352
192_3_00088.png,BF014,192_3.mat,train,88,360448
192_3_00089.png,BF014,192_3.mat,train,89,364544
192_3_00090.png,BF014,192_3.mat,train,90,368640
192_3_00091.png,BF014,192_3.mat,train,91,372736
192_3_00092.png,BF014,192_3.mat,train,92,376832
192_3_00093.png,BF014,192_3.mat,train,93,380928
192_3_00094.png,BF014,192_3.mat,train,94,385024
192_3_00095.png,BF014,192_3.mat,train,95,389120
192_3_00096.png,BF014,192_3.mat,train,96,393216
192_3_00097.png,BF014,192_3.mat,train,97,397312
192_3_00098.png,BF014,192_3.mat,train,98,401408
192_3_00099.png,BF014,192_3.mat,train,99,405504
192_3_00100.png,BF014,192_3.mat,train,100,409600
192_3_00101.png,BF014,192_3.mat,train,101,413696
192_3_00102.png,BF014,192_3.mat,train,102,417792
192_3_00103.png,BF014,192_3.mat,train,103,421888
192_3_00104.png,BF014,192_3.mat,train,104,425984
192_3_00105.png,BF014,192_3.mat,train,105,430080
192_3_00106.png,BF014,192_3.mat,train,106,434176
192_3_00107.png,BF014,192_3.mat,train,107,438272
192_3_00108.png,BF014,192_3.mat,train,108,442368
192_3_00109.png,BF014,192_3.mat,train,109,446464
192_3_00110.png,BF014,192_3.mat,train,110,450560
192_3_00111.png,BF014,192_3.mat,train,111,454656
192_3_00112.png,BF014,192_3.mat,train,112,458752
192_3_00113.png,BF014,192_3.mat,train,113,462848
192_3_00114.png,BF014,192_3.mat,train,114,466944
192_3_00115.png,BF014,192_3.mat,train,115,471040
192_3_00116.png,BF014,192_3.mat,train,116,475136
191_2_00000.png,BF014,191_2.mat,train,0,0
191_2_00001.png,BF014,191_2.mat,train,1,4096
191_2_00002.png,BF014,191_2.mat,train,2,8192
191_2_00003.png,BF014,191_2.mat,train,3,12288
191_2_00004.png,BF014,191_2.mat,train,4,16384
191_2_00005.png,BF014,191_2.mat,train,5,20480
191_2_00006.png,BF014,191_2.mat,train,6,24576
191_2_00007.png,BF014,191_2.mat,train,7,28672
191_2_00008.png,BF014,191_2.mat,train,8,32768
191_2_00009.png,BF014,191_2.mat,train,9,36864
191_2_00010.png,BF014,191_2.mat,train,10,40960
191_2_00011.png,BF014,191_2.mat,train,11,45056
191_2_00012.png,BF014,191_2.mat,train,12,49152
191_2_00013.png,BF014,191_2.mat,train,13,53248
191_2_00014.png,BF014,191_2.mat,train,14,57344
191_2_00015.png,BF014,191_2.mat,train,15,61440
191_2_00016.png,BF014,191_2.mat,train,16,65536
191_2_00017.png,BF014,191_2.mat,train,17,69632
191_2_00018.png,BF014,191_2.mat,train,18,73728
191_2_00019.png,BF014,191_2.mat,train,19,77824
191_2_00020.png,BF014,191_2.mat,train,20,81920
191_2_00021.png,BF014,191_2.mat,train,21,86016
191_2_00022.png,BF014,191_2.mat,train,22,90112
191_2_00023.png,BF014,191_2.mat,train,23,94208
191_2_00024.png,BF014,191_2.mat,train,24,98304
191_2_00025.png,BF014,191_2.mat,train,25,102400
191_2_00026.png,BF014,191_2.mat,train,26,106496
191_2_00027.png,BF014,191_2.mat,train,27,110592
191_2_00028.png,BF014,191_2.mat,train,28,114688
191_2_00029.png,BF014,191_2.mat,train,29,118784
191_2_00030.png,BF014,191_2.mat,train,30,122880
191_2_00031.png,BF014,191_2.mat,train,31,126976
191_2_00032.png,BF014,191_2.mat,train,32,131072
191_2_00033.png,BF014,191_2.mat,train,33,135168
191_2_00034.png,BF014,191_2.mat,train,34,139264
191_2_00035.png,BF014,191_2.mat,train,35,143360
191_2_00036.png,BF014,191_2.mat,train,36,147456
191_2_00037.png,BF014,191_2.mat,train,37,151552
191_2_00038.png,BF014,191_2.mat,train,38,155648
191_2_00039.png,BF014,191_2.mat,train,39,159744
191_2_00040.png,BF014,191_2.mat,train,40,163840
191_2_00041.png,BF014,191_2.mat,train,41,167936
191_2_00042.png,BF014,191_2.mat,train,42,172032
191_2_00043.png,BF014,191_2.mat,train,43,176128
191_2_00044.png,BF014,191_2.mat,train,44,180224
191_2_00045.png,BF014,191_2.mat,train,45,184320
191_2_00046.png,BF014,191_2.mat,train,46,188416
191_2_00047.png,BF014,191_2.mat,train,47,192512
191_2_00048.png,BF014,191_2.mat,train,48,196608
191_2_00049.png,BF014,191_2.mat,train,49,200704
191_2_00050.png,BF014,191_2.mat,train,50,204800
191_2_00051.png,BF014,191_2.mat,train,51,208896
191_2_00052.png,BF014,191_2.mat,train,52,212992
191_2_00053.png,BF014,191_2.mat,train,53,217088
191_2_00054.png,BF014,191_2.mat,train,54,221184
191_2_00055.png,BF014,191_2.mat,train,55,225280
191_2_00056.png,BF014,191_2.mat,train,56,229376
191_2_00057.png,BF014,191_2.mat,train,57,233472
191_2_00058.png,BF014,191_2.mat,train,58,237568
191_2_00059.png,BF014,191_2.mat,train,59,241664
191_2_00060.png,BF014,191_2.mat,train,60,245760
191_2_00061.png,BF014,191_2.mat,train,61,249856
191_2_00062.png,BF014,191_2.mat,train,62,253952
191_2_00063.png,BF014,191_2.mat,train,63,258048
191_2_00064.png,BF014,191_2.mat,train,64,262144
191_2_00065.png,BF014,191_2.mat,train,65,266240
191_2_00066.png,BF014,191_2.mat,train,66,270336
191_2_00067.png,BF014,191_2.mat,train,67,274432
191_2_00068.png,BF014,191_2.mat,train,68,278528
191_2_00069.png,BF014,191_2.mat,train,69,282624
191_2_00070.png,BF014,191_2.mat,train,70,286720
191_2_00071.png,BF014,191_2.mat,train,71,290816
191_2_00072.png,BF014,191_2.mat,train,72,294912
191_2_00073.png,BF014,191_2.mat,train,73,299008
191_2_00074.png,BF014,191_2.mat,train,74,303104
191_2_00075.png,BF014,191_2.mat,train,75,307200
191_2_00076.png,BF014,191_2.mat,train,76,311296
191_2_00077.png,BF014,191_2.mat,train,77,315392
191_2_00078.png,BF014,191_2.mat,train,78,319488
191_2_00079.png,BF014,191_2.mat,train,79,323584
191_2_00080.png,BF014,191_2.mat,train,80,327680
191_2_00081.png,BF014,191_2.mat,train,81,331776
191_2_00082.png,BF014,191_2.mat,train,82,335872
191_2_00083.png,BF014,191_2.mat,train,83,339968
191_2_00084.png,BF014,191_2.mat,train,84,344064
191_2_00085.png,BF014,191_2.mat,train,85,348160
191_2_00086.png,BF014,191_2.mat,train,86,352256
191_2_00087.png,BF014,191_2.mat,train,87,356352
191_2_00088.png,BF014,191_2.mat,train,88,360448
191_2_00089.png,BF014,191_2.mat,train,89,364544
191_2_00090.png,BF014,191_2.mat,train,90,368640
191_2_00091.png,BF014,191_2.mat,train,91,372736
191_2_00092.png,BF014,191_2.mat,train,92,376832
191_2_00093.png,BF014,191_2.mat,train,93,380928
191_2_00094.png,BF014,191_2.mat,train,94,385024
191_2_00095.png,BF014,191_2.mat,train,95,389120
191_2_00096.png,BF014,191_2.mat,train,96,393216
191_2_00097.png,BF014,191_2.mat,train,97,397312
191_2_00098.png,BF014,191_2.mat,train,98,401408
191_2_00099.png,BF014,191_2.mat,train,99,405504
191_2_00100.png,BF014,191_2.mat,train,100,409600
191_2_00101.png,BF014,191_2.mat,train,101,413696
191_2_00102.png,BF014,191_2.mat,train,102,417792
191_2_00103.png,BF014,191_2.mat,train,103,421888
191_2_00104.png,BF014,191_2.mat,train,104,425984
191_2_00105.png,BF014,191_2.mat,train,105,430080
191_2_00106.png,BF014,191_2.mat,train,106,434176
191_2_00107.png,BF014,191_2.mat,train,107,438272
191_2_00108.png,BF014,191_2.mat,train,108,442368
191_2_00109.png,BF014,191_2.mat,train,109,446464
191_2_00110.png,BF014,191_2.mat,train,110,450560
191_2_00111.png,BF014,191_2.mat,train,111,454656
191_2_00112.png,BF014,191_2.mat,train,112,458752
191_2_00113.png,BF014,191_2.mat,train,113,462848
191_2_00114.png,BF014,191_2.mat,train,114,466944
191_2_00115.png,BF014,191_2.mat,train,115,471040
191_2_00116.png,BF014,191_2.mat,train,116,475136
227_1_00000.png,BF021,227_1.mat,train,0,0
227_1_00001.png,BF021,227_1.mat,train,1,4096
227_1_00002.png,BF021,227_1.mat,train,2,8192
227_1_00003.png,BF021,227_1.mat,train,3,12288
227_1_00004.png,BF021,227_1.mat,train,4,16384
227_1_00005.png,BF021,227_1.mat,train,5,20480
227_1_00006.png,BF021,227_1.mat,train,6,24576
227_1_00007.png,BF021,227_1.mat,train,7,28672
227_1_00008.png,BF021,227_1.mat,train,8,32768
227_1_00009.png,BF021,227_1.mat,train,9,36864
227_1_00010.png,BF021,227_1.mat,train,10,40960
227_1_00011.png,BF021,227_1.mat,train,11,45056
227_1_00012.png,BF021,227_1.mat,train,12,49152
227_1_00013.png,BF021,227_1.mat,train,13,53248
227_1_00014.png,BF021,227_1.mat,train,14,57344
227_1_00015.png,BF021,227_1.mat,train,15,61440
227_1_00016.png,BF021,227_1.mat,train,16,65536
227_1_00017.png,BF021,227_1.mat,train,17,69632
227_1_00018.png,BF021,227_1.mat,train,18,73728
227_1_00019.png,BF021,227_1.mat,train,19,77824
227_1_00020.png,BF021,227_1.mat,train,20,81920
227_1_00021.png,BF021,227_1.mat,train,21,86016
227_1_00022.png,BF021,227_1.mat,train,22,90112
227_1_00023.png,BF021,227_1.mat,train,23,94208
227_1_00024.png,BF021,227_1.mat,train,24,98304
227_1_00025.png,BF021,227_1.mat,train,25,102400
227_1_00026.png,BF021,227_1.mat,train,26,106496
227_1_00027.png,BF021,227_1.mat,train,27,110592
227_1_00028.png,BF021,227_1.mat,train,28,114688
227_1_00029.png,BF021,227_1.mat,train,29,118784
227_1_00030.png,BF021,227_1.mat,train,30,122880
227_1_00031.png,BF021,227_1.mat,train,31,126976
227_1_00032.png,BF021,227_1.mat,train,32,131072
227_1_00033.png,BF021,227_1.mat,train,33,135168
227_1_00034.png,BF021,227_1.mat,train,34,139264
227_1_00035.png,BF021,227_1.mat,train,35,143360
227_1_00036.png,BF021,227_1.mat,train,36,147456
227_1_00037.png,BF021,227_1.mat,train,37,151552
227_1_00038.png,BF021,227_1.mat,train,38,155648
227_1_00039.png,BF021,227_1.mat,train,39,159744
227_1_00040.png,BF021,227_1.mat,train,40,163840
227_1_00041.png,BF021,227_1.mat,train,41,167936
227_1_00042.png,BF021,227_1.mat,train,42,172032
227_1_00043.png,BF021,227_1.mat,train,43,176128
227_1_00044.png,BF021,227_1.mat,train,44,180224
227_1_00045.png,BF021,227_1.mat,train,45,184320
227_1_00046.png,BF021,227_1.mat,train,46,188416
227_1_00047.png,BF021,227_1.mat,train,47,192512
227_1_00048.png,BF021,227_1.mat,train,48,196608
227_1_00049.png,BF021,227_1.mat,train,49,200704
227_1_00050.png,BF021,227_1.mat,train,50,204800
227_1_00051.png,BF021,227_1.mat,train,51,208896
227_1_00052.png,BF021,227_1.mat,train,52,212992
227_1_00053.png,BF021,227_1.mat,train,53,217088
227_1_00054.png,BF021,227_1.mat,train,54,221184
227_1_00055.png,BF021,227_1.mat,train,55,225280
227_1_00056.png,BF021,227_1.mat,train,56,229376
227_1_00057.png,BF021,227_1.mat,train,57,233472
227_1_00058.png,BF021,227_1.mat,train,58,237568
227_1_00059.png,BF021,227_1.mat,train,59,241664
227_1_00060.png,BF021,227_1.mat,train,60,245760
227_1_00061.png,BF021,227_1.mat,train,61,249856
227_1_00062.png,BF021,227_1.mat,train,62,253952
227_1_00063.png,BF021,227_1.mat,train,63,258048
227_1_00064.png,BF021,227_1.mat,train,64,262144
227_1_00065.png,BF021,227_1.mat,train,65,266240
227_1_00066.png,BF021,227_1.mat,train,66,270336
227_1_00067.png,BF021,227_1.mat,train,67,274432
227_1_00068.png,BF021,227_1.mat,train,68,278528
227_1_00069.png,BF021,227_1.mat,train,69,282624
227_1_00070.png,BF021,227_1.mat,train,70,286720
227_1_00071.png,BF021,227_1.mat,train,71,290816
227_1_00072.png,BF021,227_1.mat,train,72,294912
227_1_00073.png,BF021,227_1.mat,train,73,299008
227_1_00074.png,BF021,227_1.mat,train,74,303104
227_1_00075.png,BF021,227_1.mat,train,75,307200
227_1_00076.png,BF021,227_1.mat,train,76,311296
227_1_00077.png,BF021,227_1.mat,train,77,315392
227_1_00078.png,BF021,227_1.mat,train,78,319488
227_1_00079.png,BF021,227_1.mat,train,79,323584
227_1_00080.png,BF021,227_1.mat,train,80,327680
227_1_00081.png,BF021,227_1.mat,train,81,331776
227_1_00082.png,BF021,227_1.mat,train,82,335872
227_1_00083.png,BF021,227_1.mat,train,83,339968
227_1_00084.png,BF021,227_1.mat,train,84,344064
227_1_00085.png,BF021,227_1.mat,train,85,348160
227_1_00086.png,BF021,227_1.mat,train,86,352256
227_1_00087.png,BF021,227_1.mat,train,87,356352
227_1_00088.png,BF021,227_1.mat,train,88,360448
227_1_00089.png,BF021,227_1.mat,train,89,364544
227_1_00090.png,BF021,227_1.mat,train,90,368640
227_1_00091.png,BF021,227_1.mat,train,91,372736
227_1_00092.png,BF021,227_1.mat,train,92,376832
227_1_00093.png,BF021,227_1.mat,train,93,380928
227_1_00094.png,BF021,227_1.mat,train,94,385024
227_1_00095.png,BF021,227_1.mat,train,95,389120
227_1_00096.png,BF021,227_1.mat,train,96,393216
227_1_00097.png,BF021,227_1.mat,train,97,397312
227_1_00098.png,BF021,227_1.mat,train,98,401408
227_1_00099.png,BF021,227_1.mat,train,99,405504
227_1_00100.png,BF021,227_1.mat,train,100,409600
227_1_00101.png,BF021,227_1.mat,train,101,413696
227_1_00102.png,BF021,227_1.mat,train,102,417792
227_1_00103.png,BF021,227_1.mat,train,103,421888
227_1_00104.png,BF021,227_1.mat,train,104,425984
227_1_00105.png,BF021,227_1.mat,train,105,430080
227_1_00106.png,BF021,227_1.mat,train,106,434176
227_1_00107.png,BF021,227_1.mat,train,107,438272
227_1_00108.png,BF021,227_1.mat,train,108,442368
227_1_00109.png,BF021,227_1.mat,train,109,446464
227_1_00110.png,BF021,227_1.mat,train,110,450560
227_1_00111.png,BF021,227_1.mat,train,111,454656
227_1_00112.png,BF021,227_1.mat,train,112,458752
227_1_00113.png,BF021,227_1.mat,train,113,462848
227_1_00114.png,BF021,227_1.mat,train,114,466944
227_1_00115.png,BF021,227_1.mat,train,115,471040
227_1_00116.png,BF021,227_1.mat,train,116,475136
229_3_00000.png,BF021,229_3.mat,train,0,0
229_3_00001.png,BF021,229_3.mat,train,1,4096
229_3_00002.png,BF021,229_3.mat,train,2,8192
229_3_00003.png,BF021,229_3.mat,train,3,12288
229_3_00004.png,BF021,229_3.mat,train,4,16384
229_3_00005.png,BF021,229_3.mat,train,5,20480
229_3_00006.png,BF021,229_3.mat,train,6,24576
229_3_00007.png,BF021,229_3.mat,train,7,28672
229_3_00008.png,BF021,229_3.mat,train,8,32768
229_3_00009.png,BF021,229_3.mat,train,9,36864
229_3_00010.png,BF021,229_3.mat,train,10,40960
229_3_00011.png,BF021,229_3.mat,train,11,45056
229_3_00012.png,BF021,229_3.mat,train,12,49152
229_3_00013.png,BF021,229_3.mat,train,13,53248
229_3_00014.png,BF021,229_3.mat,train,14,57344
229_3_00015.png,BF021,229_3.mat,train,15,61440
229_3_00016.png,BF021,229_3.mat,train,16,65536
229_3_00017.png,BF021,229_3.mat,train,17,69632
229_3_00018.png,BF021,229_3.mat,train,18,73728
229_3_00019.png,BF021,229_3.mat,train,19,77824
229_3_00020.png,BF021,229_3.mat,train,20,81920
229_3_00021.png,BF021,229_3.mat,train,21,86016
229_3_00022.png,BF021,229_3.mat,train,22,90112
229_3_00023.png,BF021,229_3.mat,train,23,94208
229_3_00024.png,BF021,229_3.mat,train,24,98304
229_3_00025.png,BF021,229_3.mat,train,25,102400
229_3_00026.png,BF021,229_3.mat,train,26,106496
229_3_00027.png,BF021,229_3.mat,train,27,110592
229_3_00028.png,BF021,229_3.mat,train,28,114688
229_3_00029.png,BF021,229_3.mat,train,29,118784
229_3_00030.png,BF021,229_3.mat,train,30,122880
229_3_00031.png,BF021,229_3.mat,train,31,126976
229_3_00032.png,BF021,229_3.mat,train,32,131072
229_3_00033.png,BF021,229_3.mat,train,33,135168
229_3_00034.png,BF021,229_3.mat,train,34,139264
229_3_00035.png,BF021,229_3.mat,train,35,143360
229_3_00036.png,BF021,229_3.mat,train,36,147456
229_3_00037.png,BF021,229_3.mat,train,37,151552
229_3_00038.png,BF021,229_3.mat,train,38,155648
229_3_00039.png,BF021,229_3.mat,train,39,159744
229_3_00040.png,BF021,229_3.mat,train,40,163840
229_3_00041.png,BF021,229_3.mat,train,41,167936
229_3_00042.png,BF021,229_3.mat,train,42,172032
229_3_00043.png,BF021,229_3.mat,train,43,176128
229_3_00044.png,BF021,229_3.mat,train,44,180224
229_3_00045.png,BF021,229_3.mat,train,45,184320
229_3_00046.png,BF021,229_3.mat,train,46,188416
229_3_00047.png,BF021,229_3.mat,train,47,192512
229_3_00048.png,BF021,229_3.mat,train,48,196608
229_3_00049.png,BF021,229_3.mat,train,49,200704
229_3_00050.png,BF021,229_3.mat,train,50,204800
229_3_00051.png,BF021,229_3.mat,train,51,208896
229_3_00052.png,BF021,229_3.mat,train,52,212992
229_3_00053.png,BF021,229_3.mat,train,53,217088
229_3_00054.png,BF021,229_3.mat,train,54,221184
229_3_00055.png,BF021,229_3.mat,train,55,225280
229_3_00056.png,BF021,229_3.mat,train,56,229376
229_3_00057.png,BF021,229_3.mat,train,57,233472
229_3_00058.png,BF021,229_3.mat,train,58,237568
229_3_00059.png,BF021,229_3.mat,train,59,241664
229_3_00060.png,BF021,229_3.mat,train,60,245760
229_3_00061.png,BF021,229_3.mat,train,61,249856
229_3_00062.png,BF021,229_3.mat,train,62,253952
229_3_00063.png,BF021,229_3.mat,train,63,258048
229_3_00064.png,BF021,229_3.mat,train,64,262144
229_3_00065.png,BF021,229_3.mat,train,65,266240
229_3_00066.png,BF021,229_3.mat,train,66,270336
229_3_00067.png,BF021,229_3.mat,train,67,274432
229_3_00068.png,BF021,229_3.mat,train,68,278528
229_3_00069.png,BF021,229_3.mat,train,69,282624
229_3_00070.png,BF021,229_3.mat,train,70,286720
229_3_00071.png,BF021,229_3.mat,train,71,290816
229_3_00072.png,BF021,229_3.mat,train,72,294912
229_3_00073.png,BF021,229_3.mat,train,73,299008
229_3_00074.png,BF021,229_3.mat,train,74,303104
229_3_00075.png,BF021,229_3.mat,train,75,307200
229_3_00076.png,BF021,229_3.mat,train,76,311296
229_3_00077.png,BF021,229_3.mat,train,77,315392
229_3_00078.png,BF021,229_3.mat,train,78,319488
229_3_00079.png,BF021,229_3.mat,train,79,323584
229_3_00080.png,BF021,229_3.mat,train,80,327680
229_3_00081.png,BF021,229_3.mat,train,81,331776
229_3_00082.png,BF021,229_3.mat,train,82,335872
229_3_00083.png,BF021,229_3.mat,train,83,339968
229_3_00084.png,BF021,229_3.mat,train,84,344064
229_3_00085.png,BF021,229_3.mat,train,85,348160
229_3_00086.png,BF021,229_3.mat,train,86,352256
229_3_00087.png,BF021,229_3.mat,train,87,356352
229_3_00088.png,BF021,229_3.mat,train,88,360448
229_3_00089.png,BF021,229_3.mat,train,89,364544
229_3_00090.png,BF021,229_3.mat,train,90,368640
229_3_00091.png,BF021,229_3.mat,train,91,372736
229_3_00092.png,BF021,229_3.mat,train,92,376832
229_3_00093.png,BF021,229_3.mat,train,93,380928
229_3_00094.png,BF021,229_3.mat,train,94,385024
229_3_00095.png,BF021,229_3.mat,train,95,389120
229_3_00096.png,BF021,229_3.mat,train,96,393216
229_3_00097.png,BF021,229_3.mat,train,97,397312
229_3_00098.png,BF021,229_3.mat,train,98,401408
229_3_00099.png,BF021,229_3.mat,train,99,405504
229_3_00100.png,BF021,229_3.mat,train,100,409600
229_3_00101.png,BF021,229_3.mat,train,101,413696
229_3_00102.png,BF021,229_3.mat,train,102,417792
229_3_00103.png,BF021,229_3.mat,train,103,421888
229_3_00104.png,BF021,229_3.mat,train,104,425984
229_3_00105.png,BF021,229_3.mat,train,105,430080
229_3_00106.png,BF021,229_3.mat,train,106,434176
229_3_00107.png,BF021,229_3.mat,train,107,438272
229_3_00108.png,BF021,229_3.mat,train,108,442368
229_3_00109.png,BF021,229_3.mat,train,109,446464
229_3_00110.png,BF021,229_3.mat,train,110,450560
229_3_00111.png,BF021,229_3.mat,train,111,454656
229_3_00112.png,BF021,229_3.mat,train,112,458752
229_3_00113.png,BF021,229_3.mat,train,113,462848
229_3_00114.png,BF021,229_3.mat,train,114,466944
229_3_00115.png,BF021,229_3.mat,train,115,471040
229_3_00116.png,BF021,229_3.mat,train,116,475136
110_1_00000.png,IF007,110_1.mat,train,0,0
110_1_00001.png,IF007,110_1.mat,train,1,4096
110_1_00002.png,IF007,110_1.mat,train,2,8192
110_1_00003.png,IF007,110_1.mat,train,3,12288
110_1_00004.png,IF007,110_1.mat,train,4,16384
110_1_00005.png,IF007,110_1.mat,train,5,20480
110_1_00006.png,IF007,110_1.mat,train,6,24576
110_1_00007.png,IF007,110_1.mat,train,7,28672
110_1_00008.png,IF007,110_1.mat,train,8,32768
110_1_00009.png,IF007,110_1.mat,train,9,36864
110_1_00010.png,IF007,110_1.mat,train,10,40960
110_1_00011.png,IF007,110_1.mat,train,11,45056
110_1_00012.png,IF007,110_1.mat,train,12,49152
110_1_00013.png,IF007,110_1.mat,train,13,53248
110_1_00014.png,IF007,110_1.mat,train,14,57344
110_1_00015.png,IF007,110_1.mat,train,15,61440
110_1_00016.png,IF007,110_1.mat,train,16,65536
110_1_00017.png,IF007,110_1.mat,train,17,69632
110_1_00018.png,IF007,110_1.mat,train,18,73728
110_1_00019.png,IF007,110_1.mat,train,19,77824
110_1_00020.png,IF007,110_1.mat,train,20,81920
110_1_00021.png,IF007,110_1.mat,train,21,86016
110_1_00022.png,IF007,110_1.mat,train,22,90112
110_1_00023.png,IF007,110_1.mat,train,23,94208
110_1_00024.png,IF007,110_1.mat,train,24,98304
110_1_00025.png,IF007,110_1.mat,train,25,102400
110_1_00026.png,IF007,110_1.mat,train,26,106496
110_1_00027.png,IF007,110_1.mat,train,27,110592
110_1_00028.png,IF007,110_1.mat,train,28,114688
110_1_00029.png,IF007,110_1.mat,train,29,118784
110_1_00030.png,IF007,110_1.mat,train,30,122880
110_1_00031.png,IF007,110_1.mat,train,31,126976
110_1_00032.png,IF007,110_1.mat,train,32,131072
110_1_00033.png,IF007,110_1.mat,train,33,135168
110_1_00034.png,IF007,110_1.mat,train,34,139264
110_1_00035.png,IF007,110_1.mat,train,35,143360
110_1_00036.png,IF007,110_1.mat,train,36,147456
110_1_00037.png,IF007,110_1.mat,train,37,151552
110_1_00038.png,IF007,110_1.mat,train,38,155648
110_1_00039.png,IF007,110_1.mat,train,39,159744
110_1_00040.png,IF007,110_1.mat,train,40,163840
110_1_00041.png,IF007,110_1.mat,train,41,167936
110_1_00042.png,IF007,110_1.mat,train,42,172032
110_1_00043.png,IF007,110_1.mat,train,43,176128
110_1_00044.png,IF007,110_1.mat,train,44,180224
110_1_00045.png,IF007,110_1.mat,train,45,184320
110_1_00046.png,IF007,110_1.mat,train,46,188416
110_1_00047.png,IF007,110_1.mat,train,47,192512
110_1_00048.png,IF007,110_1.mat,train,48,196608
110_1_00049.png,IF007,110_1.mat,train,49,200704
110_1_00050.png,IF007,110_1.mat,train,50,204800
110_1_00051.png,IF007,110_1.mat,train,51,208896
110_1_00052.png,IF007,110_1.mat,train,52,212992
110_1_00053.png,IF007,110_1.mat,train,53,217088
110_1_00054.png,IF007,110_1.mat,train,54,221184
110_1_00055.png,IF007,110_1.mat,train,55,225280
110_1_00056.png,IF007,110_1.mat,train,56,229376
110_1_00057.png,IF007,110_1.mat,train,57,233472
110_1_00058.png,IF007,110_1.mat,train,58,237568
110_1_00059.png,IF007,110_1.mat,train,59,241664
110_1_00060.png,IF007,110_1.mat,train,60,245760
110_1_00061.png,IF007,110_1.mat,train,61,249856
110_1_00062.png,IF007,110_1.mat,train,62,253952
110_1_00063.png,IF007,110_1.mat,train,63,258048
110_1_00064.png,IF007,110_1.mat,train,64,262144
110_1_00065.png,IF007,110_1.mat,train,65,266240
110_1_00066.png,IF007,110_1.mat,train,66,270336
110_1_00067.png,IF007,110_1.mat,train,67,274432
110_1_00068.png,IF007,110_1.mat,train,68,278528
110_1_00069.png,IF007,110_1.mat,train,69,282624
110_1_00070.png,IF007,110_1.mat,train,70,286720
110_1_00071.png,IF007,110_1.mat,train,71,290816
110_1_00072.png,IF007,110_1.mat,train,72,294912
110_1_00073.png,IF007,110_1.mat,train,73,299008
110_1_00074.png,IF007,110_1.mat,train,74,303104
110_1_00075.png,IF007,110_1.mat,train,75,307200
110_1_00076.png,IF007,110_1.mat,train,76,311296
110_1_00077.png,IF007,110_1.mat,train,77,315392
110_1_00078.png,IF007,110_1.mat,train,78,319488
110_1_00079.png,IF007,110_1.mat,train,79,323584
110_1_00080.png,IF007,110_1.mat,train,80,327680
110_1_00081.png,IF007,110_1.mat,train,81,331776
110_1_00082.png,IF007,110_1.mat,train,82,335872
110_1_00083.png,IF007,110_1.mat,train,83,339968
110_1_00084.png,IF007,110_1.mat,train,84,344064
110_1_00085.png,IF007,110_1.mat,train,85,348160
110_1_00086.png,IF007,110_1.mat,train,86,352256
110_1_00087.png,IF007,110_1.mat,train,87,356352
110_1_00088.png,IF007,110_1.mat,train,88,360448
110_1_00089.png,IF007,110_1.mat,train,89,364544
110_1_00090.png,IF007,110_1.mat,train,90,368640
110_1_00091.png,IF007,110_1.mat,train,91,372736
110_1_00092.png,IF007,110_1.mat,train,92,376832
110_1_00093.png,IF007,110_1.mat,train,93,380928
110_1_00094.png,IF007,110_1.mat,train,94,385024
110_1_00095.png,IF007,110_1.mat,train,95,389120
110_1_00096.png,IF007,110_1.mat,train,96,393216
110_1_00097.png,IF007,110_1.mat,train,97,397312
110_1_00098.png,IF007,110_1.mat,train,98,401408
110_1_00099.png,IF007,110_1.mat,train,99,405504
110_1_00100.png,IF007,110_1.mat,train,100,409600
110_1_00101.png,IF007,110_1.mat,train,101,413696
110_1_00102.png,IF007,110_1.mat,train,102,417792
110_1_00103.png,IF007,110_1.mat,train,103,421888
110_1_00104.png,IF007,110_1.mat,train,104,425984
110_1_00105.png,IF007,110_1.mat,train,105,430080
110_1_00106.png,IF007,110_1.mat,train,106,434176
110_1_00107.png,IF007,110_1.mat,train,107,438272
110_1_00108.png,IF007,110_1.mat,train,108,442368
110_1_00109.png,IF007,110_1.mat,train,109,446464
110_1_00110.png,IF007,110_1.mat,train,110,450560
110_1_00111.png,IF007,110_1.mat,train,111,454656
110_1_00112.png,IF007,110_1.mat,train,112,458752
110_1_00113.png,IF007,110_1.mat,train,113,462848
110_1_00114.png,IF007,110_1.mat,train,114,466944
110_1_00115.png,IF007,110_1.mat,train,115,471040
110_1_00116.png,IF007,110_1.mat,train,116,475136
111_2_00000.png,IF007,111_2.mat,train,0,0
111_2_00001.png,IF007,111_2.mat,train,1,4096
111_2_00002.png,IF007,111_2.mat,train,2,8192
111_2_00003.png,IF007,111_2.mat,train,3,12288
111_2_00004.png,IF007,111_2.mat,train,4,16384
111_2_00005.png,IF007,111_2.mat,train,5,20480
111_2_00006.png,IF007,111_2.mat,train,6,24576
111_2_00007.png,IF007,111_2.mat,train,7,28672
111_2_00008.png,IF007,111_2.mat,train,8,32768
111_2_00009.png,IF007,111_2.mat,train,9,36864
111_2_00010.png,IF007,111_2.mat,train,10,40960
111_2_00011.png,IF007,111_2.mat,train,11,45056
111_2_00012.png,IF007,111_2.mat,train,12,49152
111_2_00013.png,IF007,111_2.mat,train,13,53248
111_2_00014.png,IF007,111_2.mat,train,14,57344
111_2_00015.png,IF007,111_2.mat,train,15,61440
111_2_00016.png,IF007,111_2.mat,train,16,65536
111_2_00017.png,IF007,111_2.mat,train,17,69632
111_2_00018.png,IF007,111_2.mat,train,18,73728
111_2_00019.png,IF007,111_2.mat,train,19,77824
111_2_00020.png,IF007,111_2.mat,train,20,81920
111_2_00021.png,IF007,111_2.mat,train,21,86016
111_2_00022.png,IF007,111_2.mat,train,22,90112
111_2_00023.png,IF007,111_2.mat,train,23,94208
111_2_00024.png,IF007,111_2.mat,train,24,98304
111_2_00025.png,IF007,111_2.mat,train,25,102400
111_2_00026.png,IF007,111_2.mat,train,26,106496
111_2_00027.png,IF007,111_2.mat,train,27,110592
111_2_00028.png,IF007,111_2.mat,train,28,114688
111_2_00029.png,IF007,111_2.mat,train,29,118784
111_2_00030.png,IF007,111_2.mat,train,30,122880
111_2_00031.png,IF007,111_2.mat,train,31,126976
111_2_00032.png,IF007,111_2.mat,train,32,131072
111_2_00033.png,IF007,111_2.mat,train,33,135168
111_2_00034.png,IF007,111_2.mat,train,34,139264
111_2_00035.png,IF007,111_2.mat,train,35,143360
111_2_00036.png,IF007,111_2.mat,train,36,147456
111_2_00037.png,IF007,111_2.mat,train,37,151552
111_2_00038.png,IF007,111_2.mat,train,38,155648
111_2_00039.png,IF007,111_2.mat,train,39,159744
111_2_00040.png,IF007,111_2.mat,train,40,163840
111_2_00041.png,IF007,111_2.mat,train,41,167936
111_2_00042.png,IF007,111_2.mat,train,42,172032
111_2_00043.png,IF007,111_2.mat,train,43,176128
111_2_00044.png,IF007,111_2.mat,train,44,180224
111_2_00045.png,IF007,111_2.mat,train,45,184320
111_2_00046.png,IF007,111_2.mat,train,46,188416
111_2_00047.png,IF007,111_2.mat,train,47,192512
111_2_00048.png,IF007,111_2.mat,train,48,196608
111_2_00049.png,IF007,111_2.mat,train,49,200704
111_2_00050.png,IF007,111_2.mat,train,50,204800
111_2_00051.png,IF007,111_2.mat,train,51,208896
111_2_00052.png,IF007,111_2.mat,train,52,212992
111_2_00053.png,IF007,111_2.mat,train,53,217088
111_2_00054.png,IF007,111_2.mat,train,54,221184
111_2_00055.png,IF007,111_2.mat,train,55,225280
111_2_00056.png,IF007,111_2.mat,train,56,229376
111_2_00057.png,IF007,111_2.mat,train,57,233472
111_2_00058.png,IF007,111_2.mat,train,58,237568
111_2_00059.png,IF007,111_2.mat,train,59,241664
111_2_00060.png,IF007,111_2.mat,train,60,245760
111_2_00061.png,IF007,111_2.mat,train,61,249856
111_2_00062.png,IF007,111_2.mat,train,62,253952
111_2_00063.png,IF007,111_2.mat,train,63,258048
111_2_00064.png,IF007,111_2.mat,train,64,262144
111_2_00065.png,IF007,111_2.mat,train,65,266240
111_2_00066.png,IF007,111_2.mat,train,66,270336
111_2_00067.png,IF007,111_2.mat,train,67,274432
111_2_00068.png,IF007,111_2.mat,train,68,278528
111_2_00069.png,IF007,111_2.mat,train,69,282624
111_2_00070.png,IF007,111_2.mat,train,70,286720
111_2_00071.png,IF007,111_2.mat,train,71,290816
111_2_00072.png,IF007,111_2.mat,train,72,294912
111_2_00073.png,IF007,111_2.mat,train,73,299008
111_2_00074.png,IF007,111_2.mat,train,74,303104
111_2_00075.png,IF007,111_2.mat,train,75,307200
111_2_00076.png,IF007,111_2.mat,train,76,311296
111_2_00077.png,IF007,111_2.mat,train,77,315392
111_2_00078.png,IF007,111_2.mat,train,78,319488
111_2_00079.png,IF007,111_2.mat,train,79,323584
111_2_00080.png,IF007,111_2.mat,train,80,327680
111_2_00081.png,IF007,111_2.mat,train,81,331776
111_2_00082.png,IF007,111_2.mat,train,82,335872
111_2_00083.png,IF007,111_2.mat,train,83,339968
111_2_00084.png,IF007,111_2.mat,train,84,344064
111_2_00085.png,IF007,111_2.mat,train,85,348160
111_2_00086.png,IF007,111_2.mat,train,86,352256
111_2_00087.png,IF007,111_2.mat,train,87,356352
111_2_00088.png,IF007,111_2.mat,train,88,360448
111_2_00089.png,IF007,111_2.mat,train,89,364544
111_2_00090.png,IF007,111_2.mat,train,90,368640
111_2_00091.png,IF007,111_2.mat,train,91,372736
111_2_00092.png,IF007,111_2.mat,train,92,376832
111_2_00093.png,IF007,111_2.mat,train,93,380928
111_2_00094.png,IF007,111_2.mat,train,94,385024
111_2_00095.png,IF007,111_2.mat,train,95,389120
111_2_00096.png,IF007,111_2.mat,train,96,393216
111_2_00097.png,IF007,111_2.mat,train,97,397312
111_2_00098.png,IF007,111_2.mat,train,98,401408
111_2_00099.png,IF007,111_2.mat,train,99,405504
111_2_00100.png,IF007,111_2.mat,train,100,409600
111_2_00101.png,IF007,111_2.mat,train,101,413696
111_2_00102.png,IF007,111_2.mat,train,102,417792
111_2_00103.png,IF007,111_2.mat,train,103,421888
111_2_00104.png,IF007,111_2.mat,train,104,425984
111_2_00105.png,IF007,111_2.mat,train,105,430080
111_2_00106.png,IF007,111_2.mat,train,106,434176
111_2_00107.png,IF007,111_2.mat,train,107,438272
111_2_00108.png,IF007,111_2.mat,train,108,442368
111_2_00109.png,IF007,111_2.mat,train,109,446464
111_2_00110.png,IF007,111_2.mat,train,110,450560
111_2_00111.png,IF007,111_2.mat,train,111,454656
111_2_00112.png,IF007,111_2.mat,train,112,458752
111_2_00113.png,IF007,111_2.mat,train,113,462848
111_2_00114.png,IF007,111_2.mat,train,114,466944
111_2_00115.png,IF007,111_2.mat,train,115,471040
111_2_00116.png,IF007,111_2.mat,train,116,475136
175_1_00000.png,IF014,175_1.mat,train,0,0
175_1_00001.png,IF014,175_1.mat,train,1,4096
175_1_00002.png,IF014,175_1.mat,train,2,8192
175_1_00003.png,IF014,175_1.mat,train,3,12288
175_1_00004.png,IF014,175_1.mat,train,4,16384
175_1_00005.png,IF014,175_1.mat,train,5,20480
175_1_00006.png,IF014,175_1.mat,train,6,24576
175_1_00007.png,IF014,175_1.mat,train,7,28672
175_1_00008.png,IF014,175_1.mat,train,8,32768
175_1_00009.png,IF014,175_1.mat,train,9,36864
175_1_00010.png,IF014,175_1.mat,train,10,40960
175_1_00011.png,IF014,175_1.mat,train,11,45056
175_1_00012.png,IF014,175_1.mat,train,12,49152
175_1_00013.png,IF014,175_1.mat,train,13,53248
175_1_00014.png,IF014,175_1.mat,train,14,57344
175_1_00015.png,IF014,175_1.mat,train,15,61440
175_1_00016.png,IF014,175_1.mat,train,16,65536
175_1_00017.png,IF014,175_1.mat,train,17,69632
175_1_00018.png,IF014,175_1.mat,train,18,73728
175_1_00019.png,IF014,175_1.mat,train,19,77824
175_1_00020.png,IF014,175_1.mat,train,20,81920
175_1_00021.png,IF014,175_1.mat,train,21,86016
175_1_00022.png,IF014,175_1.mat,train,22,90112
175_1_00023.png,IF014,175_1.mat,train,23,94208
175_1_00024.png,IF014,175_1.mat,train,24,98304
175_1_00025.png,IF014,175_1.mat,train,25,102400
175_1_00026.png,IF014,175_1.mat,train,26,106496
175_1_00027.png,IF014,175_1.mat,train,27,110592
175_1_00028.png,IF014,175_1.mat,train,28,114688
175_1_00029.png,IF014,175_1.mat,train,29,118784
175_1_00030.png,IF014,175_1.mat,train,30,122880
175_1_00031.png,IF014,175_1.mat,train,31,126976
175_1_00032.png,IF014,175_1.mat,train,32,131072
175_1_00033.png,IF014,175_1.mat,train,33,135168
175_1_00034.png,IF014,175_1.mat,train,34,139264
175_1_00035.png,IF014,175_1.mat,train,35,143360
175_1_00036.png,IF014,175_1.mat,train,36,147456
175_1_00037.png,IF014,175_1.mat,train,37,151552
175_1_00038.png,IF014,175_1.mat,train,38,155648
175_1_00039.png,IF014,175_1.mat,train,39,159744
175_1_00040.png,IF014,175_1.mat,train,40,163840
175_1_00041.png,IF014,175_1.mat,train,41,167936
175_1_00042.png,IF014,175_1.mat,train,42,172032
175_1_00043.png,IF014,175_1.mat,train,43,176128
175_1_00044.png,IF014,175_1.mat,train,44,180224
175_1_00045.png,IF014,175_1.mat,train,45,184320
175_1_00046.png,IF014,175_1.mat,train,46,188416
175_1_00047.png,IF014,175_1.mat,train,47,192512
175_1_00048.png,IF014,175_1.mat,train,48,196608
175_1_00049.png,IF014,175_1.mat,train,49,200704
175_1_00050.png,IF014,175_1.mat,train,50,204800
175_1_00051.png,IF014,175_1.mat,train,51,208896
175_1_00052.png,IF014,175_1.mat,train,52,212992
175_1_00053.png,IF014,175_1.mat,train,53,217088
175_1_00054.png,IF014,175_1.mat,train,54,221184
175_1_00055.png,IF014,175_1.mat,train,55,225280
175_1_00056.png,IF014,175_1.mat,train,56,229376
175_1_00057.png,IF014,175_1.mat,train,57,233472
175_1_00058.png,IF014,175_1.mat,train,58,237568
175_1_00059.png,IF014,175_1.mat,train,59,241664
175_1_00060.png,IF014,175_1.mat,train,60,245760
175_1_00061.png,IF014,175_1.mat,train,61,249856
175_1_00062.png,IF014,175_1.mat,train,62,253952
175_1_00063.png,IF014,175_1.mat,train,63,258048
175_1_00064.png,IF014,175_1.mat,train,64,262144
175_1_00065.png,IF014,175_1.mat,train,65,266240
175_1_00066.png,IF014,175_1.mat,train,66,270336
175_1_00067.png,IF014,175_1.mat,train,67,274432
175_1_00068.png,IF014,175_1.mat,train,68,278528
175_1_00069.png,IF014,175_1.mat,train,69,282624
175_1_00070.png,IF014,175_1.mat,train,70,286720
175_1_00071.png,IF014,175_1.mat,train,71,290816
175_1_00072.png,IF014,175_1.mat,train,72,294912
175_1_00073.png,IF014,175_1.mat,train,73,299008
175_1_00074.png,IF014,175_1.mat,train,74,303104
175_1_00075.png,IF014,175_1.mat,train,75,307200
175_1_00076.png,IF014,175_1.mat,train,76,311296
175_1_00077.png,IF014,175_1.mat,train,77,315392
175_1_00078.png,IF014,175_1.mat,train,78,319488
175_1_00079.png,IF014,175_1.mat,train,79,323584
175_1_00080.png,IF014,175_1.mat,train,80,327680
175_1_00081.png,IF014,175_1.mat,train,81,331776
175_1_00082.png,IF014,175_1.mat,train,82,335872
175_1_00083.png,IF014,175_1.mat,train,83,339968
175_1_00084.png,IF014,175_1.mat,train,84,344064
175_1_00085.png,IF014,175_1.mat,train,85,348160
175_1_00086.png,IF014,175_1.mat,train,86,352256
175_1_00087.png,IF014,175_1.mat,train,87,356352
175_1_00088.png,IF014,175_1.mat,train,88,360448
175_1_00089.png,IF014,175_1.mat,train,89,364544
175_1_00090.png,IF014,175_1.mat,train,90,368640
175_1_00091.png,IF014,175_1.mat,train,91,372736
175_1_00092.png,IF014,175_1.mat,train,92,376832
175_1_00093.png,IF014,175_1.mat,train,93,380928
175_1_00094.png,IF014,175_1.mat,train,94,385024
175_1_00095.png,IF014,175_1.mat,train,95,389120
175_1_00096.png,IF014,175_1.mat,train,96,393216
175_1_00097.png,IF014,175_1.mat,train,97,397312
175_1_00098.png,IF014,175_1.mat,train,98,401408
175_1_00099.png,IF014,175_1.mat,train,99,405504
175_1_00100.png,IF014,175_1.mat,train,100,409600
175_1_00101.png,IF014,175_1.mat,train,101,413696
175_1_00102.png,IF014,175_1.mat,train,102,417792
175_1_00103.png,IF014,175_1.mat,train,103,421888
175_1_00104.png,IF014,175_1.mat,train,104,425984
175_1_00105.png,IF014,175_1.mat,train,105,430080
175_1_00106.png,IF014,175_1.mat,train,106,434176
175_1_00107.png,IF014,175_1.mat,train,107,438272
175_1_00108.png,IF014,175_1.mat,train,108,442368
175_1_00109.png,IF014,175_1.mat,train,109,446464
175_1_00110.png,IF014,175_1.mat,train,110,450560
175_1_00111.png,IF014,175_1.mat,train,111,454656
175_1_00112.png,IF014,175_1.mat,train,112,458752
175_1_00113.png,IF014,175_1.mat,train,113,462848
175_1_00114.png,IF014,175_1.mat,train,114,466944
175_1_00115.png,IF014,175_1.mat,train,115,471040
175_1_00116.png,IF014,175_1.mat,train,116,475136
175_1_00117.png,IF014,175_1.mat,train,117,479232
176_2_00000.png,IF014,176_2.mat,train,0,0
176_2_00001.png,IF014,176_2.mat,train,1,4096
176_2_00002.png,IF014,176_2.mat,train,2,8192
176_2_00003.png,IF014,176_2.mat,train,3,12288
176_2_00004.png,IF014,176_2.mat,train,4,16384
176_2_00005.png,IF014,176_2.mat,train,5,20480
176_2_00006.png,IF014,176_2.mat,train,6,24576
176_2_00007.png,IF014,176_2.mat,train,7,28672
176_2_00008.png,IF014,176_2.mat,train,8,32768
176_2_00009.png,IF014,176_2.mat,train,9,36864
176_2_00010.png,IF014,176_2.mat,train,10,40960
176_2_00011.png,IF014,176_2.mat,train,11,45056
176_2_00012.png,IF014,176_2.mat,train,12,49152
176_2_00013.png,IF014,176_2.mat,train,13,53248
176_2_00014.png,IF014,176_2.mat,train,14,57344
176_2_00015.png,IF014,176_2.mat,train,15,61440
176_2_00016.png,IF014,176_2.mat,train,16,65536
176_2_00017.png,IF014,176_2.mat,train,17,69632
176_2_00018.png,IF014,176_2.mat,train,18,73728
176_2_00019.png,IF014,176_2.mat,train,19,77824
176_2_00020.png,IF014,176_2.mat,train,20,81920
176_2_00021.png,IF014,176_2.mat,train,21,86016
176_2_00022.png,IF014,176_2.mat,train,22,90112
176_2_00023.png,IF014,176_2.mat,train,23,94208
176_2_00024.png,IF014,176_2.mat,train,24,98304
176_2_00025.png,IF014,176_2.mat,train,25,102400
176_2_00026.png,IF014,176_2.mat,train,26,106496
176_2_00027.png,IF014,176_2.mat,train,27,110592
176_2_00028.png,IF014,176_2.mat,train,28,114688
176_2_00029.png,IF014,176_2.mat,train,29,118784
176_2_00030.png,IF014,176_2.mat,train,30,122880
176_2_00031.png,IF014,176_2.mat,train,31,126976
176_2_00032.png,IF014,176_2.mat,train,32,131072
176_2_00033.png,IF014,176_2.mat,train,33,135168
176_2_00034.png,IF014,176_2.mat,train,34,139264
176_2_00035.png,IF014,176_2.mat,train,35,143360
176_2_00036.png,IF014,176_2.mat,train,36,147456
176_2_00037.png,IF014,176_2.mat,train,37,151552
176_2_00038.png,IF014,176_2.mat,train,38,155648
176_2_00039.png,IF014,176_2.mat,train,39,159744
176_2_00040.png,IF014,176_2.mat,train,40,163840
176_2_00041.png,IF014,176_2.mat,train,41,167936
176_2_00042.png,IF014,176_2.mat,train,42,172032
176_2_00043.png,IF014,176_2.mat,train,43,176128
176_2_00044.png,IF014,176_2.mat,train,44,180224
176_2_00045.png,IF014,176_2.mat,train,45,184320
176_2_00046.png,IF014,176_2.mat,train,46,188416
176_2_00047.png,IF014,176_2.mat,train,47,192512
176_2_00048.png,IF014,176_2.mat,train,48,196608
176_2_00049.png,IF014,176_2.mat,train,49,200704
176_2_00050.png,IF014,176_2.mat,train,50,204800
176_2_00051.png,IF014,176_2.mat,train,51,208896
176_2_00052.png,IF014,176_2.mat,train,52,212992
176_2_00053.png,IF014,176_2.mat,train,53,217088
176_2_00054.png,IF014,176_2.mat,train,54,221184
176_2_00055.png,IF014,176_2.mat,train,55,225280
176_2_00056.png,IF014,176_2.mat,train,56,229376
176_2_00057.png,IF014,176_2.mat,train,57,233472
176_2_00058.png,IF014,176_2.mat,train,58,237568
176_2_00059.png,IF014,176_2.mat,train,59,241664
176_2_00060.png,IF014,176_2.mat,train,60,245760
176_2_00061.png,IF014,176_2.mat,train,61,249856
176_2_00062.png,IF014,176_2.mat,train,62,253952
176_2_00063.png,IF014,176_2.mat,train,63,258048
176_2_00064.png,IF014,176_2.mat,train,64,262144
176_2_00065.png,IF014,176_2.mat,train,65,266240
176_2_00066.png,IF014,176_2.mat,train,66,270336
176_2_00067.png,IF014,176_2.mat,train,67,274432
176_2_00068.png,IF014,176_2.mat,train,68,278528
176_2_00069.png,IF014,176_2.mat,train,69,282624
176_2_00070.png,IF014,176_2.mat,train,70,286720
176_2_00071.png,IF014,176_2.mat,train,71,290816
176_2_00072.png,IF014,176_2.mat,train,72,294912
176_2_00073.png,IF014,176_2.mat,train,73,299008
176_2_00074.png,IF014,176_2.mat,train,74,303104
176_2_00075.png,IF014,176_2.mat,train,75,307200
176_2_00076.png,IF014,176_2.mat,train,76,311296
176_2_00077.png,IF014,176_2.mat,train,77,315392
176_2_00078.png,IF014,176_2.mat,train,78,319488
176_2_00079.png,IF014,176_2.mat,train,79,323584
176_2_00080.png,IF014,176_2.mat,train,80,327680
176_2_00081.png,IF014,176_2.mat,train,81,331776
176_2_00082.png,IF014,176_2.mat,train,82,335872
176_2_00083.png,IF014,176_2.mat,train,83,339968
176_2_00084.png,IF014,176_2.mat,train,84,344064
176_2_00085.png,IF014,176_2.mat,train,85,348160
176_2_00086.png,IF014,176_2.mat,train,86,352256
176_2_00087.png,IF014,176_2.mat,train,87,356352
176_2_00088.png,IF014,176_2.mat,train,88,360448
176_2_00089.png,IF014,176_2.mat,train,89,364544
176_2_00090.png,IF014,176_2.mat,train,90,368640
176_2_00091.png,IF014,176_2.mat,train,91,372736
176_2_00092.png,IF014,176_2.mat,train,92,376832
176_2_00093.png,IF014,176_2.mat,train,93,380928
176_2_00094.png,IF014,176_2.mat,train,94,385024
176_2_00095.png,IF014,176_2.mat,train,95,389120
176_2_00096.png,IF014,176_2.mat,train,96,393216
176_2_00097.png,IF014,176_2.mat,train,97,397312
176_2_00098.png,IF014,176_2.mat,train,98,401408
176_2_00099.png,IF014,176_2.mat,train,99,405504
176_2_00100.png,IF014,176_2.mat,train,100,409600
176_2_00101.png,IF014,176_2.mat,train,101,413696
176_2_00102.png,IF014,176_2.mat,train,102,417792
176_2_00103.png,IF014,176_2.mat,train,103,421888
176_2_00104.png,IF014,176_2.mat,train,104,425984
176_2_00105.png,IF014,176_2.mat,train,105,430080
176_2_00106.png,IF014,176_2.mat,train,106,434176
176_2_00107.png,IF014,176_2.mat,train,107,438272
176_2_00108.png,IF014,176_2.mat,train,108,442368
176_2_00109.png,IF014,176_2.mat,train,109,446464
176_2_00110.png,IF014,176_2.mat,train,110,450560
176_2_00111.png,IF014,176_2.mat,train,111,454656
176_2_00112.png,IF014,176_2.mat,train,112,458752
176_2_00113.png,IF014,176_2.mat,train,113,462848
176_2_00114.png,IF014,176_2.mat,train,114,466944
176_2_00115.png,IF014,176_2.mat,train,115,471040
176_2_00116.png,IF014,176_2.mat,train,116,475136
176_2_00117.png,IF014,176_2.mat,train,117,479232
214_1_00000.png,IF021,214_1.mat,train,0,0
214_1_00001.png,IF021,214_1.mat,train,1,4096
214_1_00002.png,IF021,214_1.mat,train,2,8192
214_1_00003.png,IF021,214_1.mat,train,3,12288
214_1_00004.png,IF021,214_1.mat,train,4,16384
214_1_00005.png,IF021,214_1.mat,train,5,20480
214_1_00006.png,IF021,214_1.mat,train,6,24576
214_1_00007.png,IF021,214_1.mat,train,7,28672
214_1_00008.png,IF021,214_1.mat,train,8,32768
214_1_00009.png,IF021,214_1.mat,train,9,36864
214_1_00010.png,IF021,214_1.mat,train,10,40960
214_1_00011.png,IF021,214_1.mat,train,11,45056
214_1_00012.png,IF021,214_1.mat,train,12,49152
214_1_00013.png,IF021,214_1.mat,train,13,53248
214_1_00014.png,IF021,214_1.mat,train,14,57344
214_1_00015.png,IF021,214_1.mat,train,15,61440
214_1_00016.png,IF021,214_1.mat,train,16,65536
214_1_00017.png,IF021,214_1.mat,train,17,69632
214_1_00018.png,IF021,214_1.mat,train,18,73728
214_1_00019.png,IF021,214_1.mat,train,19,77824
214_1_00020.png,IF021,214_1.mat,train,20,81920
214_1_00021.png,IF021,214_1.mat,train,21,86016
214_1_00022.png,IF021,214_1.mat,train,22,90112
214_1_00023.png,IF021,214_1.mat,train,23,94208
214_1_00024.png,IF021,214_1.mat,train,24,98304
214_1_00025.png,IF021,214_1.mat,train,25,102400
214_1_00026.png,IF021,214_1.mat,train,26,106496
214_1_00027.png,IF021,214_1.mat,train,27,110592
214_1_00028.png,IF021,214_1.mat,train,28,114688
214_1_00029.png,IF021,214_1.mat,train,29,118784
214_1_00030.png,IF021,214_1.mat,train,30,122880
214_1_00031.png,IF021,214_1.mat,train,31,126976
214_1_00032.png,IF021,214_1.mat,train,32,131072
214_1_00033.png,IF021,214_1.mat,train,33,135168
214_1_00034.png,IF021,214_1.mat,train,34,139264
214_1_00035.png,IF021,214_1.mat,train,35,143360
214_1_00036.png,IF021,214_1.mat,train,36,147456
214_1_00037.png,IF021,214_1.mat,train,37,151552
214_1_00038.png,IF021,214_1.mat,train,38,155648
214_1_00039.png,IF021,214_1.mat,train,39,159744
214_1_00040.png,IF021,214_1.mat,train,40,163840
214_1_00041.png,IF021,214_1.mat,train,41,167936
214_1_00042.png,IF021,214_1.mat,train,42,172032
214_1_00043.png,IF021,214_1.mat,train,43,176128
214_1_00044.png,IF021,214_1.mat,train,44,180224
214_1_00045.png,IF021,214_1.mat,train,45,184320
214_1_00046.png,IF021,214_1.mat,train,46,188416
214_1_00047.png,IF021,214_1.mat,train,47,192512
214_1_00048.png,IF021,214_1.mat,train,48,196608
214_1_00049.png,IF021,214_1.mat,train,49,200704
214_1_00050.png,IF021,214_1.mat,train,50,204800
214_1_00051.png,IF021,214_1.mat,train,51,208896
214_1_00052.png,IF021,214_1.mat,train,52,212992
214_1_00053.png,IF021,214_1.mat,train,53,217088
214_1_00054.png,IF021,214_1.mat,train,54,221184
214_1_00055.png,IF021,214_1.mat,train,55,225280
214_1_00056.png,IF021,214_1.mat,train,56,229376
214_1_00057.png,IF021,214_1.mat,train,57,233472
214_1_00058.png,IF021,214_1.mat,train,58,237568
214_1_00059.png,IF021,214_1.mat,train,59,241664
214_1_00060.png,IF021,214_1.mat,train,60,245760
214_1_00061.png,IF021,214_1.mat,train,61,249856
214_1_00062.png,IF021,214_1.mat,train,62,253952
214_1_00063.png,IF021,214_1.mat,train,63,258048
214_1_00064.png,IF021,214_1.mat,train,64,262144
214_1_00065.png,IF021,214_1.mat,train,65,266240
214_1_00066.png,IF021,214_1.mat,train,66,270336
214_1_00067.png,IF021,214_1.mat,train,67,274432
214_1_00068.png,IF021,214_1.mat,train,68,278528
214_1_00069.png,IF021,214_1.mat,train,69,282624
214_1_00070.png,IF021,214_1.mat,train,70,286720
214_1_00071.png,IF021,214_1.mat,train,71,290816
214_1_00072.png,IF021,214_1.mat,train,72,294912
214_1_00073.png,IF021,214_1.mat,train,73,299008
214_1_00074.png,IF021,214_1.mat,train,74,303104
214_1_00075.png,IF021,214_1.mat,train,75,307200
214_1_00076.png,IF021,214_1.mat,train,76,311296
214_1_00077.png,IF021,214_1.mat,train,77,315392
214_1_00078.png,IF021,214_1.mat,train,78,319488
214_1_00079.png,IF021,214_1.mat,train,79,323584
214_1_00080.png,IF021,214_1.mat,train,80,327680
214_1_00081.png,IF021,214_1.mat,train,81,331776
214_1_00082.png,IF021,214_1.mat,train,82,335872
214_1_00083.png,IF021,214_1.mat,train,83,339968
214_1_00084.png,IF021,214_1.mat,train,84,344064
214_1_00085.png,IF021,214_1.mat,train,85,348160
214_1_00086.png,IF021,214_1.mat,train,86,352256
214_1_00087.png,IF021,214_1.mat,train,87,356352
214_1_00088.png,IF021,214_1.mat,train,88,360448
214_1_00089.png,IF021,214_1.mat,train,89,364544
214_1_00090.png,IF021,214_1.mat,train,90,368640
214_1_00091.png,IF021,214_1.mat,train,91,372736
214_1_00092.png,IF021,214_1.mat,train,92,376832
214_1_00093.png,IF021,214_1.mat,train,93,380928
214_1_00094.png,IF021,214_1.mat,train,94,385024
214_1_00095.png,IF021,214_1.mat,train,95,389120
214_1_00096.png,IF021,214_1.mat,train,96,393216
214_1_00097.png,IF021,214_1.mat,train,97,397312
214_1_00098.png,IF021,214_1.mat,train,98,401408
214_1_00099.png,IF021,214_1.mat,train,99,405504
214_1_00100.png,IF021,214_1.mat,train,100,409600
214_1_00101.png,IF021,214_1.mat,train,101,413696
214_1_00102.png,IF021,214_1.mat,train,102,417792
214_1_00103.png,IF021,214_1.mat,train,103,421888
214_1_00104.png,IF021,214_1.mat,train,104,425984
214_1_00105.png,IF021,214_1.mat,train,105,430080
214_1_00106.png,IF021,214_1.mat,train,106,434176
214_1_00107.png,IF021,214_1.mat,train,107,438272
214_1_00108.png,IF021,214_1.mat,train,108,442368
214_1_00109.png,IF021,214_1.mat,train,109,446464
214_1_00110.png,IF021,214_1.mat,train,110,450560
214_1_00111.png,IF021,214_1.mat,train,111,454656
214_1_00112.png,IF021,214_1.mat,train,112,458752
214_1_00113.png,IF021,214_1.mat,train,113,462848
214_1_00114.png,IF021,214_1.mat,train,114,466944
214_1_00115.png,IF021,214_1.mat,train,115,471040
214_1_00116.png,IF021,214_1.mat,train,116,475136
217_3_00000.png,IF021,217_3.mat,train,0,0
217_3_00001.png,IF021,217_3.mat,train,1,4096
217_3_00002.png,IF021,217_3.mat,train,2,8192
217_3_00003.png,IF021,217_3.mat,train,3,12288
217_3_00004.png,IF021,217_3.mat,train,4,16384
217_3_00005.png,IF021,217_3.mat,train,5,20480
217_3_00006.png,IF021,217_3.mat,train,6,24576
217_3_00007.png,IF021,217_3.mat,train,7,28672
217_3_00008.png,IF021,217_3.mat,train,8,32768
217_3_00009.png,IF021,217_3.mat,train,9,36864
217_3_00010.png,IF021,217_3.mat,train,10,40960
217_3_00011.png,IF021,217_3.mat,train,11,45056
217_3_00012.png,IF021,217_3.mat,train,12,49152
217_3_00013.png,IF021,217_3.mat,train,13,53248
217_3_00014.png,IF021,217_3.mat,train,14,57344
217_3_00015.png,IF021,217_3.mat,train,15,61440
217_3_00016.png,IF021,217_3.mat,train,16,65536
217_3_00017.png,IF021,217_3.mat,train,17,69632
217_3_00018.png,IF021,217_3.mat,train,18,73728
217_3_00019.png,IF021,217_3.mat,train,19,77824
217_3_00020.png,IF021,217_3.mat,train,20,81920
217_3_00021.png,IF021,217_3.mat,train,21,86016
217_3_00022.png,IF021,217_3.mat,train,22,90112
217_3_00023.png,IF021,217_3.mat,train,23,94208
217_3_00024.png,IF021,217_3.mat,train,24,98304
217_3_00025.png,IF021,217_3.mat,train,25,102400
217_3_00026.png,IF021,217_3.mat,train,26,106496
217_3_00027.png,IF021,217_3.mat,train,27,110592
217_3_00028.png,IF021,217_3.mat,train,28,114688
217_3_00029.png,IF021,217_3.mat,train,29,118784
217_3_00030.png,IF021,217_3.mat,train,30,122880
217_3_00031.png,IF021,217_3.mat,train,31,126976
217_3_00032.png,IF021,217_3.mat,train,32,131072
217_3_00033.png,IF021,217_3.mat,train,33,135168
217_3_00034.png,IF021,217_3.mat,train,34,139264
217_3_00035.png,IF021,217_3.mat,train,35,143360
217_3_00036.png,IF021,217_3.mat,train,36,147456
217_3_00037.png,IF021,217_3.mat,train,37,151552
217_3_00038.png,IF021,217_3.mat,train,38,155648
217_3_00039.png,IF021,217_3.mat,train,39,159744
217_3_00040.png,IF021,217_3.mat,train,40,163840
217_3_00041.png,IF021,217_3.mat,train,41,167936
217_3_00042.png,IF021,217_3.mat,train,42,172032
217_3_00043.png,IF021,217_3.mat,train,43,176128
217_3_00044.png,IF021,217_3.mat,train,44,180224
217_3_00045.png,IF021,217_3.mat,train,45,184320
217_3_00046.png,IF021,217_3.mat,train,46,188416
217_3_00047.png,IF021,217_3.mat,train,47,192512
217_3_00048.png,IF021,217_3.mat,train,48,196608
217_3_00049.png,IF021,217_3.mat,train,49,200704
217_3_00050.png,IF021,217_3.mat,train,50,204800
217_3_00051.png,IF021,217_3.mat,train,51,208896
217_3_00052.png,IF021,217_3.mat,train,52,212992
217_3_00053.png,IF021,217_3.mat,train,53,217088
217_3_00054.png,IF021,217_3.mat,train,54,221184
217_3_00055.png,IF021,217_3.mat,train,55,225280
217_3_00056.png,IF021,217_3.mat,train,56,229376
217_3_00057.png,IF021,217_3.mat,train,57,233472
217_3_00058.png,IF021,217_3.mat,train,58,237568
217_3_00059.png,IF021,217_3.mat,train,59,241664
217_3_00060.png,IF021,217_3.mat,train,60,245760
217_3_00061.png,IF021,217_3.mat,train,61,249856
217_3_00062.png,IF021,217_3.mat,train,62,253952
217_3_00063.png,IF021,217_3.mat,train,63,258048
217_3_00064.png,IF021,217_3.mat,train,64,262144
217_3_00065.png,IF021,217_3.mat,train,65,266240
217_3_00066.png,IF021,217_3.mat,train,66,270336
217_3_00067.png,IF021,217_3.mat,train,67,274432
217_3_00068.png,IF021,217_3.mat,train,68,278528
217_3_00069.png,IF021,217_3.mat,train,69,282624
217_3_00070.png,IF021,217_3.mat,train,70,286720
217_3_00071.png,IF021,217_3.mat,train,71,290816
217_3_00072.png,IF021,217_3.mat,train,72,294912
217_3_00073.png,IF021,217_3.mat,train,73,299008
217_3_00074.png,IF021,217_3.mat,train,74,303104
217_3_00075.png,IF021,217_3.mat,train,75,307200
217_3_00076.png,IF021,217_3.mat,train,76,311296
217_3_00077.png,IF021,217_3.mat,train,77,315392
217_3_00078.png,IF021,217_3.mat,train,78,319488
217_3_00079.png,IF021,217_3.mat,train,79,323584
217_3_00080.png,IF021,217_3.mat,train,80,327680
217_3_00081.png,IF021,217_3.mat,train,81,331776
217_3_00082.png,IF021,217_3.mat,train,82,335872
217_3_00083.png,IF021,217_3.mat,train,83,339968
217_3_00084.png,IF021,217_3.mat,train,84,344064
217_3_00085.png,IF021,217_3.mat,train,85,348160
217_3_00086.png,IF021,217_3.mat,train,86,352256
217_3_00087.png,IF021,217_3.mat,train,87,356352
217_3_00088.png,IF021,217_3.mat,train,88,360448
217_3_00089.png,IF021,217_3.mat,train,89,364544
217_3_00090.png,IF021,217_3.mat,train,90,368640
217_3_00091.png,IF021,217_3.mat,train,91,372736
217_3_00092.png,IF021,217_3.mat,train,92,376832
217_3_00093.png,IF021,217_3.mat,train,93,380928
217_3_00094.png,IF021,217_3.mat,train,94,385024
217_3_00095.png,IF021,217_3.mat,train,95,389120
217_3_00096.png,IF021,217_3.mat,train,96,393216
217_3_00097.png,IF021,217_3.mat,train,97,397312
217_3_00098.png,IF021,217_3.mat,train,98,401408
217_3_00099.png,IF021,217_3.mat,train,99,405504
217_3_00100.png,IF021,217_3.mat,train,100,409600
217_3_00101.png,IF021,217_3.mat,train,101,413696
217_3_00102.png,IF021,217_3.mat,train,102,417792
217_3_00103.png,IF021,217_3.mat,train,103,421888
217_3_00104.png,IF021,217_3.mat,train,104,425984
217_3_00105.png,IF021,217_3.mat,train,105,430080
217_3_00106.png,IF021,217_3.mat,train,106,434176
217_3_00107.png,IF021,217_3.mat,train,107,438272
217_3_00108.png,IF021,217_3.mat,train,108,442368
217_3_00109.png,IF021,217_3.mat,train,109,446464
217_3_00110.png,IF021,217_3.mat,train,110,450560
217_3_00111.png,IF021,217_3.mat,train,111,454656
217_3_00112.png,IF021,217_3.mat,train,112,458752
217_3_00113.png,IF021,217_3.mat,train,113,462848
217_3_00114.png,IF021,217_3.mat,train,114,466944
217_3_00115.png,IF021,217_3.mat,train,115,471040
217_3_00116.png,IF021,217_3.mat,train,116,475136
217_3_00117.png,IF021,217_3.mat,train,117,479232
98_Normal_1_00000.png,Normal,98_Normal_1.mat,train,0,0
98_Normal_1_00001.png,Normal,98_Normal_1.mat,train,1,4096
98_Normal_1_00002.png,Normal,98_Normal_1.mat,train,2,8192
98_Normal_1_00003.png,Normal,98_Normal_1.mat,train,3,12288
98_Normal_1_00004.png,Normal,98_Normal_1.mat,train,4,16384
98_Normal_1_00005.png,Normal,98_Normal_1.mat,train,5,20480
98_Normal_1_00006.png,Normal,98_Normal_1.mat,train,6,24576
98_Normal_1_00007.png,Normal,98_Normal_1.mat,train,7,28672
98_Normal_1_00008.png,Normal,98_Normal_1.mat,train,8,32768
98_Normal_1_00009.png,Normal,98_Normal_1.mat,train,9,36864
98_Normal_1_00010.png,Normal,98_Normal_1.mat,train,10,40960
98_Normal_1_00011.png,Normal,98_Normal_1.mat,train,11,45056
98_Normal_1_00012.png,Normal,98_Normal_1.mat,train,12,49152
98_Normal_1_00013.png,Normal,98_Normal_1.mat,train,13,53248
98_Normal_1_00014.png,Normal,98_Normal_1.mat,train,14,57344
98_Normal_1_00015.png,Normal,98_Normal_1.mat,train,15,61440
98_Normal_1_00016.png,Normal,98_Normal_1.mat,train,16,65536
98_Normal_1_00017.png,Normal,98_Normal_1.mat,train,17,69632
98_Normal_1_00018.png,Normal,98_Normal_1.mat,train,18,73728
98_Normal_1_00019.png,Normal,98_Normal_1.mat,train,19,77824
98_Normal_1_00020.png,Normal,98_Normal_1.mat,train,20,81920
98_Normal_1_00021.png,Normal,98_Normal_1.mat,train,21,86016
98_Normal_1_00022.png,Normal,98_Normal_1.mat,train,22,90112
98_Normal_1_00023.png,Normal,98_Normal_1.mat,train,23,94208
98_Normal_1_00024.png,Normal,98_Normal_1.mat,train,24,98304
98_Normal_1_00025.png,Normal,98_Normal_1.mat,train,25,102400
98_Normal_1_00026.png,Normal,98_Normal_1.mat,train,26,106496
98_Normal_1_00027.png,Normal,98_Normal_1.mat,train,27,110592
98_Normal_1_00028.png,Normal,98_Normal_1.mat,train,28,114688
98_Normal_1_00029.png,Normal,98_Normal_1.mat,train,29,118784
98_Normal_1_00030.png,Normal,98_Normal_1.mat,train,30,122880
98_Normal_1_00031.png,Normal,98_Normal_1.mat,train,31,126976
98_Normal_1_00032.png,Normal,98_Normal_1.mat,train,32,131072
98_Normal_1_00033.png,Normal,98_Normal_1.mat,train,33,135168
98_Normal_1_00034.png,Normal,98_Normal_1.mat,train,34,139264
98_Normal_1_00035.png,Normal,98_Normal_1.mat,train,35,143360
98_Normal_1_00036.png,Normal,98_Normal_1.mat,train,36,147456
98_Normal_1_00037.png,Normal,98_Normal_1.mat,train,37,151552
98_Normal_1_00038.png,Normal,98_Normal_1.mat,train,38,155648
98_Normal_1_00039.png,Normal,98_Normal_1.mat,train,39,159744
98_Normal_1_00040.png,Normal,98_Normal_1.mat,train,40,163840
98_Normal_1_00041.png,Normal,98_Normal_1.mat,train,41,167936
98_Normal_1_00042.png,Normal,98_Normal_1.mat,train,42,172032
98_Normal_1_00043.png,Normal,98_Normal_1.mat,train,43,176128
98_Normal_1_00044.png,Normal,98_Normal_1.mat,train,44,180224
98_Normal_1_00045.png,Normal,98_Normal_1.mat,train,45,184320
98_Normal_1_00046.png,Normal,98_Normal_1.mat,train,46,188416
98_Normal_1_00047.png,Normal,98_Normal_1.mat,train,47,192512
98_Normal_1_00048.png,Normal,98_Normal_1.mat,train,48,196608
98_Normal_1_00049.png,Normal,98_Normal_1.mat,train,49,200704
98_Normal_1_00050.png,Normal,98_Normal_1.mat,train,50,204800
98_Normal_1_00051.png,Normal,98_Normal_1.mat,train,51,208896
98_Normal_1_00052.png,Normal,98_Normal_1.mat,train,52,212992
98_Normal_1_00053.png,Normal,98_Normal_1.mat,train,53,217088
98_Normal_1_00054.png,Normal,98_Normal_1.mat,train,54,221184
98_Normal_1_00055.png,Normal,98_Normal_1.mat,train,55,225280
98_Normal_1_00056.png,Normal,98_Normal_1.mat,train,56,229376
98_Normal_1_00057.png,Normal,98_Normal_1.mat,train,57,233472
98_Normal_1_00058.png,Normal,98_Normal_1.mat,train,58,237568
98_Normal_1_00059.png,Normal,98_Normal_1.mat,train,59,241664
98_Normal_1_00060.png,Normal,98_Normal_1.mat,train,60,245760
98_Normal_1_00061.png,Normal,98_Normal_1.mat,train,61,249856
98_Normal_1_00062.png,Normal,98_Normal_1.mat,train,62,253952
98_Normal_1_00063.png,Normal,98_Normal_1.mat,train,63,258048
98_Normal_1_00064.png,Normal,98_Normal_1.mat,train,64,262144
98_Normal_1_00065.png,Normal,98_Normal_1.mat,train,65,266240
98_Normal_1_00066.png,Normal,98_Normal_1.mat,train,66,270336
98_Normal_1_00067.png,Normal,98_Normal_1.mat,train,67,274432
98_Normal_1_00068.png,Normal,98_Normal_1.mat,train,68,278528
98_Normal_1_00069.png,Normal,98_Normal_1.mat,train,69,282624
98_Normal_1_00070.png,Normal,98_Normal_1.mat,train,70,286720
98_Normal_1_00071.png,Normal,98_Normal_1.mat,train,71,290816
98_Normal_1_00072.png,Normal,98_Normal_1.mat,train,72,294912
98_Normal_1_00073.png,Normal,98_Normal_1.mat,train,73,299008
98_Normal_1_00074.png,Normal,98_Normal_1.mat,train,74,303104
98_Normal_1_00075.png,Normal,98_Normal_1.mat,train,75,307200
98_Normal_1_00076.png,Normal,98_Normal_1.mat,train,76,311296
98_Normal_1_00077.png,Normal,98_Normal_1.mat,train,77,315392
98_Normal_1_00078.png,Normal,98_Normal_1.mat,train,78,319488
98_Normal_1_00079.png,Normal,98_Normal_1.mat,train,79,323584
98_Normal_1_00080.png,Normal,98_Normal_1.mat,train,80,327680
98_Normal_1_00081.png,Normal,98_Normal_1.mat,train,81,331776
98_Normal_1_00082.png,Normal,98_Normal_1.mat,train,82,335872
98_Normal_1_00083.png,Normal,98_Normal_1.mat,train,83,339968
98_Normal_1_00084.png,Normal,98_Normal_1.mat,train,84,344064
98_Normal_1_00085.png,Normal,98_Normal_1.mat,train,85,348160
98_Normal_1_00086.png,Normal,98_Normal_1.mat,train,86,352256
98_Normal_1_00087.png,Normal,98_Normal_1.mat,train,87,356352
98_Normal_1_00088.png,Normal,98_Normal_1.mat,train,88,360448
98_Normal_1_00089.png,Normal,98_Normal_1.mat,train,89,364544
98_Normal_1_00090.png,Normal,98_Normal_1.mat,train,90,368640
98_Normal_1_00091.png,Normal,98_Normal_1.mat,train,91,372736
98_Normal_1_00092.png,Normal,98_Normal_1.mat,train,92,376832
98_Normal_1_00093.png,Normal,98_Normal_1.mat,train,93,380928
98_Normal_1_00094.png,Normal,98_Normal_1.mat,train,94,385024
98_Normal_1_00095.png,Normal,98_Normal_1.mat,train,95,389120
98_Normal_1_00096.png,Normal,98_Normal_1.mat,train,96,393216
98_Normal_1_00097.png,Normal,98_Normal_1.mat,train,97,397312
98_Normal_1_00098.png,Normal,98_Normal_1.mat,train,98,401408
98_Normal_1_00099.png,Normal,98_Normal_1.mat,train,99,405504
98_Normal_1_00100.png,Normal,98_Normal_1.mat,train,100,409600
98_Normal_1_00101.png,Normal,98_Normal_1.mat,train,101,413696
98_Normal_1_00102.png,Normal,98_Normal_1.mat,train,102,417792
98_Normal_1_00103.png,Normal,98_Normal_1.mat,train,103,421888
98_Normal_1_00104.png,Normal,98_Normal_1.mat,train,104,425984
98_Normal_1_00105.png,Normal,98_Normal_1.mat,train,105,430080
98_Normal_1_00106.png,Normal,98_Normal_1.mat,train,106,434176
98_Normal_1_00107.png,Normal,98_Normal_1.mat,train,107,438272
98_Normal_1_00108.png,Normal,98_Normal_1.mat,train,108,442368
98_Normal_1_00109.png,Normal,98_Normal_1.mat,train,109,446464
98_Normal_1_00110.png,Normal,98_Normal_1.mat,train,110,450560
98_Normal_1_00111.png,Normal,98_Normal_1.mat,train,111,454656
98_Normal_1_00112.png,Normal,98_Normal_1.mat,train,112,458752
98_Normal_1_00113.png,Normal,98_Normal_1.mat,train,113,462848
98_Normal_1_00114.png,Normal,98_Normal_1.mat,train,114,466944
98_Normal_1_00115.png,Normal,98_Normal_1.mat,train,115,471040
98_Normal_1_00116.png,Normal,98_Normal_1.mat,train,116,475136
97_Normal_0_00000.png,Normal,97_Normal_0.mat,train,0,0
97_Normal_0_00001.png,Normal,97_Normal_0.mat,train,1,4096
97_Normal_0_00002.png,Normal,97_Normal_0.mat,train,2,8192
97_Normal_0_00003.png,Normal,97_Normal_0.mat,train,3,12288
97_Normal_0_00004.png,Normal,97_Normal_0.mat,train,4,16384
97_Normal_0_00005.png,Normal,97_Normal_0.mat,train,5,20480
97_Normal_0_00006.png,Normal,97_Normal_0.mat,train,6,24576
97_Normal_0_00007.png,Normal,97_Normal_0.mat,train,7,28672
97_Normal_0_00008.png,Normal,97_Normal_0.mat,train,8,32768
97_Normal_0_00009.png,Normal,97_Normal_0.mat,train,9,36864
97_Normal_0_00010.png,Normal,97_Normal_0.mat,train,10,40960
97_Normal_0_00011.png,Normal,97_Normal_0.mat,train,11,45056
97_Normal_0_00012.png,Normal,97_Normal_0.mat,train,12,49152
97_Normal_0_00013.png,Normal,97_Normal_0.mat,train,13,53248
97_Normal_0_00014.png,Normal,97_Normal_0.mat,train,14,57344
97_Normal_0_00015.png,Normal,97_Normal_0.mat,train,15,61440
97_Normal_0_00016.png,Normal,97_Normal_0.mat,train,16,65536
97_Normal_0_00017.png,Normal,97_Normal_0.mat,train,17,69632
97_Normal_0_00018.png,Normal,97_Normal_0.mat,train,18,73728
97_Normal_0_00019.png,Normal,97_Normal_0.mat,train,19,77824
97_Normal_0_00020.png,Normal,97_Normal_0.mat,train,20,81920
97_Normal_0_00021.png,Normal,97_Normal_0.mat,train,21,86016
97_Normal_0_00022.png,Normal,97_Normal_0.mat,train,22,90112
97_Normal_0_00023.png,Normal,97_Normal_0.mat,train,23,94208
97_Normal_0_00024.png,Normal,97_Normal_0.mat,train,24,98304
97_Normal_0_00025.png,Normal,97_Normal_0.mat,train,25,102400
97_Normal_0_00026.png,Normal,97_Normal_0.mat,train,26,106496
97_Normal_0_00027.png,Normal,97_Normal_0.mat,train,27,110592
97_Normal_0_00028.png,Normal,97_Normal_0.mat,train,28,114688
97_Normal_0_00029.png,Normal,97_Normal_0.mat,train,29,118784
97_Normal_0_00030.png,Normal,97_Normal_0.mat,train,30,122880
97_Normal_0_00031.png,Normal,97_Normal_0.mat,train,31,126976
97_Normal_0_00032.png,Normal,97_Normal_0.mat,train,32,131072
97_Normal_0_00033.png,Normal,97_Normal_0.mat,train,33,135168
97_Normal_0_00034.png,Normal,97_Normal_0.mat,train,34,139264
97_Normal_0_00035.png,Normal,97_Normal_0.mat,train,35,143360
97_Normal_0_00036.png,Normal,97_Normal_0.mat,train,36,147456
97_Normal_0_00037.png,Normal,97_Normal_0.mat,train,37,151552
97_Normal_0_00038.png,Normal,97_Normal_0.mat,train,38,155648
97_Normal_0_00039.png,Normal,97_Normal_0.mat,train,39,159744
97_Normal_0_00040.png,Normal,97_Normal_0.mat,train,40,163840
97_Normal_0_00041.png,Normal,97_Normal_0.mat,train,41,167936
97_Normal_0_00042.png,Normal,97_Normal_0.mat,train,42,172032
97_Normal_0_00043.png,Normal,97_Normal_0.mat,train,43,176128
97_Normal_0_00044.png,Normal,97_Normal_0.mat,train,44,180224
97_Normal_0_00045.png,Normal,97_Normal_0.mat,train,45,184320
97_Normal_0_00046.png,Normal,97_Normal_0.mat,train,46,188416
97_Normal_0_00047.png,Normal,97_Normal_0.mat,train,47,192512
97_Normal_0_00048.png,Normal,97_Normal_0.mat,train,48,196608
97_Normal_0_00049.png,Normal,97_Normal_0.mat,train,49,200704
97_Normal_0_00050.png,Normal,97_Normal_0.mat,train,50,204800
97_Normal_0_00051.png,Normal,97_Normal_0.mat,train,51,208896
97_Normal_0_00052.png,Normal,97_Normal_0.mat,train,52,212992
97_Normal_0_00053.png,Normal,97_Normal_0.mat,train,53,217088
97_Normal_0_00054.png,Normal,97_Normal_0.mat,train,54,221184
97_Normal_0_00055.png,Normal,97_Normal_0.mat,train,55,225280
97_Normal_0_00056.png,Normal,97_Normal_0.mat,train,56,229376
97_Normal_0_00057.png,Normal,97_Normal_0.mat,train,57,233472
136_1_00000.png,OF007,136_1.mat,train,0,0
136_1_00001.png,OF007,136_1.mat,train,1,4096
136_1_00002.png,OF007,136_1.mat,train,2,8192
136_1_00003.png,OF007,136_1.mat,train,3,12288
136_1_00004.png,OF007,136_1.mat,train,4,16384
136_1_00005.png,OF007,136_1.mat,train,5,20480
136_1_00006.png,OF007,136_1.mat,train,6,24576
136_1_00007.png,OF007,136_1.mat,train,7,28672
136_1_00008.png,OF007,136_1.mat,train,8,32768
136_1_00009.png,OF007,136_1.mat,train,9,36864
136_1_00010.png,OF007,136_1.mat,train,10,40960
136_1_00011.png,OF007,136_1.mat,train,11,45056
136_1_00012.png,OF007,136_1.mat,train,12,49152
136_1_00013.png,OF007,136_1.mat,train,13,53248
136_1_00014.png,OF007,136_1.mat,train,14,57344
136_1_00015.png,OF007,136_1.mat,train,15,61440
136_1_00016.png,OF007,136_1.mat,train,16,65536
136_1_00017.png,OF007,136_1.mat,train,17,69632
136_1_00018.png,OF007,136_1.mat,train,18,73728
136_1_00019.png,OF007,136_1.mat,train,19,77824
136_1_00020.png,OF007,136_1.mat,train,20,81920
136_1_00021.png,OF007,136_1.mat,train,21,86016
136_1_00022.png,OF007,136_1.mat,train,22,90112
136_1_00023.png,OF007,136_1.mat,train,23,94208
136_1_00024.png,OF007,136_1.mat,train,24,98304
136_1_00025.png,OF007,136_1.mat,train,25,102400
136_1_00026.png,OF007,136_1.mat,train,26,106496
136_1_00027.png,OF007,136_1.mat,train,27,110592
136_1_00028.png,OF007,136_1.mat,train,28,114688
136_1_00029.png,OF007,136_1.mat,train,29,118784
136_1_00030.png,OF007,136_1.mat,train,30,122880
136_1_00031.png,OF007,136_1.mat,train,31,126976
136_1_00032.png,OF007,136_1.mat,train,32,131072
136_1_00033.png,OF007,136_1.mat,train,33,135168
136_1_00034.png,OF007,136_1.mat,train,34,139264
136_1_00035.png,OF007,136_1.mat,train,35,143360
136_1_00036.png,OF007,136_1.mat,train,36,147456
136_1_00037.png,OF007,136_1.mat,train,37,151552
136_1_00038.png,OF007,136_1.mat,train,38,155648
136_1_00039.png,OF007,136_1.mat,train,39,159744
136_1_00040.png,OF007,136_1.mat,train,40,163840
136_1_00041.png,OF007,136_1.mat,train,41,167936
136_1_00042.png,OF007,136_1.mat,train,42,172032
136_1_00043.png,OF007,136_1.mat,train,43,176128
136_1_00044.png,OF007,136_1.mat,train,44,180224
136_1_00045.png,OF007,136_1.mat,train,45,184320
136_1_00046.png,OF007,136_1.mat,train,46,188416
136_1_00047.png,OF007,136_1.mat,train,47,192512
136_1_00048.png,OF007,136_1.mat,train,48,196608
136_1_00049.png,OF007,136_1.mat,train,49,200704
136_1_00050.png,OF007,136_1.mat,train,50,204800
136_1_00051.png,OF007,136_1.mat,train,51,208896
136_1_00052.png,OF007,136_1.mat,train,52,212992
136_1_00053.png,OF007,136_1.mat,train,53,217088
136_1_00054.png,OF007,136_1.mat,train,54,221184
136_1_00055.png,OF007,136_1.mat,train,55,225280
136_1_00056.png,OF007,136_1.mat,train,56,229376
136_1_00057.png,OF007,136_1.mat,train,57,233472
136_1_00058.png,OF007,136_1.mat,train,58,237568
136_1_00059.png,OF007,136_1.mat,train,59,241664
136_1_00060.png,OF007,136_1.mat,train,60,245760
136_1_00061.png,OF007,136_1.mat,train,61,249856
136_1_00062.png,OF007,136_1.mat,train,62,253952
136_1_00063.png,OF007,136_1.mat,train,63,258048
136_1_00064.png,OF007,136_1.mat,train,64,262144
136_1_00065.png,OF007,136_1.mat,train,65,266240
136_1_00066.png,OF007,136_1.mat,train,66,270336
136_1_00067.png,OF007,136_1.mat,train,67,274432
136_1_00068.png,OF007,136_1.mat,train,68,278528
136_1_00069.png,OF007,136_1.mat,train,69,282624
136_1_00070.png,OF007,136_1.mat,train,70,286720
136_1_00071.png,OF007,136_1.mat,train,71,290816
136_1_00072.png,OF007,136_1.mat,train,72,294912
136_1_00073.png,OF007,136_1.mat,train,73,299008
136_1_00074.png,OF007,136_1.mat,train,74,303104
136_1_00075.png,OF007,136_1.mat,train,75,307200
136_1_00076.png,OF007,136_1.mat,train,76,311296
136_1_00077.png,OF007,136_1.mat,train,77,315392
136_1_00078.png,OF007,136_1.mat,train,78,319488
136_1_00079.png,OF007,136_1.mat,train,79,323584
136_1_00080.png,OF007,136_1.mat,train,80,327680
136_1_00081.png,OF007,136_1.mat,train,81,331776
136_1_00082.png,OF007,136_1.mat,train,82,335872
136_1_00083.png,OF007,136_1.mat,train,83,339968
136_1_00084.png,OF007,136_1.mat,train,84,344064
136_1_00085.png,OF007,136_1.mat,train,85,348160
136_1_00086.png,OF007,136_1.mat,train,86,352256
136_1_00087.png,OF007,136_1.mat,train,87,356352
136_1_00088.png,OF007,136_1.mat,train,88,360448
136_1_00089.png,OF007,136_1.mat,train,89,364544
136_1_00090.png,OF007,136_1.mat,train,90,368640
136_1_00091.png,OF007,136_1.mat,train,91,372736
136_1_00092.png,OF007,136_1.mat,train,92,376832
136_1_00093.png,OF007,136_1.mat,train,93,380928
136_1_00094.png,OF007,136_1.mat,train,94,385024
136_1_00095.png,OF007,136_1.mat,train,95,389120
136_1_00096.png,OF007,136_1.mat,train,96,393216
136_1_00097.png,OF007,136_1.mat,train,97,397312
136_1_00098.png,OF007,136_1.mat,train,98,401408
136_1_00099.png,OF007,136_1.mat,train,99,405504
136_1_00100.png,OF007,136_1.mat,train,100,409600
136_1_00101.png,OF007,136_1.mat,train,101,413696
136_1_00102.png,OF007,136_1.mat,train,102,417792
136_1_00103.png,OF007,136_1.mat,train,103,421888
136_1_00104.png,OF007,136_1.mat,train,104,425984
136_1_00105.png,OF007,136_1.mat,train,105,430080
136_1_00106.png,OF007,136_1.mat,train,106,434176
136_1_00107.png,OF007,136_1.mat,train,107,438272
136_1_00108.png,OF007,136_1.mat,train,108,442368
136_1_00109.png,OF007,136_1.mat,train,109,446464
136_1_00110.png,OF007,136_1.mat,train,110,450560
136_1_00111.png,OF007,136_1.mat,train,111,454656
136_1_00112.png,OF007,136_1.mat,train,112,458752
136_1_00113.png,OF007,136_1.mat,train,113,462848
136_1_00114.png,OF007,136_1.mat,train,114,466944
136_1_00115.png,OF007,136_1.mat,train,115,471040
136_1_00116.png,OF007,136_1.mat,train,116,475136
138_3_00000.png,OF007,138_3.mat,train,0,0
138_3_00001.png,OF007,138_3.mat,train,1,4096
138_3_00002.png,OF007,138_3.mat,train,2,8192
138_3_00003.png,OF007,138_3.mat,train,3,12288
138_3_00004.png,OF007,138_3.mat,train,4,16384
138_3_00005.png,OF007,138_3.mat,train,5,20480
138_3_00006.png,OF007,138_3.mat,train,6,24576
138_3_00007.png,OF007,138_3.mat,train,7,28672
138_3_00008.png,OF007,138_3.mat,train,8,32768
138_3_00009.png,OF007,138_3.mat,train,9,36864
138_3_00010.png,OF007,138_3.mat,train,10,40960
138_3_00011.png,OF007,138_3.mat,train,11,45056
138_3_00012.png,OF007,138_3.mat,train,12,49152
138_3_00013.png,OF007,138_3.mat,train,13,53248
138_3_00014.png,OF007,138_3.mat,train,14,57344
138_3_00015.png,OF007,138_3.mat,train,15,61440
138_3_00016.png,OF007,138_3.mat,train,16,65536
138_3_00017.png,OF007,138_3.mat,train,17,69632
138_3_00018.png,OF007,138_3.mat,train,18,73728
138_3_00019.png,OF007,138_3.mat,train,19,77824
138_3_00020.png,OF007,138_3.mat,train,20,81920
138_3_00021.png,OF007,138_3.mat,train,21,86016
138_3_00022.png,OF007,138_3.mat,train,22,90112
138_3_00023.png,OF007,138_3.mat,train,23,94208
138_3_00024.png,OF007,138_3.mat,train,24,98304
138_3_00025.png,OF007,138_3.mat,train,25,102400
138_3_00026.png,OF007,138_3.mat,train,26,106496
138_3_00027.png,OF007,138_3.mat,train,27,110592
138_3_00028.png,OF007,138_3.mat,train,28,114688
138_3_00029.png,OF007,138_3.mat,train,29,118784
138_3_00030.png,OF007,138_3.mat,train,30,122880
138_3_00031.png,OF007,138_3.mat,train,31,126976
138_3_00032.png,OF007,138_3.mat,train,32,131072
138_3_00033.png,OF007,138_3.mat,train,33,135168
138_3_00034.png,OF007,138_3.mat,train,34,139264
138_3_00035.png,OF007,138_3.mat,train,35,143360
138_3_00036.png,OF007,138_3.mat,train,36,147456
138_3_00037.png,OF007,138_3.mat,train,37,151552
138_3_00038.png,OF007,138_3.mat,train,38,155648
138_3_00039.png,OF007,138_3.mat,train,39,159744
138_3_00040.png,OF007,138_3.mat,train,40,163840
138_3_00041.png,OF007,138_3.mat,train,41,167936
138_3_00042.png,OF007,138_3.mat,train,42,172032
138_3_00043.png,OF007,138_3.mat,train,43,176128
138_3_00044.png,OF007,138_3.mat,train,44,180224
138_3_00045.png,OF007,138_3.mat,train,45,184320
138_3_00046.png,OF007,138_3.mat,train,46,188416
138_3_00047.png,OF007,138_3.mat,train,47,192512
138_3_00048.png,OF007,138_3.mat,train,48,196608
138_3_00049.png,OF007,138_3.mat,train,49,200704
138_3_00050.png,OF007,138_3.mat,train,50,204800
138_3_00051.png,OF007,138_3.mat,train,51,208896
138_3_00052.png,OF007,138_3.mat,train,52,212992
138_3_00053.png,OF007,138_3.mat,train,53,217088
138_3_00054.png,OF007,138_3.mat,train,54,221184
138_3_00055.png,OF007,138_3.mat,train,55,225280
138_3_00056.png,OF007,138_3.mat,train,56,229376
138_3_00057.png,OF007,138_3.mat,train,57,233472
138_3_00058.png,OF007,138_3.mat,train,58,237568
138_3_00059.png,OF007,138_3.mat,train,59,241664
138_3_00060.png,OF007,138_3.mat,train,60,245760
138_3_00061.png,OF007,138_3.mat,train,61,249856
138_3_00062.png,OF007,138_3.mat,train,62,253952
138_3_00063.png,OF007,138_3.mat,train,63,258048
138_3_00064.png,OF007,138_3.mat,train,64,262144
138_3_00065.png,OF007,138_3.mat,train,65,266240
138_3_00066.png,OF007,138_3.mat,train,66,270336
138_3_00067.png,OF007,138_3.mat,train,67,274432
138_3_00068.png,OF007,138_3.mat,train,68,278528
138_3_00069.png,OF007,138_3.mat,train,69,282624
138_3_00070.png,OF007,138_3.mat,train,70,286720
138_3_00071.png,OF007,138_3.mat,train,71,290816
138_3_00072.png,OF007,138_3.mat,train,72,294912
138_3_00073.png,OF007,138_3.mat,train,73,299008
138_3_00074.png,OF007,138_3.mat,train,74,303104
138_3_00075.png,OF007,138_3.mat,train,75,307200
138_3_00076.png,OF007,138_3.mat,train,76,311296
138_3_00077.png,OF007,138_3.mat,train,77,315392
138_3_00078.png,OF007,138_3.mat,train,78,319488
138_3_00079.png,OF007,138_3.mat,train,79,323584
138_3_00080.png,OF007,138_3.mat,train,80,327680
138_3_00081.png,OF007,138_3.mat,train,81,331776
138_3_00082.png,OF007,138_3.mat,train,82,335872
138_3_00083.png,OF007,138_3.mat,train,83,339968
138_3_00084.png,OF007,138_3.mat,train,84,344064
138_3_00085.png,OF007,138_3.mat,train,85,348160
138_3_00086.png,OF007,138_3.mat,train,86,352256
138_3_00087.png,OF007,138_3.mat,train,87,356352
138_3_00088.png,OF007,138_3.mat,train,88,360448
138_3_00089.png,OF007,138_3.mat,train,89,364544
138_3_00090.png,OF007,138_3.mat,train,90,368640
138_3_00091.png,OF007,138_3.mat,train,91,372736
138_3_00092.png,OF007,138_3.mat,train,92,376832
138_3_00093.png,OF007,138_3.mat,train,93,380928
138_3_00094.png,OF007,138_3.mat,train,94,385024
138_3_00095.png,OF007,138_3.mat,train,95,389120
138_3_00096.png,OF007,138_3.mat,train,96,393216
138_3_00097.png,OF007,138_3.mat,train,97,397312
138_3_00098.png,OF007,138_3.mat,train,98,401408
138_3_00099.png,OF007,138_3.mat,train,99,405504
138_3_00100.png,OF007,138_3.mat,train,100,409600
138_3_00101.png,OF007,138_3.mat,train,101,413696
138_3_00102.png,OF007,138_3.mat,train,102,417792
138_3_00103.png,OF007,138_3.mat,train,103,421888
138_3_00104.png,OF007,138_3.mat,train,104,425984
138_3_00105.png,OF007,138_3.mat,train,105,430080
138_3_00106.png,OF007,138_3.mat,train,106,434176
138_3_00107.png,OF007,138_3.mat,train,107,438272
138_3_00108.png,OF007,138_3.mat,train,108,442368
138_3_00109.png,OF007,138_3.mat,train,109,446464
138_3_00110.png,OF007,138_3.mat,train,110,450560
138_3_00111.png,OF007,138_3.mat,train,111,454656
138_3_00112.png,OF007,138_3.mat,train,112,458752
138_3_00113.png,OF007,138_3.mat,train,113,462848
138_3_00114.png,OF007,138_3.mat,train,114,466944
138_3_00115.png,OF007,138_3.mat,train,115,471040
138_3_00116.png,OF007,138_3.mat,train,116,475136
138_3_00117.png,OF007,138_3.mat,train,117,479232
201@6_0_00000.png,OF014,201@6_0.mat,train,0,0
201@6_0_00001.png,OF014,201@6_0.mat,train,1,4096
201@6_0_00002.png,OF014,201@6_0.mat,train,2,8192
201@6_0_00003.png,OF014,201@6_0.mat,train,3,12288
201@6_0_00004.png,OF014,201@6_0.mat,train,4,16384
201@6_0_00005.png,OF014,201@6_0.mat,train,5,20480
201@6_0_00006.png,OF014,201@6_0.mat,train,6,24576
201@6_0_00007.png,OF014,201@6_0.mat,train,7,28672
201@6_0_00008.png,OF014,201@6_0.mat,train,8,32768
201@6_0_00009.png,OF014,201@6_0.mat,train,9,36864
201@6_0_00010.png,OF014,201@6_0.mat,train,10,40960
201@6_0_00011.png,OF014,201@6_0.mat,train,11,45056
201@6_0_00012.png,OF014,201@6_0.mat,train,12,49152
201@6_0_00013.png,OF014,201@6_0.mat,train,13,53248
201@6_0_00014.png,OF014,201@6_0.mat,train,14,57344
201@6_0_00015.png,OF014,201@6_0.mat,train,15,61440
201@6_0_00016.png,OF014,201@6_0.mat,train,16,65536
201@6_0_00017.png,OF014,201@6_0.mat,train,17,69632
201@6_0_00018.png,OF014,201@6_0.mat,train,18,73728
201@6_0_00019.png,OF014,201@6_0.mat,train,19,77824
201@6_0_00020.png,OF014,201@6_0.mat,train,20,81920
201@6_0_00021.png,OF014,201@6_0.mat,train,21,86016
201@6_0_00022.png,OF014,201@6_0.mat,train,22,90112
201@6_0_00023.png,OF014,201@6_0.mat,train,23,94208
201@6_0_00024.png,OF014,201@6_0.mat,train,24,98304
201@6_0_00025.png,OF014,201@6_0.mat,train,25,102400
201@6_0_00026.png,OF014,201@6_0.mat,train,26,106496
201@6_0_00027.png,OF014,201@6_0.mat,train,27,110592
201@6_0_00028.png,OF014,201@6_0.mat,train,28,114688
201@6_0_00029.png,OF014,201@6_0.mat,train,29,118784
201@6_0_00030.png,OF014,201@6_0.mat,train,30,122880
201@6_0_00031.png,OF014,201@6_0.mat,train,31,126976
201@6_0_00032.png,OF014,201@6_0.mat,train,32,131072
201@6_0_00033.png,OF014,201@6_0.mat,train,33,135168
201@6_0_00034.png,OF014,201@6_0.mat,train,34,139264
201@6_0_00035.png,OF014,201@6_0.mat,train,35,143360
201@6_0_00036.png,OF014,201@6_0.mat,train,36,147456
201@6_0_00037.png,OF014,201@6_0.mat,train,37,151552
201@6_0_00038.png,OF014,201@6_0.mat,train,38,155648
201@6_0_00039.png,OF014,201@6_0.mat,train,39,159744
201@6_0_00040.png,OF014,201@6_0.mat,train,40,163840
201@6_0_00041.png,OF014,201@6_0.mat,train,41,167936
201@6_0_00042.png,OF014,201@6_0.mat,train,42,172032
201@6_0_00043.png,OF014,201@6_0.mat,train,43,176128
201@6_0_00044.png,OF014,201@6_0.mat,train,44,180224
201@6_0_00045.png,OF014,201@6_0.mat,train,45,184320
201@6_0_00046.png,OF014,201@6_0.mat,train,46,188416
201@6_0_00047.png,OF014,201@6_0.mat,train,47,192512
201@6_0_00048.png,OF014,201@6_0.mat,train,48,196608
201@6_0_00049.png,OF014,201@6_0.mat,train,49,200704
201@6_0_00050.png,OF014,201@6_0.mat,train,50,204800
201@6_0_00051.png,OF014,201@6_0.mat,train,51,208896
201@6_0_00052.png,OF014,201@6_0.mat,train,52,212992
201@6_0_00053.png,OF014,201@6_0.mat,train,53,217088
201@6_0_00054.png,OF014,201@6_0.mat,train,54,221184
201@6_0_00055.png,OF014,201@6_0.mat,train,55,225280
201@6_0_00056.png,OF014,201@6_0.mat,train,56,229376
201@6_0_00057.png,OF014,201@6_0.mat,train,57,233472
203@6_2_00000.png,OF014,203@6_2.mat,train,0,0
203@6_2_00001.png,OF014,203@6_2.mat,train,1,4096
203@6_2_00002.png,OF014,203@6_2.mat,train,2,8192
203@6_2_00003.png,OF014,203@6_2.mat,train,3,12288
203@6_2_00004.png,OF014,203@6_2.mat,train,4,16384
203@6_2_00005.png,OF014,203@6_2.mat,train,5,20480
203@6_2_00006.png,OF014,203@6_2.mat,train,6,24576
203@6_2_00007.png,OF014,203@6_2.mat,train,7,28672
203@6_2_00008.png,OF014,203@6_2.mat,train,8,32768
203@6_2_00009.png,OF014,203@6_2.mat,train,9,36864
203@6_2_00010.png,OF014,203@6_2.mat,train,10,40960
203@6_2_00011.png,OF014,203@6_2.mat,train,11,45056
203@6_2_00012.png,OF014,203@6_2.mat,train,12,49152
203@6_2_00013.png,OF014,203@6_2.mat,train,13,53248
203@6_2_00014.png,OF014,203@6_2.mat,train,14,57344
203@6_2_00015.png,OF014,203@6_2.mat,train,15,61440
203@6_2_00016.png,OF014,203@6_2.mat,train,16,65536
203@6_2_00017.png,OF014,203@6_2.mat,train,17,69632
203@6_2_00018.png,OF014,203@6_2.mat,train,18,73728
203@6_2_00019.png,OF014,203@6_2.mat,train,19,77824
203@6_2_00020.png,OF014,203@6_2.mat,train,20,81920
203@6_2_00021.png,OF014,203@6_2.mat,train,21,86016
203@6_2_00022.png,OF014,203@6_2.mat,train,22,90112
203@6_2_00023.png,OF014,203@6_2.mat,train,23,94208
203@6_2_00024.png,OF014,203@6_2.mat,train,24,98304
203@6_2_00025.png,OF014,203@6_2.mat,train,25,102400
203@6_2_00026.png,OF014,203@6_2.mat,train,26,106496
203@6_2_00027.png,OF014,203@6_2.mat,train,27,110592
203@6_2_00028.png,OF014,203@6_2.mat,train,28,114688
203@6_2_00029.png,OF014,203@6_2.mat,train,29,118784
203@6_2_00030.png,OF014,203@6_2.mat,train,30,122880
203@6_2_00031.png,OF014,203@6_2.mat,train,31,126976
203@6_2_00032.png,OF014,203@6_2.mat,train,32,131072
203@6_2_00033.png,OF014,203@6_2.mat,train,33,135168
203@6_2_00034.png,OF014,203@6_2.mat,train,34,139264
203@6_2_00035.png,OF014,203@6_2.mat,train,35,143360
203@6_2_00036.png,OF014,203@6_2.mat,train,36,147456
203@6_2_00037.png,OF014,203@6_2.mat,train,37,151552
203@6_2_00038.png,OF014,203@6_2.mat,train,38,155648
203@6_2_00039.png,OF014,203@6_2.mat,train,39,159744
203@6_2_00040.png,OF014,203@6_2.mat,train,40,163840
203@6_2_00041.png,OF014,203@6_2.mat,train,41,167936
203@6_2_00042.png,OF014,203@6_2.mat,train,42,172032
203@6_2_00043.png,OF014,203@6_2.mat,train,43,176128
203@6_2_00044.png,OF014,203@6_2.mat,train,44,180224
203@6_2_00045.png,OF014,203@6_2.mat,train,45,184320
203@6_2_00046.png,OF014,203@6_2.mat,train,46,188416
203@6_2_00047.png,OF014,203@6_2.mat,train,47,192512
203@6_2_00048.png,OF014,203@6_2.mat,train,48,196608
203@6_2_00049.png,OF014,203@6_2.mat,train,49,200704
203@6_2_00050.png,OF014,203@6_2.mat,train,50,204800
203@6_2_00051.png,OF014,203@6_2.mat,train,51,208896
203@6_2_00052.png,OF014,203@6_2.mat,train,52,212992
203@6_2_00053.png,OF014,203@6_2.mat,train,53,217088
203@6_2_00054.png,OF014,203@6_2.mat,train,54,221184
203@6_2_00055.png,OF014,203@6_2.mat,train,55,225280
203@6_2_00056.png,OF014,203@6_2.mat,train,56,229376
203@6_2_00057.png,OF014,203@6_2.mat,train,57,233472
203@6_2_00058.png,OF014,203@6_2.mat,train,58,237568
203@6_2_00059.png,OF014,203@6_2.mat,train,59,241664
203@6_2_00060.png,OF014,203@6_2.mat,train,60,245760
203@6_2_00061.png,OF014,203@6_2.mat,train,61,249856
203@6_2_00062.png,OF014,203@6_2.mat,train,62,253952
203@6_2_00063.png,OF014,203@6_2.mat,train,63,258048
203@6_2_00064.png,OF014,203@6_2.mat,train,64,262144
203@6_2_00065.png,OF014,203@6_2.mat,train,65,266240
203@6_2_00066.png,OF014,203@6_2.mat,train,66,270336
203@6_2_00067.png,OF014,203@6_2.mat,train,67,274432
203@6_2_00068.png,OF014,203@6_2.mat,train,68,278528
203@6_2_00069.png,OF014,203@6_2.mat,train,69,282624
203@6_2_00070.png,OF014,203@6_2.mat,train,70,286720
203@6_2_00071.png,OF014,203@6_2.mat,train,71,290816
203@6_2_00072.png,OF014,203@6_2.mat,train,72,294912
203@6_2_00073.png,OF014,203@6_2.mat,train,73,299008
203@6_2_00074.png,OF014,203@6_2.mat,train,74,303104
203@6_2_00075.png,OF014,203@6_2.mat,train,75,307200
203@6_2_00076.png,OF014,203@6_2.mat,train,76,311296
203@6_2_00077.png,OF014,203@6_2.mat,train,77,315392
203@6_2_00078.png,OF014,203@6_2.mat,train,78,319488
203@6_2_00079.png,OF014,203@6_2.mat,train,79,323584
203@6_2_00080.png,OF014,203@6_2.mat,train,80,327680
203@6_2_00081.png,OF014,203@6_2.mat,train,81,331776
203@6_2_00082.png,OF014,203@6_2.mat,train,82,335872
203@6_2_00083.png,OF014,203@6_2.mat,train,83,339968
203@6_2_00084.png,OF014,203@6_2.mat,train,84,344064
203@6_2_00085.png,OF014,203@6_2.mat,train,85,348160
203@6_2_00086.png,OF014,203@6_2.mat,train,86,352256
203@6_2_00087.png,OF014,203@6_2.mat,train,87,356352
203@6_2_00088.png,OF014,203@6_2.mat,train,88,360448
203@6_2_00089.png,OF014,203@6_2.mat,train,89,364544
203@6_2_00090.png,OF014,203@6_2.mat,train,90,368640
203@6_2_00091.png,OF014,203@6_2.mat,train,91,372736
203@6_2_00092.png,OF014,203@6_2.mat,train,92,376832
203@6_2_00093.png,OF014,203@6_2.mat,train,93,380928
203@6_2_00094.png,OF014,203@6_2.mat,train,94,385024
203@6_2_00095.png,OF014,203@6_2.mat,train,95,389120
203@6_2_00096.png,OF014,203@6_2.mat,train,96,393216
203@6_2_00097.png,OF014,203@6_2.mat,train,97,397312
203@6_2_00098.png,OF014,203@6_2.mat,train,98,401408
203@6_2_00099.png,OF014,203@6_2.mat,train,99,405504
203@6_2_00100.png,OF014,203@6_2.mat,train,100,409600
203@6_2_00101.png,OF014,203@6_2.mat,train,101,413696
203@6_2_00102.png,OF014,203@6_2.mat,train,102,417792
203@6_2_00103.png,OF014,203@6_2.mat,train,103,421888
203@6_2_00104.png,OF014,203@6_2.mat,train,104,425984
203@6_2_00105.png,OF014,203@6_2.mat,train,105,430080
203@6_2_00106.png,OF014,203@6_2.mat,train,106,434176
203@6_2_00107.png,OF014,203@6_2.mat,train,107,438272
203@6_2_00108.png,OF014,203@6_2.mat,train,108,442368
203@6_2_00109.png,OF014,203@6_2.mat,train,109,446464
203@6_2_00110.png,OF014,203@6_2.mat,train,110,450560
203@6_2_00111.png,OF014,203@6_2.mat,train,111,454656
203@6_2_00112.png,OF014,203@6_2.mat,train,112,458752
203@6_2_00113.png,OF014,203@6_2.mat,train,113,462848
203@6_2_00114.png,OF014,203@6_2.mat,train,114,466944
203@6_2_00115.png,OF014,203@6_2.mat,train,115,471040
203@6_2_00116.png,OF014,203@6_2.mat,train,116,475136
240_2_00000.png,OF021,240_2.mat,train,0,0
240_2_00001.png,OF021,240_2.mat,train,1,4096
240_2_00002.png,OF021,240_2.mat,train,2,8192
240_2_00003.png,OF021,240_2.mat,train,3,12288
240_2_00004.png,OF021,240_2.mat,train,4,16384
240_2_00005.png,OF021,240_2.mat,train,5,20480
240_2_00006.png,OF021,240_2.mat,train,6,24576
240_2_00007.png,OF021,240_2.mat,train,7,28672
240_2_00008.png,OF021,240_2.mat,train,8,32768
240_2_00009.png,OF021,240_2.mat,train,9,36864
240_2_00010.png,OF021,240_2.mat,train,10,40960
240_2_00011.png,OF021,240_2.mat,train,11,45056
240_2_00012.png,OF021,240_2.mat,train,12,49152
240_2_00013.png,OF021,240_2.mat,train,13,53248
240_2_00014.png,OF021,240_2.mat,train,14,57344
240_2_00015.png,OF021,240_2.mat,train,15,61440
240_2_00016.png,OF021,240_2.mat,train,16,65536
240_2_00017.png,OF021,240_2.mat,train,17,69632
240_2_00018.png,OF021,240_2.mat,train,18,73728
240_2_00019.png,OF021,240_2.mat,train,19,77824
240_2_00020.png,OF021,240_2.mat,train,20,81920
240_2_00021.png,OF021,240_2.mat,train,21,86016
240_2_00022.png,OF021,240_2.mat,train,22,90112
240_2_00023.png,OF021,240_2.mat,train,23,94208
240_2_00024.png,OF021,240_2.mat,train,24,98304
240_2_00025.png,OF021,240_2.mat,train,25,102400
240_2_00026.png,OF021,240_2.mat,train,26,106496
240_2_00027.png,OF021,240_2.mat,train,27,110592
240_2_00028.png,OF021,240_2.mat,train,28,114688
240_2_00029.png,OF021,240_2.mat,train,29,118784
240_2_00030.png,OF021,240_2.mat,train,30,122880
240_2_00031.png,OF021,240_2.mat,train,31,126976
240_2_00032.png,OF021,240_2.mat,train,32,131072
240_2_00033.png,OF021,240_2.mat,train,33,135168
240_2_00034.png,OF021,240_2.mat,train,34,139264
240_2_00035.png,OF021,240_2.mat,train,35,143360
240_2_00036.png,OF021,240_2.mat,train,36,147456
240_2_00037.png,OF021,240_2.mat,train,37,151552
240_2_00038.png,OF021,240_2.mat,train,38,155648
240_2_00039.png,OF021,240_2.mat,train,39,159744
240_2_00040.png,OF021,240_2.mat,train,40,163840
240_2_00041.png,OF021,240_2.mat,train,41,167936
240_2_00042.png,OF021,240_2.mat,train,42,172032
240_2_00043.png,OF021,240_2.mat,train,43,176128
240_2_00044.png,OF021,240_2.mat,train,44,180224
240_2_00045.png,OF021,240_2.mat,train,45,184320
240_2_00046.png,OF021,240_2.mat,train,46,188416
240_2_00047.png,OF021,240_2.mat,train,47,192512
240_2_00048.png,OF021,240_2.mat,train,48,196608
240_2_00049.png,OF021,240_2.mat,train,49,200704
240_2_00050.png,OF021,240_2.mat,train,50,204800
240_2_00051.png,OF021,240_2.mat,train,51,208896
240_2_00052.png,OF021,240_2.mat,train,52,212992
240_2_00053.png,OF021,240_2.mat,train,53,217088
240_2_00054.png,OF021,240_2.mat,train,54,221184
240_2_00055.png,OF021,240_2.mat,train,55,225280
240_2_00056.png,OF021,240_2.mat,train,56,229376
240_2_00057.png,OF021,240_2.mat,train,57,233472
240_2_00058.png,OF021,240_2.mat,train,58,237568
240_2_00059.png,OF021,240_2.mat,train,59,241664
240_2_00060.png,OF021,240_2.mat,train,60,245760
240_2_00061.png,OF021,240_2.mat,train,61,249856
240_2_00062.png,OF021,240_2.mat,train,62,253952
240_2_00063.png,OF021,240_2.mat,train,63,258048
240_2_00064.png,OF021,240_2.mat,train,64,262144
240_2_00065.png,OF021,240_2.mat,train,65,266240
240_2_00066.png,OF021,240_2.mat,train,66,270336
240_2_00067.png,OF021,240_2.mat,train,67,274432
240_2_00068.png,OF021,240_2.mat,train,68,278528
240_2_00069.png,OF021,240_2.mat,train,69,282624
240_2_00070.png,OF021,240_2.mat,train,70,286720
240_2_00071.png,OF021,240_2.mat,train,71,290816
240_2_00072.png,OF021,240_2.mat,train,72,294912
240_2_00073.png,OF021,240_2.mat,train,73,299008
240_2_00074.png,OF021,240_2.mat,train,74,303104
240_2_00075.png,OF021,240_2.mat,train,75,307200
240_2_00076.png,OF021,240_2.mat,train,76,311296
240_2_00077.png,OF021,240_2.mat,train,77,315392
240_2_00078.png,OF021,240_2.mat,train,78,319488
240_2_00079.png,OF021,240_2.mat,train,79,323584
240_2_00080.png,OF021,240_2.mat,train,80,327680
240_2_00081.png,OF021,240_2.mat,train,81,331776
240_2_00082.png,OF021,240_2.mat,train,82,335872
240_2_00083.png,OF021,240_2.mat,train,83,339968
240_2_00084.png,OF021,240_2.mat,train,84,344064
240_2_00085.png,OF021,240_2.mat,train,85,348160
240_2_00086.png,OF021,240_2.mat,train,86,352256
240_2_00087.png,OF021,240_2.mat,train,87,356352
240_2_00088.png,OF021,240_2.mat,train,88,360448
240_2_00089.png,OF021,240_2.mat,train,89,364544
240_2_00090.png,OF021,240_2.mat,train,90,368640
240_2_00091.png,OF021,240_2.mat,train,91,372736
240_2_00092.png,OF021,240_2.mat,train,92,376832
240_2_00093.png,OF021,240_2.mat,train,93,380928
240_2_00094.png,OF021,240_2.mat,train,94,385024
240_2_00095.png,OF021,240_2.mat,train,95,389120
240_2_00096.png,OF021,240_2.mat,train,96,393216
240_2_00097.png,OF021,240_2.mat,train,97,397312
240_2_00098.png,OF021,240_2.mat,train,98,401408
240_2_00099.png,OF021,240_2.mat,train,99,405504
240_2_00100.png,OF021,240_2.mat,train,100,409600
240_2_00101.png,OF021,240_2.mat,train,101,413696
240_2_00102.png,OF021,240_2.mat,train,102,417792
240_2_00103.png,OF021,240_2.mat,train,103,421888
240_2_00104.png,OF021,240_2.mat,train,104,425984
240_2_00105.png,OF021,240_2.mat,train,105,430080
240_2_00106.png,OF021,240_2.mat,train,106,434176
240_2_00107.png,OF021,240_2.mat,train,107,438272
240_2_00108.png,OF021,240_2.mat,train,108,442368
240_2_00109.png,OF021,240_2.mat,train,109,446464
240_2_00110.png,OF021,240_2.mat,train,110,450560
240_2_00111.png,OF021,240_2.mat,train,111,454656
240_2_00112.png,OF021,240_2.mat,train,112,458752
240_2_00113.png,OF021,240_2.mat,train,113,462848
240_2_00114.png,OF021,240_2.mat,train,114,466944
240_2_00115.png,OF021,240_2.mat,train,115,471040
240_2_00116.png,OF021,240_2.mat,train,116,475136
240_2_00117.png,OF021,240_2.mat,train,117,479232
241_3_00000.png,OF021,241_3.mat,train,0,0
241_3_00001.png,OF021,241_3.mat,train,1,4096
241_3_00002.png,OF021,241_3.mat,train,2,8192
241_3_00003.png,OF021,241_3.mat,train,3,12288
241_3_00004.png,OF021,241_3.mat,train,4,16384
241_3_00005.png,OF021,241_3.mat,train,5,20480
241_3_00006.png,OF021,241_3.mat,train,6,24576
241_3_00007.png,OF021,241_3.mat,train,7,28672
241_3_00008.png,OF021,241_3.mat,train,8,32768
241_3_00009.png,OF021,241_3.mat,train,9,36864
241_3_00010.png,OF021,241_3.mat,train,10,40960
241_3_00011.png,OF021,241_3.mat,train,11,45056
241_3_00012.png,OF021,241_3.mat,train,12,49152
241_3_00013.png,OF021,241_3.mat,train,13,53248
241_3_00014.png,OF021,241_3.mat,train,14,57344
241_3_00015.png,OF021,241_3.mat,train,15,61440
241_3_00016.png,OF021,241_3.mat,train,16,65536
241_3_00017.png,OF021,241_3.mat,train,17,69632
241_3_00018.png,OF021,241_3.mat,train,18,73728
241_3_00019.png,OF021,241_3.mat,train,19,77824
241_3_00020.png,OF021,241_3.mat,train,20,81920
241_3_00021.png,OF021,241_3.mat,train,21,86016
241_3_00022.png,OF021,241_3.mat,train,22,90112
241_3_00023.png,OF021,241_3.mat,train,23,94208
241_3_00024.png,OF021,241_3.mat,train,24,98304
241_3_00025.png,OF021,241_3.mat,train,25,102400
241_3_00026.png,OF021,241_3.mat,train,26,106496
241_3_00027.png,OF021,241_3.mat,train,27,110592
241_3_00028.png,OF021,241_3.mat,train,28,114688
241_3_00029.png,OF021,241_3.mat,train,29,118784
241_3_00030.png,OF021,241_3.mat,train,30,122880
241_3_00031.png,OF021,241_3.mat,train,31,126976
241_3_00032.png,OF021,241_3.mat,train,32,131072
241_3_00033.png,OF021,241_3.mat,train,33,135168
241_3_00034.png,OF021,241_3.mat,train,34,139264
241_3_00035.png,OF021,241_3.mat,train,35,143360
241_3_00036.png,OF021,241_3.mat,train,36,147456
241_3_00037.png,OF021,241_3.mat,train,37,151552
241_3_00038.png,OF021,241_3.mat,train,38,155648
241_3_00039.png,OF021,241_3.mat,train,39,159744
241_3_00040.png,OF021,241_3.mat,train,40,163840
241_3_00041.png,OF021,241_3.mat,train,41,167936
241_3_00042.png,OF021,241_3.mat,train,42,172032
241_3_00043.png,OF021,241_3.mat,train,43,176128
241_3_00044.png,OF021,241_3.mat,train,44,180224
241_3_00045.png,OF021,241_3.mat,train,45,184320
241_3_00046.png,OF021,241_3.mat,train,46,188416
241_3_00047.png,OF021,241_3.mat,train,47,192512
241_3_00048.png,OF021,241_3.mat,train,48,196608
241_3_00049.png,OF021,241_3.mat,train,49,200704
241_3_00050.png,OF021,241_3.mat,train,50,204800
241_3_00051.png,OF021,241_3.mat,train,51,208896
241_3_00052.png,OF021,241_3.mat,train,52,212992
241_3_00053.png,OF021,241_3.mat,train,53,217088
241_3_00054.png,OF021,241_3.mat,train,54,221184
241_3_00055.png,OF021,241_3.mat,train,55,225280
241_3_00056.png,OF021,241_3.mat,train,56,229376
241_3_00057.png,OF021,241_3.mat,train,57,233472
241_3_00058.png,OF021,241_3.mat,train,58,237568
241_3_00059.png,OF021,241_3.mat,train,59,241664
241_3_00060.png,OF021,241_3.mat,train,60,245760
241_3_00061.png,OF021,241_3.mat,train,61,249856
241_3_00062.png,OF021,241_3.mat,train,62,253952
241_3_00063.png,OF021,241_3.mat,train,63,258048
241_3_00064.png,OF021,241_3.mat,train,64,262144
241_3_00065.png,OF021,241_3.mat,train,65,266240
241_3_00066.png,OF021,241_3.mat,train,66,270336
241_3_00067.png,OF021,241_3.mat,train,67,274432
241_3_00068.png,OF021,241_3.mat,train,68,278528
241_3_00069.png,OF021,241_3.mat,train,69,282624
241_3_00070.png,OF021,241_3.mat,train,70,286720
241_3_00071.png,OF021,241_3.mat,train,71,290816
241_3_00072.png,OF021,241_3.mat,train,72,294912
241_3_00073.png,OF021,241_3.mat,train,73,299008
241_3_00074.png,OF021,241_3.mat,train,74,303104
241_3_00075.png,OF021,241_3.mat,train,75,307200
241_3_00076.png,OF021,241_3.mat,train,76,311296
241_3_00077.png,OF021,241_3.mat,train,77,315392
241_3_00078.png,OF021,241_3.mat,train,78,319488
241_3_00079.png,OF021,241_3.mat,train,79,323584
241_3_00080.png,OF021,241_3.mat,train,80,327680
241_3_00081.png,OF021,241_3.mat,train,81,331776
241_3_00082.png,OF021,241_3.mat,train,82,335872
241_3_00083.png,OF021,241_3.mat,train,83,339968
241_3_00084.png,OF021,241_3.mat,train,84,344064
241_3_00085.png,OF021,241_3.mat,train,85,348160
241_3_00086.png,OF021,241_3.mat,train,86,352256
241_3_00087.png,OF021,241_3.mat,train,87,356352
241_3_00088.png,OF021,241_3.mat,train,88,360448
241_3_00089.png,OF021,241_3.mat,train,89,364544
241_3_00090.png,OF021,241_3.mat,train,90,368640
241_3_00091.png,OF021,241_3.mat,train,91,372736
241_3_00092.png,OF021,241_3.mat,train,92,376832
241_3_00093.png,OF021,241_3.mat,train,93,380928
241_3_00094.png,OF021,241_3.mat,train,94,385024
241_3_00095.png,OF021,241_3.mat,train,95,389120
241_3_00096.png,OF021,241_3.mat,train,96,393216
241_3_00097.png,OF021,241_3.mat,train,97,397312
241_3_00098.png,OF021,241_3.mat,train,98,401408
241_3_00099.png,OF021,241_3.mat,train,99,405504
241_3_00100.png,OF021,241_3.mat,train,100,409600
241_3_00101.png,OF021,241_3.mat,train,101,413696
241_3_00102.png,OF021,241_3.mat,train,102,417792
241_3_00103.png,OF021,241_3.mat,train,103,421888
241_3_00104.png,OF021,241_3.mat,train,104,425984
241_3_00105.png,OF021,241_3.mat,train,105,430080
241_3_00106.png,OF021,241_3.mat,train,106,434176
241_3_00107.png,OF021,241_3.mat,train,107,438272
241_3_00108.png,OF021,241_3.mat,train,108,442368
241_3_00109.png,OF021,241_3.mat,train,109,446464
241_3_00110.png,OF021,241_3.mat,train,110,450560
241_3_00111.png,OF021,241_3.mat,train,111,454656
241_3_00112.png,OF021,241_3.mat,train,112,458752
241_3_00113.png,OF021,241_3.mat,train,113,462848
241_3_00114.png,OF021,241_3.mat,train,114,466944
241_3_00115.png,OF021,241_3.mat,train,115,471040
241_3_00116.png,OF021,241_3.mat,train,116,475136
241_3_00117.png,OF021,241_3.mat,train,117,479232
125_3_00000.png,BF007,125_3.mat,val,0,0
125_3_00001.png,BF007,125_3.mat,val,1,4096
125_3_00002.png,BF007,125_3.mat,val,2,8192
125_3_00003.png,BF007,125_3.mat,val,3,12288
125_3_00004.png,BF007,125_3.mat,val,4,16384
125_3_00005.png,BF007,125_3.mat,val,5,20480
125_3_00006.png,BF007,125_3.mat,val,6,24576
125_3_00007.png,BF007,125_3.mat,val,7,28672
125_3_00008.png,BF007,125_3.mat,val,8,32768
125_3_00009.png,BF007,125_3.mat,val,9,36864
125_3_00010.png,BF007,125_3.mat,val,10,40960
125_3_00011.png,BF007,125_3.mat,val,11,45056
125_3_00012.png,BF007,125_3.mat,val,12,49152
125_3_00013.png,BF007,125_3.mat,val,13,53248
125_3_00014.png,BF007,125_3.mat,val,14,57344
125_3_00015.png,BF007,125_3.mat,val,15,61440
125_3_00016.png,BF007,125_3.mat,val,16,65536
125_3_00017.png,BF007,125_3.mat,val,17,69632
125_3_00018.png,BF007,125_3.mat,val,18,73728
125_3_00019.png,BF007,125_3.mat,val,19,77824
125_3_00020.png,BF007,125_3.mat,val,20,81920
125_3_00021.png,BF007,125_3.mat,val,21,86016
125_3_00022.png,BF007,125_3.mat,val,22,90112
125_3_00023.png,BF007,125_3.mat,val,23,94208
125_3_00024.png,BF007,125_3.mat,val,24,98304
125_3_00025.png,BF007,125_3.mat,val,25,102400
125_3_00026.png,BF007,125_3.mat,val,26,106496
125_3_00027.png,BF007,125_3.mat,val,27,110592
125_3_00028.png,BF007,125_3.mat,val,28,114688
125_3_00029.png,BF007,125_3.mat,val,29,118784
125_3_00030.png,BF007,125_3.mat,val,30,122880
125_3_00031.png,BF007,125_3.mat,val,31,126976
125_3_00032.png,BF007,125_3.mat,val,32,131072
125_3_00033.png,BF007,125_3.mat,val,33,135168
125_3_00034.png,BF007,125_3.mat,val,34,139264
125_3_00035.png,BF007,125_3.mat,val,35,143360
125_3_00036.png,BF007,125_3.mat,val,36,147456
125_3_00037.png,BF007,125_3.mat,val,37,151552
125_3_00038.png,BF007,125_3.mat,val,38,155648
125_3_00039.png,BF007,125_3.mat,val,39,159744
125_3_00040.png,BF007,125_3.mat,val,40,163840
125_3_00041.png,BF007,125_3.mat,val,41,167936
125_3_00042.png,BF007,125_3.mat,val,42,172032
125_3_00043.png,BF007,125_3.mat,val,43,176128
125_3_00044.png,BF007,125_3.mat,val,44,180224
125_3_00045.png,BF007,125_3.mat,val,45,184320
125_3_00046.png,BF007,125_3.mat,val,46,188416
125_3_00047.png,BF007,125_3.mat,val,47,192512
125_3_00048.png,BF007,125_3.mat,val,48,196608
125_3_00049.png,BF007,125_3.mat,val,49,200704
125_3_00050.png,BF007,125_3.mat,val,50,204800
125_3_00051.png,BF007,125_3.mat,val,51,208896
125_3_00052.png,BF007,125_3.mat,val,52,212992
125_3_00053.png,BF007,125_3.mat,val,53,217088
125_3_00054.png,BF007,125_3.mat,val,54,221184
125_3_00055.png,BF007,125_3.mat,val,55,225280
125_3_00056.png,BF007,125_3.mat,val,56,229376
125_3_00057.png,BF007,125_3.mat,val,57,233472
125_3_00058.png,BF007,125_3.mat,val,58,237568
125_3_00059.png,BF007,125_3.mat,val,59,241664
125_3_00060.png,BF007,125_3.mat,val,60,245760
125_3_00061.png,BF007,125_3.mat,val,61,249856
125_3_00062.png,BF007,125_3.mat,val,62,253952
125_3_00063.png,BF007,125_3.mat,val,63,258048
125_3_00064.png,BF007,125_3.mat,val,64,262144
125_3_00065.png,BF007,125_3.mat,val,65,266240
125_3_00066.png,BF007,125_3.mat,val,66,270336
125_3_00067.png,BF007,125_3.mat,val,67,274432
125_3_00068.png,BF007,125_3.mat,val,68,278528
125_3_00069.png,BF007,125_3.mat,val,69,282624
125_3_00070.png,BF007,125_3.mat,val,70,286720
125_3_00071.png,BF007,125_3.mat,val,71,290816
125_3_00072.png,BF007,125_3.mat,val,72,294912
125_3_00073.png,BF007,125_3.mat,val,73,299008
125_3_00074.png,BF007,125_3.mat,val,74,303104
125_3_00075.png,BF007,125_3.mat,val,75,307200
125_3_00076.png,BF007,125_3.mat,val,76,311296
125_3_00077.png,BF007,125_3.mat,val,77,315392
125_3_00078.png,BF007,125_3.mat,val,78,319488
125_3_00079.png,BF007,125_3.mat,val,79,323584
125_3_00080.png,BF007,125_3.mat,val,80,327680
125_3_00081.png,BF007,125_3.mat,val,81,331776
125_3_00082.png,BF007,125_3.mat,val,82,335872
125_3_00083.png,BF007,125_3.mat,val,83,339968
125_3_00084.png,BF007,125_3.mat,val,84,344064
125_3_00085.png,BF007,125_3.mat,val,85,348160
125_3_00086.png,BF007,125_3.mat,val,86,352256
125_3_00087.png,BF007,125_3.mat,val,87,356352
125_3_00088.png,BF007,125_3.mat,val,88,360448
125_3_00089.png,BF007,125_3.mat,val,89,364544
125_3_00090.png,BF007,125_3.mat,val,90,368640
125_3_00091.png,BF007,125_3.mat,val,91,372736
125_3_00092.png,BF007,125_3.mat,val,92,376832
125_3_00093.png,BF007,125_3.mat,val,93,380928
125_3_00094.png,BF007,125_3.mat,val,94,385024
125_3_00095.png,BF007,125_3.mat,val,95,389120
125_3_00096.png,BF007,125_3.mat,val,96,393216
125_3_00097.png,BF007,125_3.mat,val,97,397312
125_3_00098.png,BF007,125_3.mat,val,98,401408
125_3_00099.png,BF007,125_3.mat,val,99,405504
125_3_00100.png,BF007,125_3.mat,val,100,409600
125_3_00101.png,BF007,125_3.mat,val,101,413696
125_3_00102.png,BF007,125_3.mat,val,102,417792
125_3_00103.png,BF007,125_3.mat,val,103,421888
125_3_00104.png,BF007,125_3.mat,val,104,425984
125_3_00105.png,BF007,125_3.mat,val,105,430080
125_3_00106.png,BF007,125_3.mat,val,106,434176
125_3_00107.png,BF007,125_3.mat,val,107,438272
125_3_00108.png,BF007,125_3.mat,val,108,442368
125_3_00109.png,BF007,125_3.mat,val,109,446464
125_3_00110.png,BF007,125_3.mat,val,110,450560
125_3_00111.png,BF007,125_3.mat,val,111,454656
125_3_00112.png,BF007,125_3.mat,val,112,458752
125_3_00113.png,BF007,125_3.mat,val,113,462848
125_3_00114.png,BF007,125_3.mat,val,114,466944
125_3_00115.png,BF007,125_3.mat,val,115,471040
125_3_00116.png,BF007,125_3.mat,val,116,475136
125_3_00117.png,BF007,125_3.mat,val,117,479232
189_0_00000.png,BF014,189_0.mat,val,0,0
189_0_00001.png,BF014,189_0.mat,val,1,4096
189_0_00002.png,BF014,189_0.mat,val,2,8192
189_0_00003.png,BF014,189_0.mat,val,3,12288
189_0_00004.png,BF014,189_0.mat,val,4,16384
189_0_00005.png,BF014,189_0.mat,val,5,20480
189_0_00006.png,BF014,189_0.mat,val,6,24576
189_0_00007.png,BF014,189_0.mat,val,7,28672
189_0_00008.png,BF014,189_0.mat,val,8,32768
189_0_00009.png,BF014,189_0.mat,val,9,36864
189_0_00010.png,BF014,189_0.mat,val,10,40960
189_0_00011.png,BF014,189_0.mat,val,11,45056
189_0_00012.png,BF014,189_0.mat,val,12,49152
189_0_00013.png,BF014,189_0.mat,val,13,53248
189_0_00014.png,BF014,189_0.mat,val,14,57344
189_0_00015.png,BF014,189_0.mat,val,15,61440
189_0_00016.png,BF014,189_0.mat,val,16,65536
189_0_00017.png,BF014,189_0.mat,val,17,69632
189_0_00018.png,BF014,189_0.mat,val,18,73728
189_0_00019.png,BF014,189_0.mat,val,19,77824
189_0_00020.png,BF014,189_0.mat,val,20,81920
189_0_00021.png,BF014,189_0.mat,val,21,86016
189_0_00022.png,BF014,189_0.mat,val,22,90112
189_0_00023.png,BF014,189_0.mat,val,23,94208
189_0_00024.png,BF014,189_0.mat,val,24,98304
189_0_00025.png,BF014,189_0.mat,val,25,102400
189_0_00026.png,BF014,189_0.mat,val,26,106496
189_0_00027.png,BF014,189_0.mat,val,27,110592
189_0_00028.png,BF014,189_0.mat,val,28,114688
189_0_00029.png,BF014,189_0.mat,val,29,118784
189_0_00030.png,BF014,189_0.mat,val,30,122880
189_0_00031.png,BF014,189_0.mat,val,31,126976
189_0_00032.png,BF014,189_0.mat,val,32,131072
189_0_00033.png,BF014,189_0.mat,val,33,135168
189_0_00034.png,BF014,189_0.mat,val,34,139264
189_0_00035.png,BF014,189_0.mat,val,35,143360
189_0_00036.png,BF014,189_0.mat,val,36,147456
189_0_00037.png,BF014,189_0.mat,val,37,151552
189_0_00038.png,BF014,189_0.mat,val,38,155648
189_0_00039.png,BF014,189_0.mat,val,39,159744
189_0_00040.png,BF014,189_0.mat,val,40,163840
189_0_00041.png,BF014,189_0.mat,val,41,167936
189_0_00042.png,BF014,189_0.mat,val,42,172032
189_0_00043.png,BF014,189_0.mat,val,43,176128
189_0_00044.png,BF014,189_0.mat,val,44,180224
189_0_00045.png,BF014,189_0.mat,val,45,184320
189_0_00046.png,BF014,189_0.mat,val,46,188416
189_0_00047.png,BF014,189_0.mat,val,47,192512
189_0_00048.png,BF014,189_0.mat,val,48,196608
189_0_00049.png,BF014,189_0.mat,val,49,200704
189_0_00050.png,BF014,189_0.mat,val,50,204800
189_0_00051.png,BF014,189_0.mat,val,51,208896
189_0_00052.png,BF014,189_0.mat,val,52,212992
189_0_00053.png,BF014,189_0.mat,val,53,217088
189_0_00054.png,BF014,189_0.mat,val,54,221184
189_0_00055.png,BF014,189_0.mat,val,55,225280
189_0_00056.png,BF014,189_0.mat,val,56,229376
189_0_00057.png,BF014,189_0.mat,val,57,233472
189_0_00058.png,BF014,189_0.mat,val,58,237568
228_2_00000.png,BF021,228_2.mat,val,0,0
228_2_00001.png,BF021,228_2.mat,val,1,4096
228_2_00002.png,BF021,228_2.mat,val,2,8192
228_2_00003.png,BF021,228_2.mat,val,3,12288
228_2_00004.png,BF021,228_2.mat,val,4,16384
228_2_00005.png,BF021,228_2.mat,val,5,20480
228_2_00006.png,BF021,228_2.mat,val,6,24576
228_2_00007.png,BF021,228_2.mat,val,7,28672
228_2_00008.png,BF021,228_2.mat,val,8,32768
228_2_00009.png,BF021,228_2.mat,val,9,36864
228_2_00010.png,BF021,228_2.mat,val,10,40960
228_2_00011.png,BF021,228_2.mat,val,11,45056
228_2_00012.png,BF021,228_2.mat,val,12,49152
228_2_00013.png,BF021,228_2.mat,val,13,53248
228_2_00014.png,BF021,228_2.mat,val,14,57344
228_2_00015.png,BF021,228_2.mat,val,15,61440
228_2_00016.png,BF021,228_2.mat,val,16,65536
228_2_00017.png,BF021,228_2.mat,val,17,69632
228_2_00018.png,BF021,228_2.mat,val,18,73728
228_2_00019.png,BF021,228_2.mat,val,19,77824
228_2_00020.png,BF021,228_2.mat,val,20,81920
228_2_00021.png,BF021,228_2.mat,val,21,86016
228_2_00022.png,BF021,228_2.mat,val,22,90112
228_2_00023.png,BF021,228_2.mat,val,23,94208
228_2_00024.png,BF021,228_2.mat,val,24,98304
228_2_00025.png,BF021,228_2.mat,val,25,102400
228_2_00026.png,BF021,228_2.mat,val,26,106496
228_2_00027.png,BF021,228_2.mat,val,27,110592
228_2_00028.png,BF021,228_2.mat,val,28,114688
228_2_00029.png,BF021,228_2.mat,val,29,118784
228_2_00030.png,BF021,228_2.mat,val,30,122880
228_2_00031.png,BF021,228_2.mat,val,31,126976
228_2_00032.png,BF021,228_2.mat,val,32,131072
228_2_00033.png,BF021,228_2.mat,val,33,135168
228_2_00034.png,BF021,228_2.mat,val,34,139264
228_2_00035.png,BF021,228_2.mat,val,35,143360
228_2_00036.png,BF021,228_2.mat,val,36,147456
228_2_00037.png,BF021,228_2.mat,val,37,151552
228_2_00038.png,BF021,228_2.mat,val,38,155648
228_2_00039.png,BF021,228_2.mat,val,39,159744
228_2_00040.png,BF021,228_2.mat,val,40,163840
228_2_00041.png,BF021,228_2.mat,val,41,167936
228_2_00042.png,BF021,228_2.mat,val,42,172032
228_2_00043.png,BF021,228_2.mat,val,43,176128
228_2_00044.png,BF021,228_2.mat,val,44,180224
228_2_00045.png,BF021,228_2.mat,val,45,184320
228_2_00046.png,BF021,228_2.mat,val,46,188416
228_2_00047.png,BF021,228_2.mat,val,47,192512
228_2_00048.png,BF021,228_2.mat,val,48,196608
228_2_00049.png,BF021,228_2.mat,val,49,200704
228_2_00050.png,BF021,228_2.mat,val,50,204800
228_2_00051.png,BF021,228_2.mat,val,51,208896
228_2_00052.png,BF021,228_2.mat,val,52,212992
228_2_00053.png,BF021,228_2.mat,val,53,217088
228_2_00054.png,BF021,228_2.mat,val,54,221184
228_2_00055.png,BF021,228_2.mat,val,55,225280
228_2_00056.png,BF021,228_2.mat,val,56,229376
228_2_00057.png,BF021,228_2.mat,val,57,233472
228_2_00058.png,BF021,228_2.mat,val,58,237568
228_2_00059.png,BF021,228_2.mat,val,59,241664
228_2_00060.png,BF021,228_2.mat,val,60,245760
228_2_00061.png,BF021,228_2.mat,val,61,249856
228_2_00062.png,BF021,228_2.mat,val,62,253952
228_2_00063.png,BF021,228_2.mat,val,63,258048
228_2_00064.png,BF021,228_2.mat,val,64,262144
228_2_00065.png,BF021,228_2.mat,val,65,266240
228_2_00066.png,BF021,228_2.mat,val,66,270336
228_2_00067.png,BF021,228_2.mat,val,67,274432
228_2_00068.png,BF021,228_2.mat,val,68,278528
228_2_00069.png,BF021,228_2.mat,val,69,282624
228_2_00070.png,BF021,228_2.mat,val,70,286720
228_2_00071.png,BF021,228_2.mat,val,71,290816
228_2_00072.png,BF021,228_2.mat,val,72,294912
228_2_00073.png,BF021,228_2.mat,val,73,299008
228_2_00074.png,BF021,228_2.mat,val,74,303104
228_2_00075.png,BF021,228_2.mat,val,75,307200
228_2_00076.png,BF021,228_2.mat,val,76,311296
228_2_00077.png,BF021,228_2.mat,val,77,315392
228_2_00078.png,BF021,228_2.mat,val,78,319488
228_2_00079.png,BF021,228_2.mat,val,79,323584
228_2_00080.png,BF021,228_2.mat,val,80,327680
228_2_00081.png,BF021,228_2.mat,val,81,331776
228_2_00082.png,BF021,228_2.mat,val,82,335872
228_2_00083.png,BF021,228_2.mat,val,83,339968
228_2_00084.png,BF021,228_2.mat,val,84,344064
228_2_00085.png,BF021,228_2.mat,val,85,348160
228_2_00086.png,BF021,228_2.mat,val,86,352256
228_2_00087.png,BF021,228_2.mat,val,87,356352
228_2_00088.png,BF021,228_2.mat,val,88,360448
228_2_00089.png,BF021,228_2.mat,val,89,364544
228_2_00090.png,BF021,228_2.mat,val,90,368640
228_2_00091.png,BF021,228_2.mat,val,91,372736
228_2_00092.png,BF021,228_2.mat,val,92,376832
228_2_00093.png,BF021,228_2.mat,val,93,380928
228_2_00094.png,BF021,228_2.mat,val,94,385024
228_2_00095.png,BF021,228_2.mat,val,95,389120
228_2_00096.png,BF021,228_2.mat,val,96,393216
228_2_00097.png,BF021,228_2.mat,val,97,397312
228_2_00098.png,BF021,228_2.mat,val,98,401408
228_2_00099.png,BF021,228_2.mat,val,99,405504
228_2_00100.png,BF021,228_2.mat,val,100,409600
228_2_00101.png,BF021,228_2.mat,val,101,413696
228_2_00102.png,BF021,228_2.mat,val,102,417792
228_2_00103.png,BF021,228_2.mat,val,103,421888
228_2_00104.png,BF021,228_2.mat,val,104,425984
228_2_00105.png,BF021,228_2.mat,val,105,430080
228_2_00106.png,BF021,228_2.mat,val,106,434176
228_2_00107.png,BF021,228_2.mat,val,107,438272
228_2_00108.png,BF021,228_2.mat,val,108,442368
228_2_00109.png,BF021,228_2.mat,val,109,446464
228_2_00110.png,BF021,228_2.mat,val,110,450560
228_2_00111.png,BF021,228_2.mat,val,111,454656
228_2_00112.png,BF021,228_2.mat,val,112,458752
228_2_00113.png,BF021,228_2.mat,val,113,462848
228_2_00114.png,BF021,228_2.mat,val,114,466944
228_2_00115.png,BF021,228_2.mat,val,115,471040
228_2_00116.png,BF021,228_2.mat,val,116,475136
109_0_00000.png,IF007,109_0.mat,val,0,0
109_0_00001.png,IF007,109_0.mat,val,1,4096
109_0_00002.png,IF007,109_0.mat,val,2,8192
109_0_00003.png,IF007,109_0.mat,val,3,12288
109_0_00004.png,IF007,109_0.mat,val,4,16384
109_0_00005.png,IF007,109_0.mat,val,5,20480
109_0_00006.png,IF007,109_0.mat,val,6,24576
109_0_00007.png,IF007,109_0.mat,val,7,28672
109_0_00008.png,IF007,109_0.mat,val,8,32768
109_0_00009.png,IF007,109_0.mat,val,9,36864
109_0_00010.png,IF007,109_0.mat,val,10,40960
109_0_00011.png,IF007,109_0.mat,val,11,45056
109_0_00012.png,IF007,109_0.mat,val,12,49152
109_0_00013.png,IF007,109_0.mat,val,13,53248
109_0_00014.png,IF007,109_0.mat,val,14,57344
109_0_00015.png,IF007,109_0.mat,val,15,61440
109_0_00016.png,IF007,109_0.mat,val,16,65536
109_0_00017.png,IF007,109_0.mat,val,17,69632
109_0_00018.png,IF007,109_0.mat,val,18,73728
109_0_00019.png,IF007,109_0.mat,val,19,77824
109_0_00020.png,IF007,109_0.mat,val,20,81920
109_0_00021.png,IF007,109_0.mat,val,21,86016
109_0_00022.png,IF007,109_0.mat,val,22,90112
109_0_00023.png,IF007,109_0.mat,val,23,94208
109_0_00024.png,IF007,109_0.mat,val,24,98304
109_0_00025.png,IF007,109_0.mat,val,25,102400
109_0_00026.png,IF007,109_0.mat,val,26,106496
109_0_00027.png,IF007,109_0.mat,val,27,110592
109_0_00028.png,IF007,109_0.mat,val,28,114688
109_0_00029.png,IF007,109_0.mat,val,29,118784
109_0_00030.png,IF007,109_0.mat,val,30,122880
109_0_00031.png,IF007,109_0.mat,val,31,126976
109_0_00032.png,IF007,109_0.mat,val,32,131072
109_0_00033.png,IF007,109_0.mat,val,33,135168
109_0_00034.png,IF007,109_0.mat,val,34,139264
109_0_00035.png,IF007,109_0.mat,val,35,143360
109_0_00036.png,IF007,109_0.mat,val,36,147456
109_0_00037.png,IF007,109_0.mat,val,37,151552
109_0_00038.png,IF007,109_0.mat,val,38,155648
109_0_00039.png,IF007,109_0.mat,val,39,159744
109_0_00040.png,IF007,109_0.mat,val,40,163840
109_0_00041.png,IF007,109_0.mat,val,41,167936
109_0_00042.png,IF007,109_0.mat,val,42,172032
109_0_00043.png,IF007,109_0.mat,val,43,176128
109_0_00044.png,IF007,109_0.mat,val,44,180224
109_0_00045.png,IF007,109_0.mat,val,45,184320
109_0_00046.png,IF007,109_0.mat,val,46,188416
109_0_00047.png,IF007,109_0.mat,val,47,192512
109_0_00048.png,IF007,109_0.mat,val,48,196608
109_0_00049.png,IF007,109_0.mat,val,49,200704
109_0_00050.png,IF007,109_0.mat,val,50,204800
109_0_00051.png,IF007,109_0.mat,val,51,208896
109_0_00052.png,IF007,109_0.mat,val,52,212992
109_0_00053.png,IF007,109_0.mat,val,53,217088
109_0_00054.png,IF007,109_0.mat,val,54,221184
109_0_00055.png,IF007,109_0.mat,val,55,225280
109_0_00056.png,IF007,109_0.mat,val,56,229376
109_0_00057.png,IF007,109_0.mat,val,57,233472
177_3_00000.png,IF014,177_3.mat,val,0,0
177_3_00001.png,IF014,177_3.mat,val,1,4096
177_3_00002.png,IF014,177_3.mat,val,2,8192
177_3_00003.png,IF014,177_3.mat,val,3,12288
177_3_00004.png,IF014,177_3.mat,val,4,16384
177_3_00005.png,IF014,177_3.mat,val,5,20480
177_3_00006.png,IF014,177_3.mat,val,6,24576
177_3_00007.png,IF014,177_3.mat,val,7,28672
177_3_00008.png,IF014,177_3.mat,val,8,32768
177_3_00009.png,IF014,177_3.mat,val,9,36864
177_3_00010.png,IF014,177_3.mat,val,10,40960
177_3_00011.png,IF014,177_3.mat,val,11,45056
177_3_00012.png,IF014,177_3.mat,val,12,49152
177_3_00013.png,IF014,177_3.mat,val,13,53248
177_3_00014.png,IF014,177_3.mat,val,14,57344
177_3_00015.png,IF014,177_3.mat,val,15,61440
177_3_00016.png,IF014,177_3.mat,val,16,65536
177_3_00017.png,IF014,177_3.mat,val,17,69632
177_3_00018.png,IF014,177_3.mat,val,18,73728
177_3_00019.png,IF014,177_3.mat,val,19,77824
177_3_00020.png,IF014,177_3.mat,val,20,81920
177_3_00021.png,IF014,177_3.mat,val,21,86016
177_3_00022.png,IF014,177_3.mat,val,22,90112
177_3_00023.png,IF014,177_3.mat,val,23,94208
177_3_00024.png,IF014,177_3.mat,val,24,98304
177_3_00025.png,IF014,177_3.mat,val,25,102400
177_3_00026.png,IF014,177_3.mat,val,26,106496
177_3_00027.png,IF014,177_3.mat,val,27,110592
177_3_00028.png,IF014,177_3.mat,val,28,114688
177_3_00029.png,IF014,177_3.mat,val,29,118784
177_3_00030.png,IF014,177_3.mat,val,30,122880
177_3_00031.png,IF014,177_3.mat,val,31,126976
177_3_00032.png,IF014,177_3.mat,val,32,131072
177_3_00033.png,IF014,177_3.mat,val,33,135168
177_3_00034.png,IF014,177_3.mat,val,34,139264
177_3_00035.png,IF014,177_3.mat,val,35,143360
177_3_00036.png,IF014,177_3.mat,val,36,147456
177_3_00037.png,IF014,177_3.mat,val,37,151552
177_3_00038.png,IF014,177_3.mat,val,38,155648
177_3_00039.png,IF014,177_3.mat,val,39,159744
177_3_00040.png,IF014,177_3.mat,val,40,163840
177_3_00041.png,IF014,177_3.mat,val,41,167936
177_3_00042.png,IF014,177_3.mat,val,42,172032
177_3_00043.png,IF014,177_3.mat,val,43,176128
177_3_00044.png,IF014,177_3.mat,val,44,180224
177_3_00045.png,IF014,177_3.mat,val,45,184320
177_3_00046.png,IF014,177_3.mat,val,46,188416
177_3_00047.png,IF014,177_3.mat,val,47,192512
177_3_00048.png,IF014,177_3.mat,val,48,196608
177_3_00049.png,IF014,177_3.mat,val,49,200704
177_3_00050.png,IF014,177_3.mat,val,50,204800
177_3_00051.png,IF014,177_3.mat,val,51,208896
177_3_00052.png,IF014,177_3.mat,val,52,212992
177_3_00053.png,IF014,177_3.mat,val,53,217088
177_3_00054.png,IF014,177_3.mat,val,54,221184
177_3_00055.png,IF014,177_3.mat,val,55,225280
177_3_00056.png,IF014,177_3.mat,val,56,229376
177_3_00057.png,IF014,177_3.mat,val,57,233472
177_3_00058.png,IF014,177_3.mat,val,58,237568
177_3_00059.png,IF014,177_3.mat,val,59,241664
177_3_00060.png,IF014,177_3.mat,val,60,245760
177_3_00061.png,IF014,177_3.mat,val,61,249856
177_3_00062.png,IF014,177_3.mat,val,62,253952
177_3_00063.png,IF014,177_3.mat,val,63,258048
177_3_00064.png,IF014,177_3.mat,val,64,262144
177_3_00065.png,IF014,177_3.mat,val,65,266240
177_3_00066.png,IF014,177_3.mat,val,66,270336
177_3_00067.png,IF014,177_3.mat,val,67,274432
177_3_00068.png,IF014,177_3.mat,val,68,278528
177_3_00069.png,IF014,177_3.mat,val,69,282624
177_3_00070.png,IF014,177_3.mat,val,70,286720
177_3_00071.png,IF014,177_3.mat,val,71,290816
177_3_00072.png,IF014,177_3.mat,val,72,294912
177_3_00073.png,IF014,177_3.mat,val,73,299008
177_3_00074.png,IF014,177_3.mat,val,74,303104
177_3_00075.png,IF014,177_3.mat,val,75,307200
177_3_00076.png,IF014,177_3.mat,val,76,311296
177_3_00077.png,IF014,177_3.mat,val,77,315392
177_3_00078.png,IF014,177_3.mat,val,78,319488
177_3_00079.png,IF014,177_3.mat,val,79,323584
177_3_00080.png,IF014,177_3.mat,val,80,327680
177_3_00081.png,IF014,177_3.mat,val,81,331776
177_3_00082.png,IF014,177_3.mat,val,82,335872
177_3_00083.png,IF014,177_3.mat,val,83,339968
177_3_00084.png,IF014,177_3.mat,val,84,344064
177_3_00085.png,IF014,177_3.mat,val,85,348160
177_3_00086.png,IF014,177_3.mat,val,86,352256
177_3_00087.png,IF014,177_3.mat,val,87,356352
177_3_00088.png,IF014,177_3.mat,val,88,360448
177_3_00089.png,IF014,177_3.mat,val,89,364544
177_3_00090.png,IF014,177_3.mat,val,90,368640
177_3_00091.png,IF014,177_3.mat,val,91,372736
177_3_00092.png,IF014,177_3.mat,val,92,376832
177_3_00093.png,IF014,177_3.mat,val,93,380928
177_3_00094.png,IF014,177_3.mat,val,94,385024
177_3_00095.png,IF014,177_3.mat,val,95,389120
177_3_00096.png,IF014,177_3.mat,val,96,393216
177_3_00097.png,IF014,177_3.mat,val,97,397312
177_3_00098.png,IF014,177_3.mat,val,98,401408
177_3_00099.png,IF014,177_3.mat,val,99,405504
177_3_00100.png,IF014,177_3.mat,val,100,409600
177_3_00101.png,IF014,177_3.mat,val,101,413696
177_3_00102.png,IF014,177_3.mat,val,102,417792
177_3_00103.png,IF014,177_3.mat,val,103,421888
177_3_00104.png,IF014,177_3.mat,val,104,425984
177_3_00105.png,IF014,177_3.mat,val,105,430080
177_3_00106.png,IF014,177_3.mat,val,106,434176
177_3_00107.png,IF014,177_3.mat,val,107,438272
177_3_00108.png,IF014,177_3.mat,val,108,442368
177_3_00109.png,IF014,177_3.mat,val,109,446464
177_3_00110.png,IF014,177_3.mat,val,110,450560
177_3_00111.png,IF014,177_3.mat,val,111,454656
177_3_00112.png,IF014,177_3.mat,val,112,458752
177_3_00113.png,IF014,177_3.mat,val,113,462848
177_3_00114.png,IF014,177_3.mat,val,114,466944
177_3_00115.png,IF014,177_3.mat,val,115,471040
177_3_00116.png,IF014,177_3.mat,val,116,475136
215_2_00000.png,IF021,215_2.mat,val,0,0
215_2_00001.png,IF021,215_2.mat,val,1,4096
215_2_00002.png,IF021,215_2.mat,val,2,8192
215_2_00003.png,IF021,215_2.mat,val,3,12288
215_2_00004.png,IF021,215_2.mat,val,4,16384
215_2_00005.png,IF021,215_2.mat,val,5,20480
215_2_00006.png,IF021,215_2.mat,val,6,24576
215_2_00007.png,IF021,215_2.mat,val,7,28672
215_2_00008.png,IF021,215_2.mat,val,8,32768
215_2_00009.png,IF021,215_2.mat,val,9,36864
215_2_00010.png,IF021,215_2.mat,val,10,40960
215_2_00011.png,IF021,215_2.mat,val,11,45056
215_2_00012.png,IF021,215_2.mat,val,12,49152
215_2_00013.png,IF021,215_2.mat,val,13,53248
215_2_00014.png,IF021,215_2.mat,val,14,57344
215_2_00015.png,IF021,215_2.mat,val,15,61440
215_2_00016.png,IF021,215_2.mat,val,16,65536
215_2_00017.png,IF021,215_2.mat,val,17,69632
215_2_00018.png,IF021,215_2.mat,val,18,73728
215_2_00019.png,IF021,215_2.mat,val,19,77824
215_2_00020.png,IF021,215_2.mat,val,20,81920
215_2_00021.png,IF021,215_2.mat,val,21,86016
215_2_00022.png,IF021,215_2.mat,val,22,90112
215_2_00023.png,IF021,215_2.mat,val,23,94208
215_2_00024.png,IF021,215_2.mat,val,24,98304
215_2_00025.png,IF021,215_2.mat,val,25,102400
215_2_00026.png,IF021,215_2.mat,val,26,106496
215_2_00027.png,IF021,215_2.mat,val,27,110592
215_2_00028.png,IF021,215_2.mat,val,28,114688
215_2_00029.png,IF021,215_2.mat,val,29,118784
215_2_00030.png,IF021,215_2.mat,val,30,122880
215_2_00031.png,IF021,215_2.mat,val,31,126976
215_2_00032.png,IF021,215_2.mat,val,32,131072
215_2_00033.png,IF021,215_2.mat,val,33,135168
215_2_00034.png,IF021,215_2.mat,val,34,139264
215_2_00035.png,IF021,215_2.mat,val,35,143360
215_2_00036.png,IF021,215_2.mat,val,36,147456
215_2_00037.png,IF021,215_2.mat,val,37,151552
215_2_00038.png,IF021,215_2.mat,val,38,155648
215_2_00039.png,IF021,215_2.mat,val,39,159744
215_2_00040.png,IF021,215_2.mat,val,40,163840
215_2_00041.png,IF021,215_2.mat,val,41,167936
215_2_00042.png,IF021,215_2.mat,val,42,172032
215_2_00043.png,IF021,215_2.mat,val,43,176128
215_2_00044.png,IF021,215_2.mat,val,44,180224
215_2_00045.png,IF021,215_2.mat,val,45,184320
215_2_00046.png,IF021,215_2.mat,val,46,188416
215_2_00047.png,IF021,215_2.mat,val,47,192512
215_2_00048.png,IF021,215_2.mat,val,48,196608
215_2_00049.png,IF021,215_2.mat,val,49,200704
215_2_00050.png,IF021,215_2.mat,val,50,204800
215_2_00051.png,IF021,215_2.mat,val,51,208896
215_2_00052.png,IF021,215_2.mat,val,52,212992
215_2_00053.png,IF021,215_2.mat,val,53,217088
215_2_00054.png,IF021,215_2.mat,val,54,221184
215_2_00055.png,IF021,215_2.mat,val,55,225280
215_2_00056.png,IF021,215_2.mat,val,56,229376
215_2_00057.png,IF021,215_2.mat,val,57,233472
215_2_00058.png,IF021,215_2.mat,val,58,237568
215_2_00059.png,IF021,215_2.mat,val,59,241664
215_2_00060.png,IF021,215_2.mat,val,60,245760
215_2_00061.png,IF021,215_2.mat,val,61,249856
215_2_00062.png,IF021,215_2.mat,val,62,253952
215_2_00063.png,IF021,215_2.mat,val,63,258048
215_2_00064.png,IF021,215_2.mat,val,64,262144
215_2_00065.png,IF021,215_2.mat,val,65,266240
215_2_00066.png,IF021,215_2.mat,val,66,270336
215_2_00067.png,IF021,215_2.mat,val,67,274432
215_2_00068.png,IF021,215_2.mat,val,68,278528
215_2_00069.png,IF021,215_2.mat,val,69,282624
215_2_00070.png,IF021,215_2.mat,val,70,286720
215_2_00071.png,IF021,215_2.mat,val,71,290816
215_2_00072.png,IF021,215_2.mat,val,72,294912
215_2_00073.png,IF021,215_2.mat,val,73,299008
215_2_00074.png,IF021,215_2.mat,val,74,303104
215_2_00075.png,IF021,215_2.mat,val,75,307200
215_2_00076.png,IF021,215_2.mat,val,76,311296
215_2_00077.png,IF021,215_2.mat,val,77,315392
215_2_00078.png,IF021,215_2.mat,val,78,319488
215_2_00079.png,IF021,215_2.mat,val,79,323584
215_2_00080.png,IF021,215_2.mat,val,80,327680
215_2_00081.png,IF021,215_2.mat,val,81,331776
215_2_00082.png,IF021,215_2.mat,val,82,335872
215_2_00083.png,IF021,215_2.mat,val,83,339968
215_2_00084.png,IF021,215_2.mat,val,84,344064
215_2_00085.png,IF021,215_2.mat,val,85,348160
215_2_00086.png,IF021,215_2.mat,val,86,352256
215_2_00087.png,IF021,215_2.mat,val,87,356352
215_2_00088.png,IF021,215_2.mat,val,88,360448
215_2_00089.png,IF021,215_2.mat,val,89,364544
215_2_00090.png,IF021,215_2.mat,val,90,368640
215_2_00091.png,IF021,215_2.mat,val,91,372736
215_2_00092.png,IF021,215_2.mat,val,92,376832
215_2_00093.png,IF021,215_2.mat,val,93,380928
215_2_00094.png,IF021,215_2.mat,val,94,385024
215_2_00095.png,IF021,215_2.mat,val,95,389120
215_2_00096.png,IF021,215_2.mat,val,96,393216
215_2_00097.png,IF021,215_2.mat,val,97,397312
215_2_00098.png,IF021,215_2.mat,val,98,401408
215_2_00099.png,IF021,215_2.mat,val,99,405504
215_2_00100.png,IF021,215_2.mat,val,100,409600
215_2_00101.png,IF021,215_2.mat,val,101,413696
215_2_00102.png,IF021,215_2.mat,val,102,417792
215_2_00103.png,IF021,215_2.mat,val,103,421888
215_2_00104.png,IF021,215_2.mat,val,104,425984
215_2_00105.png,IF021,215_2.mat,val,105,430080
215_2_00106.png,IF021,215_2.mat,val,106,434176
215_2_00107.png,IF021,215_2.mat,val,107,438272
215_2_00108.png,IF021,215_2.mat,val,108,442368
215_2_00109.png,IF021,215_2.mat,val,109,446464
215_2_00110.png,IF021,215_2.mat,val,110,450560
215_2_00111.png,IF021,215_2.mat,val,111,454656
215_2_00112.png,IF021,215_2.mat,val,112,458752
215_2_00113.png,IF021,215_2.mat,val,113,462848
215_2_00114.png,IF021,215_2.mat,val,114,466944
215_2_00115.png,IF021,215_2.mat,val,115,471040
215_2_00116.png,IF021,215_2.mat,val,116,475136
215_2_00117.png,IF021,215_2.mat,val,117,479232
100_Normal_3_00000.png,Normal,100_Normal_3.mat,val,0,0
100_Normal_3_00001.png,Normal,100_Normal_3.mat,val,1,4096
100_Normal_3_00002.png,Normal,100_Normal_3.mat,val,2,8192
100_Normal_3_00003.png,Normal,100_Normal_3.mat,val,3,12288
100_Normal_3_00004.png,Normal,100_Normal_3.mat,val,4,16384
100_Normal_3_00005.png,Normal,100_Normal_3.mat,val,5,20480
100_Normal_3_00006.png,Normal,100_Normal_3.mat,val,6,24576
100_Normal_3_00007.png,Normal,100_Normal_3.mat,val,7,28672
100_Normal_3_00008.png,Normal,100_Normal_3.mat,val,8,32768
100_Normal_3_00009.png,Normal,100_Normal_3.mat,val,9,36864
100_Normal_3_00010.png,Normal,100_Normal_3.mat,val,10,40960
100_Normal_3_00011.png,Normal,100_Normal_3.mat,val,11,45056
100_Normal_3_00012.png,Normal,100_Normal_3.mat,val,12,49152
100_Normal_3_00013.png,Normal,100_Normal_3.mat,val,13,53248
100_Normal_3_00014.png,Normal,100_Normal_3.mat,val,14,57344
100_Normal_3_00015.png,Normal,100_Normal_3.mat,val,15,61440
100_Normal_3_00016.png,Normal,100_Normal_3.mat,val,16,65536
100_Normal_3_00017.png,Normal,100_Normal_3.mat,val,17,69632
100_Normal_3_00018.png,Normal,100_Normal_3.mat,val,18,73728
100_Normal_3_00019.png,Normal,100_Normal_3.mat,val,19,77824
100_Normal_3_00020.png,Normal,100_Normal_3.mat,val,20,81920
100_Normal_3_00021.png,Normal,100_Normal_3.mat,val,21,86016
100_Normal_3_00022.png,Normal,100_Normal_3.mat,val,22,90112
100_Normal_3_00023.png,Normal,100_Normal_3.mat,val,23,94208
100_Normal_3_00024.png,Normal,100_Normal_3.mat,val,24,98304
100_Normal_3_00025.png,Normal,100_Normal_3.mat,val,25,102400
100_Normal_3_00026.png,Normal,100_Normal_3.mat,val,26,106496
100_Normal_3_00027.png,Normal,100_Normal_3.mat,val,27,110592
100_Normal_3_00028.png,Normal,100_Normal_3.mat,val,28,114688
100_Normal_3_00029.png,Normal,100_Normal_3.mat,val,29,118784
100_Normal_3_00030.png,Normal,100_Normal_3.mat,val,30,122880
100_Normal_3_00031.png,Normal,100_Normal_3.mat,val,31,126976
100_Normal_3_00032.png,Normal,100_Normal_3.mat,val,32,131072
100_Normal_3_00033.png,Normal,100_Normal_3.mat,val,33,135168
100_Normal_3_00034.png,Normal,100_Normal_3.mat,val,34,139264
100_Normal_3_00035.png,Normal,100_Normal_3.mat,val,35,143360
100_Normal_3_00036.png,Normal,100_Normal_3.mat,val,36,147456
100_Normal_3_00037.png,Normal,100_Normal_3.mat,val,37,151552
100_Normal_3_00038.png,Normal,100_Normal_3.mat,val,38,155648
100_Normal_3_00039.png,Normal,100_Normal_3.mat,val,39,159744
100_Normal_3_00040.png,Normal,100_Normal_3.mat,val,40,163840
100_Normal_3_00041.png,Normal,100_Normal_3.mat,val,41,167936
100_Normal_3_00042.png,Normal,100_Normal_3.mat,val,42,172032
100_Normal_3_00043.png,Normal,100_Normal_3.mat,val,43,176128
100_Normal_3_00044.png,Normal,100_Normal_3.mat,val,44,180224
100_Normal_3_00045.png,Normal,100_Normal_3.mat,val,45,184320
100_Normal_3_00046.png,Normal,100_Normal_3.mat,val,46,188416
100_Normal_3_00047.png,Normal,100_Normal_3.mat,val,47,192512
100_Normal_3_00048.png,Normal,100_Normal_3.mat,val,48,196608
100_Normal_3_00049.png,Normal,100_Normal_3.mat,val,49,200704
100_Normal_3_00050.png,Normal,100_Normal_3.mat,val,50,204800
100_Normal_3_00051.png,Normal,100_Normal_3.mat,val,51,208896
100_Normal_3_00052.png,Normal,100_Normal_3.mat,val,52,212992
100_Normal_3_00053.png,Normal,100_Normal_3.mat,val,53,217088
100_Normal_3_00054.png,Normal,100_Normal_3.mat,val,54,221184
100_Normal_3_00055.png,Normal,100_Normal_3.mat,val,55,225280
100_Normal_3_00056.png,Normal,100_Normal_3.mat,val,56,229376
100_Normal_3_00057.png,Normal,100_Normal_3.mat,val,57,233472
100_Normal_3_00058.png,Normal,100_Normal_3.mat,val,58,237568
100_Normal_3_00059.png,Normal,100_Normal_3.mat,val,59,241664
100_Normal_3_00060.png,Normal,100_Normal_3.mat,val,60,245760
100_Normal_3_00061.png,Normal,100_Normal_3.mat,val,61,249856
100_Normal_3_00062.png,Normal,100_Normal_3.mat,val,62,253952
100_Normal_3_00063.png,Normal,100_Normal_3.mat,val,63,258048
100_Normal_3_00064.png,Normal,100_Normal_3.mat,val,64,262144
100_Normal_3_00065.png,Normal,100_Normal_3.mat,val,65,266240
100_Normal_3_00066.png,Normal,100_Normal_3.mat,val,66,270336
100_Normal_3_00067.png,Normal,100_Normal_3.mat,val,67,274432
100_Normal_3_00068.png,Normal,100_Normal_3.mat,val,68,278528
100_Normal_3_00069.png,Normal,100_Normal_3.mat,val,69,282624
100_Normal_3_00070.png,Normal,100_Normal_3.mat,val,70,286720
100_Normal_3_00071.png,Normal,100_Normal_3.mat,val,71,290816
100_Normal_3_00072.png,Normal,100_Normal_3.mat,val,72,294912
100_Normal_3_00073.png,Normal,100_Normal_3.mat,val,73,299008
100_Normal_3_00074.png,Normal,100_Normal_3.mat,val,74,303104
100_Normal_3_00075.png,Normal,100_Normal_3.mat,val,75,307200
100_Normal_3_00076.png,Normal,100_Normal_3.mat,val,76,311296
100_Normal_3_00077.png,Normal,100_Normal_3.mat,val,77,315392
100_Normal_3_00078.png,Normal,100_Normal_3.mat,val,78,319488
100_Normal_3_00079.png,Normal,100_Normal_3.mat,val,79,323584
100_Normal_3_00080.png,Normal,100_Normal_3.mat,val,80,327680
100_Normal_3_00081.png,Normal,100_Normal_3.mat,val,81,331776
100_Normal_3_00082.png,Normal,100_Normal_3.mat,val,82,335872
100_Normal_3_00083.png,Normal,100_Normal_3.mat,val,83,339968
100_Normal_3_00084.png,Normal,100_Normal_3.mat,val,84,344064
100_Normal_3_00085.png,Normal,100_Normal_3.mat,val,85,348160
100_Normal_3_00086.png,Normal,100_Normal_3.mat,val,86,352256
100_Normal_3_00087.png,Normal,100_Normal_3.mat,val,87,356352
100_Normal_3_00088.png,Normal,100_Normal_3.mat,val,88,360448
100_Normal_3_00089.png,Normal,100_Normal_3.mat,val,89,364544
100_Normal_3_00090.png,Normal,100_Normal_3.mat,val,90,368640
100_Normal_3_00091.png,Normal,100_Normal_3.mat,val,91,372736
100_Normal_3_00092.png,Normal,100_Normal_3.mat,val,92,376832
100_Normal_3_00093.png,Normal,100_Normal_3.mat,val,93,380928
100_Normal_3_00094.png,Normal,100_Normal_3.mat,val,94,385024
100_Normal_3_00095.png,Normal,100_Normal_3.mat,val,95,389120
100_Normal_3_00096.png,Normal,100_Normal_3.mat,val,96,393216
100_Normal_3_00097.png,Normal,100_Normal_3.mat,val,97,397312
100_Normal_3_00098.png,Normal,100_Normal_3.mat,val,98,401408
100_Normal_3_00099.png,Normal,100_Normal_3.mat,val,99,405504
100_Normal_3_00100.png,Normal,100_Normal_3.mat,val,100,409600
100_Normal_3_00101.png,Normal,100_Normal_3.mat,val,101,413696
100_Normal_3_00102.png,Normal,100_Normal_3.mat,val,102,417792
100_Normal_3_00103.png,Normal,100_Normal_3.mat,val,103,421888
100_Normal_3_00104.png,Normal,100_Normal_3.mat,val,104,425984
100_Normal_3_00105.png,Normal,100_Normal_3.mat,val,105,430080
100_Normal_3_00106.png,Normal,100_Normal_3.mat,val,106,434176
100_Normal_3_00107.png,Normal,100_Normal_3.mat,val,107,438272
100_Normal_3_00108.png,Normal,100_Normal_3.mat,val,108,442368
100_Normal_3_00109.png,Normal,100_Normal_3.mat,val,109,446464
100_Normal_3_00110.png,Normal,100_Normal_3.mat,val,110,450560
100_Normal_3_00111.png,Normal,100_Normal_3.mat,val,111,454656
100_Normal_3_00112.png,Normal,100_Normal_3.mat,val,112,458752
100_Normal_3_00113.png,Normal,100_Normal_3.mat,val,113,462848
100_Normal_3_00114.png,Normal,100_Normal_3.mat,val,114,466944
100_Normal_3_00115.png,Normal,100_Normal_3.mat,val,115,471040
100_Normal_3_00116.png,Normal,100_Normal_3.mat,val,116,475136
135_0_00000.png,OF007,135_0.mat,val,0,0
135_0_00001.png,OF007,135_0.mat,val,1,4096
135_0_00002.png,OF007,135_0.mat,val,2,8192
135_0_00003.png,OF007,135_0.mat,val,3,12288
135_0_00004.png,OF007,135_0.mat,val,4,16384
135_0_00005.png,OF007,135_0.mat,val,5,20480
135_0_00006.png,OF007,135_0.mat,val,6,24576
135_0_00007.png,OF007,135_0.mat,val,7,28672
135_0_00008.png,OF007,135_0.mat,val,8,32768
135_0_00009.png,OF007,135_0.mat,val,9,36864
135_0_00010.png,OF007,135_0.mat,val,10,40960
135_0_00011.png,OF007,135_0.mat,val,11,45056
135_0_00012.png,OF007,135_0.mat,val,12,49152
135_0_00013.png,OF007,135_0.mat,val,13,53248
135_0_00014.png,OF007,135_0.mat,val,14,57344
135_0_00015.png,OF007,135_0.mat,val,15,61440
135_0_00016.png,OF007,135_0.mat,val,16,65536
135_0_00017.png,OF007,135_0.mat,val,17,69632
135_0_00018.png,OF007,135_0.mat,val,18,73728
135_0_00019.png,OF007,135_0.mat,val,19,77824
135_0_00020.png,OF007,135_0.mat,val,20,81920
135_0_00021.png,OF007,135_0.mat,val,21,86016
135_0_00022.png,OF007,135_0.mat,val,22,90112
135_0_00023.png,OF007,135_0.mat,val,23,94208
135_0_00024.png,OF007,135_0.mat,val,24,98304
135_0_00025.png,OF007,135_0.mat,val,25,102400
135_0_00026.png,OF007,135_0.mat,val,26,106496
135_0_00027.png,OF007,135_0.mat,val,27,110592
135_0_00028.png,OF007,135_0.mat,val,28,114688
135_0_00029.png,OF007,135_0.mat,val,29,118784
135_0_00030.png,OF007,135_0.mat,val,30,122880
135_0_00031.png,OF007,135_0.mat,val,31,126976
135_0_00032.png,OF007,135_0.mat,val,32,131072
135_0_00033.png,OF007,135_0.mat,val,33,135168
135_0_00034.png,OF007,135_0.mat,val,34,139264
135_0_00035.png,OF007,135_0.mat,val,35,143360
135_0_00036.png,OF007,135_0.mat,val,36,147456
135_0_00037.png,OF007,135_0.mat,val,37,151552
135_0_00038.png,OF007,135_0.mat,val,38,155648
135_0_00039.png,OF007,135_0.mat,val,39,159744
135_0_00040.png,OF007,135_0.mat,val,40,163840
135_0_00041.png,OF007,135_0.mat,val,41,167936
135_0_00042.png,OF007,135_0.mat,val,42,172032
135_0_00043.png,OF007,135_0.mat,val,43,176128
135_0_00044.png,OF007,135_0.mat,val,44,180224
135_0_00045.png,OF007,135_0.mat,val,45,184320
135_0_00046.png,OF007,135_0.mat,val,46,188416
135_0_00047.png,OF007,135_0.mat,val,47,192512
135_0_00048.png,OF007,135_0.mat,val,48,196608
135_0_00049.png,OF007,135_0.mat,val,49,200704
135_0_00050.png,OF007,135_0.mat,val,50,204800
135_0_00051.png,OF007,135_0.mat,val,51,208896
135_0_00052.png,OF007,135_0.mat,val,52,212992
135_0_00053.png,OF007,135_0.mat,val,53,217088
135_0_00054.png,OF007,135_0.mat,val,54,221184
135_0_00055.png,OF007,135_0.mat,val,55,225280
135_0_00056.png,OF007,135_0.mat,val,56,229376
135_0_00057.png,OF007,135_0.mat,val,57,233472
202@6_1_00000.png,OF014,202@6_1.mat,val,0,0
202@6_1_00001.png,OF014,202@6_1.mat,val,1,4096
202@6_1_00002.png,OF014,202@6_1.mat,val,2,8192
202@6_1_00003.png,OF014,202@6_1.mat,val,3,12288
202@6_1_00004.png,OF014,202@6_1.mat,val,4,16384
202@6_1_00005.png,OF014,202@6_1.mat,val,5,20480
202@6_1_00006.png,OF014,202@6_1.mat,val,6,24576
202@6_1_00007.png,OF014,202@6_1.mat,val,7,28672
202@6_1_00008.png,OF014,202@6_1.mat,val,8,32768
202@6_1_00009.png,OF014,202@6_1.mat,val,9,36864
202@6_1_00010.png,OF014,202@6_1.mat,val,10,40960
202@6_1_00011.png,OF014,202@6_1.mat,val,11,45056
202@6_1_00012.png,OF014,202@6_1.mat,val,12,49152
202@6_1_00013.png,OF014,202@6_1.mat,val,13,53248
202@6_1_00014.png,OF014,202@6_1.mat,val,14,57344
202@6_1_00015.png,OF014,202@6_1.mat,val,15,61440
202@6_1_00016.png,OF014,202@6_1.mat,val,16,65536
202@6_1_00017.png,OF014,202@6_1.mat,val,17,69632
202@6_1_00018.png,OF014,202@6_1.mat,val,18,73728
202@6_1_00019.png,OF014,202@6_1.mat,val,19,77824
202@6_1_00020.png,OF014,202@6_1.mat,val,20,81920
202@6_1_00021.png,OF014,202@6_1.mat,val,21,86016
202@6_1_00022.png,OF014,202@6_1.mat,val,22,90112
202@6_1_00023.png,OF014,202@6_1.mat,val,23,94208
202@6_1_00024.png,OF014,202@6_1.mat,val,24,98304
202@6_1_00025.png,OF014,202@6_1.mat,val,25,102400
202@6_1_00026.png,OF014,202@6_1.mat,val,26,106496
202@6_1_00027.png,OF014,202@6_1.mat,val,27,110592
202@6_1_00028.png,OF014,202@6_1.mat,val,28,114688
202@6_1_00029.png,OF014,202@6_1.mat,val,29,118784
202@6_1_00030.png,OF014,202@6_1.mat,val,30,122880
202@6_1_00031.png,OF014,202@6_1.mat,val,31,126976
202@6_1_00032.png,OF014,202@6_1.mat,val,32,131072
202@6_1_00033.png,OF014,202@6_1.mat,val,33,135168
202@6_1_00034.png,OF014,202@6_1.mat,val,34,139264
202@6_1_00035.png,OF014,202@6_1.mat,val,35,143360
202@6_1_00036.png,OF014,202@6_1.mat,val,36,147456
202@6_1_00037.png,OF014,202@6_1.mat,val,37,151552
202@6_1_00038.png,OF014,202@6_1.mat,val,38,155648
202@6_1_00039.png,OF014,202@6_1.mat,val,39,159744
202@6_1_00040.png,OF014,202@6_1.mat,val,40,163840
202@6_1_00041.png,OF014,202@6_1.mat,val,41,167936
202@6_1_00042.png,OF014,202@6_1.mat,val,42,172032
202@6_1_00043.png,OF014,202@6_1.mat,val,43,176128
202@6_1_00044.png,OF014,202@6_1.mat,val,44,180224
202@6_1_00045.png,OF014,202@6_1.mat,val,45,184320
202@6_1_00046.png,OF014,202@6_1.mat,val,46,188416
202@6_1_00047.png,OF014,202@6_1.mat,val,47,192512
202@6_1_00048.png,OF014,202@6_1.mat,val,48,196608
202@6_1_00049.png,OF014,202@6_1.mat,val,49,200704
202@6_1_00050.png,OF014,202@6_1.mat,val,50,204800
202@6_1_00051.png,OF014,202@6_1.mat,val,51,208896
202@6_1_00052.png,OF014,202@6_1.mat,val,52,212992
202@6_1_00053.png,OF014,202@6_1.mat,val,53,217088
202@6_1_00054.png,OF014,202@6_1.mat,val,54,221184
202@6_1_00055.png,OF014,202@6_1.mat,val,55,225280
202@6_1_00056.png,OF014,202@6_1.mat,val,56,229376
202@6_1_00057.png,OF014,202@6_1.mat,val,57,233472
202@6_1_00058.png,OF014,202@6_1.mat,val,58,237568
202@6_1_00059.png,OF014,202@6_1.mat,val,59,241664
202@6_1_00060.png,OF014,202@6_1.mat,val,60,245760
202@6_1_00061.png,OF014,202@6_1.mat,val,61,249856
202@6_1_00062.png,OF014,202@6_1.mat,val,62,253952
202@6_1_00063.png,OF014,202@6_1.mat,val,63,258048
202@6_1_00064.png,OF014,202@6_1.mat,val,64,262144
202@6_1_00065.png,OF014,202@6_1.mat,val,65,266240
202@6_1_00066.png,OF014,202@6_1.mat,val,66,270336
202@6_1_00067.png,OF014,202@6_1.mat,val,67,274432
202@6_1_00068.png,OF014,202@6_1.mat,val,68,278528
202@6_1_00069.png,OF014,202@6_1.mat,val,69,282624
202@6_1_00070.png,OF014,202@6_1.mat,val,70,286720
202@6_1_00071.png,OF014,202@6_1.mat,val,71,290816
202@6_1_00072.png,OF014,202@6_1.mat,val,72,294912
202@6_1_00073.png,OF014,202@6_1.mat,val,73,299008
202@6_1_00074.png,OF014,202@6_1.mat,val,74,303104
202@6_1_00075.png,OF014,202@6_1.mat,val,75,307200
202@6_1_00076.png,OF014,202@6_1.mat,val,76,311296
202@6_1_00077.png,OF014,202@6_1.mat,val,77,315392
202@6_1_00078.png,OF014,202@6_1.mat,val,78,319488
202@6_1_00079.png,OF014,202@6_1.mat,val,79,323584
202@6_1_00080.png,OF014,202@6_1.mat,val,80,327680
202@6_1_00081.png,OF014,202@6_1.mat,val,81,331776
202@6_1_00082.png,OF014,202@6_1.mat,val,82,335872
202@6_1_00083.png,OF014,202@6_1.mat,val,83,339968
202@6_1_00084.png,OF014,202@6_1.mat,val,84,344064
202@6_1_00085.png,OF014,202@6_1.mat,val,85,348160
202@6_1_00086.png,OF014,202@6_1.mat,val,86,352256
202@6_1_00087.png,OF014,202@6_1.mat,val,87,356352
202@6_1_00088.png,OF014,202@6_1.mat,val,88,360448
202@6_1_00089.png,OF014,202@6_1.mat,val,89,364544
202@6_1_00090.png,OF014,202@6_1.mat,val,90,368640
202@6_1_00091.png,OF014,202@6_1.mat,val,91,372736
202@6_1_00092.png,OF014,202@6_1.mat,val,92,376832
202@6_1_00093.png,OF014,202@6_1.mat,val,93,380928
202@6_1_00094.png,OF014,202@6_1.mat,val,94,385024
202@6_1_00095.png,OF014,202@6_1.mat,val,95,389120
202@6_1_00096.png,OF014,202@6_1.mat,val,96,393216
202@6_1_00097.png,OF014,202@6_1.mat,val,97,397312
202@6_1_00098.png,OF014,202@6_1.mat,val,98,401408
202@6_1_00099.png,OF014,202@6_1.mat,val,99,405504
202@6_1_00100.png,OF014,202@6_1.mat,val,100,409600
202@6_1_00101.png,OF014,202@6_1.mat,val,101,413696
202@6_1_00102.png,OF014,202@6_1.mat,val,102,417792
202@6_1_00103.png,OF014,202@6_1.mat,val,103,421888
202@6_1_00104.png,OF014,202@6_1.mat,val,104,425984
202@6_1_00105.png,OF014,202@6_1.mat,val,105,430080
202@6_1_00106.png,OF014,202@6_1.mat,val,106,434176
202@6_1_00107.png,OF014,202@6_1.mat,val,107,438272
202@6_1_00108.png,OF014,202@6_1.mat,val,108,442368
202@6_1_00109.png,OF014,202@6_1.mat,val,109,446464
202@6_1_00110.png,OF014,202@6_1.mat,val,110,450560
202@6_1_00111.png,OF014,202@6_1.mat,val,111,454656
202@6_1_00112.png,OF014,202@6_1.mat,val,112,458752
202@6_1_00113.png,OF014,202@6_1.mat,val,113,462848
202@6_1_00114.png,OF014,202@6_1.mat,val,114,466944
202@6_1_00115.png,OF014,202@6_1.mat,val,115,471040
202@6_1_00116.png,OF014,202@6_1.mat,val,116,475136
238_0_00000.png,OF021,238_0.mat,val,0,0
238_0_00001.png,OF021,238_0.mat,val,1,4096
238_0_00002.png,OF021,238_0.mat,val,2,8192
238_0_00003.png,OF021,238_0.mat,val,3,12288
238_0_00004.png,OF021,238_0.mat,val,4,16384
238_0_00005.png,OF021,238_0.mat,val,5,20480
238_0_00006.png,OF021,238_0.mat,val,6,24576
238_0_00007.png,OF021,238_0.mat,val,7,28672
238_0_00008.png,OF021,238_0.mat,val,8,32768
238_0_00009.png,OF021,238_0.mat,val,9,36864
238_0_00010.png,OF021,238_0.mat,val,10,40960
238_0_00011.png,OF021,238_0.mat,val,11,45056
238_0_00012.png,OF021,238_0.mat,val,12,49152
238_0_00013.png,OF021,238_0.mat,val,13,53248
238_0_00014.png,OF021,238_0.mat,val,14,57344
238_0_00015.png,OF021,238_0.mat,val,15,61440
238_0_00016.png,OF021,238_0.mat,val,16,65536
238_0_00017.png,OF021,238_0.mat,val,17,69632
238_0_00018.png,OF021,238_0.mat,val,18,73728
238_0_00019.png,OF021,238_0.mat,val,19,77824
238_0_00020.png,OF021,238_0.mat,val,20,81920
238_0_00021.png,OF021,238_0.mat,val,21,86016
238_0_00022.png,OF021,238_0.mat,val,22,90112
238_0_00023.png,OF021,238_0.mat,val,23,94208
238_0_00024.png,OF021,238_0.mat,val,24,98304
238_0_00025.png,OF021,238_0.mat,val,25,102400
238_0_00026.png,OF021,238_0.mat,val,26,106496
238_0_00027.png,OF021,238_0.mat,val,27,110592
238_0_00028.png,OF021,238_0.mat,val,28,114688
238_0_00029.png,OF021,238_0.mat,val,29,118784
238_0_00030.png,OF021,238_0.mat,val,30,122880
238_0_00031.png,OF021,238_0.mat,val,31,126976
238_0_00032.png,OF021,238_0.mat,val,32,131072
238_0_00033.png,OF021,238_0.mat,val,33,135168
238_0_00034.png,OF021,238_0.mat,val,34,139264
238_0_00035.png,OF021,238_0.mat,val,35,143360
238_0_00036.png,OF021,238_0.mat,val,36,147456
238_0_00037.png,OF021,238_0.mat,val,37,151552
238_0_00038.png,OF021,238_0.mat,val,38,155648
238_0_00039.png,OF021,238_0.mat,val,39,159744
238_0_00040.png,OF021,238_0.mat,val,40,163840
238_0_00041.png,OF021,238_0.mat,val,41,167936
238_0_00042.png,OF021,238_0.mat,val,42,172032
238_0_00043.png,OF021,238_0.mat,val,43,176128
238_0_00044.png,OF021,238_0.mat,val,44,180224
238_0_00045.png,OF021,238_0.mat,val,45,184320
238_0_00046.png,OF021,238_0.mat,val,46,188416
238_0_00047.png,OF021,238_0.mat,val,47,192512
238_0_00048.png,OF021,238_0.mat,val,48,196608
238_0_00049.png,OF021,238_0.mat,val,49,200704
238_0_00050.png,OF021,238_0.mat,val,50,204800
238_0_00051.png,OF021,238_0.mat,val,51,208896
238_0_00052.png,OF021,238_0.mat,val,52,212992
238_0_00053.png,OF021,238_0.mat,val,53,217088
238_0_00054.png,OF021,238_0.mat,val,54,221184
238_0_00055.png,OF021,238_0.mat,val,55,225280
238_0_00056.png,OF021,238_0.mat,val,56,229376
238_0_00057.png,OF021,238_0.mat,val,57,233472
238_0_00058.png,OF021,238_0.mat,val,58,237568
122_0_00000.png,BF007,122_0.mat,test,0,0
122_0_00001.png,BF007,122_0.mat,test,1,4096
122_0_00002.png,BF007,122_0.mat,test,2,8192
122_0_00003.png,BF007,122_0.mat,test,3,12288
122_0_00004.png,BF007,122_0.mat,test,4,16384
122_0_00005.png,BF007,122_0.mat,test,5,20480
122_0_00006.png,BF007,122_0.mat,test,6,24576
122_0_00007.png,BF007,122_0.mat,test,7,28672
122_0_00008.png,BF007,122_0.mat,test,8,32768
122_0_00009.png,BF007,122_0.mat,test,9,36864
122_0_00010.png,BF007,122_0.mat,test,10,40960
122_0_00011.png,BF007,122_0.mat,test,11,45056
122_0_00012.png,BF007,122_0.mat,test,12,49152
122_0_00013.png,BF007,122_0.mat,test,13,53248
122_0_00014.png,BF007,122_0.mat,test,14,57344
122_0_00015.png,BF007,122_0.mat,test,15,61440
122_0_00016.png,BF007,122_0.mat,test,16,65536
122_0_00017.png,BF007,122_0.mat,test,17,69632
122_0_00018.png,BF007,122_0.mat,test,18,73728
122_0_00019.png,BF007,122_0.mat,test,19,77824
122_0_00020.png,BF007,122_0.mat,test,20,81920
122_0_00021.png,BF007,122_0.mat,test,21,86016
122_0_00022.png,BF007,122_0.mat,test,22,90112
122_0_00023.png,BF007,122_0.mat,test,23,94208
122_0_00024.png,BF007,122_0.mat,test,24,98304
122_0_00025.png,BF007,122_0.mat,test,25,102400
122_0_00026.png,BF007,122_0.mat,test,26,106496
122_0_00027.png,BF007,122_0.mat,test,27,110592
122_0_00028.png,BF007,122_0.mat,test,28,114688
122_0_00029.png,BF007,122_0.mat,test,29,118784
122_0_00030.png,BF007,122_0.mat,test,30,122880
122_0_00031.png,BF007,122_0.mat,test,31,126976
122_0_00032.png,BF007,122_0.mat,test,32,131072
122_0_00033.png,BF007,122_0.mat,test,33,135168
122_0_00034.png,BF007,122_0.mat,test,34,139264
122_0_00035.png,BF007,122_0.mat,test,35,143360
122_0_00036.png,BF007,122_0.mat,test,36,147456
122_0_00037.png,BF007,122_0.mat,test,37,151552
122_0_00038.png,BF007,122_0.mat,test,38,155648
122_0_00039.png,BF007,122_0.mat,test,39,159744
122_0_00040.png,BF007,122_0.mat,test,40,163840
122_0_00041.png,BF007,122_0.mat,test,41,167936
122_0_00042.png,BF007,122_0.mat,test,42,172032
122_0_00043.png,BF007,122_0.mat,test,43,176128
122_0_00044.png,BF007,122_0.mat,test,44,180224
122_0_00045.png,BF007,122_0.mat,test,45,184320
122_0_00046.png,BF007,122_0.mat,test,46,188416
122_0_00047.png,BF007,122_0.mat,test,47,192512
122_0_00048.png,BF007,122_0.mat,test,48,196608
122_0_00049.png,BF007,122_0.mat,test,49,200704
122_0_00050.png,BF007,122_0.mat,test,50,204800
122_0_00051.png,BF007,122_0.mat,test,51,208896
122_0_00052.png,BF007,122_0.mat,test,52,212992
122_0_00053.png,BF007,122_0.mat,test,53,217088
122_0_00054.png,BF007,122_0.mat,test,54,221184
122_0_00055.png,BF007,122_0.mat,test,55,225280
122_0_00056.png,BF007,122_0.mat,test,56,229376
122_0_00057.png,BF007,122_0.mat,test,57,233472
190_1_00000.png,BF014,190_1.mat,test,0,0
190_1_00001.png,BF014,190_1.mat,test,1,4096
190_1_00002.png,BF014,190_1.mat,test,2,8192
190_1_00003.png,BF014,190_1.mat,test,3,12288
190_1_00004.png,BF014,190_1.mat,test,4,16384
190_1_00005.png,BF014,190_1.mat,test,5,20480
190_1_00006.png,BF014,190_1.mat,test,6,24576
190_1_00007.png,BF014,190_1.mat,test,7,28672
190_1_00008.png,BF014,190_1.mat,test,8,32768
190_1_00009.png,BF014,190_1.mat,test,9,36864
190_1_00010.png,BF014,190_1.mat,test,10,40960
190_1_00011.png,BF014,190_1.mat,test,11,45056
190_1_00012.png,BF014,190_1.mat,test,12,49152
190_1_00013.png,BF014,190_1.mat,test,13,53248
190_1_00014.png,BF014,190_1.mat,test,14,57344
190_1_00015.png,BF014,190_1.mat,test,15,61440
190_1_00016.png,BF014,190_1.mat,test,16,65536
190_1_00017.png,BF014,190_1.mat,test,17,69632
190_1_00018.png,BF014,190_1.mat,test,18,73728
190_1_00019.png,BF014,190_1.mat,test,19,77824
190_1_00020.png,BF014,190_1.mat,test,20,81920
190_1_00021.png,BF014,190_1.mat,test,21,86016
190_1_00022.png,BF014,190_1.mat,test,22,90112
190_1_00023.png,BF014,190_1.mat,test,23,94208
190_1_00024.png,BF014,190_1.mat,test,24,98304
190_1_00025.png,BF014,190_1.mat,test,25,102400
190_1_00026.png,BF014,190_1.mat,test,26,106496
190_1_00027.png,BF014,190_1.mat,test,27,110592
190_1_00028.png,BF014,190_1.mat,test,28,114688
190_1_00029.png,BF014,190_1.mat,test,29,118784
190_1_00030.png,BF014,190_1.mat,test,30,122880
190_1_00031.png,BF014,190_1.mat,test,31,126976
190_1_00032.png,BF014,190_1.mat,test,32,131072
190_1_00033.png,BF014,190_1.mat,test,33,135168
190_1_00034.png,BF014,190_1.mat,test,34,139264
190_1_00035.png,BF014,190_1.mat,test,35,143360
190_1_00036.png,BF014,190_1.mat,test,36,147456
190_1_00037.png,BF014,190_1.mat,test,37,151552
190_1_00038.png,BF014,190_1.mat,test,38,155648
190_1_00039.png,BF014,190_1.mat,test,39,159744
190_1_00040.png,BF014,190_1.mat,test,40,163840
190_1_00041.png,BF014,190_1.mat,test,41,167936
190_1_00042.png,BF014,190_1.mat,test,42,172032
190_1_00043.png,BF014,190_1.mat,test,43,176128
190_1_00044.png,BF014,190_1.mat,test,44,180224
190_1_00045.png,BF014,190_1.mat,test,45,184320
190_1_00046.png,BF014,190_1.mat,test,46,188416
190_1_00047.png,BF014,190_1.mat,test,47,192512
190_1_00048.png,BF014,190_1.mat,test,48,196608
190_1_00049.png,BF014,190_1.mat,test,49,200704
190_1_00050.png,BF014,190_1.mat,test,50,204800
190_1_00051.png,BF014,190_1.mat,test,51,208896
190_1_00052.png,BF014,190_1.mat,test,52,212992
190_1_00053.png,BF014,190_1.mat,test,53,217088
190_1_00054.png,BF014,190_1.mat,test,54,221184
190_1_00055.png,BF014,190_1.mat,test,55,225280
190_1_00056.png,BF014,190_1.mat,test,56,229376
190_1_00057.png,BF014,190_1.mat,test,57,233472
190_1_00058.png,BF014,190_1.mat,test,58,237568
190_1_00059.png,BF014,190_1.mat,test,59,241664
190_1_00060.png,BF014,190_1.mat,test,60,245760
190_1_00061.png,BF014,190_1.mat,test,61,249856
190_1_00062.png,BF014,190_1.mat,test,62,253952
190_1_00063.png,BF014,190_1.mat,test,63,258048
190_1_00064.png,BF014,190_1.mat,test,64,262144
190_1_00065.png,BF014,190_1.mat,test,65,266240
190_1_00066.png,BF014,190_1.mat,test,66,270336
190_1_00067.png,BF014,190_1.mat,test,67,274432
190_1_00068.png,BF014,190_1.mat,test,68,278528
190_1_00069.png,BF014,190_1.mat,test,69,282624
190_1_00070.png,BF014,190_1.mat,test,70,286720
190_1_00071.png,BF014,190_1.mat,test,71,290816
190_1_00072.png,BF014,190_1.mat,test,72,294912
190_1_00073.png,BF014,190_1.mat,test,73,299008
190_1_00074.png,BF014,190_1.mat,test,74,303104
190_1_00075.png,BF014,190_1.mat,test,75,307200
190_1_00076.png,BF014,190_1.mat,test,76,311296
190_1_00077.png,BF014,190_1.mat,test,77,315392
190_1_00078.png,BF014,190_1.mat,test,78,319488
190_1_00079.png,BF014,190_1.mat,test,79,323584
190_1_00080.png,BF014,190_1.mat,test,80,327680
190_1_00081.png,BF014,190_1.mat,test,81,331776
190_1_00082.png,BF014,190_1.mat,test,82,335872
190_1_00083.png,BF014,190_1.mat,test,83,339968
190_1_00084.png,BF014,190_1.mat,test,84,344064
190_1_00085.png,BF014,190_1.mat,test,85,348160
190_1_00086.png,BF014,190_1.mat,test,86,352256
190_1_00087.png,BF014,190_1.mat,test,87,356352
190_1_00088.png,BF014,190_1.mat,test,88,360448
190_1_00089.png,BF014,190_1.mat,test,89,364544
190_1_00090.png,BF014,190_1.mat,test,90,368640
190_1_00091.png,BF014,190_1.mat,test,91,372736
190_1_00092.png,BF014,190_1.mat,test,92,376832
190_1_00093.png,BF014,190_1.mat,test,93,380928
190_1_00094.png,BF014,190_1.mat,test,94,385024
190_1_00095.png,BF014,190_1.mat,test,95,389120
190_1_00096.png,BF014,190_1.mat,test,96,393216
190_1_00097.png,BF014,190_1.mat,test,97,397312
190_1_00098.png,BF014,190_1.mat,test,98,401408
190_1_00099.png,BF014,190_1.mat,test,99,405504
190_1_00100.png,BF014,190_1.mat,test,100,409600
190_1_00101.png,BF014,190_1.mat,test,101,413696
190_1_00102.png,BF014,190_1.mat,test,102,417792
190_1_00103.png,BF014,190_1.mat,test,103,421888
190_1_00104.png,BF014,190_1.mat,test,104,425984
190_1_00105.png,BF014,190_1.mat,test,105,430080
190_1_00106.png,BF014,190_1.mat,test,106,434176
190_1_00107.png,BF014,190_1.mat,test,107,438272
190_1_00108.png,BF014,190_1.mat,test,108,442368
190_1_00109.png,BF014,190_1.mat,test,109,446464
190_1_00110.png,BF014,190_1.mat,test,110,450560
190_1_00111.png,BF014,190_1.mat,test,111,454656
190_1_00112.png,BF014,190_1.mat,test,112,458752
190_1_00113.png,BF014,190_1.mat,test,113,462848
190_1_00114.png,BF014,190_1.mat,test,114,466944
190_1_00115.png,BF014,190_1.mat,test,115,471040
190_1_00116.png,BF014,190_1.mat,test,116,475136
226_0_00000.png,BF021,226_0.mat,test,0,0
226_0_00001.png,BF021,226_0.mat,test,1,4096
226_0_00002.png,BF021,226_0.mat,test,2,8192
226_0_00003.png,BF021,226_0.mat,test,3,12288
226_0_00004.png,BF021,226_0.mat,test,4,16384
226_0_00005.png,BF021,226_0.mat,test,5,20480
226_0_00006.png,BF021,226_0.mat,test,6,24576
226_0_00007.png,BF021,226_0.mat,test,7,28672
226_0_00008.png,BF021,226_0.mat,test,8,32768
226_0_00009.png,BF021,226_0.mat,test,9,36864
226_0_00010.png,BF021,226_0.mat,test,10,40960
226_0_00011.png,BF021,226_0.mat,test,11,45056
226_0_00012.png,BF021,226_0.mat,test,12,49152
226_0_00013.png,BF021,226_0.mat,test,13,53248
226_0_00014.png,BF021,226_0.mat,test,14,57344
226_0_00015.png,BF021,226_0.mat,test,15,61440
226_0_00016.png,BF021,226_0.mat,test,16,65536
226_0_00017.png,BF021,226_0.mat,test,17,69632
226_0_00018.png,BF021,226_0.mat,test,18,73728
226_0_00019.png,BF021,226_0.mat,test,19,77824
226_0_00020.png,BF021,226_0.mat,test,20,81920
226_0_00021.png,BF021,226_0.mat,test,21,86016
226_0_00022.png,BF021,226_0.mat,test,22,90112
226_0_00023.png,BF021,226_0.mat,test,23,94208
226_0_00024.png,BF021,226_0.mat,test,24,98304
226_0_00025.png,BF021,226_0.mat,test,25,102400
226_0_00026.png,BF021,226_0.mat,test,26,106496
226_0_00027.png,BF021,226_0.mat,test,27,110592
226_0_00028.png,BF021,226_0.mat,test,28,114688
226_0_00029.png,BF021,226_0.mat,test,29,118784
226_0_00030.png,BF021,226_0.mat,test,30,122880
226_0_00031.png,BF021,226_0.mat,test,31,126976
226_0_00032.png,BF021,226_0.mat,test,32,131072
226_0_00033.png,BF021,226_0.mat,test,33,135168
226_0_00034.png,BF021,226_0.mat,test,34,139264
226_0_00035.png,BF021,226_0.mat,test,35,143360
226_0_00036.png,BF021,226_0.mat,test,36,147456
226_0_00037.png,BF021,226_0.mat,test,37,151552
226_0_00038.png,BF021,226_0.mat,test,38,155648
226_0_00039.png,BF021,226_0.mat,test,39,159744
226_0_00040.png,BF021,226_0.mat,test,40,163840
226_0_00041.png,BF021,226_0.mat,test,41,167936
226_0_00042.png,BF021,226_0.mat,test,42,172032
226_0_00043.png,BF021,226_0.mat,test,43,176128
226_0_00044.png,BF021,226_0.mat,test,44,180224
226_0_00045.png,BF021,226_0.mat,test,45,184320
226_0_00046.png,BF021,226_0.mat,test,46,188416
226_0_00047.png,BF021,226_0.mat,test,47,192512
226_0_00048.png,BF021,226_0.mat,test,48,196608
226_0_00049.png,BF021,226_0.mat,test,49,200704
226_0_00050.png,BF021,226_0.mat,test,50,204800
226_0_00051.png,BF021,226_0.mat,test,51,208896
226_0_00052.png,BF021,226_0.mat,test,52,212992
226_0_00053.png,BF021,226_0.mat,test,53,217088
226_0_00054.png,BF021,226_0.mat,test,54,221184
226_0_00055.png,BF021,226_0.mat,test,55,225280
226_0_00056.png,BF021,226_0.mat,test,56,229376
226_0_00057.png,BF021,226_0.mat,test,57,233472
112_3_00000.png,IF007,112_3.mat,test,0,0
112_3_00001.png,IF007,112_3.mat,test,1,4096
112_3_00002.png,IF007,112_3.mat,test,2,8192
112_3_00003.png,IF007,112_3.mat,test,3,12288
112_3_00004.png,IF007,112_3.mat,test,4,16384
112_3_00005.png,IF007,112_3.mat,test,5,20480
112_3_00006.png,IF007,112_3.mat,test,6,24576
112_3_00007.png,IF007,112_3.mat,test,7,28672
112_3_00008.png,IF007,112_3.mat,test,8,32768
112_3_00009.png,IF007,112_3.mat,test,9,36864
112_3_00010.png,IF007,112_3.mat,test,10,40960
112_3_00011.png,IF007,112_3.mat,test,11,45056
112_3_00012.png,IF007,112_3.mat,test,12,49152
112_3_00013.png,IF007,112_3.mat,test,13,53248
112_3_00014.png,IF007,112_3.mat,test,14,57344
112_3_00015.png,IF007,112_3.mat,test,15,61440
112_3_00016.png,IF007,112_3.mat,test,16,65536
112_3_00017.png,IF007,112_3.mat,test,17,69632
112_3_00018.png,IF007,112_3.mat,test,18,73728
112_3_00019.png,IF007,112_3.mat,test,19,77824
112_3_00020.png,IF007,112_3.mat,test,20,81920
112_3_00021.png,IF007,112_3.mat,test,21,86016
112_3_00022.png,IF007,112_3.mat,test,22,90112
112_3_00023.png,IF007,112_3.mat,test,23,94208
112_3_00024.png,IF007,112_3.mat,test,24,98304
112_3_00025.png,IF007,112_3.mat,test,25,102400
112_3_00026.png,IF007,112_3.mat,test,26,106496
112_3_00027.png,IF007,112_3.mat,test,27,110592
112_3_00028.png,IF007,112_3.mat,test,28,114688
112_3_00029.png,IF007,112_3.mat,test,29,118784
112_3_00030.png,IF007,112_3.mat,test,30,122880
112_3_00031.png,IF007,112_3.mat,test,31,126976
112_3_00032.png,IF007,112_3.mat,test,32,131072
112_3_00033.png,IF007,112_3.mat,test,33,135168
112_3_00034.png,IF007,112_3.mat,test,34,139264
112_3_00035.png,IF007,112_3.mat,test,35,143360
112_3_00036.png,IF007,112_3.mat,test,36,147456
112_3_00037.png,IF007,112_3.mat,test,37,151552
112_3_00038.png,IF007,112_3.mat,test,38,155648
112_3_00039.png,IF007,112_3.mat,test,39,159744
112_3_00040.png,IF007,112_3.mat,test,40,163840
112_3_00041.png,IF007,112_3.mat,test,41,167936
112_3_00042.png,IF007,112_3.mat,test,42,172032
112_3_00043.png,IF007,112_3.mat,test,43,176128
112_3_00044.png,IF007,112_3.mat,test,44,180224
112_3_00045.png,IF007,112_3.mat,test,45,184320
112_3_00046.png,IF007,112_3.mat,test,46,188416
112_3_00047.png,IF007,112_3.mat,test,47,192512
112_3_00048.png,IF007,112_3.mat,test,48,196608
112_3_00049.png,IF007,112_3.mat,test,49,200704
112_3_00050.png,IF007,112_3.mat,test,50,204800
112_3_00051.png,IF007,112_3.mat,test,51,208896
112_3_00052.png,IF007,112_3.mat,test,52,212992
112_3_00053.png,IF007,112_3.mat,test,53,217088
112_3_00054.png,IF007,112_3.mat,test,54,221184
112_3_00055.png,IF007,112_3.mat,test,55,225280
112_3_00056.png,IF007,112_3.mat,test,56,229376
112_3_00057.png,IF007,112_3.mat,test,57,233472
112_3_00058.png,IF007,112_3.mat,test,58,237568
112_3_00059.png,IF007,112_3.mat,test,59,241664
112_3_00060.png,IF007,112_3.mat,test,60,245760
112_3_00061.png,IF007,112_3.mat,test,61,249856
112_3_00062.png,IF007,112_3.mat,test,62,253952
112_3_00063.png,IF007,112_3.mat,test,63,258048
112_3_00064.png,IF007,112_3.mat,test,64,262144
112_3_00065.png,IF007,112_3.mat,test,65,266240
112_3_00066.png,IF007,112_3.mat,test,66,270336
112_3_00067.png,IF007,112_3.mat,test,67,274432
112_3_00068.png,IF007,112_3.mat,test,68,278528
112_3_00069.png,IF007,112_3.mat,test,69,282624
112_3_00070.png,IF007,112_3.mat,test,70,286720
112_3_00071.png,IF007,112_3.mat,test,71,290816
112_3_00072.png,IF007,112_3.mat,test,72,294912
112_3_00073.png,IF007,112_3.mat,test,73,299008
112_3_00074.png,IF007,112_3.mat,test,74,303104
112_3_00075.png,IF007,112_3.mat,test,75,307200
112_3_00076.png,IF007,112_3.mat,test,76,311296
112_3_00077.png,IF007,112_3.mat,test,77,315392
112_3_00078.png,IF007,112_3.mat,test,78,319488
112_3_00079.png,IF007,112_3.mat,test,79,323584
112_3_00080.png,IF007,112_3.mat,test,80,327680
112_3_00081.png,IF007,112_3.mat,test,81,331776
112_3_00082.png,IF007,112_3.mat,test,82,335872
112_3_00083.png,IF007,112_3.mat,test,83,339968
112_3_00084.png,IF007,112_3.mat,test,84,344064
112_3_00085.png,IF007,112_3.mat,test,85,348160
112_3_00086.png,IF007,112_3.mat,test,86,352256
112_3_00087.png,IF007,112_3.mat,test,87,356352
112_3_00088.png,IF007,112_3.mat,test,88,360448
112_3_00089.png,IF007,112_3.mat,test,89,364544
112_3_00090.png,IF007,112_3.mat,test,90,368640
112_3_00091.png,IF007,112_3.mat,test,91,372736
112_3_00092.png,IF007,112_3.mat,test,92,376832
112_3_00093.png,IF007,112_3.mat,test,93,380928
112_3_00094.png,IF007,112_3.mat,test,94,385024
112_3_00095.png,IF007,112_3.mat,test,95,389120
112_3_00096.png,IF007,112_3.mat,test,96,393216
112_3_00097.png,IF007,112_3.mat,test,97,397312
112_3_00098.png,IF007,112_3.mat,test,98,401408
112_3_00099.png,IF007,112_3.mat,test,99,405504
112_3_00100.png,IF007,112_3.mat,test,100,409600
112_3_00101.png,IF007,112_3.mat,test,101,413696
112_3_00102.png,IF007,112_3.mat,test,102,417792
112_3_00103.png,IF007,112_3.mat,test,103,421888
112_3_00104.png,IF007,112_3.mat,test,104,425984
112_3_00105.png,IF007,112_3.mat,test,105,430080
112_3_00106.png,IF007,112_3.mat,test,106,434176
112_3_00107.png,IF007,112_3.mat,test,107,438272
112_3_00108.png,IF007,112_3.mat,test,108,442368
112_3_00109.png,IF007,112_3.mat,test,109,446464
112_3_00110.png,IF007,112_3.mat,test,110,450560
112_3_00111.png,IF007,112_3.mat,test,111,454656
112_3_00112.png,IF007,112_3.mat,test,112,458752
112_3_00113.png,IF007,112_3.mat,test,113,462848
112_3_00114.png,IF007,112_3.mat,test,114,466944
112_3_00115.png,IF007,112_3.mat,test,115,471040
112_3_00116.png,IF007,112_3.mat,test,116,475136
174_0_00000.png,IF014,174_0.mat,test,0,0
174_0_00001.png,IF014,174_0.mat,test,1,4096
174_0_00002.png,IF014,174_0.mat,test,2,8192
174_0_00003.png,IF014,174_0.mat,test,3,12288
174_0_00004.png,IF014,174_0.mat,test,4,16384
174_0_00005.png,IF014,174_0.mat,test,5,20480
174_0_00006.png,IF014,174_0.mat,test,6,24576
174_0_00007.png,IF014,174_0.mat,test,7,28672
174_0_00008.png,IF014,174_0.mat,test,8,32768
174_0_00009.png,IF014,174_0.mat,test,9,36864
174_0_00010.png,IF014,174_0.mat,test,10,40960
174_0_00011.png,IF014,174_0.mat,test,11,45056
174_0_00012.png,IF014,174_0.mat,test,12,49152
174_0_00013.png,IF014,174_0.mat,test,13,53248
213_0_00000.png,IF021,213_0.mat,test,0,0
213_0_00001.png,IF021,213_0.mat,test,1,4096
213_0_00002.png,IF021,213_0.mat,test,2,8192
213_0_00003.png,IF021,213_0.mat,test,3,12288
213_0_00004.png,IF021,213_0.mat,test,4,16384
213_0_00005.png,IF021,213_0.mat,test,5,20480
213_0_00006.png,IF021,213_0.mat,test,6,24576
213_0_00007.png,IF021,213_0.mat,test,7,28672
213_0_00008.png,IF021,213_0.mat,test,8,32768
213_0_00009.png,IF021,213_0.mat,test,9,36864
213_0_00010.png,IF021,213_0.mat,test,10,40960
213_0_00011.png,IF021,213_0.mat,test,11,45056
213_0_00012.png,IF021,213_0.mat,test,12,49152
213_0_00013.png,IF021,213_0.mat,test,13,53248
213_0_00014.png,IF021,213_0.mat,test,14,57344
213_0_00015.png,IF021,213_0.mat,test,15,61440
213_0_00016.png,IF021,213_0.mat,test,16,65536
213_0_00017.png,IF021,213_0.mat,test,17,69632
213_0_00018.png,IF021,213_0.mat,test,18,73728
213_0_00019.png,IF021,213_0.mat,test,19,77824
213_0_00020.png,IF021,213_0.mat,test,20,81920
213_0_00021.png,IF021,213_0.mat,test,21,86016
213_0_00022.png,IF021,213_0.mat,test,22,90112
213_0_00023.png,IF021,213_0.mat,test,23,94208
213_0_00024.png,IF021,213_0.mat,test,24,98304
213_0_00025.png,IF021,213_0.mat,test,25,102400
213_0_00026.png,IF021,213_0.mat,test,26,106496
213_0_00027.png,IF021,213_0.mat,test,27,110592
213_0_00028.png,IF021,213_0.mat,test,28,114688
213_0_00029.png,IF021,213_0.mat,test,29,118784
213_0_00030.png,IF021,213_0.mat,test,30,122880
213_0_00031.png,IF021,213_0.mat,test,31,126976
213_0_00032.png,IF021,213_0.mat,test,32,131072
213_0_00033.png,IF021,213_0.mat,test,33,135168
213_0_00034.png,IF021,213_0.mat,test,34,139264
213_0_00035.png,IF021,213_0.mat,test,35,143360
213_0_00036.png,IF021,213_0.mat,test,36,147456
213_0_00037.png,IF021,213_0.mat,test,37,151552
213_0_00038.png,IF021,213_0.mat,test,38,155648
213_0_00039.png,IF021,213_0.mat,test,39,159744
213_0_00040.png,IF021,213_0.mat,test,40,163840
213_0_00041.png,IF021,213_0.mat,test,41,167936
213_0_00042.png,IF021,213_0.mat,test,42,172032
213_0_00043.png,IF021,213_0.mat,test,43,176128
213_0_00044.png,IF021,213_0.mat,test,44,180224
213_0_00045.png,IF021,213_0.mat,test,45,184320
213_0_00046.png,IF021,213_0.mat,test,46,188416
213_0_00047.png,IF021,213_0.mat,test,47,192512
213_0_00048.png,IF021,213_0.mat,test,48,196608
213_0_00049.png,IF021,213_0.mat,test,49,200704
213_0_00050.png,IF021,213_0.mat,test,50,204800
213_0_00051.png,IF021,213_0.mat,test,51,208896
213_0_00052.png,IF021,213_0.mat,test,52,212992
213_0_00053.png,IF021,213_0.mat,test,53,217088
213_0_00054.png,IF021,213_0.mat,test,54,221184
213_0_00055.png,IF021,213_0.mat,test,55,225280
213_0_00056.png,IF021,213_0.mat,test,56,229376
213_0_00057.png,IF021,213_0.mat,test,57,233472
99_Normal_2_00000.png,Normal,99_Normal_2.mat,test,0,0
99_Normal_2_00001.png,Normal,99_Normal_2.mat,test,1,4096
99_Normal_2_00002.png,Normal,99_Normal_2.mat,test,2,8192
99_Normal_2_00003.png,Normal,99_Normal_2.mat,test,3,12288
99_Normal_2_00004.png,Normal,99_Normal_2.mat,test,4,16384
99_Normal_2_00005.png,Normal,99_Normal_2.mat,test,5,20480
99_Normal_2_00006.png,Normal,99_Normal_2.mat,test,6,24576
99_Normal_2_00007.png,Normal,99_Normal_2.mat,test,7,28672
99_Normal_2_00008.png,Normal,99_Normal_2.mat,test,8,32768
99_Normal_2_00009.png,Normal,99_Normal_2.mat,test,9,36864
99_Normal_2_00010.png,Normal,99_Normal_2.mat,test,10,40960
99_Normal_2_00011.png,Normal,99_Normal_2.mat,test,11,45056
99_Normal_2_00012.png,Normal,99_Normal_2.mat,test,12,49152
99_Normal_2_00013.png,Normal,99_Normal_2.mat,test,13,53248
99_Normal_2_00014.png,Normal,99_Normal_2.mat,test,14,57344
99_Normal_2_00015.png,Normal,99_Normal_2.mat,test,15,61440
99_Normal_2_00016.png,Normal,99_Normal_2.mat,test,16,65536
99_Normal_2_00017.png,Normal,99_Normal_2.mat,test,17,69632
99_Normal_2_00018.png,Normal,99_Normal_2.mat,test,18,73728
99_Normal_2_00019.png,Normal,99_Normal_2.mat,test,19,77824
99_Normal_2_00020.png,Normal,99_Normal_2.mat,test,20,81920
99_Normal_2_00021.png,Normal,99_Normal_2.mat,test,21,86016
99_Normal_2_00022.png,Normal,99_Normal_2.mat,test,22,90112
99_Normal_2_00023.png,Normal,99_Normal_2.mat,test,23,94208
99_Normal_2_00024.png,Normal,99_Normal_2.mat,test,24,98304
99_Normal_2_00025.png,Normal,99_Normal_2.mat,test,25,102400
99_Normal_2_00026.png,Normal,99_Normal_2.mat,test,26,106496
99_Normal_2_00027.png,Normal,99_Normal_2.mat,test,27,110592
99_Normal_2_00028.png,Normal,99_Normal_2.mat,test,28,114688
99_Normal_2_00029.png,Normal,99_Normal_2.mat,test,29,118784
99_Normal_2_00030.png,Normal,99_Normal_2.mat,test,30,122880
99_Normal_2_00031.png,Normal,99_Normal_2.mat,test,31,126976
99_Normal_2_00032.png,Normal,99_Normal_2.mat,test,32,131072
99_Normal_2_00033.png,Normal,99_Normal_2.mat,test,33,135168
99_Normal_2_00034.png,Normal,99_Normal_2.mat,test,34,139264
99_Normal_2_00035.png,Normal,99_Normal_2.mat,test,35,143360
99_Normal_2_00036.png,Normal,99_Normal_2.mat,test,36,147456
99_Normal_2_00037.png,Normal,99_Normal_2.mat,test,37,151552
99_Normal_2_00038.png,Normal,99_Normal_2.mat,test,38,155648
99_Normal_2_00039.png,Normal,99_Normal_2.mat,test,39,159744
99_Normal_2_00040.png,Normal,99_Normal_2.mat,test,40,163840
99_Normal_2_00041.png,Normal,99_Normal_2.mat,test,41,167936
99_Normal_2_00042.png,Normal,99_Normal_2.mat,test,42,172032
99_Normal_2_00043.png,Normal,99_Normal_2.mat,test,43,176128
99_Normal_2_00044.png,Normal,99_Normal_2.mat,test,44,180224
99_Normal_2_00045.png,Normal,99_Normal_2.mat,test,45,184320
99_Normal_2_00046.png,Normal,99_Normal_2.mat,test,46,188416
99_Normal_2_00047.png,Normal,99_Normal_2.mat,test,47,192512
99_Normal_2_00048.png,Normal,99_Normal_2.mat,test,48,196608
99_Normal_2_00049.png,Normal,99_Normal_2.mat,test,49,200704
99_Normal_2_00050.png,Normal,99_Normal_2.mat,test,50,204800
99_Normal_2_00051.png,Normal,99_Normal_2.mat,test,51,208896
99_Normal_2_00052.png,Normal,99_Normal_2.mat,test,52,212992
99_Normal_2_00053.png,Normal,99_Normal_2.mat,test,53,217088
99_Normal_2_00054.png,Normal,99_Normal_2.mat,test,54,221184
99_Normal_2_00055.png,Normal,99_Normal_2.mat,test,55,225280
99_Normal_2_00056.png,Normal,99_Normal_2.mat,test,56,229376
99_Normal_2_00057.png,Normal,99_Normal_2.mat,test,57,233472
99_Normal_2_00058.png,Normal,99_Normal_2.mat,test,58,237568
99_Normal_2_00059.png,Normal,99_Normal_2.mat,test,59,241664
99_Normal_2_00060.png,Normal,99_Normal_2.mat,test,60,245760
99_Normal_2_00061.png,Normal,99_Normal_2.mat,test,61,249856
99_Normal_2_00062.png,Normal,99_Normal_2.mat,test,62,253952
99_Normal_2_00063.png,Normal,99_Normal_2.mat,test,63,258048
99_Normal_2_00064.png,Normal,99_Normal_2.mat,test,64,262144
99_Normal_2_00065.png,Normal,99_Normal_2.mat,test,65,266240
99_Normal_2_00066.png,Normal,99_Normal_2.mat,test,66,270336
99_Normal_2_00067.png,Normal,99_Normal_2.mat,test,67,274432
99_Normal_2_00068.png,Normal,99_Normal_2.mat,test,68,278528
99_Normal_2_00069.png,Normal,99_Normal_2.mat,test,69,282624
99_Normal_2_00070.png,Normal,99_Normal_2.mat,test,70,286720
99_Normal_2_00071.png,Normal,99_Normal_2.mat,test,71,290816
99_Normal_2_00072.png,Normal,99_Normal_2.mat,test,72,294912
99_Normal_2_00073.png,Normal,99_Normal_2.mat,test,73,299008
99_Normal_2_00074.png,Normal,99_Normal_2.mat,test,74,303104
99_Normal_2_00075.png,Normal,99_Normal_2.mat,test,75,307200
99_Normal_2_00076.png,Normal,99_Normal_2.mat,test,76,311296
99_Normal_2_00077.png,Normal,99_Normal_2.mat,test,77,315392
99_Normal_2_00078.png,Normal,99_Normal_2.mat,test,78,319488
99_Normal_2_00079.png,Normal,99_Normal_2.mat,test,79,323584
99_Normal_2_00080.png,Normal,99_Normal_2.mat,test,80,327680
99_Normal_2_00081.png,Normal,99_Normal_2.mat,test,81,331776
99_Normal_2_00082.png,Normal,99_Normal_2.mat,test,82,335872
99_Normal_2_00083.png,Normal,99_Normal_2.mat,test,83,339968
99_Normal_2_00084.png,Normal,99_Normal_2.mat,test,84,344064
99_Normal_2_00085.png,Normal,99_Normal_2.mat,test,85,348160
99_Normal_2_00086.png,Normal,99_Normal_2.mat,test,86,352256
99_Normal_2_00087.png,Normal,99_Normal_2.mat,test,87,356352
99_Normal_2_00088.png,Normal,99_Normal_2.mat,test,88,360448
99_Normal_2_00089.png,Normal,99_Normal_2.mat,test,89,364544
99_Normal_2_00090.png,Normal,99_Normal_2.mat,test,90,368640
99_Normal_2_00091.png,Normal,99_Normal_2.mat,test,91,372736
99_Normal_2_00092.png,Normal,99_Normal_2.mat,test,92,376832
99_Normal_2_00093.png,Normal,99_Normal_2.mat,test,93,380928
99_Normal_2_00094.png,Normal,99_Normal_2.mat,test,94,385024
99_Normal_2_00095.png,Normal,99_Normal_2.mat,test,95,389120
99_Normal_2_00096.png,Normal,99_Normal_2.mat,test,96,393216
99_Normal_2_00097.png,Normal,99_Normal_2.mat,test,97,397312
99_Normal_2_00098.png,Normal,99_Normal_2.mat,test,98,401408
99_Normal_2_00099.png,Normal,99_Normal_2.mat,test,99,405504
99_Normal_2_00100.png,Normal,99_Normal_2.mat,test,100,409600
99_Normal_2_00101.png,Normal,99_Normal_2.mat,test,101,413696
99_Normal_2_00102.png,Normal,99_Normal_2.mat,test,102,417792
99_Normal_2_00103.png,Normal,99_Normal_2.mat,test,103,421888
99_Normal_2_00104.png,Normal,99_Normal_2.mat,test,104,425984
99_Normal_2_00105.png,Normal,99_Normal_2.mat,test,105,430080
99_Normal_2_00106.png,Normal,99_Normal_2.mat,test,106,434176
99_Normal_2_00107.png,Normal,99_Normal_2.mat,test,107,438272
99_Normal_2_00108.png,Normal,99_Normal_2.mat,test,108,442368
99_Normal_2_00109.png,Normal,99_Normal_2.mat,test,109,446464
99_Normal_2_00110.png,Normal,99_Normal_2.mat,test,110,450560
99_Normal_2_00111.png,Normal,99_Normal_2.mat,test,111,454656
99_Normal_2_00112.png,Normal,99_Normal_2.mat,test,112,458752
99_Normal_2_00113.png,Normal,99_Normal_2.mat,test,113,462848
99_Normal_2_00114.png,Normal,99_Normal_2.mat,test,114,466944
99_Normal_2_00115.png,Normal,99_Normal_2.mat,test,115,471040
99_Normal_2_00116.png,Normal,99_Normal_2.mat,test,116,475136
137_2_00000.png,OF007,137_2.mat,test,0,0
137_2_00001.png,OF007,137_2.mat,test,1,4096
137_2_00002.png,OF007,137_2.mat,test,2,8192
137_2_00003.png,OF007,137_2.mat,test,3,12288
137_2_00004.png,OF007,137_2.mat,test,4,16384
137_2_00005.png,OF007,137_2.mat,test,5,20480
137_2_00006.png,OF007,137_2.mat,test,6,24576
137_2_00007.png,OF007,137_2.mat,test,7,28672
137_2_00008.png,OF007,137_2.mat,test,8,32768
137_2_00009.png,OF007,137_2.mat,test,9,36864
137_2_00010.png,OF007,137_2.mat,test,10,40960
137_2_00011.png,OF007,137_2.mat,test,11,45056
137_2_00012.png,OF007,137_2.mat,test,12,49152
137_2_00013.png,OF007,137_2.mat,test,13,53248
137_2_00014.png,OF007,137_2.mat,test,14,57344
137_2_00015.png,OF007,137_2.mat,test,15,61440
137_2_00016.png,OF007,137_2.mat,test,16,65536
137_2_00017.png,OF007,137_2.mat,test,17,69632
137_2_00018.png,OF007,137_2.mat,test,18,73728
137_2_00019.png,OF007,137_2.mat,test,19,77824
137_2_00020.png,OF007,137_2.mat,test,20,81920
137_2_00021.png,OF007,137_2.mat,test,21,86016
137_2_00022.png,OF007,137_2.mat,test,22,90112
137_2_00023.png,OF007,137_2.mat,test,23,94208
137_2_00024.png,OF007,137_2.mat,test,24,98304
137_2_00025.png,OF007,137_2.mat,test,25,102400
137_2_00026.png,OF007,137_2.mat,test,26,106496
137_2_00027.png,OF007,137_2.mat,test,27,110592
137_2_00028.png,OF007,137_2.mat,test,28,114688
137_2_00029.png,OF007,137_2.mat,test,29,118784
137_2_00030.png,OF007,137_2.mat,test,30,122880
137_2_00031.png,OF007,137_2.mat,test,31,126976
137_2_00032.png,OF007,137_2.mat,test,32,131072
137_2_00033.png,OF007,137_2.mat,test,33,135168
137_2_00034.png,OF007,137_2.mat,test,34,139264
137_2_00035.png,OF007,137_2.mat,test,35,143360
137_2_00036.png,OF007,137_2.mat,test,36,147456
137_2_00037.png,OF007,137_2.mat,test,37,151552
137_2_00038.png,OF007,137_2.mat,test,38,155648
137_2_00039.png,OF007,137_2.mat,test,39,159744
137_2_00040.png,OF007,137_2.mat,test,40,163840
137_2_00041.png,OF007,137_2.mat,test,41,167936
137_2_00042.png,OF007,137_2.mat,test,42,172032
137_2_00043.png,OF007,137_2.mat,test,43,176128
137_2_00044.png,OF007,137_2.mat,test,44,180224
137_2_00045.png,OF007,137_2.mat,test,45,184320
137_2_00046.png,OF007,137_2.mat,test,46,188416
137_2_00047.png,OF007,137_2.mat,test,47,192512
137_2_00048.png,OF007,137_2.mat,test,48,196608
137_2_00049.png,OF007,137_2.mat,test,49,200704
137_2_00050.png,OF007,137_2.mat,test,50,204800
137_2_00051.png,OF007,137_2.mat,test,51,208896
137_2_00052.png,OF007,137_2.mat,test,52,212992
137_2_00053.png,OF007,137_2.mat,test,53,217088
137_2_00054.png,OF007,137_2.mat,test,54,221184
137_2_00055.png,OF007,137_2.mat,test,55,225280
137_2_00056.png,OF007,137_2.mat,test,56,229376
137_2_00057.png,OF007,137_2.mat,test,57,233472
137_2_00058.png,OF007,137_2.mat,test,58,237568
137_2_00059.png,OF007,137_2.mat,test,59,241664
137_2_00060.png,OF007,137_2.mat,test,60,245760
137_2_00061.png,OF007,137_2.mat,test,61,249856
137_2_00062.png,OF007,137_2.mat,test,62,253952
137_2_00063.png,OF007,137_2.mat,test,63,258048
137_2_00064.png,OF007,137_2.mat,test,64,262144
137_2_00065.png,OF007,137_2.mat,test,65,266240
137_2_00066.png,OF007,137_2.mat,test,66,270336
137_2_00067.png,OF007,137_2.mat,test,67,274432
137_2_00068.png,OF007,137_2.mat,test,68,278528
137_2_00069.png,OF007,137_2.mat,test,69,282624
137_2_00070.png,OF007,137_2.mat,test,70,286720
137_2_00071.png,OF007,137_2.mat,test,71,290816
137_2_00072.png,OF007,137_2.mat,test,72,294912
137_2_00073.png,OF007,137_2.mat,test,73,299008
137_2_00074.png,OF007,137_2.mat,test,74,303104
137_2_00075.png,OF007,137_2.mat,test,75,307200
137_2_00076.png,OF007,137_2.mat,test,76,311296
137_2_00077.png,OF007,137_2.mat,test,77,315392
137_2_00078.png,OF007,137_2.mat,test,78,319488
137_2_00079.png,OF007,137_2.mat,test,79,323584
137_2_00080.png,OF007,137_2.mat,test,80,327680
137_2_00081.png,OF007,137_2.mat,test,81,331776
137_2_00082.png,OF007,137_2.mat,test,82,335872
137_2_00083.png,OF007,137_2.mat,test,83,339968
137_2_00084.png,OF007,137_2.mat,test,84,344064
137_2_00085.png,OF007,137_2.mat,test,85,348160
137_2_00086.png,OF007,137_2.mat,test,86,352256
137_2_00087.png,OF007,137_2.mat,test,87,356352
137_2_00088.png,OF007,137_2.mat,test,88,360448
137_2_00089.png,OF007,137_2.mat,test,89,364544
137_2_00090.png,OF007,137_2.mat,test,90,368640
137_2_00091.png,OF007,137_2.mat,test,91,372736
137_2_00092.png,OF007,137_2.mat,test,92,376832
137_2_00093.png,OF007,137_2.mat,test,93,380928
137_2_00094.png,OF007,137_2.mat,test,94,385024
137_2_00095.png,OF007,137_2.mat,test,95,389120
137_2_00096.png,OF007,137_2.mat,test,96,393216
137_2_00097.png,OF007,137_2.mat,test,97,397312
137_2_00098.png,OF007,137_2.mat,test,98,401408
137_2_00099.png,OF007,137_2.mat,test,99,405504
137_2_00100.png,OF007,137_2.mat,test,100,409600
137_2_00101.png,OF007,137_2.mat,test,101,413696
137_2_00102.png,OF007,137_2.mat,test,102,417792
137_2_00103.png,OF007,137_2.mat,test,103,421888
137_2_00104.png,OF007,137_2.mat,test,104,425984
137_2_00105.png,OF007,137_2.mat,test,105,430080
137_2_00106.png,OF007,137_2.mat,test,106,434176
137_2_00107.png,OF007,137_2.mat,test,107,438272
137_2_00108.png,OF007,137_2.mat,test,108,442368
137_2_00109.png,OF007,137_2.mat,test,109,446464
137_2_00110.png,OF007,137_2.mat,test,110,450560
137_2_00111.png,OF007,137_2.mat,test,111,454656
137_2_00112.png,OF007,137_2.mat,test,112,458752
137_2_00113.png,OF007,137_2.mat,test,113,462848
137_2_00114.png,OF007,137_2.mat,test,114,466944
137_2_00115.png,OF007,137_2.mat,test,115,471040
137_2_00116.png,OF007,137_2.mat,test,116,475136
204@6_3_00000.png,OF014,204@6_3.mat,test,0,0
204@6_3_00001.png,OF014,204@6_3.mat,test,1,4096
204@6_3_00002.png,OF014,204@6_3.mat,test,2,8192
204@6_3_00003.png,OF014,204@6_3.mat,test,3,12288
204@6_3_00004.png,OF014,204@6_3.mat,test,4,16384
204@6_3_00005.png,OF014,204@6_3.mat,test,5,20480
204@6_3_00006.png,OF014,204@6_3.mat,test,6,24576
204@6_3_00007.png,OF014,204@6_3.mat,test,7,28672
204@6_3_00008.png,OF014,204@6_3.mat,test,8,32768
204@6_3_00009.png,OF014,204@6_3.mat,test,9,36864
204@6_3_00010.png,OF014,204@6_3.mat,test,10,40960
204@6_3_00011.png,OF014,204@6_3.mat,test,11,45056
204@6_3_00012.png,OF014,204@6_3.mat,test,12,49152
204@6_3_00013.png,OF014,204@6_3.mat,test,13,53248
204@6_3_00014.png,OF014,204@6_3.mat,test,14,57344
204@6_3_00015.png,OF014,204@6_3.mat,test,15,61440
204@6_3_00016.png,OF014,204@6_3.mat,test,16,65536
204@6_3_00017.png,OF014,204@6_3.mat,test,17,69632
204@6_3_00018.png,OF014,204@6_3.mat,test,18,73728
204@6_3_00019.png,OF014,204@6_3.mat,test,19,77824
204@6_3_00020.png,OF014,204@6_3.mat,test,20,81920
204@6_3_00021.png,OF014,204@6_3.mat,test,21,86016
204@6_3_00022.png,OF014,204@6_3.mat,test,22,90112
204@6_3_00023.png,OF014,204@6_3.mat,test,23,94208
204@6_3_00024.png,OF014,204@6_3.mat,test,24,98304
204@6_3_00025.png,OF014,204@6_3.mat,test,25,102400
204@6_3_00026.png,OF014,204@6_3.mat,test,26,106496
204@6_3_00027.png,OF014,204@6_3.mat,test,27,110592
204@6_3_00028.png,OF014,204@6_3.mat,test,28,114688
204@6_3_00029.png,OF014,204@6_3.mat,test,29,118784
204@6_3_00030.png,OF014,204@6_3.mat,test,30,122880
204@6_3_00031.png,OF014,204@6_3.mat,test,31,126976
204@6_3_00032.png,OF014,204@6_3.mat,test,32,131072
204@6_3_00033.png,OF014,204@6_3.mat,test,33,135168
204@6_3_00034.png,OF014,204@6_3.mat,test,34,139264
204@6_3_00035.png,OF014,204@6_3.mat,test,35,143360
204@6_3_00036.png,OF014,204@6_3.mat,test,36,147456
204@6_3_00037.png,OF014,204@6_3.mat,test,37,151552
204@6_3_00038.png,OF014,204@6_3.mat,test,38,155648
204@6_3_00039.png,OF014,204@6_3.mat,test,39,159744
204@6_3_00040.png,OF014,204@6_3.mat,test,40,163840
204@6_3_00041.png,OF014,204@6_3.mat,test,41,167936
204@6_3_00042.png,OF014,204@6_3.mat,test,42,172032
204@6_3_00043.png,OF014,204@6_3.mat,test,43,176128
204@6_3_00044.png,OF014,204@6_3.mat,test,44,180224
204@6_3_00045.png,OF014,204@6_3.mat,test,45,184320
204@6_3_00046.png,OF014,204@6_3.mat,test,46,188416
204@6_3_00047.png,OF014,204@6_3.mat,test,47,192512
204@6_3_00048.png,OF014,204@6_3.mat,test,48,196608
204@6_3_00049.png,OF014,204@6_3.mat,test,49,200704
204@6_3_00050.png,OF014,204@6_3.mat,test,50,204800
204@6_3_00051.png,OF014,204@6_3.mat,test,51,208896
204@6_3_00052.png,OF014,204@6_3.mat,test,52,212992
204@6_3_00053.png,OF014,204@6_3.mat,test,53,217088
204@6_3_00054.png,OF014,204@6_3.mat,test,54,221184
204@6_3_00055.png,OF014,204@6_3.mat,test,55,225280
204@6_3_00056.png,OF014,204@6_3.mat,test,56,229376
204@6_3_00057.png,OF014,204@6_3.mat,test,57,233472
204@6_3_00058.png,OF014,204@6_3.mat,test,58,237568
204@6_3_00059.png,OF014,204@6_3.mat,test,59,241664
204@6_3_00060.png,OF014,204@6_3.mat,test,60,245760
204@6_3_00061.png,OF014,204@6_3.mat,test,61,249856
204@6_3_00062.png,OF014,204@6_3.mat,test,62,253952
204@6_3_00063.png,OF014,204@6_3.mat,test,63,258048
204@6_3_00064.png,OF014,204@6_3.mat,test,64,262144
204@6_3_00065.png,OF014,204@6_3.mat,test,65,266240
204@6_3_00066.png,OF014,204@6_3.mat,test,66,270336
204@6_3_00067.png,OF014,204@6_3.mat,test,67,274432
204@6_3_00068.png,OF014,204@6_3.mat,test,68,278528
204@6_3_00069.png,OF014,204@6_3.mat,test,69,282624
204@6_3_00070.png,OF014,204@6_3.mat,test,70,286720
204@6_3_00071.png,OF014,204@6_3.mat,test,71,290816
204@6_3_00072.png,OF014,204@6_3.mat,test,72,294912
204@6_3_00073.png,OF014,204@6_3.mat,test,73,299008
204@6_3_00074.png,OF014,204@6_3.mat,test,74,303104
204@6_3_00075.png,OF014,204@6_3.mat,test,75,307200
204@6_3_00076.png,OF014,204@6_3.mat,test,76,311296
204@6_3_00077.png,OF014,204@6_3.mat,test,77,315392
204@6_3_00078.png,OF014,204@6_3.mat,test,78,319488
204@6_3_00079.png,OF014,204@6_3.mat,test,79,323584
204@6_3_00080.png,OF014,204@6_3.mat,test,80,327680
204@6_3_00081.png,OF014,204@6_3.mat,test,81,331776
204@6_3_00082.png,OF014,204@6_3.mat,test,82,335872
204@6_3_00083.png,OF014,204@6_3.mat,test,83,339968
204@6_3_00084.png,OF014,204@6_3.mat,test,84,344064
204@6_3_00085.png,OF014,204@6_3.mat,test,85,348160
204@6_3_00086.png,OF014,204@6_3.mat,test,86,352256
204@6_3_00087.png,OF014,204@6_3.mat,test,87,356352
204@6_3_00088.png,OF014,204@6_3.mat,test,88,360448
204@6_3_00089.png,OF014,204@6_3.mat,test,89,364544
204@6_3_00090.png,OF014,204@6_3.mat,test,90,368640
204@6_3_00091.png,OF014,204@6_3.mat,test,91,372736
204@6_3_00092.png,OF014,204@6_3.mat,test,92,376832
204@6_3_00093.png,OF014,204@6_3.mat,test,93,380928
204@6_3_00094.png,OF014,204@6_3.mat,test,94,385024
204@6_3_00095.png,OF014,204@6_3.mat,test,95,389120
204@6_3_00096.png,OF014,204@6_3.mat,test,96,393216
204@6_3_00097.png,OF014,204@6_3.mat,test,97,397312
204@6_3_00098.png,OF014,204@6_3.mat,test,98,401408
204@6_3_00099.png,OF014,204@6_3.mat,test,99,405504
204@6_3_00100.png,OF014,204@6_3.mat,test,100,409600
204@6_3_00101.png,OF014,204@6_3.mat,test,101,413696
204@6_3_00102.png,OF014,204@6_3.mat,test,102,417792
204@6_3_00103.png,OF014,204@6_3.mat,test,103,421888
204@6_3_00104.png,OF014,204@6_3.mat,test,104,425984
204@6_3_00105.png,OF014,204@6_3.mat,test,105,430080
204@6_3_00106.png,OF014,204@6_3.mat,test,106,434176
204@6_3_00107.png,OF014,204@6_3.mat,test,107,438272
204@6_3_00108.png,OF014,204@6_3.mat,test,108,442368
204@6_3_00109.png,OF014,204@6_3.mat,test,109,446464
204@6_3_00110.png,OF014,204@6_3.mat,test,110,450560
204@6_3_00111.png,OF014,204@6_3.mat,test,111,454656
204@6_3_00112.png,OF014,204@6_3.mat,test,112,458752
204@6_3_00113.png,OF014,204@6_3.mat,test,113,462848
204@6_3_00114.png,OF014,204@6_3.mat,test,114,466944
204@6_3_00115.png,OF014,204@6_3.mat,test,115,471040
204@6_3_00116.png,OF014,204@6_3.mat,test,116,475136
204@6_3_00117.png,OF014,204@6_3.mat,test,117,479232
239_1_00000.png,OF021,239_1.mat,test,0,0
239_1_00001.png,OF021,239_1.mat,test,1,4096
239_1_00002.png,OF021,239_1.mat,test,2,8192
239_1_00003.png,OF021,239_1.mat,test,3,12288
239_1_00004.png,OF021,239_1.mat,test,4,16384
239_1_00005.png,OF021,239_1.mat,test,5,20480
239_1_00006.png,OF021,239_1.mat,test,6,24576
239_1_00007.png,OF021,239_1.mat,test,7,28672
239_1_00008.png,OF021,239_1.mat,test,8,32768
239_1_00009.png,OF021,239_1.mat,test,9,36864
239_1_00010.png,OF021,239_1.mat,test,10,40960
239_1_00011.png,OF021,239_1.mat,test,11,45056
239_1_00012.png,OF021,239_1.mat,test,12,49152
239_1_00013.png,OF021,239_1.mat,test,13,53248
239_1_00014.png,OF021,239_1.mat,test,14,57344
239_1_00015.png,OF021,239_1.mat,test,15,61440
239_1_00016.png,OF021,239_1.mat,test,16,65536
239_1_00017.png,OF021,239_1.mat,test,17,69632
239_1_00018.png,OF021,239_1.mat,test,18,73728
239_1_00019.png,OF021,239_1.mat,test,19,77824
239_1_00020.png,OF021,239_1.mat,test,20,81920
239_1_00021.png,OF021,239_1.mat,test,21,86016
239_1_00022.png,OF021,239_1.mat,test,22,90112
239_1_00023.png,OF021,239_1.mat,test,23,94208
239_1_00024.png,OF021,239_1.mat,test,24,98304
239_1_00025.png,OF021,239_1.mat,test,25,102400
239_1_00026.png,OF021,239_1.mat,test,26,106496
239_1_00027.png,OF021,239_1.mat,test,27,110592
239_1_00028.png,OF021,239_1.mat,test,28,114688
239_1_00029.png,OF021,239_1.mat,test,29,118784
239_1_00030.png,OF021,239_1.mat,test,30,122880
239_1_00031.png,OF021,239_1.mat,test,31,126976
239_1_00032.png,OF021,239_1.mat,test,32,131072
239_1_00033.png,OF021,239_1.mat,test,33,135168
239_1_00034.png,OF021,239_1.mat,test,34,139264
239_1_00035.png,OF021,239_1.mat,test,35,143360
239_1_00036.png,OF021,239_1.mat,test,36,147456
239_1_00037.png,OF021,239_1.mat,test,37,151552
239_1_00038.png,OF021,239_1.mat,test,38,155648
239_1_00039.png,OF021,239_1.mat,test,39,159744
239_1_00040.png,OF021,239_1.mat,test,40,163840
239_1_00041.png,OF021,239_1.mat,test,41,167936
239_1_00042.png,OF021,239_1.mat,test,42,172032
239_1_00043.png,OF021,239_1.mat,test,43,176128
239_1_00044.png,OF021,239_1.mat,test,44,180224
239_1_00045.png,OF021,239_1.mat,test,45,184320
239_1_00046.png,OF021,239_1.mat,test,46,188416
239_1_00047.png,OF021,239_1.mat,test,47,192512
239_1_00048.png,OF021,239_1.mat,test,48,196608
239_1_00049.png,OF021,239_1.mat,test,49,200704
239_1_00050.png,OF021,239_1.mat,test,50,204800
239_1_00051.png,OF021,239_1.mat,test,51,208896
239_1_00052.png,OF021,239_1.mat,test,52,212992
239_1_00053.png,OF021,239_1.mat,test,53,217088
239_1_00054.png,OF021,239_1.mat,test,54,221184
239_1_00055.png,OF021,239_1.mat,test,55,225280
239_1_00056.png,OF021,239_1.mat,test,56,229376
239_1_00057.png,OF021,239_1.mat,test,57,233472
239_1_00058.png,OF021,239_1.mat,test,58,237568
239_1_00059.png,OF021,239_1.mat,test,59,241664
239_1_00060.png,OF021,239_1.mat,test,60,245760
239_1_00061.png,OF021,239_1.mat,test,61,249856
239_1_00062.png,OF021,239_1.mat,test,62,253952
239_1_00063.png,OF021,239_1.mat,test,63,258048
239_1_00064.png,OF021,239_1.mat,test,64,262144
239_1_00065.png,OF021,239_1.mat,test,65,266240
239_1_00066.png,OF021,239_1.mat,test,66,270336
239_1_00067.png,OF021,239_1.mat,test,67,274432
239_1_00068.png,OF021,239_1.mat,test,68,278528
239_1_00069.png,OF021,239_1.mat,test,69,282624
239_1_00070.png,OF021,239_1.mat,test,70,286720
239_1_00071.png,OF021,239_1.mat,test,71,290816
239_1_00072.png,OF021,239_1.mat,test,72,294912
239_1_00073.png,OF021,239_1.mat,test,73,299008
239_1_00074.png,OF021,239_1.mat,test,74,303104
239_1_00075.png,OF021,239_1.mat,test,75,307200
239_1_00076.png,OF021,239_1.mat,test,76,311296
239_1_00077.png,OF021,239_1.mat,test,77,315392
239_1_00078.png,OF021,239_1.mat,test,78,319488
239_1_00079.png,OF021,239_1.mat,test,79,323584
239_1_00080.png,OF021,239_1.mat,test,80,327680
239_1_00081.png,OF021,239_1.mat,test,81,331776
239_1_00082.png,OF021,239_1.mat,test,82,335872
239_1_00083.png,OF021,239_1.mat,test,83,339968
239_1_00084.png,OF021,239_1.mat,test,84,344064
239_1_00085.png,OF021,239_1.mat,test,85,348160
239_1_00086.png,OF021,239_1.mat,test,86,352256
239_1_00087.png,OF021,239_1.mat,test,87,356352
239_1_00088.png,OF021,239_1.mat,test,88,360448
239_1_00089.png,OF021,239_1.mat,test,89,364544
239_1_00090.png,OF021,239_1.mat,test,90,368640
239_1_00091.png,OF021,239_1.mat,test,91,372736
239_1_00092.png,OF021,239_1.mat,test,92,376832
239_1_00093.png,OF021,239_1.mat,test,93,380928
239_1_00094.png,OF021,239_1.mat,test,94,385024
239_1_00095.png,OF021,239_1.mat,test,95,389120
239_1_00096.png,OF021,239_1.mat,test,96,393216
239_1_00097.png,OF021,239_1.mat,test,97,397312
239_1_00098.png,OF021,239_1.mat,test,98,401408
239_1_00099.png,OF021,239_1.mat,test,99,405504
239_1_00100.png,OF021,239_1.mat,test,100,409600
239_1_00101.png,OF021,239_1.mat,test,101,413696
239_1_00102.png,OF021,239_1.mat,test,102,417792
239_1_00103.png,OF021,239_1.mat,test,103,421888
239_1_00104.png,OF021,239_1.mat,test,104,425984
239_1_00105.png,OF021,239_1.mat,test,105,430080
239_1_00106.png,OF021,239_1.mat,test,106,434176
239_1_00107.png,OF021,239_1.mat,test,107,438272
239_1_00108.png,OF021,239_1.mat,test,108,442368
239_1_00109.png,OF021,239_1.mat,test,109,446464
239_1_00110.png,OF021,239_1.mat,test,110,450560
239_1_00111.png,OF021,239_1.mat,test,111,454656
239_1_00112.png,OF021,239_1.mat,test,112,458752
239_1_00113.png,OF021,239_1.mat,test,113,462848
239_1_00114.png,OF021,239_1.mat,test,114,466944
239_1_00115.png,OF021,239_1.mat,test,115,471040
239_1_00116.png,OF021,239_1.mat,test,116,475136
239_1_00117.png,OF021,239_1.mat,test,117,479232
