filename,class_label,source_file,group,condition_raw,split,window_idx,window_start_sample
G3_10pFifthHarmonic_00000.png,10pFifthHarmonic,G3_10pFifthHarmonic.wav,3,10pFifthHarmonic,train,0,0
G3_10pFifthHarmonic_00001.png,10pFifthHarmonic,G3_10pFifthHarmonic.wav,3,10pFifthHarmonic,train,1,8192
G3_10pFifthHarmonic_00002.png,10pFifthHarmonic,G3_10pFifthHarmonic.wav,3,10pFifthHarmonic,train,2,16384
G3_10pFifthHarmonic_00003.png,10pFifthHarmonic,G3_10pFifthHarmonic.wav,3,10pFifthHarmonic,train,3,24576
G3_10pFifthHarmonic_00004.png,10pFifthHarmonic,G3_10pFifthHarmonic.wav,3,10pFifthHarmonic,train,4,32768
G3_10pFifthHarmonic_00005.png,10pFifthHarmonic,G3_10pFifthHarmonic.wav,3,10pFifthHarmonic,train,5,40960
G3_10pFifthHarmonic_00006.png,10pFifthHarmonic,G3_10pFifthHarmonic.wav,3,10pFifthHarmonic,train,6,49152
G3_10pFifthHarmonic_00007.png,10pFifthHarmonic,G3_10pFifthHarmonic.wav,3,10pFifthHarmonic,train,7,57344
G3_10pFifthHarmonic_00008.png,10pFifthHarmonic,G3_10pFifthHarmonic.wav,3,10pFifthHarmonic,train,8,65536
G3_10pFifthHarmonic_00009.png,10pFifthHarmonic,G3_10pFifthHarmonic.wav,3,10pFifthHarmonic,train,9,73728
G3_10pFifthHarmonic_00010.png,10pFifthHarmonic,G3_10pFifthHarmonic.wav,3,10pFifthHarmonic,train,10,81920
G3_10pFifthHarmonic_00011.png,10pFifthHarmonic,G3_10pFifthHarmonic.wav,3,10pFifthHarmonic,train,11,90112
G3_10pFifthHarmonic_00012.png,10pFifthHarmonic,G3_10pFifthHarmonic.wav,3,10pFifthHarmonic,train,12,98304
G3_10pFifthHarmonic_00013.png,10pFifthHarmonic,G3_10pFifthHarmonic.wav,3,10pFifthHarmonic,train,13,106496
G3_10pFifthHarmonic_00014.png,10pFifthHarmonic,G3_10pFifthHarmonic.wav,3,10pFifthHarmonic,train,14,114688
G3_10pFifthHarmonic_00015.png,10pFifthHarmonic,G3_10pFifthHarmonic.wav,3,10pFifthHarmonic,train,15,122880
G3_10pFifthHarmonic_00016.png,10pFifthHarmonic,G3_10pFifthHarmonic.wav,3,10pFifthHarmonic,train,16,131072
G3_10pFifthHarmonic_00017.png,10pFifthHarmonic,G3_10pFifthHarmonic.wav,3,10pFifthHarmonic,train,17,139264
G3_10pFifthHarmonic_00018.png,10pFifthHarmonic,G3_10pFifthHarmonic.wav,3,10pFifthHarmonic,train,18,147456
G3_10pFifthHarmonic_00019.png,10pFifthHarmonic,G3_10pFifthHarmonic.wav,3,10pFifthHarmonic,train,19,155648
G3_10pFifthHarmonic_00020.png,10pFifthHarmonic,G3_10pFifthHarmonic.wav,3,10pFifthHarmonic,train,20,163840
G3_10pFifthHarmonic_00021.png,10pFifthHarmonic,G3_10pFifthHarmonic.wav,3,10pFifthHarmonic,train,21,172032
G3_10pFifthHarmonic_00022.png,10pFifthHarmonic,G3_10pFifthHarmonic.wav,3,10pFifthHarmonic,train,22,180224
G3_10pFifthHarmonic_00023.png,10pFifthHarmonic,G3_10pFifthHarmonic.wav,3,10pFifthHarmonic,train,23,188416
G3_10pFifthHarmonic_00024.png,10pFifthHarmonic,G3_10pFifthHarmonic.wav,3,10pFifthHarmonic,train,24,196608
G3_10pFifthHarmonic_00025.png,10pFifthHarmonic,G3_10pFifthHarmonic.wav,3,10pFifthHarmonic,train,25,204800
G3_10pFifthHarmonic_00026.png,10pFifthHarmonic,G3_10pFifthHarmonic.wav,3,10pFifthHarmonic,train,26,212992
G3_10pFifthHarmonic_00027.png,10pFifthHarmonic,G3_10pFifthHarmonic.wav,3,10pFifthHarmonic,train,27,221184
G3_10pFifthHarmonic_00028.png,10pFifthHarmonic,G3_10pFifthHarmonic.wav,3,10pFifthHarmonic,train,28,229376
G3_10pFifthHarmonic_00029.png,10pFifthHarmonic,G3_10pFifthHarmonic.wav,3,10pFifthHarmonic,train,29,237568
G3_10pFifthHarmonic_00030.png,10pFifthHarmonic,G3_10pFifthHarmonic.wav,3,10pFifthHarmonic,train,30,245760
G3_10pFifthHarmonic_00031.png,10pFifthHarmonic,G3_10pFifthHarmonic.wav,3,10pFifthHarmonic,train,31,253952
G3_10pFifthHarmonic_00032.png,10pFifthHarmonic,G3_10pFifthHarmonic.wav,3,10pFifthHarmonic,train,32,262144
G3_10pFifthHarmonic_00033.png,10pFifthHarmonic,G3_10pFifthHarmonic.wav,3,10pFifthHarmonic,train,33,270336
G3_10pFifthHarmonic_00034.png,10pFifthHarmonic,G3_10pFifthHarmonic.wav,3,10pFifthHarmonic,train,34,278528
G3_10pFifthHarmonic_00035.png,10pFifthHarmonic,G3_10pFifthHarmonic.wav,3,10pFifthHarmonic,train,35,286720
G3_10pFifthHarmonic_00036.png,10pFifthHarmonic,G3_10pFifthHarmonic.wav,3,10pFifthHarmonic,train,36,294912
G3_10pFifthHarmonic_00037.png,10pFifthHarmonic,G3_10pFifthHarmonic.wav,3,10pFifthHarmonic,train,37,303104
G3_10pFifthHarmonic_00038.png,10pFifthHarmonic,G3_10pFifthHarmonic.wav,3,10pFifthHarmonic,train,38,311296
G3_10pFifthHarmonic_00039.png,10pFifthHarmonic,G3_10pFifthHarmonic.wav,3,10pFifthHarmonic,train,39,319488
G3_10pFifthHarmonic_00040.png,10pFifthHarmonic,G3_10pFifthHarmonic.wav,3,10pFifthHarmonic,train,40,327680
G3_10pFifthHarmonic_00041.png,10pFifthHarmonic,G3_10pFifthHarmonic.wav,3,10pFifthHarmonic,train,41,335872
G3_10pFifthHarmonic_00042.png,10pFifthHarmonic,G3_10pFifthHarmonic.wav,3,10pFifthHarmonic,train,42,344064
G3_10pFifthHarmonic_00043.png,10pFifthHarmonic,G3_10pFifthHarmonic.wav,3,10pFifthHarmonic,train,43,352256
G3_10pFifthHarmonic_00044.png,10pFifthHarmonic,G3_10pFifthHarmonic.wav,3,10pFifthHarmonic,train,44,360448
G3_10pFifthHarmonic_00045.png,10pFifthHarmonic,G3_10pFifthHarmonic.wav,3,10pFifthHarmonic,train,45,368640
G3_10pFifthHarmonic_00046.png,10pFifthHarmonic,G3_10pFifthHarmonic.wav,3,10pFifthHarmonic,train,46,376832
G3_10pFifthHarmonic_00047.png,10pFifthHarmonic,G3_10pFifthHarmonic.wav,3,10pFifthHarmonic,train,47,385024
G3_10pFifthHarmonic_00048.png,10pFifthHarmonic,G3_10pFifthHarmonic.wav,3,10pFifthHarmonic,train,48,393216
G3_10pFifthHarmonic_00049.png,10pFifthHarmonic,G3_10pFifthHarmonic.wav,3,10pFifthHarmonic,train,49,401408
G3_10pFifthHarmonic_00050.png,10pFifthHarmonic,G3_10pFifthHarmonic.wav,3,10pFifthHarmonic,train,50,409600
G3_10pFifthHarmonic_00051.png,10pFifthHarmonic,G3_10pFifthHarmonic.wav,3,10pFifthHarmonic,train,51,417792
G3_10pFifthHarmonic_00052.png,10pFifthHarmonic,G3_10pFifthHarmonic.wav,3,10pFifthHarmonic,train,52,425984
G3_10pFifthHarmonic_00053.png,10pFifthHarmonic,G3_10pFifthHarmonic.wav,3,10pFifthHarmonic,train,53,434176
G3_10pFifthHarmonic_00054.png,10pFifthHarmonic,G3_10pFifthHarmonic.wav,3,10pFifthHarmonic,train,54,442368
G3_10pFifthHarmonic_00055.png,10pFifthHarmonic,G3_10pFifthHarmonic.wav,3,10pFifthHarmonic,train,55,450560
G3_10pFifthHarmonic_00056.png,10pFifthHarmonic,G3_10pFifthHarmonic.wav,3,10pFifthHarmonic,train,56,458752
G3_10pFifthHarmonic_00057.png,10pFifthHarmonic,G3_10pFifthHarmonic.wav,3,10pFifthHarmonic,train,57,466944
G3_10pFifthHarmonic_00058.png,10pFifthHarmonic,G3_10pFifthHarmonic.wav,3,10pFifthHarmonic,train,58,475136
G3_10pFifthHarmonic_00059.png,10pFifthHarmonic,G3_10pFifthHarmonic.wav,3,10pFifthHarmonic,train,59,483328
G3_10pFifthHarmonic_00060.png,10pFifthHarmonic,G3_10pFifthHarmonic.wav,3,10pFifthHarmonic,train,60,491520
G3_10pFifthHarmonic_00061.png,10pFifthHarmonic,G3_10pFifthHarmonic.wav,3,10pFifthHarmonic,train,61,499712
G3_10pFifthHarmonic_00062.png,10pFifthHarmonic,G3_10pFifthHarmonic.wav,3,10pFifthHarmonic,train,62,507904
G3_10pFifthHarmonic_00063.png,10pFifthHarmonic,G3_10pFifthHarmonic.wav,3,10pFifthHarmonic,train,63,516096
G3_10pFifthHarmonic_00064.png,10pFifthHarmonic,G3_10pFifthHarmonic.wav,3,10pFifthHarmonic,train,64,524288
G3_10pFifthHarmonic_00065.png,10pFifthHarmonic,G3_10pFifthHarmonic.wav,3,10pFifthHarmonic,train,65,532480
G3_10pFifthHarmonic_00066.png,10pFifthHarmonic,G3_10pFifthHarmonic.wav,3,10pFifthHarmonic,train,66,540672
G3_10pFifthHarmonic_00067.png,10pFifthHarmonic,G3_10pFifthHarmonic.wav,3,10pFifthHarmonic,train,67,548864
G3_10pFifthHarmonic_00068.png,10pFifthHarmonic,G3_10pFifthHarmonic.wav,3,10pFifthHarmonic,train,68,557056
G3_10pFifthHarmonic_00069.png,10pFifthHarmonic,G3_10pFifthHarmonic.wav,3,10pFifthHarmonic,train,69,565248
G3_10pFifthHarmonic_00070.png,10pFifthHarmonic,G3_10pFifthHarmonic.wav,3,10pFifthHarmonic,train,70,573440
G3_10pFifthHarmonic_00071.png,10pFifthHarmonic,G3_10pFifthHarmonic.wav,3,10pFifthHarmonic,train,71,581632
G3_10pFifthHarmonic_00072.png,10pFifthHarmonic,G3_10pFifthHarmonic.wav,3,10pFifthHarmonic,train,72,589824
G3_10pFifthHarmonic_00073.png,10pFifthHarmonic,G3_10pFifthHarmonic.wav,3,10pFifthHarmonic,train,73,598016
G3_10pFifthHarmonic_00074.png,10pFifthHarmonic,G3_10pFifthHarmonic.wav,3,10pFifthHarmonic,train,74,606208
G3_10pFifthHarmonic_00075.png,10pFifthHarmonic,G3_10pFifthHarmonic.wav,3,10pFifthHarmonic,train,75,614400
G3_10pFifthHarmonic_00076.png,10pFifthHarmonic,G3_10pFifthHarmonic.wav,3,10pFifthHarmonic,train,76,622592
G3_10pFifthHarmonic_00077.png,10pFifthHarmonic,G3_10pFifthHarmonic.wav,3,10pFifthHarmonic,train,77,630784
G3_10pFifthHarmonic_00078.png,10pFifthHarmonic,G3_10pFifthHarmonic.wav,3,10pFifthHarmonic,train,78,638976
G3_10pFifthHarmonic_00079.png,10pFifthHarmonic,G3_10pFifthHarmonic.wav,3,10pFifthHarmonic,train,79,647168
G3_10pFifthHarmonic_00080.png,10pFifthHarmonic,G3_10pFifthHarmonic.wav,3,10pFifthHarmonic,train,80,655360
G3_10pFifthHarmonic_00081.png,10pFifthHarmonic,G3_10pFifthHarmonic.wav,3,10pFifthHarmonic,train,81,663552
G3_10pFifthHarmonic_00082.png,10pFifthHarmonic,G3_10pFifthHarmonic.wav,3,10pFifthHarmonic,train,82,671744
G3_10pFifthHarmonic_00083.png,10pFifthHarmonic,G3_10pFifthHarmonic.wav,3,10pFifthHarmonic,train,83,679936
G3_10pFifthHarmonic_00084.png,10pFifthHarmonic,G3_10pFifthHarmonic.wav,3,10pFifthHarmonic,train,84,688128
G3_10pFifthHarmonic_00085.png,10pFifthHarmonic,G3_10pFifthHarmonic.wav,3,10pFifthHarmonic,train,85,696320
G3_10pFifthHarmonic_00086.png,10pFifthHarmonic,G3_10pFifthHarmonic.wav,3,10pFifthHarmonic,train,86,704512
G3_10pFifthHarmonic_00087.png,10pFifthHarmonic,G3_10pFifthHarmonic.wav,3,10pFifthHarmonic,train,87,712704
G3_10pFifthHarmonic_00088.png,10pFifthHarmonic,G3_10pFifthHarmonic.wav,3,10pFifthHarmonic,train,88,720896
G3_10pFifthHarmonic_00089.png,10pFifthHarmonic,G3_10pFifthHarmonic.wav,3,10pFifthHarmonic,train,89,729088
G3_10pFifthHarmonic_00090.png,10pFifthHarmonic,G3_10pFifthHarmonic.wav,3,10pFifthHarmonic,train,90,737280
G3_10pFifthHarmonic_00091.png,10pFifthHarmonic,G3_10pFifthHarmonic.wav,3,10pFifthHarmonic,train,91,745472
G3_10pFifthHarmonic_00092.png,10pFifthHarmonic,G3_10pFifthHarmonic.wav,3,10pFifthHarmonic,train,92,753664
G3_10pFifthHarmonic_00093.png,10pFifthHarmonic,G3_10pFifthHarmonic.wav,3,10pFifthHarmonic,train,93,761856
G3_10pFifthHarmonic_00094.png,10pFifthHarmonic,G3_10pFifthHarmonic.wav,3,10pFifthHarmonic,train,94,770048
G3_10pFifthHarmonic_00095.png,10pFifthHarmonic,G3_10pFifthHarmonic.wav,3,10pFifthHarmonic,train,95,778240
G3_10pFifthHarmonic_00096.png,10pFifthHarmonic,G3_10pFifthHarmonic.wav,3,10pFifthHarmonic,train,96,786432
G3_10pFifthHarmonic_00097.png,10pFifthHarmonic,G3_10pFifthHarmonic.wav,3,10pFifthHarmonic,train,97,794624
G3_10pFifthHarmonic_00098.png,10pFifthHarmonic,G3_10pFifthHarmonic.wav,3,10pFifthHarmonic,train,98,802816
G3_10pFifthHarmonic_00099.png,10pFifthHarmonic,G3_10pFifthHarmonic.wav,3,10pFifthHarmonic,train,99,811008
G3_10pFifthHarmonic_00100.png,10pFifthHarmonic,G3_10pFifthHarmonic.wav,3,10pFifthHarmonic,train,100,819200
G3_10pFifthHarmonic_00101.png,10pFifthHarmonic,G3_10pFifthHarmonic.wav,3,10pFifthHarmonic,train,101,827392
G3_10pFifthHarmonic_00102.png,10pFifthHarmonic,G3_10pFifthHarmonic.wav,3,10pFifthHarmonic,train,102,835584
G3_10pFifthHarmonic_00103.png,10pFifthHarmonic,G3_10pFifthHarmonic.wav,3,10pFifthHarmonic,train,103,843776
G3_10pFifthHarmonic_00104.png,10pFifthHarmonic,G3_10pFifthHarmonic.wav,3,10pFifthHarmonic,train,104,851968
G3_10pFifthHarmonic_00105.png,10pFifthHarmonic,G3_10pFifthHarmonic.wav,3,10pFifthHarmonic,train,105,860160
G3_10pFifthHarmonic_00106.png,10pFifthHarmonic,G3_10pFifthHarmonic.wav,3,10pFifthHarmonic,train,106,868352
G3_10pFifthHarmonic_00107.png,10pFifthHarmonic,G3_10pFifthHarmonic.wav,3,10pFifthHarmonic,train,107,876544
G3_10pFifthHarmonic_00108.png,10pFifthHarmonic,G3_10pFifthHarmonic.wav,3,10pFifthHarmonic,train,108,884736
G3_10pFifthHarmonic_00109.png,10pFifthHarmonic,G3_10pFifthHarmonic.wav,3,10pFifthHarmonic,train,109,892928
G3_10pFifthHarmonic_00110.png,10pFifthHarmonic,G3_10pFifthHarmonic.wav,3,10pFifthHarmonic,train,110,901120
G3_10pFifthHarmonic_00111.png,10pFifthHarmonic,G3_10pFifthHarmonic.wav,3,10pFifthHarmonic,train,111,909312
G3_10pFifthHarmonic_00112.png,10pFifthHarmonic,G3_10pFifthHarmonic.wav,3,10pFifthHarmonic,train,112,917504
G3_10pFifthHarmonic_00113.png,10pFifthHarmonic,G3_10pFifthHarmonic.wav,3,10pFifthHarmonic,train,113,925696
G3_10pFifthHarmonic_00114.png,10pFifthHarmonic,G3_10pFifthHarmonic.wav,3,10pFifthHarmonic,train,114,933888
G3_10pFifthHarmonic_00115.png,10pFifthHarmonic,G3_10pFifthHarmonic.wav,3,10pFifthHarmonic,train,115,942080
G3_10pFifthHarmonic_00116.png,10pFifthHarmonic,G3_10pFifthHarmonic.wav,3,10pFifthHarmonic,train,116,950272
G3_10pFifthHarmonic_00117.png,10pFifthHarmonic,G3_10pFifthHarmonic.wav,3,10pFifthHarmonic,train,117,958464
G3_10pFifthHarmonic_00118.png,10pFifthHarmonic,G3_10pFifthHarmonic.wav,3,10pFifthHarmonic,train,118,966656
G3_10pFifthHarmonic_00119.png,10pFifthHarmonic,G3_10pFifthHarmonic.wav,3,10pFifthHarmonic,train,119,974848
G3_10pFifthHarmonic_00120.png,10pFifthHarmonic,G3_10pFifthHarmonic.wav,3,10pFifthHarmonic,train,120,983040
G3_10pFifthHarmonic_00121.png,10pFifthHarmonic,G3_10pFifthHarmonic.wav,3,10pFifthHarmonic,train,121,991232
G3_10pFifthHarmonic_00122.png,10pFifthHarmonic,G3_10pFifthHarmonic.wav,3,10pFifthHarmonic,train,122,999424
G3_10pFifthHarmonic_00123.png,10pFifthHarmonic,G3_10pFifthHarmonic.wav,3,10pFifthHarmonic,train,123,1007616
G3_10pFifthHarmonic_00124.png,10pFifthHarmonic,G3_10pFifthHarmonic.wav,3,10pFifthHarmonic,train,124,1015808
G3_10pFifthHarmonic_00125.png,10pFifthHarmonic,G3_10pFifthHarmonic.wav,3,10pFifthHarmonic,train,125,1024000
G3_10pFifthHarmonic_00126.png,10pFifthHarmonic,G3_10pFifthHarmonic.wav,3,10pFifthHarmonic,train,126,1032192
G3_10pFifthHarmonic_00127.png,10pFifthHarmonic,G3_10pFifthHarmonic.wav,3,10pFifthHarmonic,train,127,1040384
G3_10pFifthHarmonic_00128.png,10pFifthHarmonic,G3_10pFifthHarmonic.wav,3,10pFifthHarmonic,train,128,1048576
G3_10pFifthHarmonic_00129.png,10pFifthHarmonic,G3_10pFifthHarmonic.wav,3,10pFifthHarmonic,train,129,1056768
G3_10pFifthHarmonic_00130.png,10pFifthHarmonic,G3_10pFifthHarmonic.wav,3,10pFifthHarmonic,train,130,1064960
G3_10pFifthHarmonic_00131.png,10pFifthHarmonic,G3_10pFifthHarmonic.wav,3,10pFifthHarmonic,train,131,1073152
G3_10pFifthHarmonic_00132.png,10pFifthHarmonic,G3_10pFifthHarmonic.wav,3,10pFifthHarmonic,train,132,1081344
G3_10pFifthHarmonic_00133.png,10pFifthHarmonic,G3_10pFifthHarmonic.wav,3,10pFifthHarmonic,train,133,1089536
G3_10pFifthHarmonic_00134.png,10pFifthHarmonic,G3_10pFifthHarmonic.wav,3,10pFifthHarmonic,train,134,1097728
G3_10pFifthHarmonic_00135.png,10pFifthHarmonic,G3_10pFifthHarmonic.wav,3,10pFifthHarmonic,train,135,1105920
G3_10pFifthHarmonic_00136.png,10pFifthHarmonic,G3_10pFifthHarmonic.wav,3,10pFifthHarmonic,train,136,1114112
G3_10pFifthHarmonic_00137.png,10pFifthHarmonic,G3_10pFifthHarmonic.wav,3,10pFifthHarmonic,train,137,1122304
G3_10pFifthHarmonic_00138.png,10pFifthHarmonic,G3_10pFifthHarmonic.wav,3,10pFifthHarmonic,train,138,1130496
G3_10pFifthHarmonic_00139.png,10pFifthHarmonic,G3_10pFifthHarmonic.wav,3,10pFifthHarmonic,train,139,1138688
G3_10pFifthHarmonic_00140.png,10pFifthHarmonic,G3_10pFifthHarmonic.wav,3,10pFifthHarmonic,train,140,1146880
G3_10pFifthHarmonic_00141.png,10pFifthHarmonic,G3_10pFifthHarmonic.wav,3,10pFifthHarmonic,train,141,1155072
G3_10pFifthHarmonic_00142.png,10pFifthHarmonic,G3_10pFifthHarmonic.wav,3,10pFifthHarmonic,train,142,1163264
G3_10pFifthHarmonic_00143.png,10pFifthHarmonic,G3_10pFifthHarmonic.wav,3,10pFifthHarmonic,train,143,1171456
G3_10pFifthHarmonic_00144.png,10pFifthHarmonic,G3_10pFifthHarmonic.wav,3,10pFifthHarmonic,train,144,1179648
G3_10pFifthHarmonic_00145.png,10pFifthHarmonic,G3_10pFifthHarmonic.wav,3,10pFifthHarmonic,train,145,1187840
G3_10pFifthHarmonic_00146.png,10pFifthHarmonic,G3_10pFifthHarmonic.wav,3,10pFifthHarmonic,train,146,1196032
G3_10pFifthHarmonic_00147.png,10pFifthHarmonic,G3_10pFifthHarmonic.wav,3,10pFifthHarmonic,train,147,1204224
G3_10pFifthHarmonic_00148.png,10pFifthHarmonic,G3_10pFifthHarmonic.wav,3,10pFifthHarmonic,train,148,1212416
G3_10pFifthHarmonic_00149.png,10pFifthHarmonic,G3_10pFifthHarmonic.wav,3,10pFifthHarmonic,train,149,1220608
G3_10pFifthHarmonic_00150.png,10pFifthHarmonic,G3_10pFifthHarmonic.wav,3,10pFifthHarmonic,train,150,1228800
G3_10pFifthHarmonic_00151.png,10pFifthHarmonic,G3_10pFifthHarmonic.wav,3,10pFifthHarmonic,train,151,1236992
G3_10pFifthHarmonic_00152.png,10pFifthHarmonic,G3_10pFifthHarmonic.wav,3,10pFifthHarmonic,train,152,1245184
G3_10pFifthHarmonic_00153.png,10pFifthHarmonic,G3_10pFifthHarmonic.wav,3,10pFifthHarmonic,train,153,1253376
G3_10pFifthHarmonic_00154.png,10pFifthHarmonic,G3_10pFifthHarmonic.wav,3,10pFifthHarmonic,train,154,1261568
G3_10pFifthHarmonic_00155.png,10pFifthHarmonic,G3_10pFifthHarmonic.wav,3,10pFifthHarmonic,train,155,1269760
G3_10pFifthHarmonic_00156.png,10pFifthHarmonic,G3_10pFifthHarmonic.wav,3,10pFifthHarmonic,train,156,1277952
G3_10pFifthHarmonic_00157.png,10pFifthHarmonic,G3_10pFifthHarmonic.wav,3,10pFifthHarmonic,train,157,1286144
G3_10pFifthHarmonic_00158.png,10pFifthHarmonic,G3_10pFifthHarmonic.wav,3,10pFifthHarmonic,train,158,1294336
G3_10pFifthHarmonic_00159.png,10pFifthHarmonic,G3_10pFifthHarmonic.wav,3,10pFifthHarmonic,train,159,1302528
G3_10pFifthHarmonic_00160.png,10pFifthHarmonic,G3_10pFifthHarmonic.wav,3,10pFifthHarmonic,train,160,1310720
G3_10pSeventhHarmonic_00000.png,10pSeventhHarmonic,G3_10pSeventhHarmonic.wav,3,10pSeventhHarmonic,train,0,0
G3_10pSeventhHarmonic_00001.png,10pSeventhHarmonic,G3_10pSeventhHarmonic.wav,3,10pSeventhHarmonic,train,1,8192
G3_10pSeventhHarmonic_00002.png,10pSeventhHarmonic,G3_10pSeventhHarmonic.wav,3,10pSeventhHarmonic,train,2,16384
G3_10pSeventhHarmonic_00003.png,10pSeventhHarmonic,G3_10pSeventhHarmonic.wav,3,10pSeventhHarmonic,train,3,24576
G3_10pSeventhHarmonic_00004.png,10pSeventhHarmonic,G3_10pSeventhHarmonic.wav,3,10pSeventhHarmonic,train,4,32768
G3_10pSeventhHarmonic_00005.png,10pSeventhHarmonic,G3_10pSeventhHarmonic.wav,3,10pSeventhHarmonic,train,5,40960
G3_10pSeventhHarmonic_00006.png,10pSeventhHarmonic,G3_10pSeventhHarmonic.wav,3,10pSeventhHarmonic,train,6,49152
G3_10pSeventhHarmonic_00007.png,10pSeventhHarmonic,G3_10pSeventhHarmonic.wav,3,10pSeventhHarmonic,train,7,57344
G3_10pSeventhHarmonic_00008.png,10pSeventhHarmonic,G3_10pSeventhHarmonic.wav,3,10pSeventhHarmonic,train,8,65536
G3_10pSeventhHarmonic_00009.png,10pSeventhHarmonic,G3_10pSeventhHarmonic.wav,3,10pSeventhHarmonic,train,9,73728
G3_10pSeventhHarmonic_00010.png,10pSeventhHarmonic,G3_10pSeventhHarmonic.wav,3,10pSeventhHarmonic,train,10,81920
G3_10pSeventhHarmonic_00011.png,10pSeventhHarmonic,G3_10pSeventhHarmonic.wav,3,10pSeventhHarmonic,train,11,90112
G3_10pSeventhHarmonic_00012.png,10pSeventhHarmonic,G3_10pSeventhHarmonic.wav,3,10pSeventhHarmonic,train,12,98304
G3_10pSeventhHarmonic_00013.png,10pSeventhHarmonic,G3_10pSeventhHarmonic.wav,3,10pSeventhHarmonic,train,13,106496
G3_10pSeventhHarmonic_00014.png,10pSeventhHarmonic,G3_10pSeventhHarmonic.wav,3,10pSeventhHarmonic,train,14,114688
G3_10pSeventhHarmonic_00015.png,10pSeventhHarmonic,G3_10pSeventhHarmonic.wav,3,10pSeventhHarmonic,train,15,122880
G3_10pSeventhHarmonic_00016.png,10pSeventhHarmonic,G3_10pSeventhHarmonic.wav,3,10pSeventhHarmonic,train,16,131072
G3_10pSeventhHarmonic_00017.png,10pSeventhHarmonic,G3_10pSeventhHarmonic.wav,3,10pSeventhHarmonic,train,17,139264
G3_10pSeventhHarmonic_00018.png,10pSeventhHarmonic,G3_10pSeventhHarmonic.wav,3,10pSeventhHarmonic,train,18,147456
G3_10pSeventhHarmonic_00019.png,10pSeventhHarmonic,G3_10pSeventhHarmonic.wav,3,10pSeventhHarmonic,train,19,155648
G3_10pSeventhHarmonic_00020.png,10pSeventhHarmonic,G3_10pSeventhHarmonic.wav,3,10pSeventhHarmonic,train,20,163840
G3_10pSeventhHarmonic_00021.png,10pSeventhHarmonic,G3_10pSeventhHarmonic.wav,3,10pSeventhHarmonic,train,21,172032
G3_10pSeventhHarmonic_00022.png,10pSeventhHarmonic,G3_10pSeventhHarmonic.wav,3,10pSeventhHarmonic,train,22,180224
G3_10pSeventhHarmonic_00023.png,10pSeventhHarmonic,G3_10pSeventhHarmonic.wav,3,10pSeventhHarmonic,train,23,188416
G3_10pSeventhHarmonic_00024.png,10pSeventhHarmonic,G3_10pSeventhHarmonic.wav,3,10pSeventhHarmonic,train,24,196608
G3_10pSeventhHarmonic_00025.png,10pSeventhHarmonic,G3_10pSeventhHarmonic.wav,3,10pSeventhHarmonic,train,25,204800
G3_10pSeventhHarmonic_00026.png,10pSeventhHarmonic,G3_10pSeventhHarmonic.wav,3,10pSeventhHarmonic,train,26,212992
G3_10pSeventhHarmonic_00027.png,10pSeventhHarmonic,G3_10pSeventhHarmonic.wav,3,10pSeventhHarmonic,train,27,221184
G3_10pSeventhHarmonic_00028.png,10pSeventhHarmonic,G3_10pSeventhHarmonic.wav,3,10pSeventhHarmonic,train,28,229376
G3_10pSeventhHarmonic_00029.png,10pSeventhHarmonic,G3_10pSeventhHarmonic.wav,3,10pSeventhHarmonic,train,29,237568
G3_10pSeventhHarmonic_00030.png,10pSeventhHarmonic,G3_10pSeventhHarmonic.wav,3,10pSeventhHarmonic,train,30,245760
G3_10pSeventhHarmonic_00031.png,10pSeventhHarmonic,G3_10pSeventhHarmonic.wav,3,10pSeventhHarmonic,train,31,253952
G3_10pSeventhHarmonic_00032.png,10pSeventhHarmonic,G3_10pSeventhHarmonic.wav,3,10pSeventhHarmonic,train,32,262144
G3_10pSeventhHarmonic_00033.png,10pSeventhHarmonic,G3_10pSeventhHarmonic.wav,3,10pSeventhHarmonic,train,33,270336
G3_10pSeventhHarmonic_00034.png,10pSeventhHarmonic,G3_10pSeventhHarmonic.wav,3,10pSeventhHarmonic,train,34,278528
G3_10pSeventhHarmonic_00035.png,10pSeventhHarmonic,G3_10pSeventhHarmonic.wav,3,10pSeventhHarmonic,train,35,286720
G3_10pSeventhHarmonic_00036.png,10pSeventhHarmonic,G3_10pSeventhHarmonic.wav,3,10pSeventhHarmonic,train,36,294912
G3_10pSeventhHarmonic_00037.png,10pSeventhHarmonic,G3_10pSeventhHarmonic.wav,3,10pSeventhHarmonic,train,37,303104
G3_10pSeventhHarmonic_00038.png,10pSeventhHarmonic,G3_10pSeventhHarmonic.wav,3,10pSeventhHarmonic,train,38,311296
G3_10pSeventhHarmonic_00039.png,10pSeventhHarmonic,G3_10pSeventhHarmonic.wav,3,10pSeventhHarmonic,train,39,319488
G3_10pSeventhHarmonic_00040.png,10pSeventhHarmonic,G3_10pSeventhHarmonic.wav,3,10pSeventhHarmonic,train,40,327680
G3_10pSeventhHarmonic_00041.png,10pSeventhHarmonic,G3_10pSeventhHarmonic.wav,3,10pSeventhHarmonic,train,41,335872
G3_10pSeventhHarmonic_00042.png,10pSeventhHarmonic,G3_10pSeventhHarmonic.wav,3,10pSeventhHarmonic,train,42,344064
G3_10pSeventhHarmonic_00043.png,10pSeventhHarmonic,G3_10pSeventhHarmonic.wav,3,10pSeventhHarmonic,train,43,352256
G3_10pSeventhHarmonic_00044.png,10pSeventhHarmonic,G3_10pSeventhHarmonic.wav,3,10pSeventhHarmonic,train,44,360448
G3_10pSeventhHarmonic_00045.png,10pSeventhHarmonic,G3_10pSeventhHarmonic.wav,3,10pSeventhHarmonic,train,45,368640
G3_10pSeventhHarmonic_00046.png,10pSeventhHarmonic,G3_10pSeventhHarmonic.wav,3,10pSeventhHarmonic,train,46,376832
G3_10pSeventhHarmonic_00047.png,10pSeventhHarmonic,G3_10pSeventhHarmonic.wav,3,10pSeventhHarmonic,train,47,385024
G3_10pSeventhHarmonic_00048.png,10pSeventhHarmonic,G3_10pSeventhHarmonic.wav,3,10pSeventhHarmonic,train,48,393216
G3_10pSeventhHarmonic_00049.png,10pSeventhHarmonic,G3_10pSeventhHarmonic.wav,3,10pSeventhHarmonic,train,49,401408
G3_10pSeventhHarmonic_00050.png,10pSeventhHarmonic,G3_10pSeventhHarmonic.wav,3,10pSeventhHarmonic,train,50,409600
G3_10pSeventhHarmonic_00051.png,10pSeventhHarmonic,G3_10pSeventhHarmonic.wav,3,10pSeventhHarmonic,train,51,417792
G3_10pSeventhHarmonic_00052.png,10pSeventhHarmonic,G3_10pSeventhHarmonic.wav,3,10pSeventhHarmonic,train,52,425984
G3_10pSeventhHarmonic_00053.png,10pSeventhHarmonic,G3_10pSeventhHarmonic.wav,3,10pSeventhHarmonic,train,53,434176
G3_10pSeventhHarmonic_00054.png,10pSeventhHarmonic,G3_10pSeventhHarmonic.wav,3,10pSeventhHarmonic,train,54,442368
G3_10pSeventhHarmonic_00055.png,10pSeventhHarmonic,G3_10pSeventhHarmonic.wav,3,10pSeventhHarmonic,train,55,450560
G3_10pSeventhHarmonic_00056.png,10pSeventhHarmonic,G3_10pSeventhHarmonic.wav,3,10pSeventhHarmonic,train,56,458752
G3_10pSeventhHarmonic_00057.png,10pSeventhHarmonic,G3_10pSeventhHarmonic.wav,3,10pSeventhHarmonic,train,57,466944
G3_10pSeventhHarmonic_00058.png,10pSeventhHarmonic,G3_10pSeventhHarmonic.wav,3,10pSeventhHarmonic,train,58,475136
G3_10pSeventhHarmonic_00059.png,10pSeventhHarmonic,G3_10pSeventhHarmonic.wav,3,10pSeventhHarmonic,train,59,483328
G3_10pSeventhHarmonic_00060.png,10pSeventhHarmonic,G3_10pSeventhHarmonic.wav,3,10pSeventhHarmonic,train,60,491520
G3_10pSeventhHarmonic_00061.png,10pSeventhHarmonic,G3_10pSeventhHarmonic.wav,3,10pSeventhHarmonic,train,61,499712
G3_10pSeventhHarmonic_00062.png,10pSeventhHarmonic,G3_10pSeventhHarmonic.wav,3,10pSeventhHarmonic,train,62,507904
G3_10pSeventhHarmonic_00063.png,10pSeventhHarmonic,G3_10pSeventhHarmonic.wav,3,10pSeventhHarmonic,train,63,516096
G3_10pSeventhHarmonic_00064.png,10pSeventhHarmonic,G3_10pSeventhHarmonic.wav,3,10pSeventhHarmonic,train,64,524288
G3_10pSeventhHarmonic_00065.png,10pSeventhHarmonic,G3_10pSeventhHarmonic.wav,3,10pSeventhHarmonic,train,65,532480
G3_10pSeventhHarmonic_00066.png,10pSeventhHarmonic,G3_10pSeventhHarmonic.wav,3,10pSeventhHarmonic,train,66,540672
G3_10pSeventhHarmonic_00067.png,10pSeventhHarmonic,G3_10pSeventhHarmonic.wav,3,10pSeventhHarmonic,train,67,548864
G3_10pSeventhHarmonic_00068.png,10pSeventhHarmonic,G3_10pSeventhHarmonic.wav,3,10pSeventhHarmonic,train,68,557056
G3_10pSeventhHarmonic_00069.png,10pSeventhHarmonic,G3_10pSeventhHarmonic.wav,3,10pSeventhHarmonic,train,69,565248
G3_10pSeventhHarmonic_00070.png,10pSeventhHarmonic,G3_10pSeventhHarmonic.wav,3,10pSeventhHarmonic,train,70,573440
G3_10pSeventhHarmonic_00071.png,10pSeventhHarmonic,G3_10pSeventhHarmonic.wav,3,10pSeventhHarmonic,train,71,581632
G3_10pSeventhHarmonic_00072.png,10pSeventhHarmonic,G3_10pSeventhHarmonic.wav,3,10pSeventhHarmonic,train,72,589824
G3_10pSeventhHarmonic_00073.png,10pSeventhHarmonic,G3_10pSeventhHarmonic.wav,3,10pSeventhHarmonic,train,73,598016
G3_10pSeventhHarmonic_00074.png,10pSeventhHarmonic,G3_10pSeventhHarmonic.wav,3,10pSeventhHarmonic,train,74,606208
G3_10pSeventhHarmonic_00075.png,10pSeventhHarmonic,G3_10pSeventhHarmonic.wav,3,10pSeventhHarmonic,train,75,614400
G3_10pSeventhHarmonic_00076.png,10pSeventhHarmonic,G3_10pSeventhHarmonic.wav,3,10pSeventhHarmonic,train,76,622592
G3_10pSeventhHarmonic_00077.png,10pSeventhHarmonic,G3_10pSeventhHarmonic.wav,3,10pSeventhHarmonic,train,77,630784
G3_10pSeventhHarmonic_00078.png,10pSeventhHarmonic,G3_10pSeventhHarmonic.wav,3,10pSeventhHarmonic,train,78,638976
G3_10pSeventhHarmonic_00079.png,10pSeventhHarmonic,G3_10pSeventhHarmonic.wav,3,10pSeventhHarmonic,train,79,647168
G3_10pSeventhHarmonic_00080.png,10pSeventhHarmonic,G3_10pSeventhHarmonic.wav,3,10pSeventhHarmonic,train,80,655360
G3_10pSeventhHarmonic_00081.png,10pSeventhHarmonic,G3_10pSeventhHarmonic.wav,3,10pSeventhHarmonic,train,81,663552
G3_10pSeventhHarmonic_00082.png,10pSeventhHarmonic,G3_10pSeventhHarmonic.wav,3,10pSeventhHarmonic,train,82,671744
G3_10pSeventhHarmonic_00083.png,10pSeventhHarmonic,G3_10pSeventhHarmonic.wav,3,10pSeventhHarmonic,train,83,679936
G3_10pSeventhHarmonic_00084.png,10pSeventhHarmonic,G3_10pSeventhHarmonic.wav,3,10pSeventhHarmonic,train,84,688128
G3_10pSeventhHarmonic_00085.png,10pSeventhHarmonic,G3_10pSeventhHarmonic.wav,3,10pSeventhHarmonic,train,85,696320
G3_10pSeventhHarmonic_00086.png,10pSeventhHarmonic,G3_10pSeventhHarmonic.wav,3,10pSeventhHarmonic,train,86,704512
G3_10pSeventhHarmonic_00087.png,10pSeventhHarmonic,G3_10pSeventhHarmonic.wav,3,10pSeventhHarmonic,train,87,712704
G3_10pSeventhHarmonic_00088.png,10pSeventhHarmonic,G3_10pSeventhHarmonic.wav,3,10pSeventhHarmonic,train,88,720896
G3_10pSeventhHarmonic_00089.png,10pSeventhHarmonic,G3_10pSeventhHarmonic.wav,3,10pSeventhHarmonic,train,89,729088
G3_10pSeventhHarmonic_00090.png,10pSeventhHarmonic,G3_10pSeventhHarmonic.wav,3,10pSeventhHarmonic,train,90,737280
G3_10pSeventhHarmonic_00091.png,10pSeventhHarmonic,G3_10pSeventhHarmonic.wav,3,10pSeventhHarmonic,train,91,745472
G3_10pSeventhHarmonic_00092.png,10pSeventhHarmonic,G3_10pSeventhHarmonic.wav,3,10pSeventhHarmonic,train,92,753664
G3_10pSeventhHarmonic_00093.png,10pSeventhHarmonic,G3_10pSeventhHarmonic.wav,3,10pSeventhHarmonic,train,93,761856
G3_10pSeventhHarmonic_00094.png,10pSeventhHarmonic,G3_10pSeventhHarmonic.wav,3,10pSeventhHarmonic,train,94,770048
G3_10pSeventhHarmonic_00095.png,10pSeventhHarmonic,G3_10pSeventhHarmonic.wav,3,10pSeventhHarmonic,train,95,778240
G3_10pSeventhHarmonic_00096.png,10pSeventhHarmonic,G3_10pSeventhHarmonic.wav,3,10pSeventhHarmonic,train,96,786432
G3_10pSeventhHarmonic_00097.png,10pSeventhHarmonic,G3_10pSeventhHarmonic.wav,3,10pSeventhHarmonic,train,97,794624
G3_10pSeventhHarmonic_00098.png,10pSeventhHarmonic,G3_10pSeventhHarmonic.wav,3,10pSeventhHarmonic,train,98,802816
G3_10pSeventhHarmonic_00099.png,10pSeventhHarmonic,G3_10pSeventhHarmonic.wav,3,10pSeventhHarmonic,train,99,811008
G3_10pSeventhHarmonic_00100.png,10pSeventhHarmonic,G3_10pSeventhHarmonic.wav,3,10pSeventhHarmonic,train,100,819200
G3_10pSeventhHarmonic_00101.png,10pSeventhHarmonic,G3_10pSeventhHarmonic.wav,3,10pSeventhHarmonic,train,101,827392
G3_10pSeventhHarmonic_00102.png,10pSeventhHarmonic,G3_10pSeventhHarmonic.wav,3,10pSeventhHarmonic,train,102,835584
G3_10pSeventhHarmonic_00103.png,10pSeventhHarmonic,G3_10pSeventhHarmonic.wav,3,10pSeventhHarmonic,train,103,843776
G3_10pSeventhHarmonic_00104.png,10pSeventhHarmonic,G3_10pSeventhHarmonic.wav,3,10pSeventhHarmonic,train,104,851968
G3_10pSeventhHarmonic_00105.png,10pSeventhHarmonic,G3_10pSeventhHarmonic.wav,3,10pSeventhHarmonic,train,105,860160
G3_10pSeventhHarmonic_00106.png,10pSeventhHarmonic,G3_10pSeventhHarmonic.wav,3,10pSeventhHarmonic,train,106,868352
G3_10pSeventhHarmonic_00107.png,10pSeventhHarmonic,G3_10pSeventhHarmonic.wav,3,10pSeventhHarmonic,train,107,876544
G3_10pSeventhHarmonic_00108.png,10pSeventhHarmonic,G3_10pSeventhHarmonic.wav,3,10pSeventhHarmonic,train,108,884736
G3_10pSeventhHarmonic_00109.png,10pSeventhHarmonic,G3_10pSeventhHarmonic.wav,3,10pSeventhHarmonic,train,109,892928
G3_10pSeventhHarmonic_00110.png,10pSeventhHarmonic,G3_10pSeventhHarmonic.wav,3,10pSeventhHarmonic,train,110,901120
G3_10pSeventhHarmonic_00111.png,10pSeventhHarmonic,G3_10pSeventhHarmonic.wav,3,10pSeventhHarmonic,train,111,909312
G3_10pSeventhHarmonic_00112.png,10pSeventhHarmonic,G3_10pSeventhHarmonic.wav,3,10pSeventhHarmonic,train,112,917504
G3_10pSeventhHarmonic_00113.png,10pSeventhHarmonic,G3_10pSeventhHarmonic.wav,3,10pSeventhHarmonic,train,113,925696
G3_10pSeventhHarmonic_00114.png,10pSeventhHarmonic,G3_10pSeventhHarmonic.wav,3,10pSeventhHarmonic,train,114,933888
G3_10pSeventhHarmonic_00115.png,10pSeventhHarmonic,G3_10pSeventhHarmonic.wav,3,10pSeventhHarmonic,train,115,942080
G3_10pSeventhHarmonic_00116.png,10pSeventhHarmonic,G3_10pSeventhHarmonic.wav,3,10pSeventhHarmonic,train,116,950272
G3_10pSeventhHarmonic_00117.png,10pSeventhHarmonic,G3_10pSeventhHarmonic.wav,3,10pSeventhHarmonic,train,117,958464
G3_10pSeventhHarmonic_00118.png,10pSeventhHarmonic,G3_10pSeventhHarmonic.wav,3,10pSeventhHarmonic,train,118,966656
G3_10pSeventhHarmonic_00119.png,10pSeventhHarmonic,G3_10pSeventhHarmonic.wav,3,10pSeventhHarmonic,train,119,974848
G3_10pSeventhHarmonic_00120.png,10pSeventhHarmonic,G3_10pSeventhHarmonic.wav,3,10pSeventhHarmonic,train,120,983040
G3_10pSeventhHarmonic_00121.png,10pSeventhHarmonic,G3_10pSeventhHarmonic.wav,3,10pSeventhHarmonic,train,121,991232
G3_10pSeventhHarmonic_00122.png,10pSeventhHarmonic,G3_10pSeventhHarmonic.wav,3,10pSeventhHarmonic,train,122,999424
G3_10pSeventhHarmonic_00123.png,10pSeventhHarmonic,G3_10pSeventhHarmonic.wav,3,10pSeventhHarmonic,train,123,1007616
G3_10pSeventhHarmonic_00124.png,10pSeventhHarmonic,G3_10pSeventhHarmonic.wav,3,10pSeventhHarmonic,train,124,1015808
G3_10pSeventhHarmonic_00125.png,10pSeventhHarmonic,G3_10pSeventhHarmonic.wav,3,10pSeventhHarmonic,train,125,1024000
G3_10pSeventhHarmonic_00126.png,10pSeventhHarmonic,G3_10pSeventhHarmonic.wav,3,10pSeventhHarmonic,train,126,1032192
G3_10pSeventhHarmonic_00127.png,10pSeventhHarmonic,G3_10pSeventhHarmonic.wav,3,10pSeventhHarmonic,train,127,1040384
G3_10pSeventhHarmonic_00128.png,10pSeventhHarmonic,G3_10pSeventhHarmonic.wav,3,10pSeventhHarmonic,train,128,1048576
G3_10pSeventhHarmonic_00129.png,10pSeventhHarmonic,G3_10pSeventhHarmonic.wav,3,10pSeventhHarmonic,train,129,1056768
G3_10pSeventhHarmonic_00130.png,10pSeventhHarmonic,G3_10pSeventhHarmonic.wav,3,10pSeventhHarmonic,train,130,1064960
G3_10pSeventhHarmonic_00131.png,10pSeventhHarmonic,G3_10pSeventhHarmonic.wav,3,10pSeventhHarmonic,train,131,1073152
G3_10pSeventhHarmonic_00132.png,10pSeventhHarmonic,G3_10pSeventhHarmonic.wav,3,10pSeventhHarmonic,train,132,1081344
G3_10pSeventhHarmonic_00133.png,10pSeventhHarmonic,G3_10pSeventhHarmonic.wav,3,10pSeventhHarmonic,train,133,1089536
G3_10pSeventhHarmonic_00134.png,10pSeventhHarmonic,G3_10pSeventhHarmonic.wav,3,10pSeventhHarmonic,train,134,1097728
G3_10pSeventhHarmonic_00135.png,10pSeventhHarmonic,G3_10pSeventhHarmonic.wav,3,10pSeventhHarmonic,train,135,1105920
G3_10pSeventhHarmonic_00136.png,10pSeventhHarmonic,G3_10pSeventhHarmonic.wav,3,10pSeventhHarmonic,train,136,1114112
G3_10pSeventhHarmonic_00137.png,10pSeventhHarmonic,G3_10pSeventhHarmonic.wav,3,10pSeventhHarmonic,train,137,1122304
G3_10pSeventhHarmonic_00138.png,10pSeventhHarmonic,G3_10pSeventhHarmonic.wav,3,10pSeventhHarmonic,train,138,1130496
G3_10pSeventhHarmonic_00139.png,10pSeventhHarmonic,G3_10pSeventhHarmonic.wav,3,10pSeventhHarmonic,train,139,1138688
G3_10pSeventhHarmonic_00140.png,10pSeventhHarmonic,G3_10pSeventhHarmonic.wav,3,10pSeventhHarmonic,train,140,1146880
G3_10pSeventhHarmonic_00141.png,10pSeventhHarmonic,G3_10pSeventhHarmonic.wav,3,10pSeventhHarmonic,train,141,1155072
G3_10pSeventhHarmonic_00142.png,10pSeventhHarmonic,G3_10pSeventhHarmonic.wav,3,10pSeventhHarmonic,train,142,1163264
G3_10pSeventhHarmonic_00143.png,10pSeventhHarmonic,G3_10pSeventhHarmonic.wav,3,10pSeventhHarmonic,train,143,1171456
G3_10pSeventhHarmonic_00144.png,10pSeventhHarmonic,G3_10pSeventhHarmonic.wav,3,10pSeventhHarmonic,train,144,1179648
G3_10pSeventhHarmonic_00145.png,10pSeventhHarmonic,G3_10pSeventhHarmonic.wav,3,10pSeventhHarmonic,train,145,1187840
G3_10pSeventhHarmonic_00146.png,10pSeventhHarmonic,G3_10pSeventhHarmonic.wav,3,10pSeventhHarmonic,train,146,1196032
G3_10pSeventhHarmonic_00147.png,10pSeventhHarmonic,G3_10pSeventhHarmonic.wav,3,10pSeventhHarmonic,train,147,1204224
G3_10pSeventhHarmonic_00148.png,10pSeventhHarmonic,G3_10pSeventhHarmonic.wav,3,10pSeventhHarmonic,train,148,1212416
G3_10pSeventhHarmonic_00149.png,10pSeventhHarmonic,G3_10pSeventhHarmonic.wav,3,10pSeventhHarmonic,train,149,1220608
G3_10pSeventhHarmonic_00150.png,10pSeventhHarmonic,G3_10pSeventhHarmonic.wav,3,10pSeventhHarmonic,train,150,1228800
G3_10pSeventhHarmonic_00151.png,10pSeventhHarmonic,G3_10pSeventhHarmonic.wav,3,10pSeventhHarmonic,train,151,1236992
G3_10pSeventhHarmonic_00152.png,10pSeventhHarmonic,G3_10pSeventhHarmonic.wav,3,10pSeventhHarmonic,train,152,1245184
G3_10pSeventhHarmonic_00153.png,10pSeventhHarmonic,G3_10pSeventhHarmonic.wav,3,10pSeventhHarmonic,train,153,1253376
G3_10pSeventhHarmonic_00154.png,10pSeventhHarmonic,G3_10pSeventhHarmonic.wav,3,10pSeventhHarmonic,train,154,1261568
G3_10pSeventhHarmonic_00155.png,10pSeventhHarmonic,G3_10pSeventhHarmonic.wav,3,10pSeventhHarmonic,train,155,1269760
G3_10pSeventhHarmonic_00156.png,10pSeventhHarmonic,G3_10pSeventhHarmonic.wav,3,10pSeventhHarmonic,train,156,1277952
G3_10pSeventhHarmonic_00157.png,10pSeventhHarmonic,G3_10pSeventhHarmonic.wav,3,10pSeventhHarmonic,train,157,1286144
G3_10pSeventhHarmonic_00158.png,10pSeventhHarmonic,G3_10pSeventhHarmonic.wav,3,10pSeventhHarmonic,train,158,1294336
G3_10pSeventhHarmonic_00159.png,10pSeventhHarmonic,G3_10pSeventhHarmonic.wav,3,10pSeventhHarmonic,train,159,1302528
G3_10pSeventhHarmonic_00160.png,10pSeventhHarmonic,G3_10pSeventhHarmonic.wav,3,10pSeventhHarmonic,train,160,1310720
G3_10pSeventhHarmonic_00161.png,10pSeventhHarmonic,G3_10pSeventhHarmonic.wav,3,10pSeventhHarmonic,train,161,1318912
G3_10pSeventhHarmonic_00162.png,10pSeventhHarmonic,G3_10pSeventhHarmonic.wav,3,10pSeventhHarmonic,train,162,1327104
G3_10pSeventhHarmonic_00163.png,10pSeventhHarmonic,G3_10pSeventhHarmonic.wav,3,10pSeventhHarmonic,train,163,1335296
G3_10pSeventhHarmonic_00164.png,10pSeventhHarmonic,G3_10pSeventhHarmonic.wav,3,10pSeventhHarmonic,train,164,1343488
G3_10pSeventhHarmonic_00165.png,10pSeventhHarmonic,G3_10pSeventhHarmonic.wav,3,10pSeventhHarmonic,train,165,1351680
G3_10pSeventhHarmonic_00166.png,10pSeventhHarmonic,G3_10pSeventhHarmonic.wav,3,10pSeventhHarmonic,train,166,1359872
G3_10pSeventhHarmonic_00167.png,10pSeventhHarmonic,G3_10pSeventhHarmonic.wav,3,10pSeventhHarmonic,train,167,1368064
G3_10pSeventhHarmonic_00168.png,10pSeventhHarmonic,G3_10pSeventhHarmonic.wav,3,10pSeventhHarmonic,train,168,1376256
G3_10pSeventhHarmonic_00169.png,10pSeventhHarmonic,G3_10pSeventhHarmonic.wav,3,10pSeventhHarmonic,train,169,1384448
G3_10pSeventhHarmonic_00170.png,10pSeventhHarmonic,G3_10pSeventhHarmonic.wav,3,10pSeventhHarmonic,train,170,1392640
G3_10pSeventhHarmonic_00171.png,10pSeventhHarmonic,G3_10pSeventhHarmonic.wav,3,10pSeventhHarmonic,train,171,1400832
G3_10pSeventhHarmonic_00172.png,10pSeventhHarmonic,G3_10pSeventhHarmonic.wav,3,10pSeventhHarmonic,train,172,1409024
G3_10pSeventhHarmonic_00173.png,10pSeventhHarmonic,G3_10pSeventhHarmonic.wav,3,10pSeventhHarmonic,train,173,1417216
G3_10pSeventhHarmonic_00174.png,10pSeventhHarmonic,G3_10pSeventhHarmonic.wav,3,10pSeventhHarmonic,train,174,1425408
G3_10pSeventhHarmonic_00175.png,10pSeventhHarmonic,G3_10pSeventhHarmonic.wav,3,10pSeventhHarmonic,train,175,1433600
G3_10pSeventhHarmonic_00176.png,10pSeventhHarmonic,G3_10pSeventhHarmonic.wav,3,10pSeventhHarmonic,train,176,1441792
G3_10pSeventhHarmonic_00177.png,10pSeventhHarmonic,G3_10pSeventhHarmonic.wav,3,10pSeventhHarmonic,train,177,1449984
G3_10pSeventhHarmonic_00178.png,10pSeventhHarmonic,G3_10pSeventhHarmonic.wav,3,10pSeventhHarmonic,train,178,1458176
G3_10pSeventhHarmonic_00179.png,10pSeventhHarmonic,G3_10pSeventhHarmonic.wav,3,10pSeventhHarmonic,train,179,1466368
G3_10pSeventhHarmonic_00180.png,10pSeventhHarmonic,G3_10pSeventhHarmonic.wav,3,10pSeventhHarmonic,train,180,1474560
G3_10pSeventhHarmonic_00181.png,10pSeventhHarmonic,G3_10pSeventhHarmonic.wav,3,10pSeventhHarmonic,train,181,1482752
G3_10pSeventhHarmonic_00182.png,10pSeventhHarmonic,G3_10pSeventhHarmonic.wav,3,10pSeventhHarmonic,train,182,1490944
G3_10pSeventhHarmonic_00183.png,10pSeventhHarmonic,G3_10pSeventhHarmonic.wav,3,10pSeventhHarmonic,train,183,1499136
G3_10pSeventhHarmonic_00184.png,10pSeventhHarmonic,G3_10pSeventhHarmonic.wav,3,10pSeventhHarmonic,train,184,1507328
G3_10pSeventhHarmonic_00185.png,10pSeventhHarmonic,G3_10pSeventhHarmonic.wav,3,10pSeventhHarmonic,train,185,1515520
G3_10pSeventhHarmonic_00186.png,10pSeventhHarmonic,G3_10pSeventhHarmonic.wav,3,10pSeventhHarmonic,train,186,1523712
G3_10pSeventhHarmonic_00187.png,10pSeventhHarmonic,G3_10pSeventhHarmonic.wav,3,10pSeventhHarmonic,train,187,1531904
G3_10pSeventhHarmonic_00188.png,10pSeventhHarmonic,G3_10pSeventhHarmonic.wav,3,10pSeventhHarmonic,train,188,1540096
G3_10pSeventhHarmonic_00189.png,10pSeventhHarmonic,G3_10pSeventhHarmonic.wav,3,10pSeventhHarmonic,train,189,1548288
G3_10pSeventhHarmonic_00190.png,10pSeventhHarmonic,G3_10pSeventhHarmonic.wav,3,10pSeventhHarmonic,train,190,1556480
G3_10pSeventhHarmonic_00191.png,10pSeventhHarmonic,G3_10pSeventhHarmonic.wav,3,10pSeventhHarmonic,train,191,1564672
G3_10pSeventhHarmonic_00192.png,10pSeventhHarmonic,G3_10pSeventhHarmonic.wav,3,10pSeventhHarmonic,train,192,1572864
G3_10pSeventhHarmonic_00193.png,10pSeventhHarmonic,G3_10pSeventhHarmonic.wav,3,10pSeventhHarmonic,train,193,1581056
G3_10pSeventhHarmonic_00194.png,10pSeventhHarmonic,G3_10pSeventhHarmonic.wav,3,10pSeventhHarmonic,train,194,1589248
G3_10pSeventhHarmonic_00195.png,10pSeventhHarmonic,G3_10pSeventhHarmonic.wav,3,10pSeventhHarmonic,train,195,1597440
G3_10pSeventhHarmonic_00196.png,10pSeventhHarmonic,G3_10pSeventhHarmonic.wav,3,10pSeventhHarmonic,train,196,1605632
G3_10pSeventhHarmonic_00197.png,10pSeventhHarmonic,G3_10pSeventhHarmonic.wav,3,10pSeventhHarmonic,train,197,1613824
G3_10pSeventhHarmonic_00198.png,10pSeventhHarmonic,G3_10pSeventhHarmonic.wav,3,10pSeventhHarmonic,train,198,1622016
G3_10pSeventhHarmonic_00199.png,10pSeventhHarmonic,G3_10pSeventhHarmonic.wav,3,10pSeventhHarmonic,train,199,1630208
G3_10pSeventhHarmonic_00200.png,10pSeventhHarmonic,G3_10pSeventhHarmonic.wav,3,10pSeventhHarmonic,train,200,1638400
G3_10pSeventhHarmonic_00201.png,10pSeventhHarmonic,G3_10pSeventhHarmonic.wav,3,10pSeventhHarmonic,train,201,1646592
G3_10pSeventhHarmonic_00202.png,10pSeventhHarmonic,G3_10pSeventhHarmonic.wav,3,10pSeventhHarmonic,train,202,1654784
G3_10pSeventhHarmonic_00203.png,10pSeventhHarmonic,G3_10pSeventhHarmonic.wav,3,10pSeventhHarmonic,train,203,1662976
G3_10pSeventhHarmonic_00204.png,10pSeventhHarmonic,G3_10pSeventhHarmonic.wav,3,10pSeventhHarmonic,train,204,1671168
G3_10pSeventhHarmonic_00205.png,10pSeventhHarmonic,G3_10pSeventhHarmonic.wav,3,10pSeventhHarmonic,train,205,1679360
G3_10pSeventhHarmonic_00206.png,10pSeventhHarmonic,G3_10pSeventhHarmonic.wav,3,10pSeventhHarmonic,train,206,1687552
G3_10pSeventhHarmonic_00207.png,10pSeventhHarmonic,G3_10pSeventhHarmonic.wav,3,10pSeventhHarmonic,train,207,1695744
G3_10pSeventhHarmonic_00208.png,10pSeventhHarmonic,G3_10pSeventhHarmonic.wav,3,10pSeventhHarmonic,train,208,1703936
G3_10pSeventhHarmonic_00209.png,10pSeventhHarmonic,G3_10pSeventhHarmonic.wav,3,10pSeventhHarmonic,train,209,1712128
G3_10pSeventhHarmonic_00210.png,10pSeventhHarmonic,G3_10pSeventhHarmonic.wav,3,10pSeventhHarmonic,train,210,1720320
G3_10pSeventhHarmonic_00211.png,10pSeventhHarmonic,G3_10pSeventhHarmonic.wav,3,10pSeventhHarmonic,train,211,1728512
G3_10pSeventhHarmonic_00212.png,10pSeventhHarmonic,G3_10pSeventhHarmonic.wav,3,10pSeventhHarmonic,train,212,1736704
G3_10pSeventhHarmonic_00213.png,10pSeventhHarmonic,G3_10pSeventhHarmonic.wav,3,10pSeventhHarmonic,train,213,1744896
G3_10pSeventhHarmonic_00214.png,10pSeventhHarmonic,G3_10pSeventhHarmonic.wav,3,10pSeventhHarmonic,train,214,1753088
G3_10pSeventhHarmonic_00215.png,10pSeventhHarmonic,G3_10pSeventhHarmonic.wav,3,10pSeventhHarmonic,train,215,1761280
G3_10pSeventhHarmonic_00216.png,10pSeventhHarmonic,G3_10pSeventhHarmonic.wav,3,10pSeventhHarmonic,train,216,1769472
G3_10pSeventhHarmonic_00217.png,10pSeventhHarmonic,G3_10pSeventhHarmonic.wav,3,10pSeventhHarmonic,train,217,1777664
G3_10pSeventhHarmonic_00218.png,10pSeventhHarmonic,G3_10pSeventhHarmonic.wav,3,10pSeventhHarmonic,train,218,1785856
G3_10pSeventhHarmonic_00219.png,10pSeventhHarmonic,G3_10pSeventhHarmonic.wav,3,10pSeventhHarmonic,train,219,1794048
G3_10pSeventhHarmonic_00220.png,10pSeventhHarmonic,G3_10pSeventhHarmonic.wav,3,10pSeventhHarmonic,train,220,1802240
G3_10pSeventhHarmonic_00221.png,10pSeventhHarmonic,G3_10pSeventhHarmonic.wav,3,10pSeventhHarmonic,train,221,1810432
G3_10pSeventhHarmonic_00222.png,10pSeventhHarmonic,G3_10pSeventhHarmonic.wav,3,10pSeventhHarmonic,train,222,1818624
G3_10pSeventhHarmonic_00223.png,10pSeventhHarmonic,G3_10pSeventhHarmonic.wav,3,10pSeventhHarmonic,train,223,1826816
G3_10pSeventhHarmonic_00224.png,10pSeventhHarmonic,G3_10pSeventhHarmonic.wav,3,10pSeventhHarmonic,train,224,1835008
G3_10pSeventhHarmonic_00225.png,10pSeventhHarmonic,G3_10pSeventhHarmonic.wav,3,10pSeventhHarmonic,train,225,1843200
G3_10pSeventhHarmonic_00226.png,10pSeventhHarmonic,G3_10pSeventhHarmonic.wav,3,10pSeventhHarmonic,train,226,1851392
G3_10pSeventhHarmonic_00227.png,10pSeventhHarmonic,G3_10pSeventhHarmonic.wav,3,10pSeventhHarmonic,train,227,1859584
G3_10pSeventhHarmonic_00228.png,10pSeventhHarmonic,G3_10pSeventhHarmonic.wav,3,10pSeventhHarmonic,train,228,1867776
G3_10pSeventhHarmonic_00229.png,10pSeventhHarmonic,G3_10pSeventhHarmonic.wav,3,10pSeventhHarmonic,train,229,1875968
G3_10pSeventhHarmonic_00230.png,10pSeventhHarmonic,G3_10pSeventhHarmonic.wav,3,10pSeventhHarmonic,train,230,1884160
G3_10pSeventhHarmonic_00231.png,10pSeventhHarmonic,G3_10pSeventhHarmonic.wav,3,10pSeventhHarmonic,train,231,1892352
G3_10pSeventhHarmonic_00232.png,10pSeventhHarmonic,G3_10pSeventhHarmonic.wav,3,10pSeventhHarmonic,train,232,1900544
G3_10pSeventhHarmonic_00233.png,10pSeventhHarmonic,G3_10pSeventhHarmonic.wav,3,10pSeventhHarmonic,train,233,1908736
G3_10pSeventhHarmonic_00234.png,10pSeventhHarmonic,G3_10pSeventhHarmonic.wav,3,10pSeventhHarmonic,train,234,1916928
G3_10pSeventhHarmonic_00235.png,10pSeventhHarmonic,G3_10pSeventhHarmonic.wav,3,10pSeventhHarmonic,train,235,1925120
G3_10pSeventhHarmonic_00236.png,10pSeventhHarmonic,G3_10pSeventhHarmonic.wav,3,10pSeventhHarmonic,train,236,1933312
G3_10pSeventhHarmonic_00237.png,10pSeventhHarmonic,G3_10pSeventhHarmonic.wav,3,10pSeventhHarmonic,train,237,1941504
G3_10pSeventhHarmonic_00238.png,10pSeventhHarmonic,G3_10pSeventhHarmonic.wav,3,10pSeventhHarmonic,train,238,1949696
G3_10pSeventhHarmonic_00239.png,10pSeventhHarmonic,G3_10pSeventhHarmonic.wav,3,10pSeventhHarmonic,train,239,1957888
G3_10pSeventhHarmonic_00240.png,10pSeventhHarmonic,G3_10pSeventhHarmonic.wav,3,10pSeventhHarmonic,train,240,1966080
G3_10pSeventhHarmonic_00241.png,10pSeventhHarmonic,G3_10pSeventhHarmonic.wav,3,10pSeventhHarmonic,train,241,1974272
G4_10pThirdHarmonic_chunk0_00000.png,10pThirdHarmonic,G4_10pThirdHarmonic.wav__chunk0,4,10pThirdHarmonic,train,0,0
G4_10pThirdHarmonic_chunk0_00001.png,10pThirdHarmonic,G4_10pThirdHarmonic.wav__chunk0,4,10pThirdHarmonic,train,1,8192
G4_10pThirdHarmonic_chunk0_00002.png,10pThirdHarmonic,G4_10pThirdHarmonic.wav__chunk0,4,10pThirdHarmonic,train,2,16384
G4_10pThirdHarmonic_chunk0_00003.png,10pThirdHarmonic,G4_10pThirdHarmonic.wav__chunk0,4,10pThirdHarmonic,train,3,24576
G4_10pThirdHarmonic_chunk0_00004.png,10pThirdHarmonic,G4_10pThirdHarmonic.wav__chunk0,4,10pThirdHarmonic,train,4,32768
G4_10pThirdHarmonic_chunk0_00005.png,10pThirdHarmonic,G4_10pThirdHarmonic.wav__chunk0,4,10pThirdHarmonic,train,5,40960
G4_10pThirdHarmonic_chunk0_00006.png,10pThirdHarmonic,G4_10pThirdHarmonic.wav__chunk0,4,10pThirdHarmonic,train,6,49152
G4_10pThirdHarmonic_chunk0_00007.png,10pThirdHarmonic,G4_10pThirdHarmonic.wav__chunk0,4,10pThirdHarmonic,train,7,57344
G4_10pThirdHarmonic_chunk0_00008.png,10pThirdHarmonic,G4_10pThirdHarmonic.wav__chunk0,4,10pThirdHarmonic,train,8,65536
G4_10pThirdHarmonic_chunk0_00009.png,10pThirdHarmonic,G4_10pThirdHarmonic.wav__chunk0,4,10pThirdHarmonic,train,9,73728
G4_10pThirdHarmonic_chunk0_00010.png,10pThirdHarmonic,G4_10pThirdHarmonic.wav__chunk0,4,10pThirdHarmonic,train,10,81920
G4_10pThirdHarmonic_chunk0_00011.png,10pThirdHarmonic,G4_10pThirdHarmonic.wav__chunk0,4,10pThirdHarmonic,train,11,90112
G4_10pThirdHarmonic_chunk0_00012.png,10pThirdHarmonic,G4_10pThirdHarmonic.wav__chunk0,4,10pThirdHarmonic,train,12,98304
G4_10pThirdHarmonic_chunk0_00013.png,10pThirdHarmonic,G4_10pThirdHarmonic.wav__chunk0,4,10pThirdHarmonic,train,13,106496
G4_10pThirdHarmonic_chunk0_00014.png,10pThirdHarmonic,G4_10pThirdHarmonic.wav__chunk0,4,10pThirdHarmonic,train,14,114688
G4_10pThirdHarmonic_chunk0_00015.png,10pThirdHarmonic,G4_10pThirdHarmonic.wav__chunk0,4,10pThirdHarmonic,train,15,122880
G4_10pThirdHarmonic_chunk0_00016.png,10pThirdHarmonic,G4_10pThirdHarmonic.wav__chunk0,4,10pThirdHarmonic,train,16,131072
G4_10pThirdHarmonic_chunk0_00017.png,10pThirdHarmonic,G4_10pThirdHarmonic.wav__chunk0,4,10pThirdHarmonic,train,17,139264
G4_10pThirdHarmonic_chunk0_00018.png,10pThirdHarmonic,G4_10pThirdHarmonic.wav__chunk0,4,10pThirdHarmonic,train,18,147456
G4_10pThirdHarmonic_chunk0_00019.png,10pThirdHarmonic,G4_10pThirdHarmonic.wav__chunk0,4,10pThirdHarmonic,train,19,155648
G4_10pThirdHarmonic_chunk0_00020.png,10pThirdHarmonic,G4_10pThirdHarmonic.wav__chunk0,4,10pThirdHarmonic,train,20,163840
G4_10pThirdHarmonic_chunk0_00021.png,10pThirdHarmonic,G4_10pThirdHarmonic.wav__chunk0,4,10pThirdHarmonic,train,21,172032
G4_10pThirdHarmonic_chunk0_00022.png,10pThirdHarmonic,G4_10pThirdHarmonic.wav__chunk0,4,10pThirdHarmonic,train,22,180224
G4_10pThirdHarmonic_chunk0_00023.png,10pThirdHarmonic,G4_10pThirdHarmonic.wav__chunk0,4,10pThirdHarmonic,train,23,188416
G4_10pThirdHarmonic_chunk0_00024.png,10pThirdHarmonic,G4_10pThirdHarmonic.wav__chunk0,4,10pThirdHarmonic,train,24,196608
G4_10pThirdHarmonic_chunk0_00025.png,10pThirdHarmonic,G4_10pThirdHarmonic.wav__chunk0,4,10pThirdHarmonic,train,25,204800
G4_10pThirdHarmonic_chunk0_00026.png,10pThirdHarmonic,G4_10pThirdHarmonic.wav__chunk0,4,10pThirdHarmonic,train,26,212992
G4_10pThirdHarmonic_chunk0_00027.png,10pThirdHarmonic,G4_10pThirdHarmonic.wav__chunk0,4,10pThirdHarmonic,train,27,221184
G4_10pThirdHarmonic_chunk0_00028.png,10pThirdHarmonic,G4_10pThirdHarmonic.wav__chunk0,4,10pThirdHarmonic,train,28,229376
G4_10pThirdHarmonic_chunk0_00029.png,10pThirdHarmonic,G4_10pThirdHarmonic.wav__chunk0,4,10pThirdHarmonic,train,29,237568
G4_10pThirdHarmonic_chunk0_00030.png,10pThirdHarmonic,G4_10pThirdHarmonic.wav__chunk0,4,10pThirdHarmonic,train,30,245760
G4_10pThirdHarmonic_chunk0_00031.png,10pThirdHarmonic,G4_10pThirdHarmonic.wav__chunk0,4,10pThirdHarmonic,train,31,253952
G4_10pThirdHarmonic_chunk0_00032.png,10pThirdHarmonic,G4_10pThirdHarmonic.wav__chunk0,4,10pThirdHarmonic,train,32,262144
G4_10pThirdHarmonic_chunk0_00033.png,10pThirdHarmonic,G4_10pThirdHarmonic.wav__chunk0,4,10pThirdHarmonic,train,33,270336
G4_10pThirdHarmonic_chunk0_00034.png,10pThirdHarmonic,G4_10pThirdHarmonic.wav__chunk0,4,10pThirdHarmonic,train,34,278528
G4_10pThirdHarmonic_chunk0_00035.png,10pThirdHarmonic,G4_10pThirdHarmonic.wav__chunk0,4,10pThirdHarmonic,train,35,286720
G4_10pThirdHarmonic_chunk0_00036.png,10pThirdHarmonic,G4_10pThirdHarmonic.wav__chunk0,4,10pThirdHarmonic,train,36,294912
G4_10pThirdHarmonic_chunk0_00037.png,10pThirdHarmonic,G4_10pThirdHarmonic.wav__chunk0,4,10pThirdHarmonic,train,37,303104
G4_10pThirdHarmonic_chunk0_00038.png,10pThirdHarmonic,G4_10pThirdHarmonic.wav__chunk0,4,10pThirdHarmonic,train,38,311296
G4_10pThirdHarmonic_chunk0_00039.png,10pThirdHarmonic,G4_10pThirdHarmonic.wav__chunk0,4,10pThirdHarmonic,train,39,319488
G4_10pThirdHarmonic_chunk0_00040.png,10pThirdHarmonic,G4_10pThirdHarmonic.wav__chunk0,4,10pThirdHarmonic,train,40,327680
G4_10pThirdHarmonic_chunk0_00041.png,10pThirdHarmonic,G4_10pThirdHarmonic.wav__chunk0,4,10pThirdHarmonic,train,41,335872
G4_10pThirdHarmonic_chunk0_00042.png,10pThirdHarmonic,G4_10pThirdHarmonic.wav__chunk0,4,10pThirdHarmonic,train,42,344064
G4_10pThirdHarmonic_chunk0_00043.png,10pThirdHarmonic,G4_10pThirdHarmonic.wav__chunk0,4,10pThirdHarmonic,train,43,352256
G4_10pThirdHarmonic_chunk0_00044.png,10pThirdHarmonic,G4_10pThirdHarmonic.wav__chunk0,4,10pThirdHarmonic,train,44,360448
G4_10pThirdHarmonic_chunk0_00045.png,10pThirdHarmonic,G4_10pThirdHarmonic.wav__chunk0,4,10pThirdHarmonic,train,45,368640
G4_10pThirdHarmonic_chunk0_00046.png,10pThirdHarmonic,G4_10pThirdHarmonic.wav__chunk0,4,10pThirdHarmonic,train,46,376832
G4_10pThirdHarmonic_chunk0_00047.png,10pThirdHarmonic,G4_10pThirdHarmonic.wav__chunk0,4,10pThirdHarmonic,train,47,385024
G4_10pThirdHarmonic_chunk0_00048.png,10pThirdHarmonic,G4_10pThirdHarmonic.wav__chunk0,4,10pThirdHarmonic,train,48,393216
G4_10pThirdHarmonic_chunk0_00049.png,10pThirdHarmonic,G4_10pThirdHarmonic.wav__chunk0,4,10pThirdHarmonic,train,49,401408
G4_10pThirdHarmonic_chunk0_00050.png,10pThirdHarmonic,G4_10pThirdHarmonic.wav__chunk0,4,10pThirdHarmonic,train,50,409600
G4_10pThirdHarmonic_chunk0_00051.png,10pThirdHarmonic,G4_10pThirdHarmonic.wav__chunk0,4,10pThirdHarmonic,train,51,417792
G4_10pThirdHarmonic_chunk0_00052.png,10pThirdHarmonic,G4_10pThirdHarmonic.wav__chunk0,4,10pThirdHarmonic,train,52,425984
G4_10pThirdHarmonic_chunk0_00053.png,10pThirdHarmonic,G4_10pThirdHarmonic.wav__chunk0,4,10pThirdHarmonic,train,53,434176
G4_10pThirdHarmonic_chunk0_00054.png,10pThirdHarmonic,G4_10pThirdHarmonic.wav__chunk0,4,10pThirdHarmonic,train,54,442368
G4_10pThirdHarmonic_chunk0_00055.png,10pThirdHarmonic,G4_10pThirdHarmonic.wav__chunk0,4,10pThirdHarmonic,train,55,450560
G4_10pThirdHarmonic_chunk0_00056.png,10pThirdHarmonic,G4_10pThirdHarmonic.wav__chunk0,4,10pThirdHarmonic,train,56,458752
G4_10pThirdHarmonic_chunk0_00057.png,10pThirdHarmonic,G4_10pThirdHarmonic.wav__chunk0,4,10pThirdHarmonic,train,57,466944
G4_10pThirdHarmonic_chunk0_00058.png,10pThirdHarmonic,G4_10pThirdHarmonic.wav__chunk0,4,10pThirdHarmonic,train,58,475136
G4_10pThirdHarmonic_chunk0_00059.png,10pThirdHarmonic,G4_10pThirdHarmonic.wav__chunk0,4,10pThirdHarmonic,train,59,483328
G4_10pThirdHarmonic_chunk0_00060.png,10pThirdHarmonic,G4_10pThirdHarmonic.wav__chunk0,4,10pThirdHarmonic,train,60,491520
G4_10pThirdHarmonic_chunk0_00061.png,10pThirdHarmonic,G4_10pThirdHarmonic.wav__chunk0,4,10pThirdHarmonic,train,61,499712
G4_10pThirdHarmonic_chunk0_00062.png,10pThirdHarmonic,G4_10pThirdHarmonic.wav__chunk0,4,10pThirdHarmonic,train,62,507904
G4_10pThirdHarmonic_chunk0_00063.png,10pThirdHarmonic,G4_10pThirdHarmonic.wav__chunk0,4,10pThirdHarmonic,train,63,516096
G4_10pThirdHarmonic_chunk0_00064.png,10pThirdHarmonic,G4_10pThirdHarmonic.wav__chunk0,4,10pThirdHarmonic,train,64,524288
G4_10pThirdHarmonic_chunk0_00065.png,10pThirdHarmonic,G4_10pThirdHarmonic.wav__chunk0,4,10pThirdHarmonic,train,65,532480
G4_10pThirdHarmonic_chunk0_00066.png,10pThirdHarmonic,G4_10pThirdHarmonic.wav__chunk0,4,10pThirdHarmonic,train,66,540672
G4_10pThirdHarmonic_chunk0_00067.png,10pThirdHarmonic,G4_10pThirdHarmonic.wav__chunk0,4,10pThirdHarmonic,train,67,548864
G4_10pThirdHarmonic_chunk0_00068.png,10pThirdHarmonic,G4_10pThirdHarmonic.wav__chunk0,4,10pThirdHarmonic,train,68,557056
G4_10pThirdHarmonic_chunk0_00069.png,10pThirdHarmonic,G4_10pThirdHarmonic.wav__chunk0,4,10pThirdHarmonic,train,69,565248
G4_10pThirdHarmonic_chunk0_00070.png,10pThirdHarmonic,G4_10pThirdHarmonic.wav__chunk0,4,10pThirdHarmonic,train,70,573440
G4_10pThirdHarmonic_chunk0_00071.png,10pThirdHarmonic,G4_10pThirdHarmonic.wav__chunk0,4,10pThirdHarmonic,train,71,581632
G4_10pThirdHarmonic_chunk0_00072.png,10pThirdHarmonic,G4_10pThirdHarmonic.wav__chunk0,4,10pThirdHarmonic,train,72,589824
G4_10pThirdHarmonic_chunk0_00073.png,10pThirdHarmonic,G4_10pThirdHarmonic.wav__chunk0,4,10pThirdHarmonic,train,73,598016
G4_10pThirdHarmonic_chunk0_00074.png,10pThirdHarmonic,G4_10pThirdHarmonic.wav__chunk0,4,10pThirdHarmonic,train,74,606208
G4_10pThirdHarmonic_chunk0_00075.png,10pThirdHarmonic,G4_10pThirdHarmonic.wav__chunk0,4,10pThirdHarmonic,train,75,614400
G4_10pThirdHarmonic_chunk0_00076.png,10pThirdHarmonic,G4_10pThirdHarmonic.wav__chunk0,4,10pThirdHarmonic,train,76,622592
G4_10pThirdHarmonic_chunk0_00077.png,10pThirdHarmonic,G4_10pThirdHarmonic.wav__chunk0,4,10pThirdHarmonic,train,77,630784
G4_10pThirdHarmonic_chunk0_00078.png,10pThirdHarmonic,G4_10pThirdHarmonic.wav__chunk0,4,10pThirdHarmonic,train,78,638976
G4_10pThirdHarmonic_chunk0_00079.png,10pThirdHarmonic,G4_10pThirdHarmonic.wav__chunk0,4,10pThirdHarmonic,train,79,647168
G4_10pThirdHarmonic_chunk0_00080.png,10pThirdHarmonic,G4_10pThirdHarmonic.wav__chunk0,4,10pThirdHarmonic,train,80,655360
G4_10pThirdHarmonic_chunk0_00081.png,10pThirdHarmonic,G4_10pThirdHarmonic.wav__chunk0,4,10pThirdHarmonic,train,81,663552
G4_10pThirdHarmonic_chunk0_00082.png,10pThirdHarmonic,G4_10pThirdHarmonic.wav__chunk0,4,10pThirdHarmonic,train,82,671744
G4_10pThirdHarmonic_chunk0_00083.png,10pThirdHarmonic,G4_10pThirdHarmonic.wav__chunk0,4,10pThirdHarmonic,train,83,679936
G4_10pThirdHarmonic_chunk0_00084.png,10pThirdHarmonic,G4_10pThirdHarmonic.wav__chunk0,4,10pThirdHarmonic,train,84,688128
G4_10pThirdHarmonic_chunk0_00085.png,10pThirdHarmonic,G4_10pThirdHarmonic.wav__chunk0,4,10pThirdHarmonic,train,85,696320
G4_10pThirdHarmonic_chunk0_00086.png,10pThirdHarmonic,G4_10pThirdHarmonic.wav__chunk0,4,10pThirdHarmonic,train,86,704512
G4_10pThirdHarmonic_chunk0_00087.png,10pThirdHarmonic,G4_10pThirdHarmonic.wav__chunk0,4,10pThirdHarmonic,train,87,712704
G4_10pThirdHarmonic_chunk0_00088.png,10pThirdHarmonic,G4_10pThirdHarmonic.wav__chunk0,4,10pThirdHarmonic,train,88,720896
G4_10pThirdHarmonic_chunk0_00089.png,10pThirdHarmonic,G4_10pThirdHarmonic.wav__chunk0,4,10pThirdHarmonic,train,89,729088
G4_10pThirdHarmonic_chunk0_00090.png,10pThirdHarmonic,G4_10pThirdHarmonic.wav__chunk0,4,10pThirdHarmonic,train,90,737280
G4_10pThirdHarmonic_chunk0_00091.png,10pThirdHarmonic,G4_10pThirdHarmonic.wav__chunk0,4,10pThirdHarmonic,train,91,745472
G4_10pThirdHarmonic_chunk0_00092.png,10pThirdHarmonic,G4_10pThirdHarmonic.wav__chunk0,4,10pThirdHarmonic,train,92,753664
G4_10pThirdHarmonic_chunk0_00093.png,10pThirdHarmonic,G4_10pThirdHarmonic.wav__chunk0,4,10pThirdHarmonic,train,93,761856
G4_10pThirdHarmonic_chunk0_00094.png,10pThirdHarmonic,G4_10pThirdHarmonic.wav__chunk0,4,10pThirdHarmonic,train,94,770048
G4_10pThirdHarmonic_chunk0_00095.png,10pThirdHarmonic,G4_10pThirdHarmonic.wav__chunk0,4,10pThirdHarmonic,train,95,778240
G4_10pThirdHarmonic_chunk0_00096.png,10pThirdHarmonic,G4_10pThirdHarmonic.wav__chunk0,4,10pThirdHarmonic,train,96,786432
G4_10pThirdHarmonic_chunk0_00097.png,10pThirdHarmonic,G4_10pThirdHarmonic.wav__chunk0,4,10pThirdHarmonic,train,97,794624
G4_10pThirdHarmonic_chunk0_00098.png,10pThirdHarmonic,G4_10pThirdHarmonic.wav__chunk0,4,10pThirdHarmonic,train,98,802816
G4_10pThirdHarmonic_chunk0_00099.png,10pThirdHarmonic,G4_10pThirdHarmonic.wav__chunk0,4,10pThirdHarmonic,train,99,811008
G4_10pThirdHarmonic_chunk0_00100.png,10pThirdHarmonic,G4_10pThirdHarmonic.wav__chunk0,4,10pThirdHarmonic,train,100,819200
G4_10pThirdHarmonic_chunk0_00101.png,10pThirdHarmonic,G4_10pThirdHarmonic.wav__chunk0,4,10pThirdHarmonic,train,101,827392
G4_10pThirdHarmonic_chunk0_00102.png,10pThirdHarmonic,G4_10pThirdHarmonic.wav__chunk0,4,10pThirdHarmonic,train,102,835584
G4_10pThirdHarmonic_chunk0_00103.png,10pThirdHarmonic,G4_10pThirdHarmonic.wav__chunk0,4,10pThirdHarmonic,train,103,843776
G4_10pThirdHarmonic_chunk0_00104.png,10pThirdHarmonic,G4_10pThirdHarmonic.wav__chunk0,4,10pThirdHarmonic,train,104,851968
G4_10pThirdHarmonic_chunk0_00105.png,10pThirdHarmonic,G4_10pThirdHarmonic.wav__chunk0,4,10pThirdHarmonic,train,105,860160
G4_10pThirdHarmonic_chunk0_00106.png,10pThirdHarmonic,G4_10pThirdHarmonic.wav__chunk0,4,10pThirdHarmonic,train,106,868352
G4_10pThirdHarmonic_chunk0_00107.png,10pThirdHarmonic,G4_10pThirdHarmonic.wav__chunk0,4,10pThirdHarmonic,train,107,876544
G4_10pThirdHarmonic_chunk0_00108.png,10pThirdHarmonic,G4_10pThirdHarmonic.wav__chunk0,4,10pThirdHarmonic,train,108,884736
G4_10pThirdHarmonic_chunk0_00109.png,10pThirdHarmonic,G4_10pThirdHarmonic.wav__chunk0,4,10pThirdHarmonic,train,109,892928
G4_10pThirdHarmonic_chunk0_00110.png,10pThirdHarmonic,G4_10pThirdHarmonic.wav__chunk0,4,10pThirdHarmonic,train,110,901120
G4_10pThirdHarmonic_chunk0_00111.png,10pThirdHarmonic,G4_10pThirdHarmonic.wav__chunk0,4,10pThirdHarmonic,train,111,909312
G4_10pThirdHarmonic_chunk0_00112.png,10pThirdHarmonic,G4_10pThirdHarmonic.wav__chunk0,4,10pThirdHarmonic,train,112,917504
G4_10pThirdHarmonic_chunk0_00113.png,10pThirdHarmonic,G4_10pThirdHarmonic.wav__chunk0,4,10pThirdHarmonic,train,113,925696
G4_10pThirdHarmonic_chunk0_00114.png,10pThirdHarmonic,G4_10pThirdHarmonic.wav__chunk0,4,10pThirdHarmonic,train,114,933888
G4_10pThirdHarmonic_chunk0_00115.png,10pThirdHarmonic,G4_10pThirdHarmonic.wav__chunk0,4,10pThirdHarmonic,train,115,942080
G4_10pThirdHarmonic_chunk0_00116.png,10pThirdHarmonic,G4_10pThirdHarmonic.wav__chunk0,4,10pThirdHarmonic,train,116,950272
G4_10pThirdHarmonic_chunk0_00117.png,10pThirdHarmonic,G4_10pThirdHarmonic.wav__chunk0,4,10pThirdHarmonic,train,117,958464
G4_10pThirdHarmonic_chunk0_00118.png,10pThirdHarmonic,G4_10pThirdHarmonic.wav__chunk0,4,10pThirdHarmonic,train,118,966656
G4_10pThirdHarmonic_chunk0_00119.png,10pThirdHarmonic,G4_10pThirdHarmonic.wav__chunk0,4,10pThirdHarmonic,train,119,974848
G4_10pThirdHarmonic_chunk0_00120.png,10pThirdHarmonic,G4_10pThirdHarmonic.wav__chunk0,4,10pThirdHarmonic,train,120,983040
G4_10pThirdHarmonic_chunk0_00121.png,10pThirdHarmonic,G4_10pThirdHarmonic.wav__chunk0,4,10pThirdHarmonic,train,121,991232
G4_10pThirdHarmonic_chunk0_00122.png,10pThirdHarmonic,G4_10pThirdHarmonic.wav__chunk0,4,10pThirdHarmonic,train,122,999424
G4_10pThirdHarmonic_chunk0_00123.png,10pThirdHarmonic,G4_10pThirdHarmonic.wav__chunk0,4,10pThirdHarmonic,train,123,1007616
G4_10pThirdHarmonic_chunk0_00124.png,10pThirdHarmonic,G4_10pThirdHarmonic.wav__chunk0,4,10pThirdHarmonic,train,124,1015808
G4_10pThirdHarmonic_chunk0_00125.png,10pThirdHarmonic,G4_10pThirdHarmonic.wav__chunk0,4,10pThirdHarmonic,train,125,1024000
G4_10pThirdHarmonic_chunk0_00126.png,10pThirdHarmonic,G4_10pThirdHarmonic.wav__chunk0,4,10pThirdHarmonic,train,126,1032192
G4_10pThirdHarmonic_chunk0_00127.png,10pThirdHarmonic,G4_10pThirdHarmonic.wav__chunk0,4,10pThirdHarmonic,train,127,1040384
G4_10pThirdHarmonic_chunk0_00128.png,10pThirdHarmonic,G4_10pThirdHarmonic.wav__chunk0,4,10pThirdHarmonic,train,128,1048576
G4_10pThirdHarmonic_chunk0_00129.png,10pThirdHarmonic,G4_10pThirdHarmonic.wav__chunk0,4,10pThirdHarmonic,train,129,1056768
G4_10pThirdHarmonic_chunk0_00130.png,10pThirdHarmonic,G4_10pThirdHarmonic.wav__chunk0,4,10pThirdHarmonic,train,130,1064960
G4_10pThirdHarmonic_chunk0_00131.png,10pThirdHarmonic,G4_10pThirdHarmonic.wav__chunk0,4,10pThirdHarmonic,train,131,1073152
G4_10pThirdHarmonic_chunk0_00132.png,10pThirdHarmonic,G4_10pThirdHarmonic.wav__chunk0,4,10pThirdHarmonic,train,132,1081344
G4_10pThirdHarmonic_chunk0_00133.png,10pThirdHarmonic,G4_10pThirdHarmonic.wav__chunk0,4,10pThirdHarmonic,train,133,1089536
G4_10pThirdHarmonic_chunk0_00134.png,10pThirdHarmonic,G4_10pThirdHarmonic.wav__chunk0,4,10pThirdHarmonic,train,134,1097728
G4_10pThirdHarmonic_chunk0_00135.png,10pThirdHarmonic,G4_10pThirdHarmonic.wav__chunk0,4,10pThirdHarmonic,train,135,1105920
G4_10pThirdHarmonic_chunk0_00136.png,10pThirdHarmonic,G4_10pThirdHarmonic.wav__chunk0,4,10pThirdHarmonic,train,136,1114112
G4_10pThirdHarmonic_chunk0_00137.png,10pThirdHarmonic,G4_10pThirdHarmonic.wav__chunk0,4,10pThirdHarmonic,train,137,1122304
G4_10pThirdHarmonic_chunk0_00138.png,10pThirdHarmonic,G4_10pThirdHarmonic.wav__chunk0,4,10pThirdHarmonic,train,138,1130496
G4_10pThirdHarmonic_chunk0_00139.png,10pThirdHarmonic,G4_10pThirdHarmonic.wav__chunk0,4,10pThirdHarmonic,train,139,1138688
G4_10pThirdHarmonic_chunk0_00140.png,10pThirdHarmonic,G4_10pThirdHarmonic.wav__chunk0,4,10pThirdHarmonic,train,140,1146880
G4_10pThirdHarmonic_chunk0_00141.png,10pThirdHarmonic,G4_10pThirdHarmonic.wav__chunk0,4,10pThirdHarmonic,train,141,1155072
G4_10pThirdHarmonic_chunk0_00142.png,10pThirdHarmonic,G4_10pThirdHarmonic.wav__chunk0,4,10pThirdHarmonic,train,142,1163264
G4_10pThirdHarmonic_chunk0_00143.png,10pThirdHarmonic,G4_10pThirdHarmonic.wav__chunk0,4,10pThirdHarmonic,train,143,1171456
G4_10pThirdHarmonic_chunk0_00144.png,10pThirdHarmonic,G4_10pThirdHarmonic.wav__chunk0,4,10pThirdHarmonic,train,144,1179648
G4_10pThirdHarmonic_chunk0_00145.png,10pThirdHarmonic,G4_10pThirdHarmonic.wav__chunk0,4,10pThirdHarmonic,train,145,1187840
G4_10pThirdHarmonic_chunk0_00146.png,10pThirdHarmonic,G4_10pThirdHarmonic.wav__chunk0,4,10pThirdHarmonic,train,146,1196032
G4_10pThirdHarmonic_chunk0_00147.png,10pThirdHarmonic,G4_10pThirdHarmonic.wav__chunk0,4,10pThirdHarmonic,train,147,1204224
G4_10pThirdHarmonic_chunk0_00148.png,10pThirdHarmonic,G4_10pThirdHarmonic.wav__chunk0,4,10pThirdHarmonic,train,148,1212416
G4_10pThirdHarmonic_chunk0_00149.png,10pThirdHarmonic,G4_10pThirdHarmonic.wav__chunk0,4,10pThirdHarmonic,train,149,1220608
G4_10pThirdHarmonic_chunk0_00150.png,10pThirdHarmonic,G4_10pThirdHarmonic.wav__chunk0,4,10pThirdHarmonic,train,150,1228800
G4_10pThirdHarmonic_chunk0_00151.png,10pThirdHarmonic,G4_10pThirdHarmonic.wav__chunk0,4,10pThirdHarmonic,train,151,1236992
G4_10pThirdHarmonic_chunk0_00152.png,10pThirdHarmonic,G4_10pThirdHarmonic.wav__chunk0,4,10pThirdHarmonic,train,152,1245184
G4_10pThirdHarmonic_chunk0_00153.png,10pThirdHarmonic,G4_10pThirdHarmonic.wav__chunk0,4,10pThirdHarmonic,train,153,1253376
G4_10pThirdHarmonic_chunk0_00154.png,10pThirdHarmonic,G4_10pThirdHarmonic.wav__chunk0,4,10pThirdHarmonic,train,154,1261568
G4_10pThirdHarmonic_chunk0_00155.png,10pThirdHarmonic,G4_10pThirdHarmonic.wav__chunk0,4,10pThirdHarmonic,train,155,1269760
G4_10pThirdHarmonic_chunk0_00156.png,10pThirdHarmonic,G4_10pThirdHarmonic.wav__chunk0,4,10pThirdHarmonic,train,156,1277952
G4_10pThirdHarmonic_chunk0_00157.png,10pThirdHarmonic,G4_10pThirdHarmonic.wav__chunk0,4,10pThirdHarmonic,train,157,1286144
G4_10pThirdHarmonic_chunk0_00158.png,10pThirdHarmonic,G4_10pThirdHarmonic.wav__chunk0,4,10pThirdHarmonic,train,158,1294336
G4_10pThirdHarmonic_chunk0_00159.png,10pThirdHarmonic,G4_10pThirdHarmonic.wav__chunk0,4,10pThirdHarmonic,train,159,1302528
G4_10pThirdHarmonic_chunk0_00160.png,10pThirdHarmonic,G4_10pThirdHarmonic.wav__chunk0,4,10pThirdHarmonic,train,160,1310720
G4_10pThirdHarmonic_chunk0_00161.png,10pThirdHarmonic,G4_10pThirdHarmonic.wav__chunk0,4,10pThirdHarmonic,train,161,1318912
G4_10pThirdHarmonic_chunk0_00162.png,10pThirdHarmonic,G4_10pThirdHarmonic.wav__chunk0,4,10pThirdHarmonic,train,162,1327104
G4_10pThirdHarmonic_chunk0_00163.png,10pThirdHarmonic,G4_10pThirdHarmonic.wav__chunk0,4,10pThirdHarmonic,train,163,1335296
G4_10pThirdHarmonic_chunk0_00164.png,10pThirdHarmonic,G4_10pThirdHarmonic.wav__chunk0,4,10pThirdHarmonic,train,164,1343488
G4_10pThirdHarmonic_chunk0_00165.png,10pThirdHarmonic,G4_10pThirdHarmonic.wav__chunk0,4,10pThirdHarmonic,train,165,1351680
G4_10pThirdHarmonic_chunk0_00166.png,10pThirdHarmonic,G4_10pThirdHarmonic.wav__chunk0,4,10pThirdHarmonic,train,166,1359872
G4_10pThirdHarmonic_chunk0_00167.png,10pThirdHarmonic,G4_10pThirdHarmonic.wav__chunk0,4,10pThirdHarmonic,train,167,1368064
G4_10pThirdHarmonic_chunk0_00168.png,10pThirdHarmonic,G4_10pThirdHarmonic.wav__chunk0,4,10pThirdHarmonic,train,168,1376256
G4_10pThirdHarmonic_chunk0_00169.png,10pThirdHarmonic,G4_10pThirdHarmonic.wav__chunk0,4,10pThirdHarmonic,train,169,1384448
G4_10pThirdHarmonic_chunk0_00170.png,10pThirdHarmonic,G4_10pThirdHarmonic.wav__chunk0,4,10pThirdHarmonic,train,170,1392640
G4_10pThirdHarmonic_chunk0_00171.png,10pThirdHarmonic,G4_10pThirdHarmonic.wav__chunk0,4,10pThirdHarmonic,train,171,1400832
G4_10pThirdHarmonic_chunk0_00172.png,10pThirdHarmonic,G4_10pThirdHarmonic.wav__chunk0,4,10pThirdHarmonic,train,172,1409024
G4_10pThirdHarmonic_chunk0_00173.png,10pThirdHarmonic,G4_10pThirdHarmonic.wav__chunk0,4,10pThirdHarmonic,train,173,1417216
G4_10pThirdHarmonic_chunk0_00174.png,10pThirdHarmonic,G4_10pThirdHarmonic.wav__chunk0,4,10pThirdHarmonic,train,174,1425408
G4_10pThirdHarmonic_chunk0_00175.png,10pThirdHarmonic,G4_10pThirdHarmonic.wav__chunk0,4,10pThirdHarmonic,train,175,1433600
G4_10pThirdHarmonic_chunk0_00176.png,10pThirdHarmonic,G4_10pThirdHarmonic.wav__chunk0,4,10pThirdHarmonic,train,176,1441792
G4_10pThirdHarmonic_chunk0_00177.png,10pThirdHarmonic,G4_10pThirdHarmonic.wav__chunk0,4,10pThirdHarmonic,train,177,1449984
G4_10pThirdHarmonic_chunk0_00178.png,10pThirdHarmonic,G4_10pThirdHarmonic.wav__chunk0,4,10pThirdHarmonic,train,178,1458176
G4_10pThirdHarmonic_chunk0_00179.png,10pThirdHarmonic,G4_10pThirdHarmonic.wav__chunk0,4,10pThirdHarmonic,train,179,1466368
G4_10pThirdHarmonic_chunk0_00180.png,10pThirdHarmonic,G4_10pThirdHarmonic.wav__chunk0,4,10pThirdHarmonic,train,180,1474560
G4_10pThirdHarmonic_chunk0_00181.png,10pThirdHarmonic,G4_10pThirdHarmonic.wav__chunk0,4,10pThirdHarmonic,train,181,1482752
G4_10pThirdHarmonic_chunk0_00182.png,10pThirdHarmonic,G4_10pThirdHarmonic.wav__chunk0,4,10pThirdHarmonic,train,182,1490944
G4_10pThirdHarmonic_chunk0_00183.png,10pThirdHarmonic,G4_10pThirdHarmonic.wav__chunk0,4,10pThirdHarmonic,train,183,1499136
G4_10pThirdHarmonic_chunk0_00184.png,10pThirdHarmonic,G4_10pThirdHarmonic.wav__chunk0,4,10pThirdHarmonic,train,184,1507328
G4_10pThirdHarmonic_chunk0_00185.png,10pThirdHarmonic,G4_10pThirdHarmonic.wav__chunk0,4,10pThirdHarmonic,train,185,1515520
G4_10pThirdHarmonic_chunk0_00186.png,10pThirdHarmonic,G4_10pThirdHarmonic.wav__chunk0,4,10pThirdHarmonic,train,186,1523712
G4_10pThirdHarmonic_chunk0_00187.png,10pThirdHarmonic,G4_10pThirdHarmonic.wav__chunk0,4,10pThirdHarmonic,train,187,1531904
G4_10pThirdHarmonic_chunk0_00188.png,10pThirdHarmonic,G4_10pThirdHarmonic.wav__chunk0,4,10pThirdHarmonic,train,188,1540096
G4_10pThirdHarmonic_chunk0_00189.png,10pThirdHarmonic,G4_10pThirdHarmonic.wav__chunk0,4,10pThirdHarmonic,train,189,1548288
G4_10pThirdHarmonic_chunk0_00190.png,10pThirdHarmonic,G4_10pThirdHarmonic.wav__chunk0,4,10pThirdHarmonic,train,190,1556480
G4_10pThirdHarmonic_chunk0_00191.png,10pThirdHarmonic,G4_10pThirdHarmonic.wav__chunk0,4,10pThirdHarmonic,train,191,1564672
G4_10pThirdHarmonic_chunk0_00192.png,10pThirdHarmonic,G4_10pThirdHarmonic.wav__chunk0,4,10pThirdHarmonic,train,192,1572864
G4_10pThirdHarmonic_chunk0_00193.png,10pThirdHarmonic,G4_10pThirdHarmonic.wav__chunk0,4,10pThirdHarmonic,train,193,1581056
G4_10pThirdHarmonic_chunk0_00194.png,10pThirdHarmonic,G4_10pThirdHarmonic.wav__chunk0,4,10pThirdHarmonic,train,194,1589248
G4_10pThirdHarmonic_chunk0_00195.png,10pThirdHarmonic,G4_10pThirdHarmonic.wav__chunk0,4,10pThirdHarmonic,train,195,1597440
G4_10pThirdHarmonic_chunk0_00196.png,10pThirdHarmonic,G4_10pThirdHarmonic.wav__chunk0,4,10pThirdHarmonic,train,196,1605632
G4_10pThirdHarmonic_chunk0_00197.png,10pThirdHarmonic,G4_10pThirdHarmonic.wav__chunk0,4,10pThirdHarmonic,train,197,1613824
G4_10pThirdHarmonic_chunk0_00198.png,10pThirdHarmonic,G4_10pThirdHarmonic.wav__chunk0,4,10pThirdHarmonic,train,198,1622016
G4_10pThirdHarmonic_chunk0_00199.png,10pThirdHarmonic,G4_10pThirdHarmonic.wav__chunk0,4,10pThirdHarmonic,train,199,1630208
G4_10pThirdHarmonic_chunk0_00200.png,10pThirdHarmonic,G4_10pThirdHarmonic.wav__chunk0,4,10pThirdHarmonic,train,200,1638400
G4_10pThirdHarmonic_chunk0_00201.png,10pThirdHarmonic,G4_10pThirdHarmonic.wav__chunk0,4,10pThirdHarmonic,train,201,1646592
G4_10pThirdHarmonic_chunk0_00202.png,10pThirdHarmonic,G4_10pThirdHarmonic.wav__chunk0,4,10pThirdHarmonic,train,202,1654784
G4_10pThirdHarmonic_chunk0_00203.png,10pThirdHarmonic,G4_10pThirdHarmonic.wav__chunk0,4,10pThirdHarmonic,train,203,1662976
G4_10pThirdHarmonic_chunk0_00204.png,10pThirdHarmonic,G4_10pThirdHarmonic.wav__chunk0,4,10pThirdHarmonic,train,204,1671168
G4_10pThirdHarmonic_chunk0_00205.png,10pThirdHarmonic,G4_10pThirdHarmonic.wav__chunk0,4,10pThirdHarmonic,train,205,1679360
G4_10pThirdHarmonic_chunk0_00206.png,10pThirdHarmonic,G4_10pThirdHarmonic.wav__chunk0,4,10pThirdHarmonic,train,206,1687552
G4_10pThirdHarmonic_chunk0_00207.png,10pThirdHarmonic,G4_10pThirdHarmonic.wav__chunk0,4,10pThirdHarmonic,train,207,1695744
G4_10pThirdHarmonic_chunk0_00208.png,10pThirdHarmonic,G4_10pThirdHarmonic.wav__chunk0,4,10pThirdHarmonic,train,208,1703936
G4_10pThirdHarmonic_chunk0_00209.png,10pThirdHarmonic,G4_10pThirdHarmonic.wav__chunk0,4,10pThirdHarmonic,train,209,1712128
G4_10pThirdHarmonic_chunk0_00210.png,10pThirdHarmonic,G4_10pThirdHarmonic.wav__chunk0,4,10pThirdHarmonic,train,210,1720320
G4_10pThirdHarmonic_chunk0_00211.png,10pThirdHarmonic,G4_10pThirdHarmonic.wav__chunk0,4,10pThirdHarmonic,train,211,1728512
G4_10pThirdHarmonic_chunk0_00212.png,10pThirdHarmonic,G4_10pThirdHarmonic.wav__chunk0,4,10pThirdHarmonic,train,212,1736704
G4_10pThirdHarmonic_chunk0_00213.png,10pThirdHarmonic,G4_10pThirdHarmonic.wav__chunk0,4,10pThirdHarmonic,train,213,1744896
G4_10pThirdHarmonic_chunk0_00214.png,10pThirdHarmonic,G4_10pThirdHarmonic.wav__chunk0,4,10pThirdHarmonic,train,214,1753088
G4_10pThirdHarmonic_chunk0_00215.png,10pThirdHarmonic,G4_10pThirdHarmonic.wav__chunk0,4,10pThirdHarmonic,train,215,1761280
G4_10pThirdHarmonic_chunk0_00216.png,10pThirdHarmonic,G4_10pThirdHarmonic.wav__chunk0,4,10pThirdHarmonic,train,216,1769472
G4_10pThirdHarmonic_chunk0_00217.png,10pThirdHarmonic,G4_10pThirdHarmonic.wav__chunk0,4,10pThirdHarmonic,train,217,1777664
G4_10pThirdHarmonic_chunk0_00218.png,10pThirdHarmonic,G4_10pThirdHarmonic.wav__chunk0,4,10pThirdHarmonic,train,218,1785856
G4_10pThirdHarmonic_chunk0_00219.png,10pThirdHarmonic,G4_10pThirdHarmonic.wav__chunk0,4,10pThirdHarmonic,train,219,1794048
G4_10pThirdHarmonic_chunk0_00220.png,10pThirdHarmonic,G4_10pThirdHarmonic.wav__chunk0,4,10pThirdHarmonic,train,220,1802240
G4_10pThirdHarmonic_chunk0_00221.png,10pThirdHarmonic,G4_10pThirdHarmonic.wav__chunk0,4,10pThirdHarmonic,train,221,1810432
G4_10pThirdHarmonic_chunk0_00222.png,10pThirdHarmonic,G4_10pThirdHarmonic.wav__chunk0,4,10pThirdHarmonic,train,222,1818624
G4_10pThirdHarmonic_chunk0_00223.png,10pThirdHarmonic,G4_10pThirdHarmonic.wav__chunk0,4,10pThirdHarmonic,train,223,1826816
G4_10pThirdHarmonic_chunk0_00224.png,10pThirdHarmonic,G4_10pThirdHarmonic.wav__chunk0,4,10pThirdHarmonic,train,224,1835008
G4_10pThirdHarmonic_chunk0_00225.png,10pThirdHarmonic,G4_10pThirdHarmonic.wav__chunk0,4,10pThirdHarmonic,train,225,1843200
G4_10pThirdHarmonic_chunk0_00226.png,10pThirdHarmonic,G4_10pThirdHarmonic.wav__chunk0,4,10pThirdHarmonic,train,226,1851392
G4_10pThirdHarmonic_chunk0_00227.png,10pThirdHarmonic,G4_10pThirdHarmonic.wav__chunk0,4,10pThirdHarmonic,train,227,1859584
G3_20pFifthHarmonic_00000.png,20pFifthHarmonic,G3_20pFifthHarmonic.wav,3,20pFifthHarmonic,train,0,0
G3_20pFifthHarmonic_00001.png,20pFifthHarmonic,G3_20pFifthHarmonic.wav,3,20pFifthHarmonic,train,1,8192
G3_20pFifthHarmonic_00002.png,20pFifthHarmonic,G3_20pFifthHarmonic.wav,3,20pFifthHarmonic,train,2,16384
G3_20pFifthHarmonic_00003.png,20pFifthHarmonic,G3_20pFifthHarmonic.wav,3,20pFifthHarmonic,train,3,24576
G3_20pFifthHarmonic_00004.png,20pFifthHarmonic,G3_20pFifthHarmonic.wav,3,20pFifthHarmonic,train,4,32768
G3_20pFifthHarmonic_00005.png,20pFifthHarmonic,G3_20pFifthHarmonic.wav,3,20pFifthHarmonic,train,5,40960
G3_20pFifthHarmonic_00006.png,20pFifthHarmonic,G3_20pFifthHarmonic.wav,3,20pFifthHarmonic,train,6,49152
G3_20pFifthHarmonic_00007.png,20pFifthHarmonic,G3_20pFifthHarmonic.wav,3,20pFifthHarmonic,train,7,57344
G3_20pFifthHarmonic_00008.png,20pFifthHarmonic,G3_20pFifthHarmonic.wav,3,20pFifthHarmonic,train,8,65536
G3_20pFifthHarmonic_00009.png,20pFifthHarmonic,G3_20pFifthHarmonic.wav,3,20pFifthHarmonic,train,9,73728
G3_20pFifthHarmonic_00010.png,20pFifthHarmonic,G3_20pFifthHarmonic.wav,3,20pFifthHarmonic,train,10,81920
G3_20pFifthHarmonic_00011.png,20pFifthHarmonic,G3_20pFifthHarmonic.wav,3,20pFifthHarmonic,train,11,90112
G3_20pFifthHarmonic_00012.png,20pFifthHarmonic,G3_20pFifthHarmonic.wav,3,20pFifthHarmonic,train,12,98304
G3_20pFifthHarmonic_00013.png,20pFifthHarmonic,G3_20pFifthHarmonic.wav,3,20pFifthHarmonic,train,13,106496
G3_20pFifthHarmonic_00014.png,20pFifthHarmonic,G3_20pFifthHarmonic.wav,3,20pFifthHarmonic,train,14,114688
G3_20pFifthHarmonic_00015.png,20pFifthHarmonic,G3_20pFifthHarmonic.wav,3,20pFifthHarmonic,train,15,122880
G3_20pFifthHarmonic_00016.png,20pFifthHarmonic,G3_20pFifthHarmonic.wav,3,20pFifthHarmonic,train,16,131072
G3_20pFifthHarmonic_00017.png,20pFifthHarmonic,G3_20pFifthHarmonic.wav,3,20pFifthHarmonic,train,17,139264
G3_20pFifthHarmonic_00018.png,20pFifthHarmonic,G3_20pFifthHarmonic.wav,3,20pFifthHarmonic,train,18,147456
G3_20pFifthHarmonic_00019.png,20pFifthHarmonic,G3_20pFifthHarmonic.wav,3,20pFifthHarmonic,train,19,155648
G3_20pFifthHarmonic_00020.png,20pFifthHarmonic,G3_20pFifthHarmonic.wav,3,20pFifthHarmonic,train,20,163840
G3_20pFifthHarmonic_00021.png,20pFifthHarmonic,G3_20pFifthHarmonic.wav,3,20pFifthHarmonic,train,21,172032
G3_20pFifthHarmonic_00022.png,20pFifthHarmonic,G3_20pFifthHarmonic.wav,3,20pFifthHarmonic,train,22,180224
G3_20pFifthHarmonic_00023.png,20pFifthHarmonic,G3_20pFifthHarmonic.wav,3,20pFifthHarmonic,train,23,188416
G3_20pFifthHarmonic_00024.png,20pFifthHarmonic,G3_20pFifthHarmonic.wav,3,20pFifthHarmonic,train,24,196608
G3_20pFifthHarmonic_00025.png,20pFifthHarmonic,G3_20pFifthHarmonic.wav,3,20pFifthHarmonic,train,25,204800
G3_20pFifthHarmonic_00026.png,20pFifthHarmonic,G3_20pFifthHarmonic.wav,3,20pFifthHarmonic,train,26,212992
G3_20pFifthHarmonic_00027.png,20pFifthHarmonic,G3_20pFifthHarmonic.wav,3,20pFifthHarmonic,train,27,221184
G3_20pFifthHarmonic_00028.png,20pFifthHarmonic,G3_20pFifthHarmonic.wav,3,20pFifthHarmonic,train,28,229376
G3_20pFifthHarmonic_00029.png,20pFifthHarmonic,G3_20pFifthHarmonic.wav,3,20pFifthHarmonic,train,29,237568
G3_20pFifthHarmonic_00030.png,20pFifthHarmonic,G3_20pFifthHarmonic.wav,3,20pFifthHarmonic,train,30,245760
G3_20pFifthHarmonic_00031.png,20pFifthHarmonic,G3_20pFifthHarmonic.wav,3,20pFifthHarmonic,train,31,253952
G3_20pFifthHarmonic_00032.png,20pFifthHarmonic,G3_20pFifthHarmonic.wav,3,20pFifthHarmonic,train,32,262144
G3_20pFifthHarmonic_00033.png,20pFifthHarmonic,G3_20pFifthHarmonic.wav,3,20pFifthHarmonic,train,33,270336
G3_20pFifthHarmonic_00034.png,20pFifthHarmonic,G3_20pFifthHarmonic.wav,3,20pFifthHarmonic,train,34,278528
G3_20pFifthHarmonic_00035.png,20pFifthHarmonic,G3_20pFifthHarmonic.wav,3,20pFifthHarmonic,train,35,286720
G3_20pFifthHarmonic_00036.png,20pFifthHarmonic,G3_20pFifthHarmonic.wav,3,20pFifthHarmonic,train,36,294912
G3_20pFifthHarmonic_00037.png,20pFifthHarmonic,G3_20pFifthHarmonic.wav,3,20pFifthHarmonic,train,37,303104
G3_20pFifthHarmonic_00038.png,20pFifthHarmonic,G3_20pFifthHarmonic.wav,3,20pFifthHarmonic,train,38,311296
G3_20pFifthHarmonic_00039.png,20pFifthHarmonic,G3_20pFifthHarmonic.wav,3,20pFifthHarmonic,train,39,319488
G3_20pFifthHarmonic_00040.png,20pFifthHarmonic,G3_20pFifthHarmonic.wav,3,20pFifthHarmonic,train,40,327680
G3_20pFifthHarmonic_00041.png,20pFifthHarmonic,G3_20pFifthHarmonic.wav,3,20pFifthHarmonic,train,41,335872
G3_20pFifthHarmonic_00042.png,20pFifthHarmonic,G3_20pFifthHarmonic.wav,3,20pFifthHarmonic,train,42,344064
G3_20pFifthHarmonic_00043.png,20pFifthHarmonic,G3_20pFifthHarmonic.wav,3,20pFifthHarmonic,train,43,352256
G3_20pFifthHarmonic_00044.png,20pFifthHarmonic,G3_20pFifthHarmonic.wav,3,20pFifthHarmonic,train,44,360448
G3_20pFifthHarmonic_00045.png,20pFifthHarmonic,G3_20pFifthHarmonic.wav,3,20pFifthHarmonic,train,45,368640
G3_20pFifthHarmonic_00046.png,20pFifthHarmonic,G3_20pFifthHarmonic.wav,3,20pFifthHarmonic,train,46,376832
G3_20pFifthHarmonic_00047.png,20pFifthHarmonic,G3_20pFifthHarmonic.wav,3,20pFifthHarmonic,train,47,385024
G3_20pFifthHarmonic_00048.png,20pFifthHarmonic,G3_20pFifthHarmonic.wav,3,20pFifthHarmonic,train,48,393216
G3_20pFifthHarmonic_00049.png,20pFifthHarmonic,G3_20pFifthHarmonic.wav,3,20pFifthHarmonic,train,49,401408
G3_20pFifthHarmonic_00050.png,20pFifthHarmonic,G3_20pFifthHarmonic.wav,3,20pFifthHarmonic,train,50,409600
G3_20pFifthHarmonic_00051.png,20pFifthHarmonic,G3_20pFifthHarmonic.wav,3,20pFifthHarmonic,train,51,417792
G3_20pFifthHarmonic_00052.png,20pFifthHarmonic,G3_20pFifthHarmonic.wav,3,20pFifthHarmonic,train,52,425984
G3_20pFifthHarmonic_00053.png,20pFifthHarmonic,G3_20pFifthHarmonic.wav,3,20pFifthHarmonic,train,53,434176
G3_20pFifthHarmonic_00054.png,20pFifthHarmonic,G3_20pFifthHarmonic.wav,3,20pFifthHarmonic,train,54,442368
G3_20pFifthHarmonic_00055.png,20pFifthHarmonic,G3_20pFifthHarmonic.wav,3,20pFifthHarmonic,train,55,450560
G3_20pFifthHarmonic_00056.png,20pFifthHarmonic,G3_20pFifthHarmonic.wav,3,20pFifthHarmonic,train,56,458752
G3_20pFifthHarmonic_00057.png,20pFifthHarmonic,G3_20pFifthHarmonic.wav,3,20pFifthHarmonic,train,57,466944
G3_20pFifthHarmonic_00058.png,20pFifthHarmonic,G3_20pFifthHarmonic.wav,3,20pFifthHarmonic,train,58,475136
G3_20pFifthHarmonic_00059.png,20pFifthHarmonic,G3_20pFifthHarmonic.wav,3,20pFifthHarmonic,train,59,483328
G3_20pFifthHarmonic_00060.png,20pFifthHarmonic,G3_20pFifthHarmonic.wav,3,20pFifthHarmonic,train,60,491520
G3_20pFifthHarmonic_00061.png,20pFifthHarmonic,G3_20pFifthHarmonic.wav,3,20pFifthHarmonic,train,61,499712
G3_20pFifthHarmonic_00062.png,20pFifthHarmonic,G3_20pFifthHarmonic.wav,3,20pFifthHarmonic,train,62,507904
G3_20pFifthHarmonic_00063.png,20pFifthHarmonic,G3_20pFifthHarmonic.wav,3,20pFifthHarmonic,train,63,516096
G3_20pFifthHarmonic_00064.png,20pFifthHarmonic,G3_20pFifthHarmonic.wav,3,20pFifthHarmonic,train,64,524288
G3_20pFifthHarmonic_00065.png,20pFifthHarmonic,G3_20pFifthHarmonic.wav,3,20pFifthHarmonic,train,65,532480
G3_20pFifthHarmonic_00066.png,20pFifthHarmonic,G3_20pFifthHarmonic.wav,3,20pFifthHarmonic,train,66,540672
G3_20pFifthHarmonic_00067.png,20pFifthHarmonic,G3_20pFifthHarmonic.wav,3,20pFifthHarmonic,train,67,548864
G3_20pFifthHarmonic_00068.png,20pFifthHarmonic,G3_20pFifthHarmonic.wav,3,20pFifthHarmonic,train,68,557056
G3_20pFifthHarmonic_00069.png,20pFifthHarmonic,G3_20pFifthHarmonic.wav,3,20pFifthHarmonic,train,69,565248
G3_20pFifthHarmonic_00070.png,20pFifthHarmonic,G3_20pFifthHarmonic.wav,3,20pFifthHarmonic,train,70,573440
G3_20pFifthHarmonic_00071.png,20pFifthHarmonic,G3_20pFifthHarmonic.wav,3,20pFifthHarmonic,train,71,581632
G3_20pFifthHarmonic_00072.png,20pFifthHarmonic,G3_20pFifthHarmonic.wav,3,20pFifthHarmonic,train,72,589824
G3_20pFifthHarmonic_00073.png,20pFifthHarmonic,G3_20pFifthHarmonic.wav,3,20pFifthHarmonic,train,73,598016
G3_20pFifthHarmonic_00074.png,20pFifthHarmonic,G3_20pFifthHarmonic.wav,3,20pFifthHarmonic,train,74,606208
G3_20pFifthHarmonic_00075.png,20pFifthHarmonic,G3_20pFifthHarmonic.wav,3,20pFifthHarmonic,train,75,614400
G3_20pFifthHarmonic_00076.png,20pFifthHarmonic,G3_20pFifthHarmonic.wav,3,20pFifthHarmonic,train,76,622592
G3_20pFifthHarmonic_00077.png,20pFifthHarmonic,G3_20pFifthHarmonic.wav,3,20pFifthHarmonic,train,77,630784
G3_20pFifthHarmonic_00078.png,20pFifthHarmonic,G3_20pFifthHarmonic.wav,3,20pFifthHarmonic,train,78,638976
G3_20pFifthHarmonic_00079.png,20pFifthHarmonic,G3_20pFifthHarmonic.wav,3,20pFifthHarmonic,train,79,647168
G3_20pFifthHarmonic_00080.png,20pFifthHarmonic,G3_20pFifthHarmonic.wav,3,20pFifthHarmonic,train,80,655360
G3_20pFifthHarmonic_00081.png,20pFifthHarmonic,G3_20pFifthHarmonic.wav,3,20pFifthHarmonic,train,81,663552
G3_20pFifthHarmonic_00082.png,20pFifthHarmonic,G3_20pFifthHarmonic.wav,3,20pFifthHarmonic,train,82,671744
G3_20pFifthHarmonic_00083.png,20pFifthHarmonic,G3_20pFifthHarmonic.wav,3,20pFifthHarmonic,train,83,679936
G3_20pFifthHarmonic_00084.png,20pFifthHarmonic,G3_20pFifthHarmonic.wav,3,20pFifthHarmonic,train,84,688128
G3_20pFifthHarmonic_00085.png,20pFifthHarmonic,G3_20pFifthHarmonic.wav,3,20pFifthHarmonic,train,85,696320
G3_20pFifthHarmonic_00086.png,20pFifthHarmonic,G3_20pFifthHarmonic.wav,3,20pFifthHarmonic,train,86,704512
G3_20pFifthHarmonic_00087.png,20pFifthHarmonic,G3_20pFifthHarmonic.wav,3,20pFifthHarmonic,train,87,712704
G3_20pFifthHarmonic_00088.png,20pFifthHarmonic,G3_20pFifthHarmonic.wav,3,20pFifthHarmonic,train,88,720896
G3_20pFifthHarmonic_00089.png,20pFifthHarmonic,G3_20pFifthHarmonic.wav,3,20pFifthHarmonic,train,89,729088
G3_20pFifthHarmonic_00090.png,20pFifthHarmonic,G3_20pFifthHarmonic.wav,3,20pFifthHarmonic,train,90,737280
G3_20pFifthHarmonic_00091.png,20pFifthHarmonic,G3_20pFifthHarmonic.wav,3,20pFifthHarmonic,train,91,745472
G3_20pFifthHarmonic_00092.png,20pFifthHarmonic,G3_20pFifthHarmonic.wav,3,20pFifthHarmonic,train,92,753664
G3_20pFifthHarmonic_00093.png,20pFifthHarmonic,G3_20pFifthHarmonic.wav,3,20pFifthHarmonic,train,93,761856
G3_20pFifthHarmonic_00094.png,20pFifthHarmonic,G3_20pFifthHarmonic.wav,3,20pFifthHarmonic,train,94,770048
G3_20pFifthHarmonic_00095.png,20pFifthHarmonic,G3_20pFifthHarmonic.wav,3,20pFifthHarmonic,train,95,778240
G3_20pFifthHarmonic_00096.png,20pFifthHarmonic,G3_20pFifthHarmonic.wav,3,20pFifthHarmonic,train,96,786432
G3_20pFifthHarmonic_00097.png,20pFifthHarmonic,G3_20pFifthHarmonic.wav,3,20pFifthHarmonic,train,97,794624
G3_20pFifthHarmonic_00098.png,20pFifthHarmonic,G3_20pFifthHarmonic.wav,3,20pFifthHarmonic,train,98,802816
G3_20pFifthHarmonic_00099.png,20pFifthHarmonic,G3_20pFifthHarmonic.wav,3,20pFifthHarmonic,train,99,811008
G3_20pFifthHarmonic_00100.png,20pFifthHarmonic,G3_20pFifthHarmonic.wav,3,20pFifthHarmonic,train,100,819200
G3_20pFifthHarmonic_00101.png,20pFifthHarmonic,G3_20pFifthHarmonic.wav,3,20pFifthHarmonic,train,101,827392
G3_20pFifthHarmonic_00102.png,20pFifthHarmonic,G3_20pFifthHarmonic.wav,3,20pFifthHarmonic,train,102,835584
G3_20pFifthHarmonic_00103.png,20pFifthHarmonic,G3_20pFifthHarmonic.wav,3,20pFifthHarmonic,train,103,843776
G3_20pFifthHarmonic_00104.png,20pFifthHarmonic,G3_20pFifthHarmonic.wav,3,20pFifthHarmonic,train,104,851968
G3_20pFifthHarmonic_00105.png,20pFifthHarmonic,G3_20pFifthHarmonic.wav,3,20pFifthHarmonic,train,105,860160
G3_20pFifthHarmonic_00106.png,20pFifthHarmonic,G3_20pFifthHarmonic.wav,3,20pFifthHarmonic,train,106,868352
G3_20pFifthHarmonic_00107.png,20pFifthHarmonic,G3_20pFifthHarmonic.wav,3,20pFifthHarmonic,train,107,876544
G3_20pFifthHarmonic_00108.png,20pFifthHarmonic,G3_20pFifthHarmonic.wav,3,20pFifthHarmonic,train,108,884736
G3_20pFifthHarmonic_00109.png,20pFifthHarmonic,G3_20pFifthHarmonic.wav,3,20pFifthHarmonic,train,109,892928
G3_20pFifthHarmonic_00110.png,20pFifthHarmonic,G3_20pFifthHarmonic.wav,3,20pFifthHarmonic,train,110,901120
G3_20pFifthHarmonic_00111.png,20pFifthHarmonic,G3_20pFifthHarmonic.wav,3,20pFifthHarmonic,train,111,909312
G3_20pFifthHarmonic_00112.png,20pFifthHarmonic,G3_20pFifthHarmonic.wav,3,20pFifthHarmonic,train,112,917504
G3_20pFifthHarmonic_00113.png,20pFifthHarmonic,G3_20pFifthHarmonic.wav,3,20pFifthHarmonic,train,113,925696
G3_20pFifthHarmonic_00114.png,20pFifthHarmonic,G3_20pFifthHarmonic.wav,3,20pFifthHarmonic,train,114,933888
G3_20pFifthHarmonic_00115.png,20pFifthHarmonic,G3_20pFifthHarmonic.wav,3,20pFifthHarmonic,train,115,942080
G3_20pFifthHarmonic_00116.png,20pFifthHarmonic,G3_20pFifthHarmonic.wav,3,20pFifthHarmonic,train,116,950272
G3_20pFifthHarmonic_00117.png,20pFifthHarmonic,G3_20pFifthHarmonic.wav,3,20pFifthHarmonic,train,117,958464
G3_20pFifthHarmonic_00118.png,20pFifthHarmonic,G3_20pFifthHarmonic.wav,3,20pFifthHarmonic,train,118,966656
G3_20pFifthHarmonic_00119.png,20pFifthHarmonic,G3_20pFifthHarmonic.wav,3,20pFifthHarmonic,train,119,974848
G3_20pFifthHarmonic_00120.png,20pFifthHarmonic,G3_20pFifthHarmonic.wav,3,20pFifthHarmonic,train,120,983040
G3_20pFifthHarmonic_00121.png,20pFifthHarmonic,G3_20pFifthHarmonic.wav,3,20pFifthHarmonic,train,121,991232
G3_20pFifthHarmonic_00122.png,20pFifthHarmonic,G3_20pFifthHarmonic.wav,3,20pFifthHarmonic,train,122,999424
G3_20pFifthHarmonic_00123.png,20pFifthHarmonic,G3_20pFifthHarmonic.wav,3,20pFifthHarmonic,train,123,1007616
G3_20pFifthHarmonic_00124.png,20pFifthHarmonic,G3_20pFifthHarmonic.wav,3,20pFifthHarmonic,train,124,1015808
G3_20pFifthHarmonic_00125.png,20pFifthHarmonic,G3_20pFifthHarmonic.wav,3,20pFifthHarmonic,train,125,1024000
G3_20pFifthHarmonic_00126.png,20pFifthHarmonic,G3_20pFifthHarmonic.wav,3,20pFifthHarmonic,train,126,1032192
G3_20pFifthHarmonic_00127.png,20pFifthHarmonic,G3_20pFifthHarmonic.wav,3,20pFifthHarmonic,train,127,1040384
G3_20pFifthHarmonic_00128.png,20pFifthHarmonic,G3_20pFifthHarmonic.wav,3,20pFifthHarmonic,train,128,1048576
G3_20pFifthHarmonic_00129.png,20pFifthHarmonic,G3_20pFifthHarmonic.wav,3,20pFifthHarmonic,train,129,1056768
G3_20pFifthHarmonic_00130.png,20pFifthHarmonic,G3_20pFifthHarmonic.wav,3,20pFifthHarmonic,train,130,1064960
G3_20pFifthHarmonic_00131.png,20pFifthHarmonic,G3_20pFifthHarmonic.wav,3,20pFifthHarmonic,train,131,1073152
G3_20pFifthHarmonic_00132.png,20pFifthHarmonic,G3_20pFifthHarmonic.wav,3,20pFifthHarmonic,train,132,1081344
G3_20pFifthHarmonic_00133.png,20pFifthHarmonic,G3_20pFifthHarmonic.wav,3,20pFifthHarmonic,train,133,1089536
G3_20pFifthHarmonic_00134.png,20pFifthHarmonic,G3_20pFifthHarmonic.wav,3,20pFifthHarmonic,train,134,1097728
G3_20pFifthHarmonic_00135.png,20pFifthHarmonic,G3_20pFifthHarmonic.wav,3,20pFifthHarmonic,train,135,1105920
G3_20pFifthHarmonic_00136.png,20pFifthHarmonic,G3_20pFifthHarmonic.wav,3,20pFifthHarmonic,train,136,1114112
G3_20pFifthHarmonic_00137.png,20pFifthHarmonic,G3_20pFifthHarmonic.wav,3,20pFifthHarmonic,train,137,1122304
G3_20pFifthHarmonic_00138.png,20pFifthHarmonic,G3_20pFifthHarmonic.wav,3,20pFifthHarmonic,train,138,1130496
G3_20pFifthHarmonic_00139.png,20pFifthHarmonic,G3_20pFifthHarmonic.wav,3,20pFifthHarmonic,train,139,1138688
G3_20pFifthHarmonic_00140.png,20pFifthHarmonic,G3_20pFifthHarmonic.wav,3,20pFifthHarmonic,train,140,1146880
G3_20pFifthHarmonic_00141.png,20pFifthHarmonic,G3_20pFifthHarmonic.wav,3,20pFifthHarmonic,train,141,1155072
G3_20pFifthHarmonic_00142.png,20pFifthHarmonic,G3_20pFifthHarmonic.wav,3,20pFifthHarmonic,train,142,1163264
G3_20pFifthHarmonic_00143.png,20pFifthHarmonic,G3_20pFifthHarmonic.wav,3,20pFifthHarmonic,train,143,1171456
G3_20pFifthHarmonic_00144.png,20pFifthHarmonic,G3_20pFifthHarmonic.wav,3,20pFifthHarmonic,train,144,1179648
G3_20pFifthHarmonic_00145.png,20pFifthHarmonic,G3_20pFifthHarmonic.wav,3,20pFifthHarmonic,train,145,1187840
G3_20pFifthHarmonic_00146.png,20pFifthHarmonic,G3_20pFifthHarmonic.wav,3,20pFifthHarmonic,train,146,1196032
G3_20pFifthHarmonic_00147.png,20pFifthHarmonic,G3_20pFifthHarmonic.wav,3,20pFifthHarmonic,train,147,1204224
G3_20pFifthHarmonic_00148.png,20pFifthHarmonic,G3_20pFifthHarmonic.wav,3,20pFifthHarmonic,train,148,1212416
G3_20pFifthHarmonic_00149.png,20pFifthHarmonic,G3_20pFifthHarmonic.wav,3,20pFifthHarmonic,train,149,1220608
G3_20pFifthHarmonic_00150.png,20pFifthHarmonic,G3_20pFifthHarmonic.wav,3,20pFifthHarmonic,train,150,1228800
G3_20pFifthHarmonic_00151.png,20pFifthHarmonic,G3_20pFifthHarmonic.wav,3,20pFifthHarmonic,train,151,1236992
G3_20pFifthHarmonic_00152.png,20pFifthHarmonic,G3_20pFifthHarmonic.wav,3,20pFifthHarmonic,train,152,1245184
G3_20pFifthHarmonic_00153.png,20pFifthHarmonic,G3_20pFifthHarmonic.wav,3,20pFifthHarmonic,train,153,1253376
G3_20pFifthHarmonic_00154.png,20pFifthHarmonic,G3_20pFifthHarmonic.wav,3,20pFifthHarmonic,train,154,1261568
G3_20pFifthHarmonic_00155.png,20pFifthHarmonic,G3_20pFifthHarmonic.wav,3,20pFifthHarmonic,train,155,1269760
G3_20pFifthHarmonic_00156.png,20pFifthHarmonic,G3_20pFifthHarmonic.wav,3,20pFifthHarmonic,train,156,1277952
G3_20pFifthHarmonic_00157.png,20pFifthHarmonic,G3_20pFifthHarmonic.wav,3,20pFifthHarmonic,train,157,1286144
G3_20pFifthHarmonic_00158.png,20pFifthHarmonic,G3_20pFifthHarmonic.wav,3,20pFifthHarmonic,train,158,1294336
G3_20pFifthHarmonic_00159.png,20pFifthHarmonic,G3_20pFifthHarmonic.wav,3,20pFifthHarmonic,train,159,1302528
G3_20pFifthHarmonic_00160.png,20pFifthHarmonic,G3_20pFifthHarmonic.wav,3,20pFifthHarmonic,train,160,1310720
G3_20pFifthHarmonic_00161.png,20pFifthHarmonic,G3_20pFifthHarmonic.wav,3,20pFifthHarmonic,train,161,1318912
G3_20pFifthHarmonic_00162.png,20pFifthHarmonic,G3_20pFifthHarmonic.wav,3,20pFifthHarmonic,train,162,1327104
G3_20pFifthHarmonic_00163.png,20pFifthHarmonic,G3_20pFifthHarmonic.wav,3,20pFifthHarmonic,train,163,1335296
G3_20pFifthHarmonic_00164.png,20pFifthHarmonic,G3_20pFifthHarmonic.wav,3,20pFifthHarmonic,train,164,1343488
G3_20pFifthHarmonic_00165.png,20pFifthHarmonic,G3_20pFifthHarmonic.wav,3,20pFifthHarmonic,train,165,1351680
G3_20pFifthHarmonic_00166.png,20pFifthHarmonic,G3_20pFifthHarmonic.wav,3,20pFifthHarmonic,train,166,1359872
G3_20pFifthHarmonic_00167.png,20pFifthHarmonic,G3_20pFifthHarmonic.wav,3,20pFifthHarmonic,train,167,1368064
G3_20pFifthHarmonic_00168.png,20pFifthHarmonic,G3_20pFifthHarmonic.wav,3,20pFifthHarmonic,train,168,1376256
G3_20pFifthHarmonic_00169.png,20pFifthHarmonic,G3_20pFifthHarmonic.wav,3,20pFifthHarmonic,train,169,1384448
G3_20pFifthHarmonic_00170.png,20pFifthHarmonic,G3_20pFifthHarmonic.wav,3,20pFifthHarmonic,train,170,1392640
G3_20pFifthHarmonic_00171.png,20pFifthHarmonic,G3_20pFifthHarmonic.wav,3,20pFifthHarmonic,train,171,1400832
G3_20pFifthHarmonic_00172.png,20pFifthHarmonic,G3_20pFifthHarmonic.wav,3,20pFifthHarmonic,train,172,1409024
G3_20pFifthHarmonic_00173.png,20pFifthHarmonic,G3_20pFifthHarmonic.wav,3,20pFifthHarmonic,train,173,1417216
G3_20pFifthHarmonic_00174.png,20pFifthHarmonic,G3_20pFifthHarmonic.wav,3,20pFifthHarmonic,train,174,1425408
G3_20pFifthHarmonic_00175.png,20pFifthHarmonic,G3_20pFifthHarmonic.wav,3,20pFifthHarmonic,train,175,1433600
G3_20pFifthHarmonic_00176.png,20pFifthHarmonic,G3_20pFifthHarmonic.wav,3,20pFifthHarmonic,train,176,1441792
G3_20pFifthHarmonic_00177.png,20pFifthHarmonic,G3_20pFifthHarmonic.wav,3,20pFifthHarmonic,train,177,1449984
G3_20pFifthHarmonic_00178.png,20pFifthHarmonic,G3_20pFifthHarmonic.wav,3,20pFifthHarmonic,train,178,1458176
G3_20pFifthHarmonic_00179.png,20pFifthHarmonic,G3_20pFifthHarmonic.wav,3,20pFifthHarmonic,train,179,1466368
G3_20pFifthHarmonic_00180.png,20pFifthHarmonic,G3_20pFifthHarmonic.wav,3,20pFifthHarmonic,train,180,1474560
G3_20pFifthHarmonic_00181.png,20pFifthHarmonic,G3_20pFifthHarmonic.wav,3,20pFifthHarmonic,train,181,1482752
G3_20pFifthHarmonic_00182.png,20pFifthHarmonic,G3_20pFifthHarmonic.wav,3,20pFifthHarmonic,train,182,1490944
G3_20pFifthHarmonic_00183.png,20pFifthHarmonic,G3_20pFifthHarmonic.wav,3,20pFifthHarmonic,train,183,1499136
G3_20pFifthHarmonic_00184.png,20pFifthHarmonic,G3_20pFifthHarmonic.wav,3,20pFifthHarmonic,train,184,1507328
G3_20pFifthHarmonic_00185.png,20pFifthHarmonic,G3_20pFifthHarmonic.wav,3,20pFifthHarmonic,train,185,1515520
G3_20pFifthHarmonic_00186.png,20pFifthHarmonic,G3_20pFifthHarmonic.wav,3,20pFifthHarmonic,train,186,1523712
G3_20pFifthHarmonic_00187.png,20pFifthHarmonic,G3_20pFifthHarmonic.wav,3,20pFifthHarmonic,train,187,1531904
G3_20pFifthHarmonic_00188.png,20pFifthHarmonic,G3_20pFifthHarmonic.wav,3,20pFifthHarmonic,train,188,1540096
G3_20pFifthHarmonic_00189.png,20pFifthHarmonic,G3_20pFifthHarmonic.wav,3,20pFifthHarmonic,train,189,1548288
G3_20pFifthHarmonic_00190.png,20pFifthHarmonic,G3_20pFifthHarmonic.wav,3,20pFifthHarmonic,train,190,1556480
G3_20pFifthHarmonic_00191.png,20pFifthHarmonic,G3_20pFifthHarmonic.wav,3,20pFifthHarmonic,train,191,1564672
G3_20pFifthHarmonic_00192.png,20pFifthHarmonic,G3_20pFifthHarmonic.wav,3,20pFifthHarmonic,train,192,1572864
G3_20pFifthHarmonic_00193.png,20pFifthHarmonic,G3_20pFifthHarmonic.wav,3,20pFifthHarmonic,train,193,1581056
G3_20pFifthHarmonic_00194.png,20pFifthHarmonic,G3_20pFifthHarmonic.wav,3,20pFifthHarmonic,train,194,1589248
G3_20pFifthHarmonic_00195.png,20pFifthHarmonic,G3_20pFifthHarmonic.wav,3,20pFifthHarmonic,train,195,1597440
G3_20pFifthHarmonic_00196.png,20pFifthHarmonic,G3_20pFifthHarmonic.wav,3,20pFifthHarmonic,train,196,1605632
G3_20pFifthHarmonic_00197.png,20pFifthHarmonic,G3_20pFifthHarmonic.wav,3,20pFifthHarmonic,train,197,1613824
G3_20pFifthHarmonic_00198.png,20pFifthHarmonic,G3_20pFifthHarmonic.wav,3,20pFifthHarmonic,train,198,1622016
G3_20pFifthHarmonic_00199.png,20pFifthHarmonic,G3_20pFifthHarmonic.wav,3,20pFifthHarmonic,train,199,1630208
G3_20pFifthHarmonic_00200.png,20pFifthHarmonic,G3_20pFifthHarmonic.wav,3,20pFifthHarmonic,train,200,1638400
G3_20pFifthHarmonic_00201.png,20pFifthHarmonic,G3_20pFifthHarmonic.wav,3,20pFifthHarmonic,train,201,1646592
G3_20pFifthHarmonic_00202.png,20pFifthHarmonic,G3_20pFifthHarmonic.wav,3,20pFifthHarmonic,train,202,1654784
G3_20pFifthHarmonic_00203.png,20pFifthHarmonic,G3_20pFifthHarmonic.wav,3,20pFifthHarmonic,train,203,1662976
G3_20pFifthHarmonic_00204.png,20pFifthHarmonic,G3_20pFifthHarmonic.wav,3,20pFifthHarmonic,train,204,1671168
G3_20pFifthHarmonic_00205.png,20pFifthHarmonic,G3_20pFifthHarmonic.wav,3,20pFifthHarmonic,train,205,1679360
G3_20pFifthHarmonic_00206.png,20pFifthHarmonic,G3_20pFifthHarmonic.wav,3,20pFifthHarmonic,train,206,1687552
G3_20pFifthHarmonic_00207.png,20pFifthHarmonic,G3_20pFifthHarmonic.wav,3,20pFifthHarmonic,train,207,1695744
G3_20pFifthHarmonic_00208.png,20pFifthHarmonic,G3_20pFifthHarmonic.wav,3,20pFifthHarmonic,train,208,1703936
G3_20pFifthHarmonic_00209.png,20pFifthHarmonic,G3_20pFifthHarmonic.wav,3,20pFifthHarmonic,train,209,1712128
G3_20pFifthHarmonic_00210.png,20pFifthHarmonic,G3_20pFifthHarmonic.wav,3,20pFifthHarmonic,train,210,1720320
G3_20pFifthHarmonic_00211.png,20pFifthHarmonic,G3_20pFifthHarmonic.wav,3,20pFifthHarmonic,train,211,1728512
G3_20pFifthHarmonic_00212.png,20pFifthHarmonic,G3_20pFifthHarmonic.wav,3,20pFifthHarmonic,train,212,1736704
G3_20pFifthHarmonic_00213.png,20pFifthHarmonic,G3_20pFifthHarmonic.wav,3,20pFifthHarmonic,train,213,1744896
G3_20pFifthHarmonic_00214.png,20pFifthHarmonic,G3_20pFifthHarmonic.wav,3,20pFifthHarmonic,train,214,1753088
G3_20pSeventhHarmonic_00000.png,20pSeventhHarmonic,G3_20pSeventhHarmonic.wav,3,20pSeventhHarmonic,train,0,0
G3_20pSeventhHarmonic_00001.png,20pSeventhHarmonic,G3_20pSeventhHarmonic.wav,3,20pSeventhHarmonic,train,1,8192
G3_20pSeventhHarmonic_00002.png,20pSeventhHarmonic,G3_20pSeventhHarmonic.wav,3,20pSeventhHarmonic,train,2,16384
G3_20pSeventhHarmonic_00003.png,20pSeventhHarmonic,G3_20pSeventhHarmonic.wav,3,20pSeventhHarmonic,train,3,24576
G3_20pSeventhHarmonic_00004.png,20pSeventhHarmonic,G3_20pSeventhHarmonic.wav,3,20pSeventhHarmonic,train,4,32768
G3_20pSeventhHarmonic_00005.png,20pSeventhHarmonic,G3_20pSeventhHarmonic.wav,3,20pSeventhHarmonic,train,5,40960
G3_20pSeventhHarmonic_00006.png,20pSeventhHarmonic,G3_20pSeventhHarmonic.wav,3,20pSeventhHarmonic,train,6,49152
G3_20pSeventhHarmonic_00007.png,20pSeventhHarmonic,G3_20pSeventhHarmonic.wav,3,20pSeventhHarmonic,train,7,57344
G3_20pSeventhHarmonic_00008.png,20pSeventhHarmonic,G3_20pSeventhHarmonic.wav,3,20pSeventhHarmonic,train,8,65536
G3_20pSeventhHarmonic_00009.png,20pSeventhHarmonic,G3_20pSeventhHarmonic.wav,3,20pSeventhHarmonic,train,9,73728
G3_20pSeventhHarmonic_00010.png,20pSeventhHarmonic,G3_20pSeventhHarmonic.wav,3,20pSeventhHarmonic,train,10,81920
G3_20pSeventhHarmonic_00011.png,20pSeventhHarmonic,G3_20pSeventhHarmonic.wav,3,20pSeventhHarmonic,train,11,90112
G3_20pSeventhHarmonic_00012.png,20pSeventhHarmonic,G3_20pSeventhHarmonic.wav,3,20pSeventhHarmonic,train,12,98304
G3_20pSeventhHarmonic_00013.png,20pSeventhHarmonic,G3_20pSeventhHarmonic.wav,3,20pSeventhHarmonic,train,13,106496
G3_20pSeventhHarmonic_00014.png,20pSeventhHarmonic,G3_20pSeventhHarmonic.wav,3,20pSeventhHarmonic,train,14,114688
G3_20pSeventhHarmonic_00015.png,20pSeventhHarmonic,G3_20pSeventhHarmonic.wav,3,20pSeventhHarmonic,train,15,122880
G3_20pSeventhHarmonic_00016.png,20pSeventhHarmonic,G3_20pSeventhHarmonic.wav,3,20pSeventhHarmonic,train,16,131072
G3_20pSeventhHarmonic_00017.png,20pSeventhHarmonic,G3_20pSeventhHarmonic.wav,3,20pSeventhHarmonic,train,17,139264
G3_20pSeventhHarmonic_00018.png,20pSeventhHarmonic,G3_20pSeventhHarmonic.wav,3,20pSeventhHarmonic,train,18,147456
G3_20pSeventhHarmonic_00019.png,20pSeventhHarmonic,G3_20pSeventhHarmonic.wav,3,20pSeventhHarmonic,train,19,155648
G3_20pSeventhHarmonic_00020.png,20pSeventhHarmonic,G3_20pSeventhHarmonic.wav,3,20pSeventhHarmonic,train,20,163840
G3_20pSeventhHarmonic_00021.png,20pSeventhHarmonic,G3_20pSeventhHarmonic.wav,3,20pSeventhHarmonic,train,21,172032
G3_20pSeventhHarmonic_00022.png,20pSeventhHarmonic,G3_20pSeventhHarmonic.wav,3,20pSeventhHarmonic,train,22,180224
G3_20pSeventhHarmonic_00023.png,20pSeventhHarmonic,G3_20pSeventhHarmonic.wav,3,20pSeventhHarmonic,train,23,188416
G3_20pSeventhHarmonic_00024.png,20pSeventhHarmonic,G3_20pSeventhHarmonic.wav,3,20pSeventhHarmonic,train,24,196608
G3_20pSeventhHarmonic_00025.png,20pSeventhHarmonic,G3_20pSeventhHarmonic.wav,3,20pSeventhHarmonic,train,25,204800
G3_20pSeventhHarmonic_00026.png,20pSeventhHarmonic,G3_20pSeventhHarmonic.wav,3,20pSeventhHarmonic,train,26,212992
G3_20pSeventhHarmonic_00027.png,20pSeventhHarmonic,G3_20pSeventhHarmonic.wav,3,20pSeventhHarmonic,train,27,221184
G3_20pSeventhHarmonic_00028.png,20pSeventhHarmonic,G3_20pSeventhHarmonic.wav,3,20pSeventhHarmonic,train,28,229376
G3_20pSeventhHarmonic_00029.png,20pSeventhHarmonic,G3_20pSeventhHarmonic.wav,3,20pSeventhHarmonic,train,29,237568
G3_20pSeventhHarmonic_00030.png,20pSeventhHarmonic,G3_20pSeventhHarmonic.wav,3,20pSeventhHarmonic,train,30,245760
G3_20pSeventhHarmonic_00031.png,20pSeventhHarmonic,G3_20pSeventhHarmonic.wav,3,20pSeventhHarmonic,train,31,253952
G3_20pSeventhHarmonic_00032.png,20pSeventhHarmonic,G3_20pSeventhHarmonic.wav,3,20pSeventhHarmonic,train,32,262144
G3_20pSeventhHarmonic_00033.png,20pSeventhHarmonic,G3_20pSeventhHarmonic.wav,3,20pSeventhHarmonic,train,33,270336
G3_20pSeventhHarmonic_00034.png,20pSeventhHarmonic,G3_20pSeventhHarmonic.wav,3,20pSeventhHarmonic,train,34,278528
G3_20pSeventhHarmonic_00035.png,20pSeventhHarmonic,G3_20pSeventhHarmonic.wav,3,20pSeventhHarmonic,train,35,286720
G3_20pSeventhHarmonic_00036.png,20pSeventhHarmonic,G3_20pSeventhHarmonic.wav,3,20pSeventhHarmonic,train,36,294912
G3_20pSeventhHarmonic_00037.png,20pSeventhHarmonic,G3_20pSeventhHarmonic.wav,3,20pSeventhHarmonic,train,37,303104
G3_20pSeventhHarmonic_00038.png,20pSeventhHarmonic,G3_20pSeventhHarmonic.wav,3,20pSeventhHarmonic,train,38,311296
G3_20pSeventhHarmonic_00039.png,20pSeventhHarmonic,G3_20pSeventhHarmonic.wav,3,20pSeventhHarmonic,train,39,319488
G3_20pSeventhHarmonic_00040.png,20pSeventhHarmonic,G3_20pSeventhHarmonic.wav,3,20pSeventhHarmonic,train,40,327680
G3_20pSeventhHarmonic_00041.png,20pSeventhHarmonic,G3_20pSeventhHarmonic.wav,3,20pSeventhHarmonic,train,41,335872
G3_20pSeventhHarmonic_00042.png,20pSeventhHarmonic,G3_20pSeventhHarmonic.wav,3,20pSeventhHarmonic,train,42,344064
G3_20pSeventhHarmonic_00043.png,20pSeventhHarmonic,G3_20pSeventhHarmonic.wav,3,20pSeventhHarmonic,train,43,352256
G3_20pSeventhHarmonic_00044.png,20pSeventhHarmonic,G3_20pSeventhHarmonic.wav,3,20pSeventhHarmonic,train,44,360448
G3_20pSeventhHarmonic_00045.png,20pSeventhHarmonic,G3_20pSeventhHarmonic.wav,3,20pSeventhHarmonic,train,45,368640
G3_20pSeventhHarmonic_00046.png,20pSeventhHarmonic,G3_20pSeventhHarmonic.wav,3,20pSeventhHarmonic,train,46,376832
G3_20pSeventhHarmonic_00047.png,20pSeventhHarmonic,G3_20pSeventhHarmonic.wav,3,20pSeventhHarmonic,train,47,385024
G3_20pSeventhHarmonic_00048.png,20pSeventhHarmonic,G3_20pSeventhHarmonic.wav,3,20pSeventhHarmonic,train,48,393216
G3_20pSeventhHarmonic_00049.png,20pSeventhHarmonic,G3_20pSeventhHarmonic.wav,3,20pSeventhHarmonic,train,49,401408
G3_20pSeventhHarmonic_00050.png,20pSeventhHarmonic,G3_20pSeventhHarmonic.wav,3,20pSeventhHarmonic,train,50,409600
G3_20pSeventhHarmonic_00051.png,20pSeventhHarmonic,G3_20pSeventhHarmonic.wav,3,20pSeventhHarmonic,train,51,417792
G3_20pSeventhHarmonic_00052.png,20pSeventhHarmonic,G3_20pSeventhHarmonic.wav,3,20pSeventhHarmonic,train,52,425984
G3_20pSeventhHarmonic_00053.png,20pSeventhHarmonic,G3_20pSeventhHarmonic.wav,3,20pSeventhHarmonic,train,53,434176
G3_20pSeventhHarmonic_00054.png,20pSeventhHarmonic,G3_20pSeventhHarmonic.wav,3,20pSeventhHarmonic,train,54,442368
G3_20pSeventhHarmonic_00055.png,20pSeventhHarmonic,G3_20pSeventhHarmonic.wav,3,20pSeventhHarmonic,train,55,450560
G3_20pSeventhHarmonic_00056.png,20pSeventhHarmonic,G3_20pSeventhHarmonic.wav,3,20pSeventhHarmonic,train,56,458752
G3_20pSeventhHarmonic_00057.png,20pSeventhHarmonic,G3_20pSeventhHarmonic.wav,3,20pSeventhHarmonic,train,57,466944
G3_20pSeventhHarmonic_00058.png,20pSeventhHarmonic,G3_20pSeventhHarmonic.wav,3,20pSeventhHarmonic,train,58,475136
G3_20pSeventhHarmonic_00059.png,20pSeventhHarmonic,G3_20pSeventhHarmonic.wav,3,20pSeventhHarmonic,train,59,483328
G3_20pSeventhHarmonic_00060.png,20pSeventhHarmonic,G3_20pSeventhHarmonic.wav,3,20pSeventhHarmonic,train,60,491520
G3_20pSeventhHarmonic_00061.png,20pSeventhHarmonic,G3_20pSeventhHarmonic.wav,3,20pSeventhHarmonic,train,61,499712
G3_20pSeventhHarmonic_00062.png,20pSeventhHarmonic,G3_20pSeventhHarmonic.wav,3,20pSeventhHarmonic,train,62,507904
G3_20pSeventhHarmonic_00063.png,20pSeventhHarmonic,G3_20pSeventhHarmonic.wav,3,20pSeventhHarmonic,train,63,516096
G3_20pSeventhHarmonic_00064.png,20pSeventhHarmonic,G3_20pSeventhHarmonic.wav,3,20pSeventhHarmonic,train,64,524288
G3_20pSeventhHarmonic_00065.png,20pSeventhHarmonic,G3_20pSeventhHarmonic.wav,3,20pSeventhHarmonic,train,65,532480
G3_20pSeventhHarmonic_00066.png,20pSeventhHarmonic,G3_20pSeventhHarmonic.wav,3,20pSeventhHarmonic,train,66,540672
G3_20pSeventhHarmonic_00067.png,20pSeventhHarmonic,G3_20pSeventhHarmonic.wav,3,20pSeventhHarmonic,train,67,548864
G3_20pSeventhHarmonic_00068.png,20pSeventhHarmonic,G3_20pSeventhHarmonic.wav,3,20pSeventhHarmonic,train,68,557056
G3_20pSeventhHarmonic_00069.png,20pSeventhHarmonic,G3_20pSeventhHarmonic.wav,3,20pSeventhHarmonic,train,69,565248
G3_20pSeventhHarmonic_00070.png,20pSeventhHarmonic,G3_20pSeventhHarmonic.wav,3,20pSeventhHarmonic,train,70,573440
G3_20pSeventhHarmonic_00071.png,20pSeventhHarmonic,G3_20pSeventhHarmonic.wav,3,20pSeventhHarmonic,train,71,581632
G3_20pSeventhHarmonic_00072.png,20pSeventhHarmonic,G3_20pSeventhHarmonic.wav,3,20pSeventhHarmonic,train,72,589824
G3_20pSeventhHarmonic_00073.png,20pSeventhHarmonic,G3_20pSeventhHarmonic.wav,3,20pSeventhHarmonic,train,73,598016
G3_20pSeventhHarmonic_00074.png,20pSeventhHarmonic,G3_20pSeventhHarmonic.wav,3,20pSeventhHarmonic,train,74,606208
G3_20pSeventhHarmonic_00075.png,20pSeventhHarmonic,G3_20pSeventhHarmonic.wav,3,20pSeventhHarmonic,train,75,614400
G3_20pSeventhHarmonic_00076.png,20pSeventhHarmonic,G3_20pSeventhHarmonic.wav,3,20pSeventhHarmonic,train,76,622592
G3_20pSeventhHarmonic_00077.png,20pSeventhHarmonic,G3_20pSeventhHarmonic.wav,3,20pSeventhHarmonic,train,77,630784
G3_20pSeventhHarmonic_00078.png,20pSeventhHarmonic,G3_20pSeventhHarmonic.wav,3,20pSeventhHarmonic,train,78,638976
G3_20pSeventhHarmonic_00079.png,20pSeventhHarmonic,G3_20pSeventhHarmonic.wav,3,20pSeventhHarmonic,train,79,647168
G3_20pSeventhHarmonic_00080.png,20pSeventhHarmonic,G3_20pSeventhHarmonic.wav,3,20pSeventhHarmonic,train,80,655360
G3_20pSeventhHarmonic_00081.png,20pSeventhHarmonic,G3_20pSeventhHarmonic.wav,3,20pSeventhHarmonic,train,81,663552
G3_20pSeventhHarmonic_00082.png,20pSeventhHarmonic,G3_20pSeventhHarmonic.wav,3,20pSeventhHarmonic,train,82,671744
G3_20pSeventhHarmonic_00083.png,20pSeventhHarmonic,G3_20pSeventhHarmonic.wav,3,20pSeventhHarmonic,train,83,679936
G3_20pSeventhHarmonic_00084.png,20pSeventhHarmonic,G3_20pSeventhHarmonic.wav,3,20pSeventhHarmonic,train,84,688128
G3_20pSeventhHarmonic_00085.png,20pSeventhHarmonic,G3_20pSeventhHarmonic.wav,3,20pSeventhHarmonic,train,85,696320
G3_20pSeventhHarmonic_00086.png,20pSeventhHarmonic,G3_20pSeventhHarmonic.wav,3,20pSeventhHarmonic,train,86,704512
G3_20pSeventhHarmonic_00087.png,20pSeventhHarmonic,G3_20pSeventhHarmonic.wav,3,20pSeventhHarmonic,train,87,712704
G3_20pSeventhHarmonic_00088.png,20pSeventhHarmonic,G3_20pSeventhHarmonic.wav,3,20pSeventhHarmonic,train,88,720896
G3_20pSeventhHarmonic_00089.png,20pSeventhHarmonic,G3_20pSeventhHarmonic.wav,3,20pSeventhHarmonic,train,89,729088
G3_20pSeventhHarmonic_00090.png,20pSeventhHarmonic,G3_20pSeventhHarmonic.wav,3,20pSeventhHarmonic,train,90,737280
G3_20pSeventhHarmonic_00091.png,20pSeventhHarmonic,G3_20pSeventhHarmonic.wav,3,20pSeventhHarmonic,train,91,745472
G3_20pSeventhHarmonic_00092.png,20pSeventhHarmonic,G3_20pSeventhHarmonic.wav,3,20pSeventhHarmonic,train,92,753664
G3_20pSeventhHarmonic_00093.png,20pSeventhHarmonic,G3_20pSeventhHarmonic.wav,3,20pSeventhHarmonic,train,93,761856
G3_20pSeventhHarmonic_00094.png,20pSeventhHarmonic,G3_20pSeventhHarmonic.wav,3,20pSeventhHarmonic,train,94,770048
G3_20pSeventhHarmonic_00095.png,20pSeventhHarmonic,G3_20pSeventhHarmonic.wav,3,20pSeventhHarmonic,train,95,778240
G3_20pSeventhHarmonic_00096.png,20pSeventhHarmonic,G3_20pSeventhHarmonic.wav,3,20pSeventhHarmonic,train,96,786432
G3_20pSeventhHarmonic_00097.png,20pSeventhHarmonic,G3_20pSeventhHarmonic.wav,3,20pSeventhHarmonic,train,97,794624
G3_20pSeventhHarmonic_00098.png,20pSeventhHarmonic,G3_20pSeventhHarmonic.wav,3,20pSeventhHarmonic,train,98,802816
G3_20pSeventhHarmonic_00099.png,20pSeventhHarmonic,G3_20pSeventhHarmonic.wav,3,20pSeventhHarmonic,train,99,811008
G3_20pSeventhHarmonic_00100.png,20pSeventhHarmonic,G3_20pSeventhHarmonic.wav,3,20pSeventhHarmonic,train,100,819200
G3_20pSeventhHarmonic_00101.png,20pSeventhHarmonic,G3_20pSeventhHarmonic.wav,3,20pSeventhHarmonic,train,101,827392
G3_20pSeventhHarmonic_00102.png,20pSeventhHarmonic,G3_20pSeventhHarmonic.wav,3,20pSeventhHarmonic,train,102,835584
G3_20pSeventhHarmonic_00103.png,20pSeventhHarmonic,G3_20pSeventhHarmonic.wav,3,20pSeventhHarmonic,train,103,843776
G3_20pSeventhHarmonic_00104.png,20pSeventhHarmonic,G3_20pSeventhHarmonic.wav,3,20pSeventhHarmonic,train,104,851968
G3_20pSeventhHarmonic_00105.png,20pSeventhHarmonic,G3_20pSeventhHarmonic.wav,3,20pSeventhHarmonic,train,105,860160
G3_20pSeventhHarmonic_00106.png,20pSeventhHarmonic,G3_20pSeventhHarmonic.wav,3,20pSeventhHarmonic,train,106,868352
G3_20pSeventhHarmonic_00107.png,20pSeventhHarmonic,G3_20pSeventhHarmonic.wav,3,20pSeventhHarmonic,train,107,876544
G3_20pSeventhHarmonic_00108.png,20pSeventhHarmonic,G3_20pSeventhHarmonic.wav,3,20pSeventhHarmonic,train,108,884736
G3_20pSeventhHarmonic_00109.png,20pSeventhHarmonic,G3_20pSeventhHarmonic.wav,3,20pSeventhHarmonic,train,109,892928
G3_20pSeventhHarmonic_00110.png,20pSeventhHarmonic,G3_20pSeventhHarmonic.wav,3,20pSeventhHarmonic,train,110,901120
G3_20pSeventhHarmonic_00111.png,20pSeventhHarmonic,G3_20pSeventhHarmonic.wav,3,20pSeventhHarmonic,train,111,909312
G3_20pSeventhHarmonic_00112.png,20pSeventhHarmonic,G3_20pSeventhHarmonic.wav,3,20pSeventhHarmonic,train,112,917504
G3_20pSeventhHarmonic_00113.png,20pSeventhHarmonic,G3_20pSeventhHarmonic.wav,3,20pSeventhHarmonic,train,113,925696
G3_20pSeventhHarmonic_00114.png,20pSeventhHarmonic,G3_20pSeventhHarmonic.wav,3,20pSeventhHarmonic,train,114,933888
G3_20pSeventhHarmonic_00115.png,20pSeventhHarmonic,G3_20pSeventhHarmonic.wav,3,20pSeventhHarmonic,train,115,942080
G3_20pSeventhHarmonic_00116.png,20pSeventhHarmonic,G3_20pSeventhHarmonic.wav,3,20pSeventhHarmonic,train,116,950272
G3_20pSeventhHarmonic_00117.png,20pSeventhHarmonic,G3_20pSeventhHarmonic.wav,3,20pSeventhHarmonic,train,117,958464
G3_20pSeventhHarmonic_00118.png,20pSeventhHarmonic,G3_20pSeventhHarmonic.wav,3,20pSeventhHarmonic,train,118,966656
G3_20pSeventhHarmonic_00119.png,20pSeventhHarmonic,G3_20pSeventhHarmonic.wav,3,20pSeventhHarmonic,train,119,974848
G3_20pSeventhHarmonic_00120.png,20pSeventhHarmonic,G3_20pSeventhHarmonic.wav,3,20pSeventhHarmonic,train,120,983040
G3_20pSeventhHarmonic_00121.png,20pSeventhHarmonic,G3_20pSeventhHarmonic.wav,3,20pSeventhHarmonic,train,121,991232
G3_20pSeventhHarmonic_00122.png,20pSeventhHarmonic,G3_20pSeventhHarmonic.wav,3,20pSeventhHarmonic,train,122,999424
G3_20pSeventhHarmonic_00123.png,20pSeventhHarmonic,G3_20pSeventhHarmonic.wav,3,20pSeventhHarmonic,train,123,1007616
G3_20pSeventhHarmonic_00124.png,20pSeventhHarmonic,G3_20pSeventhHarmonic.wav,3,20pSeventhHarmonic,train,124,1015808
G3_20pSeventhHarmonic_00125.png,20pSeventhHarmonic,G3_20pSeventhHarmonic.wav,3,20pSeventhHarmonic,train,125,1024000
G3_20pSeventhHarmonic_00126.png,20pSeventhHarmonic,G3_20pSeventhHarmonic.wav,3,20pSeventhHarmonic,train,126,1032192
G3_20pSeventhHarmonic_00127.png,20pSeventhHarmonic,G3_20pSeventhHarmonic.wav,3,20pSeventhHarmonic,train,127,1040384
G3_20pSeventhHarmonic_00128.png,20pSeventhHarmonic,G3_20pSeventhHarmonic.wav,3,20pSeventhHarmonic,train,128,1048576
G3_20pSeventhHarmonic_00129.png,20pSeventhHarmonic,G3_20pSeventhHarmonic.wav,3,20pSeventhHarmonic,train,129,1056768
G3_20pSeventhHarmonic_00130.png,20pSeventhHarmonic,G3_20pSeventhHarmonic.wav,3,20pSeventhHarmonic,train,130,1064960
G3_20pSeventhHarmonic_00131.png,20pSeventhHarmonic,G3_20pSeventhHarmonic.wav,3,20pSeventhHarmonic,train,131,1073152
G3_20pSeventhHarmonic_00132.png,20pSeventhHarmonic,G3_20pSeventhHarmonic.wav,3,20pSeventhHarmonic,train,132,1081344
G3_20pSeventhHarmonic_00133.png,20pSeventhHarmonic,G3_20pSeventhHarmonic.wav,3,20pSeventhHarmonic,train,133,1089536
G3_20pSeventhHarmonic_00134.png,20pSeventhHarmonic,G3_20pSeventhHarmonic.wav,3,20pSeventhHarmonic,train,134,1097728
G3_20pSeventhHarmonic_00135.png,20pSeventhHarmonic,G3_20pSeventhHarmonic.wav,3,20pSeventhHarmonic,train,135,1105920
G3_20pSeventhHarmonic_00136.png,20pSeventhHarmonic,G3_20pSeventhHarmonic.wav,3,20pSeventhHarmonic,train,136,1114112
G3_20pSeventhHarmonic_00137.png,20pSeventhHarmonic,G3_20pSeventhHarmonic.wav,3,20pSeventhHarmonic,train,137,1122304
G3_20pSeventhHarmonic_00138.png,20pSeventhHarmonic,G3_20pSeventhHarmonic.wav,3,20pSeventhHarmonic,train,138,1130496
G3_20pSeventhHarmonic_00139.png,20pSeventhHarmonic,G3_20pSeventhHarmonic.wav,3,20pSeventhHarmonic,train,139,1138688
G3_20pSeventhHarmonic_00140.png,20pSeventhHarmonic,G3_20pSeventhHarmonic.wav,3,20pSeventhHarmonic,train,140,1146880
G3_20pSeventhHarmonic_00141.png,20pSeventhHarmonic,G3_20pSeventhHarmonic.wav,3,20pSeventhHarmonic,train,141,1155072
G3_20pSeventhHarmonic_00142.png,20pSeventhHarmonic,G3_20pSeventhHarmonic.wav,3,20pSeventhHarmonic,train,142,1163264
G3_20pSeventhHarmonic_00143.png,20pSeventhHarmonic,G3_20pSeventhHarmonic.wav,3,20pSeventhHarmonic,train,143,1171456
G3_20pSeventhHarmonic_00144.png,20pSeventhHarmonic,G3_20pSeventhHarmonic.wav,3,20pSeventhHarmonic,train,144,1179648
G3_20pSeventhHarmonic_00145.png,20pSeventhHarmonic,G3_20pSeventhHarmonic.wav,3,20pSeventhHarmonic,train,145,1187840
G3_20pSeventhHarmonic_00146.png,20pSeventhHarmonic,G3_20pSeventhHarmonic.wav,3,20pSeventhHarmonic,train,146,1196032
G3_20pSeventhHarmonic_00147.png,20pSeventhHarmonic,G3_20pSeventhHarmonic.wav,3,20pSeventhHarmonic,train,147,1204224
G3_20pSeventhHarmonic_00148.png,20pSeventhHarmonic,G3_20pSeventhHarmonic.wav,3,20pSeventhHarmonic,train,148,1212416
G3_20pSeventhHarmonic_00149.png,20pSeventhHarmonic,G3_20pSeventhHarmonic.wav,3,20pSeventhHarmonic,train,149,1220608
G3_20pSeventhHarmonic_00150.png,20pSeventhHarmonic,G3_20pSeventhHarmonic.wav,3,20pSeventhHarmonic,train,150,1228800
G3_20pSeventhHarmonic_00151.png,20pSeventhHarmonic,G3_20pSeventhHarmonic.wav,3,20pSeventhHarmonic,train,151,1236992
G3_20pSeventhHarmonic_00152.png,20pSeventhHarmonic,G3_20pSeventhHarmonic.wav,3,20pSeventhHarmonic,train,152,1245184
G3_20pSeventhHarmonic_00153.png,20pSeventhHarmonic,G3_20pSeventhHarmonic.wav,3,20pSeventhHarmonic,train,153,1253376
G3_20pSeventhHarmonic_00154.png,20pSeventhHarmonic,G3_20pSeventhHarmonic.wav,3,20pSeventhHarmonic,train,154,1261568
G3_20pSeventhHarmonic_00155.png,20pSeventhHarmonic,G3_20pSeventhHarmonic.wav,3,20pSeventhHarmonic,train,155,1269760
G3_20pSeventhHarmonic_00156.png,20pSeventhHarmonic,G3_20pSeventhHarmonic.wav,3,20pSeventhHarmonic,train,156,1277952
G3_20pSeventhHarmonic_00157.png,20pSeventhHarmonic,G3_20pSeventhHarmonic.wav,3,20pSeventhHarmonic,train,157,1286144
G3_20pSeventhHarmonic_00158.png,20pSeventhHarmonic,G3_20pSeventhHarmonic.wav,3,20pSeventhHarmonic,train,158,1294336
G3_20pSeventhHarmonic_00159.png,20pSeventhHarmonic,G3_20pSeventhHarmonic.wav,3,20pSeventhHarmonic,train,159,1302528
G3_20pSeventhHarmonic_00160.png,20pSeventhHarmonic,G3_20pSeventhHarmonic.wav,3,20pSeventhHarmonic,train,160,1310720
G3_20pSeventhHarmonic_00161.png,20pSeventhHarmonic,G3_20pSeventhHarmonic.wav,3,20pSeventhHarmonic,train,161,1318912
G3_20pSeventhHarmonic_00162.png,20pSeventhHarmonic,G3_20pSeventhHarmonic.wav,3,20pSeventhHarmonic,train,162,1327104
G3_20pSeventhHarmonic_00163.png,20pSeventhHarmonic,G3_20pSeventhHarmonic.wav,3,20pSeventhHarmonic,train,163,1335296
G3_20pSeventhHarmonic_00164.png,20pSeventhHarmonic,G3_20pSeventhHarmonic.wav,3,20pSeventhHarmonic,train,164,1343488
G3_20pSeventhHarmonic_00165.png,20pSeventhHarmonic,G3_20pSeventhHarmonic.wav,3,20pSeventhHarmonic,train,165,1351680
G3_20pSeventhHarmonic_00166.png,20pSeventhHarmonic,G3_20pSeventhHarmonic.wav,3,20pSeventhHarmonic,train,166,1359872
G3_20pSeventhHarmonic_00167.png,20pSeventhHarmonic,G3_20pSeventhHarmonic.wav,3,20pSeventhHarmonic,train,167,1368064
G3_20pSeventhHarmonic_00168.png,20pSeventhHarmonic,G3_20pSeventhHarmonic.wav,3,20pSeventhHarmonic,train,168,1376256
G3_20pSeventhHarmonic_00169.png,20pSeventhHarmonic,G3_20pSeventhHarmonic.wav,3,20pSeventhHarmonic,train,169,1384448
G3_20pSeventhHarmonic_00170.png,20pSeventhHarmonic,G3_20pSeventhHarmonic.wav,3,20pSeventhHarmonic,train,170,1392640
G3_20pSeventhHarmonic_00171.png,20pSeventhHarmonic,G3_20pSeventhHarmonic.wav,3,20pSeventhHarmonic,train,171,1400832
G3_20pSeventhHarmonic_00172.png,20pSeventhHarmonic,G3_20pSeventhHarmonic.wav,3,20pSeventhHarmonic,train,172,1409024
G3_20pSeventhHarmonic_00173.png,20pSeventhHarmonic,G3_20pSeventhHarmonic.wav,3,20pSeventhHarmonic,train,173,1417216
G3_20pSeventhHarmonic_00174.png,20pSeventhHarmonic,G3_20pSeventhHarmonic.wav,3,20pSeventhHarmonic,train,174,1425408
G3_20pSeventhHarmonic_00175.png,20pSeventhHarmonic,G3_20pSeventhHarmonic.wav,3,20pSeventhHarmonic,train,175,1433600
G3_20pSeventhHarmonic_00176.png,20pSeventhHarmonic,G3_20pSeventhHarmonic.wav,3,20pSeventhHarmonic,train,176,1441792
G3_20pSeventhHarmonic_00177.png,20pSeventhHarmonic,G3_20pSeventhHarmonic.wav,3,20pSeventhHarmonic,train,177,1449984
G3_20pSeventhHarmonic_00178.png,20pSeventhHarmonic,G3_20pSeventhHarmonic.wav,3,20pSeventhHarmonic,train,178,1458176
G3_20pSeventhHarmonic_00179.png,20pSeventhHarmonic,G3_20pSeventhHarmonic.wav,3,20pSeventhHarmonic,train,179,1466368
G3_20pSeventhHarmonic_00180.png,20pSeventhHarmonic,G3_20pSeventhHarmonic.wav,3,20pSeventhHarmonic,train,180,1474560
G3_20pSeventhHarmonic_00181.png,20pSeventhHarmonic,G3_20pSeventhHarmonic.wav,3,20pSeventhHarmonic,train,181,1482752
G3_20pSeventhHarmonic_00182.png,20pSeventhHarmonic,G3_20pSeventhHarmonic.wav,3,20pSeventhHarmonic,train,182,1490944
G3_20pSeventhHarmonic_00183.png,20pSeventhHarmonic,G3_20pSeventhHarmonic.wav,3,20pSeventhHarmonic,train,183,1499136
G3_20pSeventhHarmonic_00184.png,20pSeventhHarmonic,G3_20pSeventhHarmonic.wav,3,20pSeventhHarmonic,train,184,1507328
G3_20pSeventhHarmonic_00185.png,20pSeventhHarmonic,G3_20pSeventhHarmonic.wav,3,20pSeventhHarmonic,train,185,1515520
G3_20pSeventhHarmonic_00186.png,20pSeventhHarmonic,G3_20pSeventhHarmonic.wav,3,20pSeventhHarmonic,train,186,1523712
G3_20pSeventhHarmonic_00187.png,20pSeventhHarmonic,G3_20pSeventhHarmonic.wav,3,20pSeventhHarmonic,train,187,1531904
G3_20pSeventhHarmonic_00188.png,20pSeventhHarmonic,G3_20pSeventhHarmonic.wav,3,20pSeventhHarmonic,train,188,1540096
G3_20pSeventhHarmonic_00189.png,20pSeventhHarmonic,G3_20pSeventhHarmonic.wav,3,20pSeventhHarmonic,train,189,1548288
G3_20pSeventhHarmonic_00190.png,20pSeventhHarmonic,G3_20pSeventhHarmonic.wav,3,20pSeventhHarmonic,train,190,1556480
G3_20pSeventhHarmonic_00191.png,20pSeventhHarmonic,G3_20pSeventhHarmonic.wav,3,20pSeventhHarmonic,train,191,1564672
G3_20pSeventhHarmonic_00192.png,20pSeventhHarmonic,G3_20pSeventhHarmonic.wav,3,20pSeventhHarmonic,train,192,1572864
G3_20pSeventhHarmonic_00193.png,20pSeventhHarmonic,G3_20pSeventhHarmonic.wav,3,20pSeventhHarmonic,train,193,1581056
G3_20pSeventhHarmonic_00194.png,20pSeventhHarmonic,G3_20pSeventhHarmonic.wav,3,20pSeventhHarmonic,train,194,1589248
G3_20pSeventhHarmonic_00195.png,20pSeventhHarmonic,G3_20pSeventhHarmonic.wav,3,20pSeventhHarmonic,train,195,1597440
G3_20pSeventhHarmonic_00196.png,20pSeventhHarmonic,G3_20pSeventhHarmonic.wav,3,20pSeventhHarmonic,train,196,1605632
G3_20pSeventhHarmonic_00197.png,20pSeventhHarmonic,G3_20pSeventhHarmonic.wav,3,20pSeventhHarmonic,train,197,1613824
G3_20pSeventhHarmonic_00198.png,20pSeventhHarmonic,G3_20pSeventhHarmonic.wav,3,20pSeventhHarmonic,train,198,1622016
G3_20pSeventhHarmonic_00199.png,20pSeventhHarmonic,G3_20pSeventhHarmonic.wav,3,20pSeventhHarmonic,train,199,1630208
G3_20pSeventhHarmonic_00200.png,20pSeventhHarmonic,G3_20pSeventhHarmonic.wav,3,20pSeventhHarmonic,train,200,1638400
G3_20pSeventhHarmonic_00201.png,20pSeventhHarmonic,G3_20pSeventhHarmonic.wav,3,20pSeventhHarmonic,train,201,1646592
G3_20pSeventhHarmonic_00202.png,20pSeventhHarmonic,G3_20pSeventhHarmonic.wav,3,20pSeventhHarmonic,train,202,1654784
G3_20pSeventhHarmonic_00203.png,20pSeventhHarmonic,G3_20pSeventhHarmonic.wav,3,20pSeventhHarmonic,train,203,1662976
G3_20pSeventhHarmonic_00204.png,20pSeventhHarmonic,G3_20pSeventhHarmonic.wav,3,20pSeventhHarmonic,train,204,1671168
G3_20pSeventhHarmonic_00205.png,20pSeventhHarmonic,G3_20pSeventhHarmonic.wav,3,20pSeventhHarmonic,train,205,1679360
G3_20pSeventhHarmonic_00206.png,20pSeventhHarmonic,G3_20pSeventhHarmonic.wav,3,20pSeventhHarmonic,train,206,1687552
G3_20pSeventhHarmonic_00207.png,20pSeventhHarmonic,G3_20pSeventhHarmonic.wav,3,20pSeventhHarmonic,train,207,1695744
G3_20pSeventhHarmonic_00208.png,20pSeventhHarmonic,G3_20pSeventhHarmonic.wav,3,20pSeventhHarmonic,train,208,1703936
G3_20pSeventhHarmonic_00209.png,20pSeventhHarmonic,G3_20pSeventhHarmonic.wav,3,20pSeventhHarmonic,train,209,1712128
G3_20pSeventhHarmonic_00210.png,20pSeventhHarmonic,G3_20pSeventhHarmonic.wav,3,20pSeventhHarmonic,train,210,1720320
G3_20pSeventhHarmonic_00211.png,20pSeventhHarmonic,G3_20pSeventhHarmonic.wav,3,20pSeventhHarmonic,train,211,1728512
G3_20pSeventhHarmonic_00212.png,20pSeventhHarmonic,G3_20pSeventhHarmonic.wav,3,20pSeventhHarmonic,train,212,1736704
G3_20pSeventhHarmonic_00213.png,20pSeventhHarmonic,G3_20pSeventhHarmonic.wav,3,20pSeventhHarmonic,train,213,1744896
G3_20pSeventhHarmonic_00214.png,20pSeventhHarmonic,G3_20pSeventhHarmonic.wav,3,20pSeventhHarmonic,train,214,1753088
G3_20pSeventhHarmonic_00215.png,20pSeventhHarmonic,G3_20pSeventhHarmonic.wav,3,20pSeventhHarmonic,train,215,1761280
G3_20pSeventhHarmonic_00216.png,20pSeventhHarmonic,G3_20pSeventhHarmonic.wav,3,20pSeventhHarmonic,train,216,1769472
G3_20pSeventhHarmonic_00217.png,20pSeventhHarmonic,G3_20pSeventhHarmonic.wav,3,20pSeventhHarmonic,train,217,1777664
G3_20pSeventhHarmonic_00218.png,20pSeventhHarmonic,G3_20pSeventhHarmonic.wav,3,20pSeventhHarmonic,train,218,1785856
G3_20pSeventhHarmonic_00219.png,20pSeventhHarmonic,G3_20pSeventhHarmonic.wav,3,20pSeventhHarmonic,train,219,1794048
G4_20pThirdHarmonic_chunk0_00000.png,20pThirdHarmonic,G4_20pThirdHarmonic.wav__chunk0,4,20pThirdHarmonic,train,0,0
G4_20pThirdHarmonic_chunk0_00001.png,20pThirdHarmonic,G4_20pThirdHarmonic.wav__chunk0,4,20pThirdHarmonic,train,1,8192
G4_20pThirdHarmonic_chunk0_00002.png,20pThirdHarmonic,G4_20pThirdHarmonic.wav__chunk0,4,20pThirdHarmonic,train,2,16384
G4_20pThirdHarmonic_chunk0_00003.png,20pThirdHarmonic,G4_20pThirdHarmonic.wav__chunk0,4,20pThirdHarmonic,train,3,24576
G4_20pThirdHarmonic_chunk0_00004.png,20pThirdHarmonic,G4_20pThirdHarmonic.wav__chunk0,4,20pThirdHarmonic,train,4,32768
G4_20pThirdHarmonic_chunk0_00005.png,20pThirdHarmonic,G4_20pThirdHarmonic.wav__chunk0,4,20pThirdHarmonic,train,5,40960
G4_20pThirdHarmonic_chunk0_00006.png,20pThirdHarmonic,G4_20pThirdHarmonic.wav__chunk0,4,20pThirdHarmonic,train,6,49152
G4_20pThirdHarmonic_chunk0_00007.png,20pThirdHarmonic,G4_20pThirdHarmonic.wav__chunk0,4,20pThirdHarmonic,train,7,57344
G4_20pThirdHarmonic_chunk0_00008.png,20pThirdHarmonic,G4_20pThirdHarmonic.wav__chunk0,4,20pThirdHarmonic,train,8,65536
G4_20pThirdHarmonic_chunk0_00009.png,20pThirdHarmonic,G4_20pThirdHarmonic.wav__chunk0,4,20pThirdHarmonic,train,9,73728
G4_20pThirdHarmonic_chunk0_00010.png,20pThirdHarmonic,G4_20pThirdHarmonic.wav__chunk0,4,20pThirdHarmonic,train,10,81920
G4_20pThirdHarmonic_chunk0_00011.png,20pThirdHarmonic,G4_20pThirdHarmonic.wav__chunk0,4,20pThirdHarmonic,train,11,90112
G4_20pThirdHarmonic_chunk0_00012.png,20pThirdHarmonic,G4_20pThirdHarmonic.wav__chunk0,4,20pThirdHarmonic,train,12,98304
G4_20pThirdHarmonic_chunk0_00013.png,20pThirdHarmonic,G4_20pThirdHarmonic.wav__chunk0,4,20pThirdHarmonic,train,13,106496
G4_20pThirdHarmonic_chunk0_00014.png,20pThirdHarmonic,G4_20pThirdHarmonic.wav__chunk0,4,20pThirdHarmonic,train,14,114688
G4_20pThirdHarmonic_chunk0_00015.png,20pThirdHarmonic,G4_20pThirdHarmonic.wav__chunk0,4,20pThirdHarmonic,train,15,122880
G4_20pThirdHarmonic_chunk0_00016.png,20pThirdHarmonic,G4_20pThirdHarmonic.wav__chunk0,4,20pThirdHarmonic,train,16,131072
G4_20pThirdHarmonic_chunk0_00017.png,20pThirdHarmonic,G4_20pThirdHarmonic.wav__chunk0,4,20pThirdHarmonic,train,17,139264
G4_20pThirdHarmonic_chunk0_00018.png,20pThirdHarmonic,G4_20pThirdHarmonic.wav__chunk0,4,20pThirdHarmonic,train,18,147456
G4_20pThirdHarmonic_chunk0_00019.png,20pThirdHarmonic,G4_20pThirdHarmonic.wav__chunk0,4,20pThirdHarmonic,train,19,155648
G4_20pThirdHarmonic_chunk0_00020.png,20pThirdHarmonic,G4_20pThirdHarmonic.wav__chunk0,4,20pThirdHarmonic,train,20,163840
G4_20pThirdHarmonic_chunk0_00021.png,20pThirdHarmonic,G4_20pThirdHarmonic.wav__chunk0,4,20pThirdHarmonic,train,21,172032
G4_20pThirdHarmonic_chunk0_00022.png,20pThirdHarmonic,G4_20pThirdHarmonic.wav__chunk0,4,20pThirdHarmonic,train,22,180224
G4_20pThirdHarmonic_chunk0_00023.png,20pThirdHarmonic,G4_20pThirdHarmonic.wav__chunk0,4,20pThirdHarmonic,train,23,188416
G4_20pThirdHarmonic_chunk0_00024.png,20pThirdHarmonic,G4_20pThirdHarmonic.wav__chunk0,4,20pThirdHarmonic,train,24,196608
G4_20pThirdHarmonic_chunk0_00025.png,20pThirdHarmonic,G4_20pThirdHarmonic.wav__chunk0,4,20pThirdHarmonic,train,25,204800
G4_20pThirdHarmonic_chunk0_00026.png,20pThirdHarmonic,G4_20pThirdHarmonic.wav__chunk0,4,20pThirdHarmonic,train,26,212992
G4_20pThirdHarmonic_chunk0_00027.png,20pThirdHarmonic,G4_20pThirdHarmonic.wav__chunk0,4,20pThirdHarmonic,train,27,221184
G4_20pThirdHarmonic_chunk0_00028.png,20pThirdHarmonic,G4_20pThirdHarmonic.wav__chunk0,4,20pThirdHarmonic,train,28,229376
G4_20pThirdHarmonic_chunk0_00029.png,20pThirdHarmonic,G4_20pThirdHarmonic.wav__chunk0,4,20pThirdHarmonic,train,29,237568
G4_20pThirdHarmonic_chunk0_00030.png,20pThirdHarmonic,G4_20pThirdHarmonic.wav__chunk0,4,20pThirdHarmonic,train,30,245760
G4_20pThirdHarmonic_chunk0_00031.png,20pThirdHarmonic,G4_20pThirdHarmonic.wav__chunk0,4,20pThirdHarmonic,train,31,253952
G4_20pThirdHarmonic_chunk0_00032.png,20pThirdHarmonic,G4_20pThirdHarmonic.wav__chunk0,4,20pThirdHarmonic,train,32,262144
G4_20pThirdHarmonic_chunk0_00033.png,20pThirdHarmonic,G4_20pThirdHarmonic.wav__chunk0,4,20pThirdHarmonic,train,33,270336
G4_20pThirdHarmonic_chunk0_00034.png,20pThirdHarmonic,G4_20pThirdHarmonic.wav__chunk0,4,20pThirdHarmonic,train,34,278528
G4_20pThirdHarmonic_chunk0_00035.png,20pThirdHarmonic,G4_20pThirdHarmonic.wav__chunk0,4,20pThirdHarmonic,train,35,286720
G4_20pThirdHarmonic_chunk0_00036.png,20pThirdHarmonic,G4_20pThirdHarmonic.wav__chunk0,4,20pThirdHarmonic,train,36,294912
G4_20pThirdHarmonic_chunk0_00037.png,20pThirdHarmonic,G4_20pThirdHarmonic.wav__chunk0,4,20pThirdHarmonic,train,37,303104
G4_20pThirdHarmonic_chunk0_00038.png,20pThirdHarmonic,G4_20pThirdHarmonic.wav__chunk0,4,20pThirdHarmonic,train,38,311296
G4_20pThirdHarmonic_chunk0_00039.png,20pThirdHarmonic,G4_20pThirdHarmonic.wav__chunk0,4,20pThirdHarmonic,train,39,319488
G4_20pThirdHarmonic_chunk0_00040.png,20pThirdHarmonic,G4_20pThirdHarmonic.wav__chunk0,4,20pThirdHarmonic,train,40,327680
G4_20pThirdHarmonic_chunk0_00041.png,20pThirdHarmonic,G4_20pThirdHarmonic.wav__chunk0,4,20pThirdHarmonic,train,41,335872
G4_20pThirdHarmonic_chunk0_00042.png,20pThirdHarmonic,G4_20pThirdHarmonic.wav__chunk0,4,20pThirdHarmonic,train,42,344064
G4_20pThirdHarmonic_chunk0_00043.png,20pThirdHarmonic,G4_20pThirdHarmonic.wav__chunk0,4,20pThirdHarmonic,train,43,352256
G4_20pThirdHarmonic_chunk0_00044.png,20pThirdHarmonic,G4_20pThirdHarmonic.wav__chunk0,4,20pThirdHarmonic,train,44,360448
G4_20pThirdHarmonic_chunk0_00045.png,20pThirdHarmonic,G4_20pThirdHarmonic.wav__chunk0,4,20pThirdHarmonic,train,45,368640
G4_20pThirdHarmonic_chunk0_00046.png,20pThirdHarmonic,G4_20pThirdHarmonic.wav__chunk0,4,20pThirdHarmonic,train,46,376832
G4_20pThirdHarmonic_chunk0_00047.png,20pThirdHarmonic,G4_20pThirdHarmonic.wav__chunk0,4,20pThirdHarmonic,train,47,385024
G4_20pThirdHarmonic_chunk0_00048.png,20pThirdHarmonic,G4_20pThirdHarmonic.wav__chunk0,4,20pThirdHarmonic,train,48,393216
G4_20pThirdHarmonic_chunk0_00049.png,20pThirdHarmonic,G4_20pThirdHarmonic.wav__chunk0,4,20pThirdHarmonic,train,49,401408
G4_20pThirdHarmonic_chunk0_00050.png,20pThirdHarmonic,G4_20pThirdHarmonic.wav__chunk0,4,20pThirdHarmonic,train,50,409600
G4_20pThirdHarmonic_chunk0_00051.png,20pThirdHarmonic,G4_20pThirdHarmonic.wav__chunk0,4,20pThirdHarmonic,train,51,417792
G4_20pThirdHarmonic_chunk0_00052.png,20pThirdHarmonic,G4_20pThirdHarmonic.wav__chunk0,4,20pThirdHarmonic,train,52,425984
G4_20pThirdHarmonic_chunk0_00053.png,20pThirdHarmonic,G4_20pThirdHarmonic.wav__chunk0,4,20pThirdHarmonic,train,53,434176
G4_20pThirdHarmonic_chunk0_00054.png,20pThirdHarmonic,G4_20pThirdHarmonic.wav__chunk0,4,20pThirdHarmonic,train,54,442368
G4_20pThirdHarmonic_chunk0_00055.png,20pThirdHarmonic,G4_20pThirdHarmonic.wav__chunk0,4,20pThirdHarmonic,train,55,450560
G4_20pThirdHarmonic_chunk0_00056.png,20pThirdHarmonic,G4_20pThirdHarmonic.wav__chunk0,4,20pThirdHarmonic,train,56,458752
G4_20pThirdHarmonic_chunk0_00057.png,20pThirdHarmonic,G4_20pThirdHarmonic.wav__chunk0,4,20pThirdHarmonic,train,57,466944
G4_20pThirdHarmonic_chunk0_00058.png,20pThirdHarmonic,G4_20pThirdHarmonic.wav__chunk0,4,20pThirdHarmonic,train,58,475136
G4_20pThirdHarmonic_chunk0_00059.png,20pThirdHarmonic,G4_20pThirdHarmonic.wav__chunk0,4,20pThirdHarmonic,train,59,483328
G4_20pThirdHarmonic_chunk0_00060.png,20pThirdHarmonic,G4_20pThirdHarmonic.wav__chunk0,4,20pThirdHarmonic,train,60,491520
G4_20pThirdHarmonic_chunk0_00061.png,20pThirdHarmonic,G4_20pThirdHarmonic.wav__chunk0,4,20pThirdHarmonic,train,61,499712
G4_20pThirdHarmonic_chunk0_00062.png,20pThirdHarmonic,G4_20pThirdHarmonic.wav__chunk0,4,20pThirdHarmonic,train,62,507904
G4_20pThirdHarmonic_chunk0_00063.png,20pThirdHarmonic,G4_20pThirdHarmonic.wav__chunk0,4,20pThirdHarmonic,train,63,516096
G4_20pThirdHarmonic_chunk0_00064.png,20pThirdHarmonic,G4_20pThirdHarmonic.wav__chunk0,4,20pThirdHarmonic,train,64,524288
G4_20pThirdHarmonic_chunk0_00065.png,20pThirdHarmonic,G4_20pThirdHarmonic.wav__chunk0,4,20pThirdHarmonic,train,65,532480
G4_20pThirdHarmonic_chunk0_00066.png,20pThirdHarmonic,G4_20pThirdHarmonic.wav__chunk0,4,20pThirdHarmonic,train,66,540672
G4_20pThirdHarmonic_chunk0_00067.png,20pThirdHarmonic,G4_20pThirdHarmonic.wav__chunk0,4,20pThirdHarmonic,train,67,548864
G4_20pThirdHarmonic_chunk0_00068.png,20pThirdHarmonic,G4_20pThirdHarmonic.wav__chunk0,4,20pThirdHarmonic,train,68,557056
G4_20pThirdHarmonic_chunk0_00069.png,20pThirdHarmonic,G4_20pThirdHarmonic.wav__chunk0,4,20pThirdHarmonic,train,69,565248
G4_20pThirdHarmonic_chunk0_00070.png,20pThirdHarmonic,G4_20pThirdHarmonic.wav__chunk0,4,20pThirdHarmonic,train,70,573440
G4_20pThirdHarmonic_chunk0_00071.png,20pThirdHarmonic,G4_20pThirdHarmonic.wav__chunk0,4,20pThirdHarmonic,train,71,581632
G4_20pThirdHarmonic_chunk0_00072.png,20pThirdHarmonic,G4_20pThirdHarmonic.wav__chunk0,4,20pThirdHarmonic,train,72,589824
G4_20pThirdHarmonic_chunk0_00073.png,20pThirdHarmonic,G4_20pThirdHarmonic.wav__chunk0,4,20pThirdHarmonic,train,73,598016
G4_20pThirdHarmonic_chunk0_00074.png,20pThirdHarmonic,G4_20pThirdHarmonic.wav__chunk0,4,20pThirdHarmonic,train,74,606208
G4_20pThirdHarmonic_chunk0_00075.png,20pThirdHarmonic,G4_20pThirdHarmonic.wav__chunk0,4,20pThirdHarmonic,train,75,614400
G4_20pThirdHarmonic_chunk0_00076.png,20pThirdHarmonic,G4_20pThirdHarmonic.wav__chunk0,4,20pThirdHarmonic,train,76,622592
G4_20pThirdHarmonic_chunk0_00077.png,20pThirdHarmonic,G4_20pThirdHarmonic.wav__chunk0,4,20pThirdHarmonic,train,77,630784
G4_20pThirdHarmonic_chunk0_00078.png,20pThirdHarmonic,G4_20pThirdHarmonic.wav__chunk0,4,20pThirdHarmonic,train,78,638976
G4_20pThirdHarmonic_chunk0_00079.png,20pThirdHarmonic,G4_20pThirdHarmonic.wav__chunk0,4,20pThirdHarmonic,train,79,647168
G4_20pThirdHarmonic_chunk0_00080.png,20pThirdHarmonic,G4_20pThirdHarmonic.wav__chunk0,4,20pThirdHarmonic,train,80,655360
G4_20pThirdHarmonic_chunk0_00081.png,20pThirdHarmonic,G4_20pThirdHarmonic.wav__chunk0,4,20pThirdHarmonic,train,81,663552
G4_20pThirdHarmonic_chunk0_00082.png,20pThirdHarmonic,G4_20pThirdHarmonic.wav__chunk0,4,20pThirdHarmonic,train,82,671744
G4_20pThirdHarmonic_chunk0_00083.png,20pThirdHarmonic,G4_20pThirdHarmonic.wav__chunk0,4,20pThirdHarmonic,train,83,679936
G4_20pThirdHarmonic_chunk0_00084.png,20pThirdHarmonic,G4_20pThirdHarmonic.wav__chunk0,4,20pThirdHarmonic,train,84,688128
G4_20pThirdHarmonic_chunk0_00085.png,20pThirdHarmonic,G4_20pThirdHarmonic.wav__chunk0,4,20pThirdHarmonic,train,85,696320
G4_20pThirdHarmonic_chunk0_00086.png,20pThirdHarmonic,G4_20pThirdHarmonic.wav__chunk0,4,20pThirdHarmonic,train,86,704512
G4_20pThirdHarmonic_chunk0_00087.png,20pThirdHarmonic,G4_20pThirdHarmonic.wav__chunk0,4,20pThirdHarmonic,train,87,712704
G4_20pThirdHarmonic_chunk0_00088.png,20pThirdHarmonic,G4_20pThirdHarmonic.wav__chunk0,4,20pThirdHarmonic,train,88,720896
G4_20pThirdHarmonic_chunk0_00089.png,20pThirdHarmonic,G4_20pThirdHarmonic.wav__chunk0,4,20pThirdHarmonic,train,89,729088
G4_20pThirdHarmonic_chunk0_00090.png,20pThirdHarmonic,G4_20pThirdHarmonic.wav__chunk0,4,20pThirdHarmonic,train,90,737280
G4_20pThirdHarmonic_chunk0_00091.png,20pThirdHarmonic,G4_20pThirdHarmonic.wav__chunk0,4,20pThirdHarmonic,train,91,745472
G4_20pThirdHarmonic_chunk0_00092.png,20pThirdHarmonic,G4_20pThirdHarmonic.wav__chunk0,4,20pThirdHarmonic,train,92,753664
G4_20pThirdHarmonic_chunk0_00093.png,20pThirdHarmonic,G4_20pThirdHarmonic.wav__chunk0,4,20pThirdHarmonic,train,93,761856
G4_20pThirdHarmonic_chunk0_00094.png,20pThirdHarmonic,G4_20pThirdHarmonic.wav__chunk0,4,20pThirdHarmonic,train,94,770048
G4_20pThirdHarmonic_chunk0_00095.png,20pThirdHarmonic,G4_20pThirdHarmonic.wav__chunk0,4,20pThirdHarmonic,train,95,778240
G4_20pThirdHarmonic_chunk0_00096.png,20pThirdHarmonic,G4_20pThirdHarmonic.wav__chunk0,4,20pThirdHarmonic,train,96,786432
G4_20pThirdHarmonic_chunk0_00097.png,20pThirdHarmonic,G4_20pThirdHarmonic.wav__chunk0,4,20pThirdHarmonic,train,97,794624
G4_20pThirdHarmonic_chunk0_00098.png,20pThirdHarmonic,G4_20pThirdHarmonic.wav__chunk0,4,20pThirdHarmonic,train,98,802816
G4_20pThirdHarmonic_chunk0_00099.png,20pThirdHarmonic,G4_20pThirdHarmonic.wav__chunk0,4,20pThirdHarmonic,train,99,811008
G4_20pThirdHarmonic_chunk0_00100.png,20pThirdHarmonic,G4_20pThirdHarmonic.wav__chunk0,4,20pThirdHarmonic,train,100,819200
G4_20pThirdHarmonic_chunk0_00101.png,20pThirdHarmonic,G4_20pThirdHarmonic.wav__chunk0,4,20pThirdHarmonic,train,101,827392
G4_20pThirdHarmonic_chunk0_00102.png,20pThirdHarmonic,G4_20pThirdHarmonic.wav__chunk0,4,20pThirdHarmonic,train,102,835584
G4_20pThirdHarmonic_chunk0_00103.png,20pThirdHarmonic,G4_20pThirdHarmonic.wav__chunk0,4,20pThirdHarmonic,train,103,843776
G4_20pThirdHarmonic_chunk0_00104.png,20pThirdHarmonic,G4_20pThirdHarmonic.wav__chunk0,4,20pThirdHarmonic,train,104,851968
G4_20pThirdHarmonic_chunk0_00105.png,20pThirdHarmonic,G4_20pThirdHarmonic.wav__chunk0,4,20pThirdHarmonic,train,105,860160
G4_20pThirdHarmonic_chunk0_00106.png,20pThirdHarmonic,G4_20pThirdHarmonic.wav__chunk0,4,20pThirdHarmonic,train,106,868352
G4_20pThirdHarmonic_chunk0_00107.png,20pThirdHarmonic,G4_20pThirdHarmonic.wav__chunk0,4,20pThirdHarmonic,train,107,876544
G4_20pThirdHarmonic_chunk0_00108.png,20pThirdHarmonic,G4_20pThirdHarmonic.wav__chunk0,4,20pThirdHarmonic,train,108,884736
G4_20pThirdHarmonic_chunk0_00109.png,20pThirdHarmonic,G4_20pThirdHarmonic.wav__chunk0,4,20pThirdHarmonic,train,109,892928
G4_20pThirdHarmonic_chunk0_00110.png,20pThirdHarmonic,G4_20pThirdHarmonic.wav__chunk0,4,20pThirdHarmonic,train,110,901120
G4_20pThirdHarmonic_chunk0_00111.png,20pThirdHarmonic,G4_20pThirdHarmonic.wav__chunk0,4,20pThirdHarmonic,train,111,909312
G4_20pThirdHarmonic_chunk0_00112.png,20pThirdHarmonic,G4_20pThirdHarmonic.wav__chunk0,4,20pThirdHarmonic,train,112,917504
G4_20pThirdHarmonic_chunk0_00113.png,20pThirdHarmonic,G4_20pThirdHarmonic.wav__chunk0,4,20pThirdHarmonic,train,113,925696
G4_20pThirdHarmonic_chunk0_00114.png,20pThirdHarmonic,G4_20pThirdHarmonic.wav__chunk0,4,20pThirdHarmonic,train,114,933888
G4_20pThirdHarmonic_chunk0_00115.png,20pThirdHarmonic,G4_20pThirdHarmonic.wav__chunk0,4,20pThirdHarmonic,train,115,942080
G4_20pThirdHarmonic_chunk0_00116.png,20pThirdHarmonic,G4_20pThirdHarmonic.wav__chunk0,4,20pThirdHarmonic,train,116,950272
G4_20pThirdHarmonic_chunk0_00117.png,20pThirdHarmonic,G4_20pThirdHarmonic.wav__chunk0,4,20pThirdHarmonic,train,117,958464
G4_20pThirdHarmonic_chunk0_00118.png,20pThirdHarmonic,G4_20pThirdHarmonic.wav__chunk0,4,20pThirdHarmonic,train,118,966656
G4_20pThirdHarmonic_chunk0_00119.png,20pThirdHarmonic,G4_20pThirdHarmonic.wav__chunk0,4,20pThirdHarmonic,train,119,974848
G4_20pThirdHarmonic_chunk0_00120.png,20pThirdHarmonic,G4_20pThirdHarmonic.wav__chunk0,4,20pThirdHarmonic,train,120,983040
G4_20pThirdHarmonic_chunk0_00121.png,20pThirdHarmonic,G4_20pThirdHarmonic.wav__chunk0,4,20pThirdHarmonic,train,121,991232
G4_20pThirdHarmonic_chunk0_00122.png,20pThirdHarmonic,G4_20pThirdHarmonic.wav__chunk0,4,20pThirdHarmonic,train,122,999424
G4_20pThirdHarmonic_chunk0_00123.png,20pThirdHarmonic,G4_20pThirdHarmonic.wav__chunk0,4,20pThirdHarmonic,train,123,1007616
G4_20pThirdHarmonic_chunk0_00124.png,20pThirdHarmonic,G4_20pThirdHarmonic.wav__chunk0,4,20pThirdHarmonic,train,124,1015808
G4_20pThirdHarmonic_chunk0_00125.png,20pThirdHarmonic,G4_20pThirdHarmonic.wav__chunk0,4,20pThirdHarmonic,train,125,1024000
G4_20pThirdHarmonic_chunk0_00126.png,20pThirdHarmonic,G4_20pThirdHarmonic.wav__chunk0,4,20pThirdHarmonic,train,126,1032192
G4_20pThirdHarmonic_chunk0_00127.png,20pThirdHarmonic,G4_20pThirdHarmonic.wav__chunk0,4,20pThirdHarmonic,train,127,1040384
G4_20pThirdHarmonic_chunk0_00128.png,20pThirdHarmonic,G4_20pThirdHarmonic.wav__chunk0,4,20pThirdHarmonic,train,128,1048576
G4_20pThirdHarmonic_chunk0_00129.png,20pThirdHarmonic,G4_20pThirdHarmonic.wav__chunk0,4,20pThirdHarmonic,train,129,1056768
G4_20pThirdHarmonic_chunk0_00130.png,20pThirdHarmonic,G4_20pThirdHarmonic.wav__chunk0,4,20pThirdHarmonic,train,130,1064960
G4_20pThirdHarmonic_chunk0_00131.png,20pThirdHarmonic,G4_20pThirdHarmonic.wav__chunk0,4,20pThirdHarmonic,train,131,1073152
G4_20pThirdHarmonic_chunk0_00132.png,20pThirdHarmonic,G4_20pThirdHarmonic.wav__chunk0,4,20pThirdHarmonic,train,132,1081344
G4_20pThirdHarmonic_chunk0_00133.png,20pThirdHarmonic,G4_20pThirdHarmonic.wav__chunk0,4,20pThirdHarmonic,train,133,1089536
G4_20pThirdHarmonic_chunk0_00134.png,20pThirdHarmonic,G4_20pThirdHarmonic.wav__chunk0,4,20pThirdHarmonic,train,134,1097728
G4_20pThirdHarmonic_chunk0_00135.png,20pThirdHarmonic,G4_20pThirdHarmonic.wav__chunk0,4,20pThirdHarmonic,train,135,1105920
G4_20pThirdHarmonic_chunk0_00136.png,20pThirdHarmonic,G4_20pThirdHarmonic.wav__chunk0,4,20pThirdHarmonic,train,136,1114112
G4_20pThirdHarmonic_chunk0_00137.png,20pThirdHarmonic,G4_20pThirdHarmonic.wav__chunk0,4,20pThirdHarmonic,train,137,1122304
G4_20pThirdHarmonic_chunk0_00138.png,20pThirdHarmonic,G4_20pThirdHarmonic.wav__chunk0,4,20pThirdHarmonic,train,138,1130496
G4_20pThirdHarmonic_chunk0_00139.png,20pThirdHarmonic,G4_20pThirdHarmonic.wav__chunk0,4,20pThirdHarmonic,train,139,1138688
G4_20pThirdHarmonic_chunk0_00140.png,20pThirdHarmonic,G4_20pThirdHarmonic.wav__chunk0,4,20pThirdHarmonic,train,140,1146880
G4_20pThirdHarmonic_chunk0_00141.png,20pThirdHarmonic,G4_20pThirdHarmonic.wav__chunk0,4,20pThirdHarmonic,train,141,1155072
G4_20pThirdHarmonic_chunk0_00142.png,20pThirdHarmonic,G4_20pThirdHarmonic.wav__chunk0,4,20pThirdHarmonic,train,142,1163264
G4_20pThirdHarmonic_chunk0_00143.png,20pThirdHarmonic,G4_20pThirdHarmonic.wav__chunk0,4,20pThirdHarmonic,train,143,1171456
G4_20pThirdHarmonic_chunk0_00144.png,20pThirdHarmonic,G4_20pThirdHarmonic.wav__chunk0,4,20pThirdHarmonic,train,144,1179648
G4_20pThirdHarmonic_chunk0_00145.png,20pThirdHarmonic,G4_20pThirdHarmonic.wav__chunk0,4,20pThirdHarmonic,train,145,1187840
G4_20pThirdHarmonic_chunk0_00146.png,20pThirdHarmonic,G4_20pThirdHarmonic.wav__chunk0,4,20pThirdHarmonic,train,146,1196032
G4_20pThirdHarmonic_chunk0_00147.png,20pThirdHarmonic,G4_20pThirdHarmonic.wav__chunk0,4,20pThirdHarmonic,train,147,1204224
G4_20pThirdHarmonic_chunk0_00148.png,20pThirdHarmonic,G4_20pThirdHarmonic.wav__chunk0,4,20pThirdHarmonic,train,148,1212416
G4_20pThirdHarmonic_chunk0_00149.png,20pThirdHarmonic,G4_20pThirdHarmonic.wav__chunk0,4,20pThirdHarmonic,train,149,1220608
G4_20pThirdHarmonic_chunk0_00150.png,20pThirdHarmonic,G4_20pThirdHarmonic.wav__chunk0,4,20pThirdHarmonic,train,150,1228800
G4_20pThirdHarmonic_chunk0_00151.png,20pThirdHarmonic,G4_20pThirdHarmonic.wav__chunk0,4,20pThirdHarmonic,train,151,1236992
G4_20pThirdHarmonic_chunk0_00152.png,20pThirdHarmonic,G4_20pThirdHarmonic.wav__chunk0,4,20pThirdHarmonic,train,152,1245184
G4_20pThirdHarmonic_chunk0_00153.png,20pThirdHarmonic,G4_20pThirdHarmonic.wav__chunk0,4,20pThirdHarmonic,train,153,1253376
G4_20pThirdHarmonic_chunk0_00154.png,20pThirdHarmonic,G4_20pThirdHarmonic.wav__chunk0,4,20pThirdHarmonic,train,154,1261568
G4_20pThirdHarmonic_chunk0_00155.png,20pThirdHarmonic,G4_20pThirdHarmonic.wav__chunk0,4,20pThirdHarmonic,train,155,1269760
G4_20pThirdHarmonic_chunk0_00156.png,20pThirdHarmonic,G4_20pThirdHarmonic.wav__chunk0,4,20pThirdHarmonic,train,156,1277952
G4_20pThirdHarmonic_chunk0_00157.png,20pThirdHarmonic,G4_20pThirdHarmonic.wav__chunk0,4,20pThirdHarmonic,train,157,1286144
G4_20pThirdHarmonic_chunk0_00158.png,20pThirdHarmonic,G4_20pThirdHarmonic.wav__chunk0,4,20pThirdHarmonic,train,158,1294336
G4_20pThirdHarmonic_chunk0_00159.png,20pThirdHarmonic,G4_20pThirdHarmonic.wav__chunk0,4,20pThirdHarmonic,train,159,1302528
G4_20pThirdHarmonic_chunk0_00160.png,20pThirdHarmonic,G4_20pThirdHarmonic.wav__chunk0,4,20pThirdHarmonic,train,160,1310720
G2_30pFifthHarmonic_00000.png,30pFifthHarmonic,G2_30pFifthHarmonic.wav,2,30pFifthHarmonic,train,0,0
G2_30pFifthHarmonic_00001.png,30pFifthHarmonic,G2_30pFifthHarmonic.wav,2,30pFifthHarmonic,train,1,8192
G2_30pFifthHarmonic_00002.png,30pFifthHarmonic,G2_30pFifthHarmonic.wav,2,30pFifthHarmonic,train,2,16384
G2_30pFifthHarmonic_00003.png,30pFifthHarmonic,G2_30pFifthHarmonic.wav,2,30pFifthHarmonic,train,3,24576
G2_30pFifthHarmonic_00004.png,30pFifthHarmonic,G2_30pFifthHarmonic.wav,2,30pFifthHarmonic,train,4,32768
G2_30pFifthHarmonic_00005.png,30pFifthHarmonic,G2_30pFifthHarmonic.wav,2,30pFifthHarmonic,train,5,40960
G2_30pFifthHarmonic_00006.png,30pFifthHarmonic,G2_30pFifthHarmonic.wav,2,30pFifthHarmonic,train,6,49152
G2_30pFifthHarmonic_00007.png,30pFifthHarmonic,G2_30pFifthHarmonic.wav,2,30pFifthHarmonic,train,7,57344
G2_30pFifthHarmonic_00008.png,30pFifthHarmonic,G2_30pFifthHarmonic.wav,2,30pFifthHarmonic,train,8,65536
G2_30pFifthHarmonic_00009.png,30pFifthHarmonic,G2_30pFifthHarmonic.wav,2,30pFifthHarmonic,train,9,73728
G2_30pFifthHarmonic_00010.png,30pFifthHarmonic,G2_30pFifthHarmonic.wav,2,30pFifthHarmonic,train,10,81920
G2_30pFifthHarmonic_00011.png,30pFifthHarmonic,G2_30pFifthHarmonic.wav,2,30pFifthHarmonic,train,11,90112
G2_30pFifthHarmonic_00012.png,30pFifthHarmonic,G2_30pFifthHarmonic.wav,2,30pFifthHarmonic,train,12,98304
G2_30pFifthHarmonic_00013.png,30pFifthHarmonic,G2_30pFifthHarmonic.wav,2,30pFifthHarmonic,train,13,106496
G2_30pFifthHarmonic_00014.png,30pFifthHarmonic,G2_30pFifthHarmonic.wav,2,30pFifthHarmonic,train,14,114688
G2_30pFifthHarmonic_00015.png,30pFifthHarmonic,G2_30pFifthHarmonic.wav,2,30pFifthHarmonic,train,15,122880
G2_30pFifthHarmonic_00016.png,30pFifthHarmonic,G2_30pFifthHarmonic.wav,2,30pFifthHarmonic,train,16,131072
G2_30pFifthHarmonic_00017.png,30pFifthHarmonic,G2_30pFifthHarmonic.wav,2,30pFifthHarmonic,train,17,139264
G2_30pFifthHarmonic_00018.png,30pFifthHarmonic,G2_30pFifthHarmonic.wav,2,30pFifthHarmonic,train,18,147456
G2_30pFifthHarmonic_00019.png,30pFifthHarmonic,G2_30pFifthHarmonic.wav,2,30pFifthHarmonic,train,19,155648
G2_30pFifthHarmonic_00020.png,30pFifthHarmonic,G2_30pFifthHarmonic.wav,2,30pFifthHarmonic,train,20,163840
G2_30pFifthHarmonic_00021.png,30pFifthHarmonic,G2_30pFifthHarmonic.wav,2,30pFifthHarmonic,train,21,172032
G2_30pFifthHarmonic_00022.png,30pFifthHarmonic,G2_30pFifthHarmonic.wav,2,30pFifthHarmonic,train,22,180224
G2_30pFifthHarmonic_00023.png,30pFifthHarmonic,G2_30pFifthHarmonic.wav,2,30pFifthHarmonic,train,23,188416
G2_30pFifthHarmonic_00024.png,30pFifthHarmonic,G2_30pFifthHarmonic.wav,2,30pFifthHarmonic,train,24,196608
G2_30pFifthHarmonic_00025.png,30pFifthHarmonic,G2_30pFifthHarmonic.wav,2,30pFifthHarmonic,train,25,204800
G2_30pFifthHarmonic_00026.png,30pFifthHarmonic,G2_30pFifthHarmonic.wav,2,30pFifthHarmonic,train,26,212992
G2_30pFifthHarmonic_00027.png,30pFifthHarmonic,G2_30pFifthHarmonic.wav,2,30pFifthHarmonic,train,27,221184
G2_30pFifthHarmonic_00028.png,30pFifthHarmonic,G2_30pFifthHarmonic.wav,2,30pFifthHarmonic,train,28,229376
G2_30pFifthHarmonic_00029.png,30pFifthHarmonic,G2_30pFifthHarmonic.wav,2,30pFifthHarmonic,train,29,237568
G2_30pFifthHarmonic_00030.png,30pFifthHarmonic,G2_30pFifthHarmonic.wav,2,30pFifthHarmonic,train,30,245760
G2_30pFifthHarmonic_00031.png,30pFifthHarmonic,G2_30pFifthHarmonic.wav,2,30pFifthHarmonic,train,31,253952
G2_30pFifthHarmonic_00032.png,30pFifthHarmonic,G2_30pFifthHarmonic.wav,2,30pFifthHarmonic,train,32,262144
G2_30pFifthHarmonic_00033.png,30pFifthHarmonic,G2_30pFifthHarmonic.wav,2,30pFifthHarmonic,train,33,270336
G2_30pFifthHarmonic_00034.png,30pFifthHarmonic,G2_30pFifthHarmonic.wav,2,30pFifthHarmonic,train,34,278528
G2_30pFifthHarmonic_00035.png,30pFifthHarmonic,G2_30pFifthHarmonic.wav,2,30pFifthHarmonic,train,35,286720
G2_30pFifthHarmonic_00036.png,30pFifthHarmonic,G2_30pFifthHarmonic.wav,2,30pFifthHarmonic,train,36,294912
G2_30pFifthHarmonic_00037.png,30pFifthHarmonic,G2_30pFifthHarmonic.wav,2,30pFifthHarmonic,train,37,303104
G2_30pFifthHarmonic_00038.png,30pFifthHarmonic,G2_30pFifthHarmonic.wav,2,30pFifthHarmonic,train,38,311296
G2_30pFifthHarmonic_00039.png,30pFifthHarmonic,G2_30pFifthHarmonic.wav,2,30pFifthHarmonic,train,39,319488
G2_30pFifthHarmonic_00040.png,30pFifthHarmonic,G2_30pFifthHarmonic.wav,2,30pFifthHarmonic,train,40,327680
G2_30pFifthHarmonic_00041.png,30pFifthHarmonic,G2_30pFifthHarmonic.wav,2,30pFifthHarmonic,train,41,335872
G2_30pFifthHarmonic_00042.png,30pFifthHarmonic,G2_30pFifthHarmonic.wav,2,30pFifthHarmonic,train,42,344064
G2_30pFifthHarmonic_00043.png,30pFifthHarmonic,G2_30pFifthHarmonic.wav,2,30pFifthHarmonic,train,43,352256
G2_30pFifthHarmonic_00044.png,30pFifthHarmonic,G2_30pFifthHarmonic.wav,2,30pFifthHarmonic,train,44,360448
G2_30pFifthHarmonic_00045.png,30pFifthHarmonic,G2_30pFifthHarmonic.wav,2,30pFifthHarmonic,train,45,368640
G2_30pFifthHarmonic_00046.png,30pFifthHarmonic,G2_30pFifthHarmonic.wav,2,30pFifthHarmonic,train,46,376832
G2_30pFifthHarmonic_00047.png,30pFifthHarmonic,G2_30pFifthHarmonic.wav,2,30pFifthHarmonic,train,47,385024
G2_30pFifthHarmonic_00048.png,30pFifthHarmonic,G2_30pFifthHarmonic.wav,2,30pFifthHarmonic,train,48,393216
G2_30pFifthHarmonic_00049.png,30pFifthHarmonic,G2_30pFifthHarmonic.wav,2,30pFifthHarmonic,train,49,401408
G2_30pFifthHarmonic_00050.png,30pFifthHarmonic,G2_30pFifthHarmonic.wav,2,30pFifthHarmonic,train,50,409600
G2_30pFifthHarmonic_00051.png,30pFifthHarmonic,G2_30pFifthHarmonic.wav,2,30pFifthHarmonic,train,51,417792
G2_30pFifthHarmonic_00052.png,30pFifthHarmonic,G2_30pFifthHarmonic.wav,2,30pFifthHarmonic,train,52,425984
G2_30pFifthHarmonic_00053.png,30pFifthHarmonic,G2_30pFifthHarmonic.wav,2,30pFifthHarmonic,train,53,434176
G2_30pFifthHarmonic_00054.png,30pFifthHarmonic,G2_30pFifthHarmonic.wav,2,30pFifthHarmonic,train,54,442368
G2_30pFifthHarmonic_00055.png,30pFifthHarmonic,G2_30pFifthHarmonic.wav,2,30pFifthHarmonic,train,55,450560
G2_30pFifthHarmonic_00056.png,30pFifthHarmonic,G2_30pFifthHarmonic.wav,2,30pFifthHarmonic,train,56,458752
G2_30pFifthHarmonic_00057.png,30pFifthHarmonic,G2_30pFifthHarmonic.wav,2,30pFifthHarmonic,train,57,466944
G2_30pFifthHarmonic_00058.png,30pFifthHarmonic,G2_30pFifthHarmonic.wav,2,30pFifthHarmonic,train,58,475136
G2_30pFifthHarmonic_00059.png,30pFifthHarmonic,G2_30pFifthHarmonic.wav,2,30pFifthHarmonic,train,59,483328
G2_30pFifthHarmonic_00060.png,30pFifthHarmonic,G2_30pFifthHarmonic.wav,2,30pFifthHarmonic,train,60,491520
G2_30pFifthHarmonic_00061.png,30pFifthHarmonic,G2_30pFifthHarmonic.wav,2,30pFifthHarmonic,train,61,499712
G2_30pFifthHarmonic_00062.png,30pFifthHarmonic,G2_30pFifthHarmonic.wav,2,30pFifthHarmonic,train,62,507904
G2_30pFifthHarmonic_00063.png,30pFifthHarmonic,G2_30pFifthHarmonic.wav,2,30pFifthHarmonic,train,63,516096
G2_30pFifthHarmonic_00064.png,30pFifthHarmonic,G2_30pFifthHarmonic.wav,2,30pFifthHarmonic,train,64,524288
G2_30pFifthHarmonic_00065.png,30pFifthHarmonic,G2_30pFifthHarmonic.wav,2,30pFifthHarmonic,train,65,532480
G2_30pFifthHarmonic_00066.png,30pFifthHarmonic,G2_30pFifthHarmonic.wav,2,30pFifthHarmonic,train,66,540672
G2_30pFifthHarmonic_00067.png,30pFifthHarmonic,G2_30pFifthHarmonic.wav,2,30pFifthHarmonic,train,67,548864
G2_30pFifthHarmonic_00068.png,30pFifthHarmonic,G2_30pFifthHarmonic.wav,2,30pFifthHarmonic,train,68,557056
G2_30pFifthHarmonic_00069.png,30pFifthHarmonic,G2_30pFifthHarmonic.wav,2,30pFifthHarmonic,train,69,565248
G2_30pFifthHarmonic_00070.png,30pFifthHarmonic,G2_30pFifthHarmonic.wav,2,30pFifthHarmonic,train,70,573440
G2_30pFifthHarmonic_00071.png,30pFifthHarmonic,G2_30pFifthHarmonic.wav,2,30pFifthHarmonic,train,71,581632
G2_30pFifthHarmonic_00072.png,30pFifthHarmonic,G2_30pFifthHarmonic.wav,2,30pFifthHarmonic,train,72,589824
G2_30pFifthHarmonic_00073.png,30pFifthHarmonic,G2_30pFifthHarmonic.wav,2,30pFifthHarmonic,train,73,598016
G2_30pFifthHarmonic_00074.png,30pFifthHarmonic,G2_30pFifthHarmonic.wav,2,30pFifthHarmonic,train,74,606208
G2_30pFifthHarmonic_00075.png,30pFifthHarmonic,G2_30pFifthHarmonic.wav,2,30pFifthHarmonic,train,75,614400
G2_30pFifthHarmonic_00076.png,30pFifthHarmonic,G2_30pFifthHarmonic.wav,2,30pFifthHarmonic,train,76,622592
G2_30pFifthHarmonic_00077.png,30pFifthHarmonic,G2_30pFifthHarmonic.wav,2,30pFifthHarmonic,train,77,630784
G2_30pFifthHarmonic_00078.png,30pFifthHarmonic,G2_30pFifthHarmonic.wav,2,30pFifthHarmonic,train,78,638976
G2_30pFifthHarmonic_00079.png,30pFifthHarmonic,G2_30pFifthHarmonic.wav,2,30pFifthHarmonic,train,79,647168
G2_30pFifthHarmonic_00080.png,30pFifthHarmonic,G2_30pFifthHarmonic.wav,2,30pFifthHarmonic,train,80,655360
G2_30pFifthHarmonic_00081.png,30pFifthHarmonic,G2_30pFifthHarmonic.wav,2,30pFifthHarmonic,train,81,663552
G2_30pFifthHarmonic_00082.png,30pFifthHarmonic,G2_30pFifthHarmonic.wav,2,30pFifthHarmonic,train,82,671744
G2_30pFifthHarmonic_00083.png,30pFifthHarmonic,G2_30pFifthHarmonic.wav,2,30pFifthHarmonic,train,83,679936
G2_30pFifthHarmonic_00084.png,30pFifthHarmonic,G2_30pFifthHarmonic.wav,2,30pFifthHarmonic,train,84,688128
G2_30pFifthHarmonic_00085.png,30pFifthHarmonic,G2_30pFifthHarmonic.wav,2,30pFifthHarmonic,train,85,696320
G2_30pFifthHarmonic_00086.png,30pFifthHarmonic,G2_30pFifthHarmonic.wav,2,30pFifthHarmonic,train,86,704512
G2_30pFifthHarmonic_00087.png,30pFifthHarmonic,G2_30pFifthHarmonic.wav,2,30pFifthHarmonic,train,87,712704
G2_30pFifthHarmonic_00088.png,30pFifthHarmonic,G2_30pFifthHarmonic.wav,2,30pFifthHarmonic,train,88,720896
G2_30pFifthHarmonic_00089.png,30pFifthHarmonic,G2_30pFifthHarmonic.wav,2,30pFifthHarmonic,train,89,729088
G2_30pFifthHarmonic_00090.png,30pFifthHarmonic,G2_30pFifthHarmonic.wav,2,30pFifthHarmonic,train,90,737280
G2_30pFifthHarmonic_00091.png,30pFifthHarmonic,G2_30pFifthHarmonic.wav,2,30pFifthHarmonic,train,91,745472
G2_30pFifthHarmonic_00092.png,30pFifthHarmonic,G2_30pFifthHarmonic.wav,2,30pFifthHarmonic,train,92,753664
G2_30pFifthHarmonic_00093.png,30pFifthHarmonic,G2_30pFifthHarmonic.wav,2,30pFifthHarmonic,train,93,761856
G2_30pFifthHarmonic_00094.png,30pFifthHarmonic,G2_30pFifthHarmonic.wav,2,30pFifthHarmonic,train,94,770048
G2_30pFifthHarmonic_00095.png,30pFifthHarmonic,G2_30pFifthHarmonic.wav,2,30pFifthHarmonic,train,95,778240
G2_30pFifthHarmonic_00096.png,30pFifthHarmonic,G2_30pFifthHarmonic.wav,2,30pFifthHarmonic,train,96,786432
G2_30pFifthHarmonic_00097.png,30pFifthHarmonic,G2_30pFifthHarmonic.wav,2,30pFifthHarmonic,train,97,794624
G2_30pFifthHarmonic_00098.png,30pFifthHarmonic,G2_30pFifthHarmonic.wav,2,30pFifthHarmonic,train,98,802816
G2_30pFifthHarmonic_00099.png,30pFifthHarmonic,G2_30pFifthHarmonic.wav,2,30pFifthHarmonic,train,99,811008
G2_30pFifthHarmonic_00100.png,30pFifthHarmonic,G2_30pFifthHarmonic.wav,2,30pFifthHarmonic,train,100,819200
G2_30pFifthHarmonic_00101.png,30pFifthHarmonic,G2_30pFifthHarmonic.wav,2,30pFifthHarmonic,train,101,827392
G2_30pFifthHarmonic_00102.png,30pFifthHarmonic,G2_30pFifthHarmonic.wav,2,30pFifthHarmonic,train,102,835584
G2_30pFifthHarmonic_00103.png,30pFifthHarmonic,G2_30pFifthHarmonic.wav,2,30pFifthHarmonic,train,103,843776
G2_30pFifthHarmonic_00104.png,30pFifthHarmonic,G2_30pFifthHarmonic.wav,2,30pFifthHarmonic,train,104,851968
G2_30pFifthHarmonic_00105.png,30pFifthHarmonic,G2_30pFifthHarmonic.wav,2,30pFifthHarmonic,train,105,860160
G2_30pFifthHarmonic_00106.png,30pFifthHarmonic,G2_30pFifthHarmonic.wav,2,30pFifthHarmonic,train,106,868352
G2_30pFifthHarmonic_00107.png,30pFifthHarmonic,G2_30pFifthHarmonic.wav,2,30pFifthHarmonic,train,107,876544
G2_30pFifthHarmonic_00108.png,30pFifthHarmonic,G2_30pFifthHarmonic.wav,2,30pFifthHarmonic,train,108,884736
G2_30pFifthHarmonic_00109.png,30pFifthHarmonic,G2_30pFifthHarmonic.wav,2,30pFifthHarmonic,train,109,892928
G2_30pFifthHarmonic_00110.png,30pFifthHarmonic,G2_30pFifthHarmonic.wav,2,30pFifthHarmonic,train,110,901120
G2_30pFifthHarmonic_00111.png,30pFifthHarmonic,G2_30pFifthHarmonic.wav,2,30pFifthHarmonic,train,111,909312
G2_30pFifthHarmonic_00112.png,30pFifthHarmonic,G2_30pFifthHarmonic.wav,2,30pFifthHarmonic,train,112,917504
G2_30pFifthHarmonic_00113.png,30pFifthHarmonic,G2_30pFifthHarmonic.wav,2,30pFifthHarmonic,train,113,925696
G2_30pFifthHarmonic_00114.png,30pFifthHarmonic,G2_30pFifthHarmonic.wav,2,30pFifthHarmonic,train,114,933888
G2_30pFifthHarmonic_00115.png,30pFifthHarmonic,G2_30pFifthHarmonic.wav,2,30pFifthHarmonic,train,115,942080
G2_30pFifthHarmonic_00116.png,30pFifthHarmonic,G2_30pFifthHarmonic.wav,2,30pFifthHarmonic,train,116,950272
G2_30pFifthHarmonic_00117.png,30pFifthHarmonic,G2_30pFifthHarmonic.wav,2,30pFifthHarmonic,train,117,958464
G2_30pFifthHarmonic_00118.png,30pFifthHarmonic,G2_30pFifthHarmonic.wav,2,30pFifthHarmonic,train,118,966656
G2_30pFifthHarmonic_00119.png,30pFifthHarmonic,G2_30pFifthHarmonic.wav,2,30pFifthHarmonic,train,119,974848
G2_30pFifthHarmonic_00120.png,30pFifthHarmonic,G2_30pFifthHarmonic.wav,2,30pFifthHarmonic,train,120,983040
G2_30pFifthHarmonic_00121.png,30pFifthHarmonic,G2_30pFifthHarmonic.wav,2,30pFifthHarmonic,train,121,991232
G2_30pFifthHarmonic_00122.png,30pFifthHarmonic,G2_30pFifthHarmonic.wav,2,30pFifthHarmonic,train,122,999424
G2_30pFifthHarmonic_00123.png,30pFifthHarmonic,G2_30pFifthHarmonic.wav,2,30pFifthHarmonic,train,123,1007616
G2_30pFifthHarmonic_00124.png,30pFifthHarmonic,G2_30pFifthHarmonic.wav,2,30pFifthHarmonic,train,124,1015808
G2_30pFifthHarmonic_00125.png,30pFifthHarmonic,G2_30pFifthHarmonic.wav,2,30pFifthHarmonic,train,125,1024000
G2_30pFifthHarmonic_00126.png,30pFifthHarmonic,G2_30pFifthHarmonic.wav,2,30pFifthHarmonic,train,126,1032192
G2_30pFifthHarmonic_00127.png,30pFifthHarmonic,G2_30pFifthHarmonic.wav,2,30pFifthHarmonic,train,127,1040384
G2_30pFifthHarmonic_00128.png,30pFifthHarmonic,G2_30pFifthHarmonic.wav,2,30pFifthHarmonic,train,128,1048576
G2_30pFifthHarmonic_00129.png,30pFifthHarmonic,G2_30pFifthHarmonic.wav,2,30pFifthHarmonic,train,129,1056768
G2_30pFifthHarmonic_00130.png,30pFifthHarmonic,G2_30pFifthHarmonic.wav,2,30pFifthHarmonic,train,130,1064960
G2_30pFifthHarmonic_00131.png,30pFifthHarmonic,G2_30pFifthHarmonic.wav,2,30pFifthHarmonic,train,131,1073152
G2_30pFifthHarmonic_00132.png,30pFifthHarmonic,G2_30pFifthHarmonic.wav,2,30pFifthHarmonic,train,132,1081344
G2_30pFifthHarmonic_00133.png,30pFifthHarmonic,G2_30pFifthHarmonic.wav,2,30pFifthHarmonic,train,133,1089536
G2_30pFifthHarmonic_00134.png,30pFifthHarmonic,G2_30pFifthHarmonic.wav,2,30pFifthHarmonic,train,134,1097728
G2_30pFifthHarmonic_00135.png,30pFifthHarmonic,G2_30pFifthHarmonic.wav,2,30pFifthHarmonic,train,135,1105920
G2_30pFifthHarmonic_00136.png,30pFifthHarmonic,G2_30pFifthHarmonic.wav,2,30pFifthHarmonic,train,136,1114112
G2_30pFifthHarmonic_00137.png,30pFifthHarmonic,G2_30pFifthHarmonic.wav,2,30pFifthHarmonic,train,137,1122304
G2_30pFifthHarmonic_00138.png,30pFifthHarmonic,G2_30pFifthHarmonic.wav,2,30pFifthHarmonic,train,138,1130496
G2_30pFifthHarmonic_00139.png,30pFifthHarmonic,G2_30pFifthHarmonic.wav,2,30pFifthHarmonic,train,139,1138688
G2_30pFifthHarmonic_00140.png,30pFifthHarmonic,G2_30pFifthHarmonic.wav,2,30pFifthHarmonic,train,140,1146880
G2_30pFifthHarmonic_00141.png,30pFifthHarmonic,G2_30pFifthHarmonic.wav,2,30pFifthHarmonic,train,141,1155072
G2_30pFifthHarmonic_00142.png,30pFifthHarmonic,G2_30pFifthHarmonic.wav,2,30pFifthHarmonic,train,142,1163264
G2_30pFifthHarmonic_00143.png,30pFifthHarmonic,G2_30pFifthHarmonic.wav,2,30pFifthHarmonic,train,143,1171456
G2_30pFifthHarmonic_00144.png,30pFifthHarmonic,G2_30pFifthHarmonic.wav,2,30pFifthHarmonic,train,144,1179648
G2_30pFifthHarmonic_00145.png,30pFifthHarmonic,G2_30pFifthHarmonic.wav,2,30pFifthHarmonic,train,145,1187840
G2_30pFifthHarmonic_00146.png,30pFifthHarmonic,G2_30pFifthHarmonic.wav,2,30pFifthHarmonic,train,146,1196032
G2_30pFifthHarmonic_00147.png,30pFifthHarmonic,G2_30pFifthHarmonic.wav,2,30pFifthHarmonic,train,147,1204224
G2_30pFifthHarmonic_00148.png,30pFifthHarmonic,G2_30pFifthHarmonic.wav,2,30pFifthHarmonic,train,148,1212416
G2_30pFifthHarmonic_00149.png,30pFifthHarmonic,G2_30pFifthHarmonic.wav,2,30pFifthHarmonic,train,149,1220608
G2_30pFifthHarmonic_00150.png,30pFifthHarmonic,G2_30pFifthHarmonic.wav,2,30pFifthHarmonic,train,150,1228800
G2_30pFifthHarmonic_00151.png,30pFifthHarmonic,G2_30pFifthHarmonic.wav,2,30pFifthHarmonic,train,151,1236992
G2_30pFifthHarmonic_00152.png,30pFifthHarmonic,G2_30pFifthHarmonic.wav,2,30pFifthHarmonic,train,152,1245184
G2_30pFifthHarmonic_00153.png,30pFifthHarmonic,G2_30pFifthHarmonic.wav,2,30pFifthHarmonic,train,153,1253376
G2_30pFifthHarmonic_00154.png,30pFifthHarmonic,G2_30pFifthHarmonic.wav,2,30pFifthHarmonic,train,154,1261568
G2_30pFifthHarmonic_00155.png,30pFifthHarmonic,G2_30pFifthHarmonic.wav,2,30pFifthHarmonic,train,155,1269760
G2_30pFifthHarmonic_00156.png,30pFifthHarmonic,G2_30pFifthHarmonic.wav,2,30pFifthHarmonic,train,156,1277952
G2_30pFifthHarmonic_00157.png,30pFifthHarmonic,G2_30pFifthHarmonic.wav,2,30pFifthHarmonic,train,157,1286144
G2_30pFifthHarmonic_00158.png,30pFifthHarmonic,G2_30pFifthHarmonic.wav,2,30pFifthHarmonic,train,158,1294336
G2_30pFifthHarmonic_00159.png,30pFifthHarmonic,G2_30pFifthHarmonic.wav,2,30pFifthHarmonic,train,159,1302528
G2_30pFifthHarmonic_00160.png,30pFifthHarmonic,G2_30pFifthHarmonic.wav,2,30pFifthHarmonic,train,160,1310720
G2_30pFifthHarmonic_00161.png,30pFifthHarmonic,G2_30pFifthHarmonic.wav,2,30pFifthHarmonic,train,161,1318912
G2_30pFifthHarmonic_00162.png,30pFifthHarmonic,G2_30pFifthHarmonic.wav,2,30pFifthHarmonic,train,162,1327104
G2_30pFifthHarmonic_00163.png,30pFifthHarmonic,G2_30pFifthHarmonic.wav,2,30pFifthHarmonic,train,163,1335296
G2_30pFifthHarmonic_00164.png,30pFifthHarmonic,G2_30pFifthHarmonic.wav,2,30pFifthHarmonic,train,164,1343488
G2_30pFifthHarmonic_00165.png,30pFifthHarmonic,G2_30pFifthHarmonic.wav,2,30pFifthHarmonic,train,165,1351680
G2_30pFifthHarmonic_00166.png,30pFifthHarmonic,G2_30pFifthHarmonic.wav,2,30pFifthHarmonic,train,166,1359872
G2_30pFifthHarmonic_00167.png,30pFifthHarmonic,G2_30pFifthHarmonic.wav,2,30pFifthHarmonic,train,167,1368064
G2_30pFifthHarmonic_00168.png,30pFifthHarmonic,G2_30pFifthHarmonic.wav,2,30pFifthHarmonic,train,168,1376256
G2_30pFifthHarmonic_00169.png,30pFifthHarmonic,G2_30pFifthHarmonic.wav,2,30pFifthHarmonic,train,169,1384448
G2_30pFifthHarmonic_00170.png,30pFifthHarmonic,G2_30pFifthHarmonic.wav,2,30pFifthHarmonic,train,170,1392640
G2_30pFifthHarmonic_00171.png,30pFifthHarmonic,G2_30pFifthHarmonic.wav,2,30pFifthHarmonic,train,171,1400832
G2_30pFifthHarmonic_00172.png,30pFifthHarmonic,G2_30pFifthHarmonic.wav,2,30pFifthHarmonic,train,172,1409024
G2_30pFifthHarmonic_00173.png,30pFifthHarmonic,G2_30pFifthHarmonic.wav,2,30pFifthHarmonic,train,173,1417216
G2_30pFifthHarmonic_00174.png,30pFifthHarmonic,G2_30pFifthHarmonic.wav,2,30pFifthHarmonic,train,174,1425408
G2_30pFifthHarmonic_00175.png,30pFifthHarmonic,G2_30pFifthHarmonic.wav,2,30pFifthHarmonic,train,175,1433600
G2_30pFifthHarmonic_00176.png,30pFifthHarmonic,G2_30pFifthHarmonic.wav,2,30pFifthHarmonic,train,176,1441792
G2_30pFifthHarmonic_00177.png,30pFifthHarmonic,G2_30pFifthHarmonic.wav,2,30pFifthHarmonic,train,177,1449984
G2_30pFifthHarmonic_00178.png,30pFifthHarmonic,G2_30pFifthHarmonic.wav,2,30pFifthHarmonic,train,178,1458176
G2_30pFifthHarmonic_00179.png,30pFifthHarmonic,G2_30pFifthHarmonic.wav,2,30pFifthHarmonic,train,179,1466368
G2_30pFifthHarmonic_00180.png,30pFifthHarmonic,G2_30pFifthHarmonic.wav,2,30pFifthHarmonic,train,180,1474560
G2_30pFifthHarmonic_00181.png,30pFifthHarmonic,G2_30pFifthHarmonic.wav,2,30pFifthHarmonic,train,181,1482752
G2_30pFifthHarmonic_00182.png,30pFifthHarmonic,G2_30pFifthHarmonic.wav,2,30pFifthHarmonic,train,182,1490944
G2_30pFifthHarmonic_00183.png,30pFifthHarmonic,G2_30pFifthHarmonic.wav,2,30pFifthHarmonic,train,183,1499136
G2_30pFifthHarmonic_00184.png,30pFifthHarmonic,G2_30pFifthHarmonic.wav,2,30pFifthHarmonic,train,184,1507328
G2_30pFifthHarmonic_00185.png,30pFifthHarmonic,G2_30pFifthHarmonic.wav,2,30pFifthHarmonic,train,185,1515520
G2_30pFifthHarmonic_00186.png,30pFifthHarmonic,G2_30pFifthHarmonic.wav,2,30pFifthHarmonic,train,186,1523712
G2_30pFifthHarmonic_00187.png,30pFifthHarmonic,G2_30pFifthHarmonic.wav,2,30pFifthHarmonic,train,187,1531904
G2_30pFifthHarmonic_00188.png,30pFifthHarmonic,G2_30pFifthHarmonic.wav,2,30pFifthHarmonic,train,188,1540096
G2_30pFifthHarmonic_00189.png,30pFifthHarmonic,G2_30pFifthHarmonic.wav,2,30pFifthHarmonic,train,189,1548288
G2_30pFifthHarmonic_00190.png,30pFifthHarmonic,G2_30pFifthHarmonic.wav,2,30pFifthHarmonic,train,190,1556480
G2_30pFifthHarmonic_00191.png,30pFifthHarmonic,G2_30pFifthHarmonic.wav,2,30pFifthHarmonic,train,191,1564672
G2_30pFifthHarmonic_00192.png,30pFifthHarmonic,G2_30pFifthHarmonic.wav,2,30pFifthHarmonic,train,192,1572864
G2_30pFifthHarmonic_00193.png,30pFifthHarmonic,G2_30pFifthHarmonic.wav,2,30pFifthHarmonic,train,193,1581056
G2_30pFifthHarmonic_00194.png,30pFifthHarmonic,G2_30pFifthHarmonic.wav,2,30pFifthHarmonic,train,194,1589248
G2_30pFifthHarmonic_00195.png,30pFifthHarmonic,G2_30pFifthHarmonic.wav,2,30pFifthHarmonic,train,195,1597440
G2_30pFifthHarmonic_00196.png,30pFifthHarmonic,G2_30pFifthHarmonic.wav,2,30pFifthHarmonic,train,196,1605632
G2_30pFifthHarmonic_00197.png,30pFifthHarmonic,G2_30pFifthHarmonic.wav,2,30pFifthHarmonic,train,197,1613824
G2_30pFifthHarmonic_00198.png,30pFifthHarmonic,G2_30pFifthHarmonic.wav,2,30pFifthHarmonic,train,198,1622016
G2_30pFifthHarmonic_00199.png,30pFifthHarmonic,G2_30pFifthHarmonic.wav,2,30pFifthHarmonic,train,199,1630208
G2_30pFifthHarmonic_00200.png,30pFifthHarmonic,G2_30pFifthHarmonic.wav,2,30pFifthHarmonic,train,200,1638400
G2_30pFifthHarmonic_00201.png,30pFifthHarmonic,G2_30pFifthHarmonic.wav,2,30pFifthHarmonic,train,201,1646592
G2_30pFifthHarmonic_00202.png,30pFifthHarmonic,G2_30pFifthHarmonic.wav,2,30pFifthHarmonic,train,202,1654784
G2_30pFifthHarmonic_00203.png,30pFifthHarmonic,G2_30pFifthHarmonic.wav,2,30pFifthHarmonic,train,203,1662976
G2_30pFifthHarmonic_00204.png,30pFifthHarmonic,G2_30pFifthHarmonic.wav,2,30pFifthHarmonic,train,204,1671168
G2_30pFifthHarmonic_00205.png,30pFifthHarmonic,G2_30pFifthHarmonic.wav,2,30pFifthHarmonic,train,205,1679360
G2_30pFifthHarmonic_00206.png,30pFifthHarmonic,G2_30pFifthHarmonic.wav,2,30pFifthHarmonic,train,206,1687552
G2_30pFifthHarmonic_00207.png,30pFifthHarmonic,G2_30pFifthHarmonic.wav,2,30pFifthHarmonic,train,207,1695744
G2_30pFifthHarmonic_00208.png,30pFifthHarmonic,G2_30pFifthHarmonic.wav,2,30pFifthHarmonic,train,208,1703936
G2_30pFifthHarmonic_00209.png,30pFifthHarmonic,G2_30pFifthHarmonic.wav,2,30pFifthHarmonic,train,209,1712128
G2_30pFifthHarmonic_00210.png,30pFifthHarmonic,G2_30pFifthHarmonic.wav,2,30pFifthHarmonic,train,210,1720320
G2_30pFifthHarmonic_00211.png,30pFifthHarmonic,G2_30pFifthHarmonic.wav,2,30pFifthHarmonic,train,211,1728512
G2_30pFifthHarmonic_00212.png,30pFifthHarmonic,G2_30pFifthHarmonic.wav,2,30pFifthHarmonic,train,212,1736704
G2_30pFifthHarmonic_00213.png,30pFifthHarmonic,G2_30pFifthHarmonic.wav,2,30pFifthHarmonic,train,213,1744896
G2_30pFifthHarmonic_00214.png,30pFifthHarmonic,G2_30pFifthHarmonic.wav,2,30pFifthHarmonic,train,214,1753088
G2_30pFifthHarmonic_00215.png,30pFifthHarmonic,G2_30pFifthHarmonic.wav,2,30pFifthHarmonic,train,215,1761280
G2_30pFifthHarmonic_00216.png,30pFifthHarmonic,G2_30pFifthHarmonic.wav,2,30pFifthHarmonic,train,216,1769472
G2_30pFifthHarmonic_00217.png,30pFifthHarmonic,G2_30pFifthHarmonic.wav,2,30pFifthHarmonic,train,217,1777664
G2_30pFifthHarmonic_00218.png,30pFifthHarmonic,G2_30pFifthHarmonic.wav,2,30pFifthHarmonic,train,218,1785856
G2_30pFifthHarmonic_00219.png,30pFifthHarmonic,G2_30pFifthHarmonic.wav,2,30pFifthHarmonic,train,219,1794048
G2_30pFifthHarmonic_00220.png,30pFifthHarmonic,G2_30pFifthHarmonic.wav,2,30pFifthHarmonic,train,220,1802240
G2_30pFifthHarmonic_00221.png,30pFifthHarmonic,G2_30pFifthHarmonic.wav,2,30pFifthHarmonic,train,221,1810432
G2_30pFifthHarmonic_00222.png,30pFifthHarmonic,G2_30pFifthHarmonic.wav,2,30pFifthHarmonic,train,222,1818624
G2_30pFifthHarmonic_00223.png,30pFifthHarmonic,G2_30pFifthHarmonic.wav,2,30pFifthHarmonic,train,223,1826816
G2_30pFifthHarmonic_00224.png,30pFifthHarmonic,G2_30pFifthHarmonic.wav,2,30pFifthHarmonic,train,224,1835008
G2_30pFifthHarmonic_00225.png,30pFifthHarmonic,G2_30pFifthHarmonic.wav,2,30pFifthHarmonic,train,225,1843200
G2_30pFifthHarmonic_00226.png,30pFifthHarmonic,G2_30pFifthHarmonic.wav,2,30pFifthHarmonic,train,226,1851392
G2_30pFifthHarmonic_00227.png,30pFifthHarmonic,G2_30pFifthHarmonic.wav,2,30pFifthHarmonic,train,227,1859584
G2_30pFifthHarmonic_00228.png,30pFifthHarmonic,G2_30pFifthHarmonic.wav,2,30pFifthHarmonic,train,228,1867776
G2_30pFifthHarmonic_00229.png,30pFifthHarmonic,G2_30pFifthHarmonic.wav,2,30pFifthHarmonic,train,229,1875968
G2_30pFifthHarmonic_00230.png,30pFifthHarmonic,G2_30pFifthHarmonic.wav,2,30pFifthHarmonic,train,230,1884160
G2_30pFifthHarmonic_00231.png,30pFifthHarmonic,G2_30pFifthHarmonic.wav,2,30pFifthHarmonic,train,231,1892352
G2_30pFifthHarmonic_00232.png,30pFifthHarmonic,G2_30pFifthHarmonic.wav,2,30pFifthHarmonic,train,232,1900544
G2_30pFifthHarmonic_00233.png,30pFifthHarmonic,G2_30pFifthHarmonic.wav,2,30pFifthHarmonic,train,233,1908736
G2_30pFifthHarmonic_00234.png,30pFifthHarmonic,G2_30pFifthHarmonic.wav,2,30pFifthHarmonic,train,234,1916928
G2_30pFifthHarmonic_00235.png,30pFifthHarmonic,G2_30pFifthHarmonic.wav,2,30pFifthHarmonic,train,235,1925120
G2_30pFifthHarmonic_00236.png,30pFifthHarmonic,G2_30pFifthHarmonic.wav,2,30pFifthHarmonic,train,236,1933312
G2_30pFifthHarmonic_00237.png,30pFifthHarmonic,G2_30pFifthHarmonic.wav,2,30pFifthHarmonic,train,237,1941504
G2_30pFifthHarmonic_00238.png,30pFifthHarmonic,G2_30pFifthHarmonic.wav,2,30pFifthHarmonic,train,238,1949696
G2_30pFifthHarmonic_00239.png,30pFifthHarmonic,G2_30pFifthHarmonic.wav,2,30pFifthHarmonic,train,239,1957888
G2_30pFifthHarmonic_00240.png,30pFifthHarmonic,G2_30pFifthHarmonic.wav,2,30pFifthHarmonic,train,240,1966080
G2_30pFifthHarmonic_00241.png,30pFifthHarmonic,G2_30pFifthHarmonic.wav,2,30pFifthHarmonic,train,241,1974272
G2_30pSeventhHarmonic_00000.png,30pSeventhHarmonic,G2_30pSeventhHarmonic.wav,2,30pSeventhHarmonic,train,0,0
G2_30pSeventhHarmonic_00001.png,30pSeventhHarmonic,G2_30pSeventhHarmonic.wav,2,30pSeventhHarmonic,train,1,8192
G2_30pSeventhHarmonic_00002.png,30pSeventhHarmonic,G2_30pSeventhHarmonic.wav,2,30pSeventhHarmonic,train,2,16384
G2_30pSeventhHarmonic_00003.png,30pSeventhHarmonic,G2_30pSeventhHarmonic.wav,2,30pSeventhHarmonic,train,3,24576
G2_30pSeventhHarmonic_00004.png,30pSeventhHarmonic,G2_30pSeventhHarmonic.wav,2,30pSeventhHarmonic,train,4,32768
G2_30pSeventhHarmonic_00005.png,30pSeventhHarmonic,G2_30pSeventhHarmonic.wav,2,30pSeventhHarmonic,train,5,40960
G2_30pSeventhHarmonic_00006.png,30pSeventhHarmonic,G2_30pSeventhHarmonic.wav,2,30pSeventhHarmonic,train,6,49152
G2_30pSeventhHarmonic_00007.png,30pSeventhHarmonic,G2_30pSeventhHarmonic.wav,2,30pSeventhHarmonic,train,7,57344
G2_30pSeventhHarmonic_00008.png,30pSeventhHarmonic,G2_30pSeventhHarmonic.wav,2,30pSeventhHarmonic,train,8,65536
G2_30pSeventhHarmonic_00009.png,30pSeventhHarmonic,G2_30pSeventhHarmonic.wav,2,30pSeventhHarmonic,train,9,73728
G2_30pSeventhHarmonic_00010.png,30pSeventhHarmonic,G2_30pSeventhHarmonic.wav,2,30pSeventhHarmonic,train,10,81920
G2_30pSeventhHarmonic_00011.png,30pSeventhHarmonic,G2_30pSeventhHarmonic.wav,2,30pSeventhHarmonic,train,11,90112
G2_30pSeventhHarmonic_00012.png,30pSeventhHarmonic,G2_30pSeventhHarmonic.wav,2,30pSeventhHarmonic,train,12,98304
G2_30pSeventhHarmonic_00013.png,30pSeventhHarmonic,G2_30pSeventhHarmonic.wav,2,30pSeventhHarmonic,train,13,106496
G2_30pSeventhHarmonic_00014.png,30pSeventhHarmonic,G2_30pSeventhHarmonic.wav,2,30pSeventhHarmonic,train,14,114688
G2_30pSeventhHarmonic_00015.png,30pSeventhHarmonic,G2_30pSeventhHarmonic.wav,2,30pSeventhHarmonic,train,15,122880
G2_30pSeventhHarmonic_00016.png,30pSeventhHarmonic,G2_30pSeventhHarmonic.wav,2,30pSeventhHarmonic,train,16,131072
G2_30pSeventhHarmonic_00017.png,30pSeventhHarmonic,G2_30pSeventhHarmonic.wav,2,30pSeventhHarmonic,train,17,139264
G2_30pSeventhHarmonic_00018.png,30pSeventhHarmonic,G2_30pSeventhHarmonic.wav,2,30pSeventhHarmonic,train,18,147456
G2_30pSeventhHarmonic_00019.png,30pSeventhHarmonic,G2_30pSeventhHarmonic.wav,2,30pSeventhHarmonic,train,19,155648
G2_30pSeventhHarmonic_00020.png,30pSeventhHarmonic,G2_30pSeventhHarmonic.wav,2,30pSeventhHarmonic,train,20,163840
G2_30pSeventhHarmonic_00021.png,30pSeventhHarmonic,G2_30pSeventhHarmonic.wav,2,30pSeventhHarmonic,train,21,172032
G2_30pSeventhHarmonic_00022.png,30pSeventhHarmonic,G2_30pSeventhHarmonic.wav,2,30pSeventhHarmonic,train,22,180224
G2_30pSeventhHarmonic_00023.png,30pSeventhHarmonic,G2_30pSeventhHarmonic.wav,2,30pSeventhHarmonic,train,23,188416
G2_30pSeventhHarmonic_00024.png,30pSeventhHarmonic,G2_30pSeventhHarmonic.wav,2,30pSeventhHarmonic,train,24,196608
G2_30pSeventhHarmonic_00025.png,30pSeventhHarmonic,G2_30pSeventhHarmonic.wav,2,30pSeventhHarmonic,train,25,204800
G2_30pSeventhHarmonic_00026.png,30pSeventhHarmonic,G2_30pSeventhHarmonic.wav,2,30pSeventhHarmonic,train,26,212992
G2_30pSeventhHarmonic_00027.png,30pSeventhHarmonic,G2_30pSeventhHarmonic.wav,2,30pSeventhHarmonic,train,27,221184
G2_30pSeventhHarmonic_00028.png,30pSeventhHarmonic,G2_30pSeventhHarmonic.wav,2,30pSeventhHarmonic,train,28,229376
G2_30pSeventhHarmonic_00029.png,30pSeventhHarmonic,G2_30pSeventhHarmonic.wav,2,30pSeventhHarmonic,train,29,237568
G2_30pSeventhHarmonic_00030.png,30pSeventhHarmonic,G2_30pSeventhHarmonic.wav,2,30pSeventhHarmonic,train,30,245760
G2_30pSeventhHarmonic_00031.png,30pSeventhHarmonic,G2_30pSeventhHarmonic.wav,2,30pSeventhHarmonic,train,31,253952
G2_30pSeventhHarmonic_00032.png,30pSeventhHarmonic,G2_30pSeventhHarmonic.wav,2,30pSeventhHarmonic,train,32,262144
G2_30pSeventhHarmonic_00033.png,30pSeventhHarmonic,G2_30pSeventhHarmonic.wav,2,30pSeventhHarmonic,train,33,270336
G2_30pSeventhHarmonic_00034.png,30pSeventhHarmonic,G2_30pSeventhHarmonic.wav,2,30pSeventhHarmonic,train,34,278528
G2_30pSeventhHarmonic_00035.png,30pSeventhHarmonic,G2_30pSeventhHarmonic.wav,2,30pSeventhHarmonic,train,35,286720
G2_30pSeventhHarmonic_00036.png,30pSeventhHarmonic,G2_30pSeventhHarmonic.wav,2,30pSeventhHarmonic,train,36,294912
G2_30pSeventhHarmonic_00037.png,30pSeventhHarmonic,G2_30pSeventhHarmonic.wav,2,30pSeventhHarmonic,train,37,303104
G2_30pSeventhHarmonic_00038.png,30pSeventhHarmonic,G2_30pSeventhHarmonic.wav,2,30pSeventhHarmonic,train,38,311296
G2_30pSeventhHarmonic_00039.png,30pSeventhHarmonic,G2_30pSeventhHarmonic.wav,2,30pSeventhHarmonic,train,39,319488
G2_30pSeventhHarmonic_00040.png,30pSeventhHarmonic,G2_30pSeventhHarmonic.wav,2,30pSeventhHarmonic,train,40,327680
G2_30pSeventhHarmonic_00041.png,30pSeventhHarmonic,G2_30pSeventhHarmonic.wav,2,30pSeventhHarmonic,train,41,335872
G2_30pSeventhHarmonic_00042.png,30pSeventhHarmonic,G2_30pSeventhHarmonic.wav,2,30pSeventhHarmonic,train,42,344064
G2_30pSeventhHarmonic_00043.png,30pSeventhHarmonic,G2_30pSeventhHarmonic.wav,2,30pSeventhHarmonic,train,43,352256
G2_30pSeventhHarmonic_00044.png,30pSeventhHarmonic,G2_30pSeventhHarmonic.wav,2,30pSeventhHarmonic,train,44,360448
G2_30pSeventhHarmonic_00045.png,30pSeventhHarmonic,G2_30pSeventhHarmonic.wav,2,30pSeventhHarmonic,train,45,368640
G2_30pSeventhHarmonic_00046.png,30pSeventhHarmonic,G2_30pSeventhHarmonic.wav,2,30pSeventhHarmonic,train,46,376832
G2_30pSeventhHarmonic_00047.png,30pSeventhHarmonic,G2_30pSeventhHarmonic.wav,2,30pSeventhHarmonic,train,47,385024
G2_30pSeventhHarmonic_00048.png,30pSeventhHarmonic,G2_30pSeventhHarmonic.wav,2,30pSeventhHarmonic,train,48,393216
G2_30pSeventhHarmonic_00049.png,30pSeventhHarmonic,G2_30pSeventhHarmonic.wav,2,30pSeventhHarmonic,train,49,401408
G2_30pSeventhHarmonic_00050.png,30pSeventhHarmonic,G2_30pSeventhHarmonic.wav,2,30pSeventhHarmonic,train,50,409600
G2_30pSeventhHarmonic_00051.png,30pSeventhHarmonic,G2_30pSeventhHarmonic.wav,2,30pSeventhHarmonic,train,51,417792
G2_30pSeventhHarmonic_00052.png,30pSeventhHarmonic,G2_30pSeventhHarmonic.wav,2,30pSeventhHarmonic,train,52,425984
G2_30pSeventhHarmonic_00053.png,30pSeventhHarmonic,G2_30pSeventhHarmonic.wav,2,30pSeventhHarmonic,train,53,434176
G2_30pSeventhHarmonic_00054.png,30pSeventhHarmonic,G2_30pSeventhHarmonic.wav,2,30pSeventhHarmonic,train,54,442368
G2_30pSeventhHarmonic_00055.png,30pSeventhHarmonic,G2_30pSeventhHarmonic.wav,2,30pSeventhHarmonic,train,55,450560
G2_30pSeventhHarmonic_00056.png,30pSeventhHarmonic,G2_30pSeventhHarmonic.wav,2,30pSeventhHarmonic,train,56,458752
G2_30pSeventhHarmonic_00057.png,30pSeventhHarmonic,G2_30pSeventhHarmonic.wav,2,30pSeventhHarmonic,train,57,466944
G2_30pSeventhHarmonic_00058.png,30pSeventhHarmonic,G2_30pSeventhHarmonic.wav,2,30pSeventhHarmonic,train,58,475136
G2_30pSeventhHarmonic_00059.png,30pSeventhHarmonic,G2_30pSeventhHarmonic.wav,2,30pSeventhHarmonic,train,59,483328
G2_30pSeventhHarmonic_00060.png,30pSeventhHarmonic,G2_30pSeventhHarmonic.wav,2,30pSeventhHarmonic,train,60,491520
G2_30pSeventhHarmonic_00061.png,30pSeventhHarmonic,G2_30pSeventhHarmonic.wav,2,30pSeventhHarmonic,train,61,499712
G2_30pSeventhHarmonic_00062.png,30pSeventhHarmonic,G2_30pSeventhHarmonic.wav,2,30pSeventhHarmonic,train,62,507904
G2_30pSeventhHarmonic_00063.png,30pSeventhHarmonic,G2_30pSeventhHarmonic.wav,2,30pSeventhHarmonic,train,63,516096
G2_30pSeventhHarmonic_00064.png,30pSeventhHarmonic,G2_30pSeventhHarmonic.wav,2,30pSeventhHarmonic,train,64,524288
G2_30pSeventhHarmonic_00065.png,30pSeventhHarmonic,G2_30pSeventhHarmonic.wav,2,30pSeventhHarmonic,train,65,532480
G2_30pSeventhHarmonic_00066.png,30pSeventhHarmonic,G2_30pSeventhHarmonic.wav,2,30pSeventhHarmonic,train,66,540672
G2_30pSeventhHarmonic_00067.png,30pSeventhHarmonic,G2_30pSeventhHarmonic.wav,2,30pSeventhHarmonic,train,67,548864
G2_30pSeventhHarmonic_00068.png,30pSeventhHarmonic,G2_30pSeventhHarmonic.wav,2,30pSeventhHarmonic,train,68,557056
G2_30pSeventhHarmonic_00069.png,30pSeventhHarmonic,G2_30pSeventhHarmonic.wav,2,30pSeventhHarmonic,train,69,565248
G2_30pSeventhHarmonic_00070.png,30pSeventhHarmonic,G2_30pSeventhHarmonic.wav,2,30pSeventhHarmonic,train,70,573440
G2_30pSeventhHarmonic_00071.png,30pSeventhHarmonic,G2_30pSeventhHarmonic.wav,2,30pSeventhHarmonic,train,71,581632
G2_30pSeventhHarmonic_00072.png,30pSeventhHarmonic,G2_30pSeventhHarmonic.wav,2,30pSeventhHarmonic,train,72,589824
G2_30pSeventhHarmonic_00073.png,30pSeventhHarmonic,G2_30pSeventhHarmonic.wav,2,30pSeventhHarmonic,train,73,598016
G2_30pSeventhHarmonic_00074.png,30pSeventhHarmonic,G2_30pSeventhHarmonic.wav,2,30pSeventhHarmonic,train,74,606208
G2_30pSeventhHarmonic_00075.png,30pSeventhHarmonic,G2_30pSeventhHarmonic.wav,2,30pSeventhHarmonic,train,75,614400
G2_30pSeventhHarmonic_00076.png,30pSeventhHarmonic,G2_30pSeventhHarmonic.wav,2,30pSeventhHarmonic,train,76,622592
G2_30pSeventhHarmonic_00077.png,30pSeventhHarmonic,G2_30pSeventhHarmonic.wav,2,30pSeventhHarmonic,train,77,630784
G2_30pSeventhHarmonic_00078.png,30pSeventhHarmonic,G2_30pSeventhHarmonic.wav,2,30pSeventhHarmonic,train,78,638976
G2_30pSeventhHarmonic_00079.png,30pSeventhHarmonic,G2_30pSeventhHarmonic.wav,2,30pSeventhHarmonic,train,79,647168
G2_30pSeventhHarmonic_00080.png,30pSeventhHarmonic,G2_30pSeventhHarmonic.wav,2,30pSeventhHarmonic,train,80,655360
G2_30pSeventhHarmonic_00081.png,30pSeventhHarmonic,G2_30pSeventhHarmonic.wav,2,30pSeventhHarmonic,train,81,663552
G2_30pSeventhHarmonic_00082.png,30pSeventhHarmonic,G2_30pSeventhHarmonic.wav,2,30pSeventhHarmonic,train,82,671744
G2_30pSeventhHarmonic_00083.png,30pSeventhHarmonic,G2_30pSeventhHarmonic.wav,2,30pSeventhHarmonic,train,83,679936
G2_30pSeventhHarmonic_00084.png,30pSeventhHarmonic,G2_30pSeventhHarmonic.wav,2,30pSeventhHarmonic,train,84,688128
G2_30pSeventhHarmonic_00085.png,30pSeventhHarmonic,G2_30pSeventhHarmonic.wav,2,30pSeventhHarmonic,train,85,696320
G2_30pSeventhHarmonic_00086.png,30pSeventhHarmonic,G2_30pSeventhHarmonic.wav,2,30pSeventhHarmonic,train,86,704512
G2_30pSeventhHarmonic_00087.png,30pSeventhHarmonic,G2_30pSeventhHarmonic.wav,2,30pSeventhHarmonic,train,87,712704
G2_30pSeventhHarmonic_00088.png,30pSeventhHarmonic,G2_30pSeventhHarmonic.wav,2,30pSeventhHarmonic,train,88,720896
G2_30pSeventhHarmonic_00089.png,30pSeventhHarmonic,G2_30pSeventhHarmonic.wav,2,30pSeventhHarmonic,train,89,729088
G2_30pSeventhHarmonic_00090.png,30pSeventhHarmonic,G2_30pSeventhHarmonic.wav,2,30pSeventhHarmonic,train,90,737280
G2_30pSeventhHarmonic_00091.png,30pSeventhHarmonic,G2_30pSeventhHarmonic.wav,2,30pSeventhHarmonic,train,91,745472
G2_30pSeventhHarmonic_00092.png,30pSeventhHarmonic,G2_30pSeventhHarmonic.wav,2,30pSeventhHarmonic,train,92,753664
G2_30pSeventhHarmonic_00093.png,30pSeventhHarmonic,G2_30pSeventhHarmonic.wav,2,30pSeventhHarmonic,train,93,761856
G2_30pSeventhHarmonic_00094.png,30pSeventhHarmonic,G2_30pSeventhHarmonic.wav,2,30pSeventhHarmonic,train,94,770048
G2_30pSeventhHarmonic_00095.png,30pSeventhHarmonic,G2_30pSeventhHarmonic.wav,2,30pSeventhHarmonic,train,95,778240
G2_30pSeventhHarmonic_00096.png,30pSeventhHarmonic,G2_30pSeventhHarmonic.wav,2,30pSeventhHarmonic,train,96,786432
G2_30pSeventhHarmonic_00097.png,30pSeventhHarmonic,G2_30pSeventhHarmonic.wav,2,30pSeventhHarmonic,train,97,794624
G2_30pSeventhHarmonic_00098.png,30pSeventhHarmonic,G2_30pSeventhHarmonic.wav,2,30pSeventhHarmonic,train,98,802816
G2_30pSeventhHarmonic_00099.png,30pSeventhHarmonic,G2_30pSeventhHarmonic.wav,2,30pSeventhHarmonic,train,99,811008
G2_30pSeventhHarmonic_00100.png,30pSeventhHarmonic,G2_30pSeventhHarmonic.wav,2,30pSeventhHarmonic,train,100,819200
G2_30pSeventhHarmonic_00101.png,30pSeventhHarmonic,G2_30pSeventhHarmonic.wav,2,30pSeventhHarmonic,train,101,827392
G2_30pSeventhHarmonic_00102.png,30pSeventhHarmonic,G2_30pSeventhHarmonic.wav,2,30pSeventhHarmonic,train,102,835584
G2_30pSeventhHarmonic_00103.png,30pSeventhHarmonic,G2_30pSeventhHarmonic.wav,2,30pSeventhHarmonic,train,103,843776
G2_30pSeventhHarmonic_00104.png,30pSeventhHarmonic,G2_30pSeventhHarmonic.wav,2,30pSeventhHarmonic,train,104,851968
G2_30pSeventhHarmonic_00105.png,30pSeventhHarmonic,G2_30pSeventhHarmonic.wav,2,30pSeventhHarmonic,train,105,860160
G2_30pSeventhHarmonic_00106.png,30pSeventhHarmonic,G2_30pSeventhHarmonic.wav,2,30pSeventhHarmonic,train,106,868352
G2_30pSeventhHarmonic_00107.png,30pSeventhHarmonic,G2_30pSeventhHarmonic.wav,2,30pSeventhHarmonic,train,107,876544
G2_30pSeventhHarmonic_00108.png,30pSeventhHarmonic,G2_30pSeventhHarmonic.wav,2,30pSeventhHarmonic,train,108,884736
G2_30pSeventhHarmonic_00109.png,30pSeventhHarmonic,G2_30pSeventhHarmonic.wav,2,30pSeventhHarmonic,train,109,892928
G2_30pSeventhHarmonic_00110.png,30pSeventhHarmonic,G2_30pSeventhHarmonic.wav,2,30pSeventhHarmonic,train,110,901120
G2_30pSeventhHarmonic_00111.png,30pSeventhHarmonic,G2_30pSeventhHarmonic.wav,2,30pSeventhHarmonic,train,111,909312
G2_30pSeventhHarmonic_00112.png,30pSeventhHarmonic,G2_30pSeventhHarmonic.wav,2,30pSeventhHarmonic,train,112,917504
G2_30pSeventhHarmonic_00113.png,30pSeventhHarmonic,G2_30pSeventhHarmonic.wav,2,30pSeventhHarmonic,train,113,925696
G2_30pSeventhHarmonic_00114.png,30pSeventhHarmonic,G2_30pSeventhHarmonic.wav,2,30pSeventhHarmonic,train,114,933888
G2_30pSeventhHarmonic_00115.png,30pSeventhHarmonic,G2_30pSeventhHarmonic.wav,2,30pSeventhHarmonic,train,115,942080
G2_30pSeventhHarmonic_00116.png,30pSeventhHarmonic,G2_30pSeventhHarmonic.wav,2,30pSeventhHarmonic,train,116,950272
G2_30pSeventhHarmonic_00117.png,30pSeventhHarmonic,G2_30pSeventhHarmonic.wav,2,30pSeventhHarmonic,train,117,958464
G2_30pSeventhHarmonic_00118.png,30pSeventhHarmonic,G2_30pSeventhHarmonic.wav,2,30pSeventhHarmonic,train,118,966656
G2_30pSeventhHarmonic_00119.png,30pSeventhHarmonic,G2_30pSeventhHarmonic.wav,2,30pSeventhHarmonic,train,119,974848
G2_30pSeventhHarmonic_00120.png,30pSeventhHarmonic,G2_30pSeventhHarmonic.wav,2,30pSeventhHarmonic,train,120,983040
G2_30pSeventhHarmonic_00121.png,30pSeventhHarmonic,G2_30pSeventhHarmonic.wav,2,30pSeventhHarmonic,train,121,991232
G2_30pSeventhHarmonic_00122.png,30pSeventhHarmonic,G2_30pSeventhHarmonic.wav,2,30pSeventhHarmonic,train,122,999424
G2_30pSeventhHarmonic_00123.png,30pSeventhHarmonic,G2_30pSeventhHarmonic.wav,2,30pSeventhHarmonic,train,123,1007616
G2_30pSeventhHarmonic_00124.png,30pSeventhHarmonic,G2_30pSeventhHarmonic.wav,2,30pSeventhHarmonic,train,124,1015808
G2_30pSeventhHarmonic_00125.png,30pSeventhHarmonic,G2_30pSeventhHarmonic.wav,2,30pSeventhHarmonic,train,125,1024000
G2_30pSeventhHarmonic_00126.png,30pSeventhHarmonic,G2_30pSeventhHarmonic.wav,2,30pSeventhHarmonic,train,126,1032192
G2_30pSeventhHarmonic_00127.png,30pSeventhHarmonic,G2_30pSeventhHarmonic.wav,2,30pSeventhHarmonic,train,127,1040384
G2_30pSeventhHarmonic_00128.png,30pSeventhHarmonic,G2_30pSeventhHarmonic.wav,2,30pSeventhHarmonic,train,128,1048576
G2_30pSeventhHarmonic_00129.png,30pSeventhHarmonic,G2_30pSeventhHarmonic.wav,2,30pSeventhHarmonic,train,129,1056768
G2_30pSeventhHarmonic_00130.png,30pSeventhHarmonic,G2_30pSeventhHarmonic.wav,2,30pSeventhHarmonic,train,130,1064960
G2_30pSeventhHarmonic_00131.png,30pSeventhHarmonic,G2_30pSeventhHarmonic.wav,2,30pSeventhHarmonic,train,131,1073152
G2_30pSeventhHarmonic_00132.png,30pSeventhHarmonic,G2_30pSeventhHarmonic.wav,2,30pSeventhHarmonic,train,132,1081344
G2_30pSeventhHarmonic_00133.png,30pSeventhHarmonic,G2_30pSeventhHarmonic.wav,2,30pSeventhHarmonic,train,133,1089536
G2_30pSeventhHarmonic_00134.png,30pSeventhHarmonic,G2_30pSeventhHarmonic.wav,2,30pSeventhHarmonic,train,134,1097728
G2_30pSeventhHarmonic_00135.png,30pSeventhHarmonic,G2_30pSeventhHarmonic.wav,2,30pSeventhHarmonic,train,135,1105920
G2_30pSeventhHarmonic_00136.png,30pSeventhHarmonic,G2_30pSeventhHarmonic.wav,2,30pSeventhHarmonic,train,136,1114112
G2_30pSeventhHarmonic_00137.png,30pSeventhHarmonic,G2_30pSeventhHarmonic.wav,2,30pSeventhHarmonic,train,137,1122304
G2_30pSeventhHarmonic_00138.png,30pSeventhHarmonic,G2_30pSeventhHarmonic.wav,2,30pSeventhHarmonic,train,138,1130496
G2_30pSeventhHarmonic_00139.png,30pSeventhHarmonic,G2_30pSeventhHarmonic.wav,2,30pSeventhHarmonic,train,139,1138688
G2_30pSeventhHarmonic_00140.png,30pSeventhHarmonic,G2_30pSeventhHarmonic.wav,2,30pSeventhHarmonic,train,140,1146880
G2_30pSeventhHarmonic_00141.png,30pSeventhHarmonic,G2_30pSeventhHarmonic.wav,2,30pSeventhHarmonic,train,141,1155072
G2_30pSeventhHarmonic_00142.png,30pSeventhHarmonic,G2_30pSeventhHarmonic.wav,2,30pSeventhHarmonic,train,142,1163264
G2_30pSeventhHarmonic_00143.png,30pSeventhHarmonic,G2_30pSeventhHarmonic.wav,2,30pSeventhHarmonic,train,143,1171456
G2_30pSeventhHarmonic_00144.png,30pSeventhHarmonic,G2_30pSeventhHarmonic.wav,2,30pSeventhHarmonic,train,144,1179648
G2_30pSeventhHarmonic_00145.png,30pSeventhHarmonic,G2_30pSeventhHarmonic.wav,2,30pSeventhHarmonic,train,145,1187840
G2_30pSeventhHarmonic_00146.png,30pSeventhHarmonic,G2_30pSeventhHarmonic.wav,2,30pSeventhHarmonic,train,146,1196032
G2_30pSeventhHarmonic_00147.png,30pSeventhHarmonic,G2_30pSeventhHarmonic.wav,2,30pSeventhHarmonic,train,147,1204224
G2_30pSeventhHarmonic_00148.png,30pSeventhHarmonic,G2_30pSeventhHarmonic.wav,2,30pSeventhHarmonic,train,148,1212416
G2_30pSeventhHarmonic_00149.png,30pSeventhHarmonic,G2_30pSeventhHarmonic.wav,2,30pSeventhHarmonic,train,149,1220608
G2_30pSeventhHarmonic_00150.png,30pSeventhHarmonic,G2_30pSeventhHarmonic.wav,2,30pSeventhHarmonic,train,150,1228800
G2_30pSeventhHarmonic_00151.png,30pSeventhHarmonic,G2_30pSeventhHarmonic.wav,2,30pSeventhHarmonic,train,151,1236992
G2_30pSeventhHarmonic_00152.png,30pSeventhHarmonic,G2_30pSeventhHarmonic.wav,2,30pSeventhHarmonic,train,152,1245184
G2_30pSeventhHarmonic_00153.png,30pSeventhHarmonic,G2_30pSeventhHarmonic.wav,2,30pSeventhHarmonic,train,153,1253376
G2_30pSeventhHarmonic_00154.png,30pSeventhHarmonic,G2_30pSeventhHarmonic.wav,2,30pSeventhHarmonic,train,154,1261568
G2_30pSeventhHarmonic_00155.png,30pSeventhHarmonic,G2_30pSeventhHarmonic.wav,2,30pSeventhHarmonic,train,155,1269760
G2_30pSeventhHarmonic_00156.png,30pSeventhHarmonic,G2_30pSeventhHarmonic.wav,2,30pSeventhHarmonic,train,156,1277952
G2_30pSeventhHarmonic_00157.png,30pSeventhHarmonic,G2_30pSeventhHarmonic.wav,2,30pSeventhHarmonic,train,157,1286144
G2_30pSeventhHarmonic_00158.png,30pSeventhHarmonic,G2_30pSeventhHarmonic.wav,2,30pSeventhHarmonic,train,158,1294336
G2_30pSeventhHarmonic_00159.png,30pSeventhHarmonic,G2_30pSeventhHarmonic.wav,2,30pSeventhHarmonic,train,159,1302528
G2_30pSeventhHarmonic_00160.png,30pSeventhHarmonic,G2_30pSeventhHarmonic.wav,2,30pSeventhHarmonic,train,160,1310720
G2_30pThirdHarmonic_00000.png,30pThirdHarmonic,G2_30pThirdHarmonic.wav,2,30pThirdHarmonic,train,0,0
G2_30pThirdHarmonic_00001.png,30pThirdHarmonic,G2_30pThirdHarmonic.wav,2,30pThirdHarmonic,train,1,8192
G2_30pThirdHarmonic_00002.png,30pThirdHarmonic,G2_30pThirdHarmonic.wav,2,30pThirdHarmonic,train,2,16384
G2_30pThirdHarmonic_00003.png,30pThirdHarmonic,G2_30pThirdHarmonic.wav,2,30pThirdHarmonic,train,3,24576
G2_30pThirdHarmonic_00004.png,30pThirdHarmonic,G2_30pThirdHarmonic.wav,2,30pThirdHarmonic,train,4,32768
G2_30pThirdHarmonic_00005.png,30pThirdHarmonic,G2_30pThirdHarmonic.wav,2,30pThirdHarmonic,train,5,40960
G2_30pThirdHarmonic_00006.png,30pThirdHarmonic,G2_30pThirdHarmonic.wav,2,30pThirdHarmonic,train,6,49152
G2_30pThirdHarmonic_00007.png,30pThirdHarmonic,G2_30pThirdHarmonic.wav,2,30pThirdHarmonic,train,7,57344
G2_30pThirdHarmonic_00008.png,30pThirdHarmonic,G2_30pThirdHarmonic.wav,2,30pThirdHarmonic,train,8,65536
G2_30pThirdHarmonic_00009.png,30pThirdHarmonic,G2_30pThirdHarmonic.wav,2,30pThirdHarmonic,train,9,73728
G2_30pThirdHarmonic_00010.png,30pThirdHarmonic,G2_30pThirdHarmonic.wav,2,30pThirdHarmonic,train,10,81920
G2_30pThirdHarmonic_00011.png,30pThirdHarmonic,G2_30pThirdHarmonic.wav,2,30pThirdHarmonic,train,11,90112
G2_30pThirdHarmonic_00012.png,30pThirdHarmonic,G2_30pThirdHarmonic.wav,2,30pThirdHarmonic,train,12,98304
G2_30pThirdHarmonic_00013.png,30pThirdHarmonic,G2_30pThirdHarmonic.wav,2,30pThirdHarmonic,train,13,106496
G2_30pThirdHarmonic_00014.png,30pThirdHarmonic,G2_30pThirdHarmonic.wav,2,30pThirdHarmonic,train,14,114688
G2_30pThirdHarmonic_00015.png,30pThirdHarmonic,G2_30pThirdHarmonic.wav,2,30pThirdHarmonic,train,15,122880
G2_30pThirdHarmonic_00016.png,30pThirdHarmonic,G2_30pThirdHarmonic.wav,2,30pThirdHarmonic,train,16,131072
G2_30pThirdHarmonic_00017.png,30pThirdHarmonic,G2_30pThirdHarmonic.wav,2,30pThirdHarmonic,train,17,139264
G2_30pThirdHarmonic_00018.png,30pThirdHarmonic,G2_30pThirdHarmonic.wav,2,30pThirdHarmonic,train,18,147456
G2_30pThirdHarmonic_00019.png,30pThirdHarmonic,G2_30pThirdHarmonic.wav,2,30pThirdHarmonic,train,19,155648
G2_30pThirdHarmonic_00020.png,30pThirdHarmonic,G2_30pThirdHarmonic.wav,2,30pThirdHarmonic,train,20,163840
G2_30pThirdHarmonic_00021.png,30pThirdHarmonic,G2_30pThirdHarmonic.wav,2,30pThirdHarmonic,train,21,172032
G2_30pThirdHarmonic_00022.png,30pThirdHarmonic,G2_30pThirdHarmonic.wav,2,30pThirdHarmonic,train,22,180224
G2_30pThirdHarmonic_00023.png,30pThirdHarmonic,G2_30pThirdHarmonic.wav,2,30pThirdHarmonic,train,23,188416
G2_30pThirdHarmonic_00024.png,30pThirdHarmonic,G2_30pThirdHarmonic.wav,2,30pThirdHarmonic,train,24,196608
G2_30pThirdHarmonic_00025.png,30pThirdHarmonic,G2_30pThirdHarmonic.wav,2,30pThirdHarmonic,train,25,204800
G2_30pThirdHarmonic_00026.png,30pThirdHarmonic,G2_30pThirdHarmonic.wav,2,30pThirdHarmonic,train,26,212992
G2_30pThirdHarmonic_00027.png,30pThirdHarmonic,G2_30pThirdHarmonic.wav,2,30pThirdHarmonic,train,27,221184
G2_30pThirdHarmonic_00028.png,30pThirdHarmonic,G2_30pThirdHarmonic.wav,2,30pThirdHarmonic,train,28,229376
G2_30pThirdHarmonic_00029.png,30pThirdHarmonic,G2_30pThirdHarmonic.wav,2,30pThirdHarmonic,train,29,237568
G2_30pThirdHarmonic_00030.png,30pThirdHarmonic,G2_30pThirdHarmonic.wav,2,30pThirdHarmonic,train,30,245760
G2_30pThirdHarmonic_00031.png,30pThirdHarmonic,G2_30pThirdHarmonic.wav,2,30pThirdHarmonic,train,31,253952
G2_30pThirdHarmonic_00032.png,30pThirdHarmonic,G2_30pThirdHarmonic.wav,2,30pThirdHarmonic,train,32,262144
G2_30pThirdHarmonic_00033.png,30pThirdHarmonic,G2_30pThirdHarmonic.wav,2,30pThirdHarmonic,train,33,270336
G2_30pThirdHarmonic_00034.png,30pThirdHarmonic,G2_30pThirdHarmonic.wav,2,30pThirdHarmonic,train,34,278528
G2_30pThirdHarmonic_00035.png,30pThirdHarmonic,G2_30pThirdHarmonic.wav,2,30pThirdHarmonic,train,35,286720
G2_30pThirdHarmonic_00036.png,30pThirdHarmonic,G2_30pThirdHarmonic.wav,2,30pThirdHarmonic,train,36,294912
G2_30pThirdHarmonic_00037.png,30pThirdHarmonic,G2_30pThirdHarmonic.wav,2,30pThirdHarmonic,train,37,303104
G2_30pThirdHarmonic_00038.png,30pThirdHarmonic,G2_30pThirdHarmonic.wav,2,30pThirdHarmonic,train,38,311296
G2_30pThirdHarmonic_00039.png,30pThirdHarmonic,G2_30pThirdHarmonic.wav,2,30pThirdHarmonic,train,39,319488
G2_30pThirdHarmonic_00040.png,30pThirdHarmonic,G2_30pThirdHarmonic.wav,2,30pThirdHarmonic,train,40,327680
G2_30pThirdHarmonic_00041.png,30pThirdHarmonic,G2_30pThirdHarmonic.wav,2,30pThirdHarmonic,train,41,335872
G2_30pThirdHarmonic_00042.png,30pThirdHarmonic,G2_30pThirdHarmonic.wav,2,30pThirdHarmonic,train,42,344064
G2_30pThirdHarmonic_00043.png,30pThirdHarmonic,G2_30pThirdHarmonic.wav,2,30pThirdHarmonic,train,43,352256
G2_30pThirdHarmonic_00044.png,30pThirdHarmonic,G2_30pThirdHarmonic.wav,2,30pThirdHarmonic,train,44,360448
G2_30pThirdHarmonic_00045.png,30pThirdHarmonic,G2_30pThirdHarmonic.wav,2,30pThirdHarmonic,train,45,368640
G2_30pThirdHarmonic_00046.png,30pThirdHarmonic,G2_30pThirdHarmonic.wav,2,30pThirdHarmonic,train,46,376832
G2_30pThirdHarmonic_00047.png,30pThirdHarmonic,G2_30pThirdHarmonic.wav,2,30pThirdHarmonic,train,47,385024
G2_30pThirdHarmonic_00048.png,30pThirdHarmonic,G2_30pThirdHarmonic.wav,2,30pThirdHarmonic,train,48,393216
G2_30pThirdHarmonic_00049.png,30pThirdHarmonic,G2_30pThirdHarmonic.wav,2,30pThirdHarmonic,train,49,401408
G2_30pThirdHarmonic_00050.png,30pThirdHarmonic,G2_30pThirdHarmonic.wav,2,30pThirdHarmonic,train,50,409600
G2_30pThirdHarmonic_00051.png,30pThirdHarmonic,G2_30pThirdHarmonic.wav,2,30pThirdHarmonic,train,51,417792
G2_30pThirdHarmonic_00052.png,30pThirdHarmonic,G2_30pThirdHarmonic.wav,2,30pThirdHarmonic,train,52,425984
G2_30pThirdHarmonic_00053.png,30pThirdHarmonic,G2_30pThirdHarmonic.wav,2,30pThirdHarmonic,train,53,434176
G2_30pThirdHarmonic_00054.png,30pThirdHarmonic,G2_30pThirdHarmonic.wav,2,30pThirdHarmonic,train,54,442368
G2_30pThirdHarmonic_00055.png,30pThirdHarmonic,G2_30pThirdHarmonic.wav,2,30pThirdHarmonic,train,55,450560
G2_30pThirdHarmonic_00056.png,30pThirdHarmonic,G2_30pThirdHarmonic.wav,2,30pThirdHarmonic,train,56,458752
G2_30pThirdHarmonic_00057.png,30pThirdHarmonic,G2_30pThirdHarmonic.wav,2,30pThirdHarmonic,train,57,466944
G2_30pThirdHarmonic_00058.png,30pThirdHarmonic,G2_30pThirdHarmonic.wav,2,30pThirdHarmonic,train,58,475136
G2_30pThirdHarmonic_00059.png,30pThirdHarmonic,G2_30pThirdHarmonic.wav,2,30pThirdHarmonic,train,59,483328
G2_30pThirdHarmonic_00060.png,30pThirdHarmonic,G2_30pThirdHarmonic.wav,2,30pThirdHarmonic,train,60,491520
G2_30pThirdHarmonic_00061.png,30pThirdHarmonic,G2_30pThirdHarmonic.wav,2,30pThirdHarmonic,train,61,499712
G2_30pThirdHarmonic_00062.png,30pThirdHarmonic,G2_30pThirdHarmonic.wav,2,30pThirdHarmonic,train,62,507904
G2_30pThirdHarmonic_00063.png,30pThirdHarmonic,G2_30pThirdHarmonic.wav,2,30pThirdHarmonic,train,63,516096
G2_30pThirdHarmonic_00064.png,30pThirdHarmonic,G2_30pThirdHarmonic.wav,2,30pThirdHarmonic,train,64,524288
G2_30pThirdHarmonic_00065.png,30pThirdHarmonic,G2_30pThirdHarmonic.wav,2,30pThirdHarmonic,train,65,532480
G2_30pThirdHarmonic_00066.png,30pThirdHarmonic,G2_30pThirdHarmonic.wav,2,30pThirdHarmonic,train,66,540672
G2_30pThirdHarmonic_00067.png,30pThirdHarmonic,G2_30pThirdHarmonic.wav,2,30pThirdHarmonic,train,67,548864
G2_30pThirdHarmonic_00068.png,30pThirdHarmonic,G2_30pThirdHarmonic.wav,2,30pThirdHarmonic,train,68,557056
G2_30pThirdHarmonic_00069.png,30pThirdHarmonic,G2_30pThirdHarmonic.wav,2,30pThirdHarmonic,train,69,565248
G2_30pThirdHarmonic_00070.png,30pThirdHarmonic,G2_30pThirdHarmonic.wav,2,30pThirdHarmonic,train,70,573440
G2_30pThirdHarmonic_00071.png,30pThirdHarmonic,G2_30pThirdHarmonic.wav,2,30pThirdHarmonic,train,71,581632
G2_30pThirdHarmonic_00072.png,30pThirdHarmonic,G2_30pThirdHarmonic.wav,2,30pThirdHarmonic,train,72,589824
G2_30pThirdHarmonic_00073.png,30pThirdHarmonic,G2_30pThirdHarmonic.wav,2,30pThirdHarmonic,train,73,598016
G2_30pThirdHarmonic_00074.png,30pThirdHarmonic,G2_30pThirdHarmonic.wav,2,30pThirdHarmonic,train,74,606208
G2_30pThirdHarmonic_00075.png,30pThirdHarmonic,G2_30pThirdHarmonic.wav,2,30pThirdHarmonic,train,75,614400
G2_30pThirdHarmonic_00076.png,30pThirdHarmonic,G2_30pThirdHarmonic.wav,2,30pThirdHarmonic,train,76,622592
G2_30pThirdHarmonic_00077.png,30pThirdHarmonic,G2_30pThirdHarmonic.wav,2,30pThirdHarmonic,train,77,630784
G2_30pThirdHarmonic_00078.png,30pThirdHarmonic,G2_30pThirdHarmonic.wav,2,30pThirdHarmonic,train,78,638976
G2_30pThirdHarmonic_00079.png,30pThirdHarmonic,G2_30pThirdHarmonic.wav,2,30pThirdHarmonic,train,79,647168
G2_30pThirdHarmonic_00080.png,30pThirdHarmonic,G2_30pThirdHarmonic.wav,2,30pThirdHarmonic,train,80,655360
G2_30pThirdHarmonic_00081.png,30pThirdHarmonic,G2_30pThirdHarmonic.wav,2,30pThirdHarmonic,train,81,663552
G2_30pThirdHarmonic_00082.png,30pThirdHarmonic,G2_30pThirdHarmonic.wav,2,30pThirdHarmonic,train,82,671744
G2_30pThirdHarmonic_00083.png,30pThirdHarmonic,G2_30pThirdHarmonic.wav,2,30pThirdHarmonic,train,83,679936
G2_30pThirdHarmonic_00084.png,30pThirdHarmonic,G2_30pThirdHarmonic.wav,2,30pThirdHarmonic,train,84,688128
G2_30pThirdHarmonic_00085.png,30pThirdHarmonic,G2_30pThirdHarmonic.wav,2,30pThirdHarmonic,train,85,696320
G2_30pThirdHarmonic_00086.png,30pThirdHarmonic,G2_30pThirdHarmonic.wav,2,30pThirdHarmonic,train,86,704512
G2_30pThirdHarmonic_00087.png,30pThirdHarmonic,G2_30pThirdHarmonic.wav,2,30pThirdHarmonic,train,87,712704
G2_30pThirdHarmonic_00088.png,30pThirdHarmonic,G2_30pThirdHarmonic.wav,2,30pThirdHarmonic,train,88,720896
G2_30pThirdHarmonic_00089.png,30pThirdHarmonic,G2_30pThirdHarmonic.wav,2,30pThirdHarmonic,train,89,729088
G2_30pThirdHarmonic_00090.png,30pThirdHarmonic,G2_30pThirdHarmonic.wav,2,30pThirdHarmonic,train,90,737280
G2_30pThirdHarmonic_00091.png,30pThirdHarmonic,G2_30pThirdHarmonic.wav,2,30pThirdHarmonic,train,91,745472
G2_30pThirdHarmonic_00092.png,30pThirdHarmonic,G2_30pThirdHarmonic.wav,2,30pThirdHarmonic,train,92,753664
G2_30pThirdHarmonic_00093.png,30pThirdHarmonic,G2_30pThirdHarmonic.wav,2,30pThirdHarmonic,train,93,761856
G2_30pThirdHarmonic_00094.png,30pThirdHarmonic,G2_30pThirdHarmonic.wav,2,30pThirdHarmonic,train,94,770048
G2_30pThirdHarmonic_00095.png,30pThirdHarmonic,G2_30pThirdHarmonic.wav,2,30pThirdHarmonic,train,95,778240
G2_30pThirdHarmonic_00096.png,30pThirdHarmonic,G2_30pThirdHarmonic.wav,2,30pThirdHarmonic,train,96,786432
G2_30pThirdHarmonic_00097.png,30pThirdHarmonic,G2_30pThirdHarmonic.wav,2,30pThirdHarmonic,train,97,794624
G2_30pThirdHarmonic_00098.png,30pThirdHarmonic,G2_30pThirdHarmonic.wav,2,30pThirdHarmonic,train,98,802816
G2_30pThirdHarmonic_00099.png,30pThirdHarmonic,G2_30pThirdHarmonic.wav,2,30pThirdHarmonic,train,99,811008
G2_30pThirdHarmonic_00100.png,30pThirdHarmonic,G2_30pThirdHarmonic.wav,2,30pThirdHarmonic,train,100,819200
G2_30pThirdHarmonic_00101.png,30pThirdHarmonic,G2_30pThirdHarmonic.wav,2,30pThirdHarmonic,train,101,827392
G2_30pThirdHarmonic_00102.png,30pThirdHarmonic,G2_30pThirdHarmonic.wav,2,30pThirdHarmonic,train,102,835584
G2_30pThirdHarmonic_00103.png,30pThirdHarmonic,G2_30pThirdHarmonic.wav,2,30pThirdHarmonic,train,103,843776
G2_30pThirdHarmonic_00104.png,30pThirdHarmonic,G2_30pThirdHarmonic.wav,2,30pThirdHarmonic,train,104,851968
G2_30pThirdHarmonic_00105.png,30pThirdHarmonic,G2_30pThirdHarmonic.wav,2,30pThirdHarmonic,train,105,860160
G2_30pThirdHarmonic_00106.png,30pThirdHarmonic,G2_30pThirdHarmonic.wav,2,30pThirdHarmonic,train,106,868352
G2_30pThirdHarmonic_00107.png,30pThirdHarmonic,G2_30pThirdHarmonic.wav,2,30pThirdHarmonic,train,107,876544
G2_30pThirdHarmonic_00108.png,30pThirdHarmonic,G2_30pThirdHarmonic.wav,2,30pThirdHarmonic,train,108,884736
G2_30pThirdHarmonic_00109.png,30pThirdHarmonic,G2_30pThirdHarmonic.wav,2,30pThirdHarmonic,train,109,892928
G2_30pThirdHarmonic_00110.png,30pThirdHarmonic,G2_30pThirdHarmonic.wav,2,30pThirdHarmonic,train,110,901120
G2_30pThirdHarmonic_00111.png,30pThirdHarmonic,G2_30pThirdHarmonic.wav,2,30pThirdHarmonic,train,111,909312
G2_30pThirdHarmonic_00112.png,30pThirdHarmonic,G2_30pThirdHarmonic.wav,2,30pThirdHarmonic,train,112,917504
G2_30pThirdHarmonic_00113.png,30pThirdHarmonic,G2_30pThirdHarmonic.wav,2,30pThirdHarmonic,train,113,925696
G2_30pThirdHarmonic_00114.png,30pThirdHarmonic,G2_30pThirdHarmonic.wav,2,30pThirdHarmonic,train,114,933888
G2_30pThirdHarmonic_00115.png,30pThirdHarmonic,G2_30pThirdHarmonic.wav,2,30pThirdHarmonic,train,115,942080
G2_30pThirdHarmonic_00116.png,30pThirdHarmonic,G2_30pThirdHarmonic.wav,2,30pThirdHarmonic,train,116,950272
G2_30pThirdHarmonic_00117.png,30pThirdHarmonic,G2_30pThirdHarmonic.wav,2,30pThirdHarmonic,train,117,958464
G2_30pThirdHarmonic_00118.png,30pThirdHarmonic,G2_30pThirdHarmonic.wav,2,30pThirdHarmonic,train,118,966656
G2_30pThirdHarmonic_00119.png,30pThirdHarmonic,G2_30pThirdHarmonic.wav,2,30pThirdHarmonic,train,119,974848
G2_30pThirdHarmonic_00120.png,30pThirdHarmonic,G2_30pThirdHarmonic.wav,2,30pThirdHarmonic,train,120,983040
G2_30pThirdHarmonic_00121.png,30pThirdHarmonic,G2_30pThirdHarmonic.wav,2,30pThirdHarmonic,train,121,991232
G2_30pThirdHarmonic_00122.png,30pThirdHarmonic,G2_30pThirdHarmonic.wav,2,30pThirdHarmonic,train,122,999424
G2_30pThirdHarmonic_00123.png,30pThirdHarmonic,G2_30pThirdHarmonic.wav,2,30pThirdHarmonic,train,123,1007616
G2_30pThirdHarmonic_00124.png,30pThirdHarmonic,G2_30pThirdHarmonic.wav,2,30pThirdHarmonic,train,124,1015808
G2_30pThirdHarmonic_00125.png,30pThirdHarmonic,G2_30pThirdHarmonic.wav,2,30pThirdHarmonic,train,125,1024000
G2_30pThirdHarmonic_00126.png,30pThirdHarmonic,G2_30pThirdHarmonic.wav,2,30pThirdHarmonic,train,126,1032192
G2_30pThirdHarmonic_00127.png,30pThirdHarmonic,G2_30pThirdHarmonic.wav,2,30pThirdHarmonic,train,127,1040384
G2_30pThirdHarmonic_00128.png,30pThirdHarmonic,G2_30pThirdHarmonic.wav,2,30pThirdHarmonic,train,128,1048576
G2_30pThirdHarmonic_00129.png,30pThirdHarmonic,G2_30pThirdHarmonic.wav,2,30pThirdHarmonic,train,129,1056768
G2_30pThirdHarmonic_00130.png,30pThirdHarmonic,G2_30pThirdHarmonic.wav,2,30pThirdHarmonic,train,130,1064960
G2_30pThirdHarmonic_00131.png,30pThirdHarmonic,G2_30pThirdHarmonic.wav,2,30pThirdHarmonic,train,131,1073152
G2_30pThirdHarmonic_00132.png,30pThirdHarmonic,G2_30pThirdHarmonic.wav,2,30pThirdHarmonic,train,132,1081344
G2_30pThirdHarmonic_00133.png,30pThirdHarmonic,G2_30pThirdHarmonic.wav,2,30pThirdHarmonic,train,133,1089536
G2_30pThirdHarmonic_00134.png,30pThirdHarmonic,G2_30pThirdHarmonic.wav,2,30pThirdHarmonic,train,134,1097728
G2_30pThirdHarmonic_00135.png,30pThirdHarmonic,G2_30pThirdHarmonic.wav,2,30pThirdHarmonic,train,135,1105920
G2_30pThirdHarmonic_00136.png,30pThirdHarmonic,G2_30pThirdHarmonic.wav,2,30pThirdHarmonic,train,136,1114112
G2_30pThirdHarmonic_00137.png,30pThirdHarmonic,G2_30pThirdHarmonic.wav,2,30pThirdHarmonic,train,137,1122304
G2_30pThirdHarmonic_00138.png,30pThirdHarmonic,G2_30pThirdHarmonic.wav,2,30pThirdHarmonic,train,138,1130496
G2_30pThirdHarmonic_00139.png,30pThirdHarmonic,G2_30pThirdHarmonic.wav,2,30pThirdHarmonic,train,139,1138688
G2_30pThirdHarmonic_00140.png,30pThirdHarmonic,G2_30pThirdHarmonic.wav,2,30pThirdHarmonic,train,140,1146880
G2_30pThirdHarmonic_00141.png,30pThirdHarmonic,G2_30pThirdHarmonic.wav,2,30pThirdHarmonic,train,141,1155072
G2_30pThirdHarmonic_00142.png,30pThirdHarmonic,G2_30pThirdHarmonic.wav,2,30pThirdHarmonic,train,142,1163264
G2_30pThirdHarmonic_00143.png,30pThirdHarmonic,G2_30pThirdHarmonic.wav,2,30pThirdHarmonic,train,143,1171456
G2_30pThirdHarmonic_00144.png,30pThirdHarmonic,G2_30pThirdHarmonic.wav,2,30pThirdHarmonic,train,144,1179648
G2_30pThirdHarmonic_00145.png,30pThirdHarmonic,G2_30pThirdHarmonic.wav,2,30pThirdHarmonic,train,145,1187840
G2_30pThirdHarmonic_00146.png,30pThirdHarmonic,G2_30pThirdHarmonic.wav,2,30pThirdHarmonic,train,146,1196032
G2_30pThirdHarmonic_00147.png,30pThirdHarmonic,G2_30pThirdHarmonic.wav,2,30pThirdHarmonic,train,147,1204224
G2_30pThirdHarmonic_00148.png,30pThirdHarmonic,G2_30pThirdHarmonic.wav,2,30pThirdHarmonic,train,148,1212416
G2_30pThirdHarmonic_00149.png,30pThirdHarmonic,G2_30pThirdHarmonic.wav,2,30pThirdHarmonic,train,149,1220608
G2_30pThirdHarmonic_00150.png,30pThirdHarmonic,G2_30pThirdHarmonic.wav,2,30pThirdHarmonic,train,150,1228800
G2_30pThirdHarmonic_00151.png,30pThirdHarmonic,G2_30pThirdHarmonic.wav,2,30pThirdHarmonic,train,151,1236992
G2_30pThirdHarmonic_00152.png,30pThirdHarmonic,G2_30pThirdHarmonic.wav,2,30pThirdHarmonic,train,152,1245184
G2_30pThirdHarmonic_00153.png,30pThirdHarmonic,G2_30pThirdHarmonic.wav,2,30pThirdHarmonic,train,153,1253376
G2_30pThirdHarmonic_00154.png,30pThirdHarmonic,G2_30pThirdHarmonic.wav,2,30pThirdHarmonic,train,154,1261568
G2_30pThirdHarmonic_00155.png,30pThirdHarmonic,G2_30pThirdHarmonic.wav,2,30pThirdHarmonic,train,155,1269760
G2_30pThirdHarmonic_00156.png,30pThirdHarmonic,G2_30pThirdHarmonic.wav,2,30pThirdHarmonic,train,156,1277952
G2_30pThirdHarmonic_00157.png,30pThirdHarmonic,G2_30pThirdHarmonic.wav,2,30pThirdHarmonic,train,157,1286144
G2_30pThirdHarmonic_00158.png,30pThirdHarmonic,G2_30pThirdHarmonic.wav,2,30pThirdHarmonic,train,158,1294336
G2_30pThirdHarmonic_00159.png,30pThirdHarmonic,G2_30pThirdHarmonic.wav,2,30pThirdHarmonic,train,159,1302528
G2_30pThirdHarmonic_00160.png,30pThirdHarmonic,G2_30pThirdHarmonic.wav,2,30pThirdHarmonic,train,160,1310720
G2_30pThirdHarmonic_00161.png,30pThirdHarmonic,G2_30pThirdHarmonic.wav,2,30pThirdHarmonic,train,161,1318912
G2_30pThirdHarmonic_00162.png,30pThirdHarmonic,G2_30pThirdHarmonic.wav,2,30pThirdHarmonic,train,162,1327104
G2_30pThirdHarmonic_00163.png,30pThirdHarmonic,G2_30pThirdHarmonic.wav,2,30pThirdHarmonic,train,163,1335296
G2_30pThirdHarmonic_00164.png,30pThirdHarmonic,G2_30pThirdHarmonic.wav,2,30pThirdHarmonic,train,164,1343488
G2_30pThirdHarmonic_00165.png,30pThirdHarmonic,G2_30pThirdHarmonic.wav,2,30pThirdHarmonic,train,165,1351680
G2_30pThirdHarmonic_00166.png,30pThirdHarmonic,G2_30pThirdHarmonic.wav,2,30pThirdHarmonic,train,166,1359872
G2_30pThirdHarmonic_00167.png,30pThirdHarmonic,G2_30pThirdHarmonic.wav,2,30pThirdHarmonic,train,167,1368064
G2_30pThirdHarmonic_00168.png,30pThirdHarmonic,G2_30pThirdHarmonic.wav,2,30pThirdHarmonic,train,168,1376256
G2_30pThirdHarmonic_00169.png,30pThirdHarmonic,G2_30pThirdHarmonic.wav,2,30pThirdHarmonic,train,169,1384448
G2_30pThirdHarmonic_00170.png,30pThirdHarmonic,G2_30pThirdHarmonic.wav,2,30pThirdHarmonic,train,170,1392640
G2_30pThirdHarmonic_00171.png,30pThirdHarmonic,G2_30pThirdHarmonic.wav,2,30pThirdHarmonic,train,171,1400832
G2_30pThirdHarmonic_00172.png,30pThirdHarmonic,G2_30pThirdHarmonic.wav,2,30pThirdHarmonic,train,172,1409024
G2_30pThirdHarmonic_00173.png,30pThirdHarmonic,G2_30pThirdHarmonic.wav,2,30pThirdHarmonic,train,173,1417216
G2_30pThirdHarmonic_00174.png,30pThirdHarmonic,G2_30pThirdHarmonic.wav,2,30pThirdHarmonic,train,174,1425408
G2_30pThirdHarmonic_00175.png,30pThirdHarmonic,G2_30pThirdHarmonic.wav,2,30pThirdHarmonic,train,175,1433600
G2_30pThirdHarmonic_00176.png,30pThirdHarmonic,G2_30pThirdHarmonic.wav,2,30pThirdHarmonic,train,176,1441792
G2_30pThirdHarmonic_00177.png,30pThirdHarmonic,G2_30pThirdHarmonic.wav,2,30pThirdHarmonic,train,177,1449984
G2_30pThirdHarmonic_00178.png,30pThirdHarmonic,G2_30pThirdHarmonic.wav,2,30pThirdHarmonic,train,178,1458176
G2_30pThirdHarmonic_00179.png,30pThirdHarmonic,G2_30pThirdHarmonic.wav,2,30pThirdHarmonic,train,179,1466368
G2_30pThirdHarmonic_00180.png,30pThirdHarmonic,G2_30pThirdHarmonic.wav,2,30pThirdHarmonic,train,180,1474560
G2_30pThirdHarmonic_00181.png,30pThirdHarmonic,G2_30pThirdHarmonic.wav,2,30pThirdHarmonic,train,181,1482752
G2_30pThirdHarmonic_00182.png,30pThirdHarmonic,G2_30pThirdHarmonic.wav,2,30pThirdHarmonic,train,182,1490944
G2_30pThirdHarmonic_00183.png,30pThirdHarmonic,G2_30pThirdHarmonic.wav,2,30pThirdHarmonic,train,183,1499136
G2_30pThirdHarmonic_00184.png,30pThirdHarmonic,G2_30pThirdHarmonic.wav,2,30pThirdHarmonic,train,184,1507328
G2_30pThirdHarmonic_00185.png,30pThirdHarmonic,G2_30pThirdHarmonic.wav,2,30pThirdHarmonic,train,185,1515520
G2_30pThirdHarmonic_00186.png,30pThirdHarmonic,G2_30pThirdHarmonic.wav,2,30pThirdHarmonic,train,186,1523712
G2_30pThirdHarmonic_00187.png,30pThirdHarmonic,G2_30pThirdHarmonic.wav,2,30pThirdHarmonic,train,187,1531904
G2_30pThirdHarmonic_00188.png,30pThirdHarmonic,G2_30pThirdHarmonic.wav,2,30pThirdHarmonic,train,188,1540096
G2_30pThirdHarmonic_00189.png,30pThirdHarmonic,G2_30pThirdHarmonic.wav,2,30pThirdHarmonic,train,189,1548288
G2_30pThirdHarmonic_00190.png,30pThirdHarmonic,G2_30pThirdHarmonic.wav,2,30pThirdHarmonic,train,190,1556480
G2_30pThirdHarmonic_00191.png,30pThirdHarmonic,G2_30pThirdHarmonic.wav,2,30pThirdHarmonic,train,191,1564672
G2_30pThirdHarmonic_00192.png,30pThirdHarmonic,G2_30pThirdHarmonic.wav,2,30pThirdHarmonic,train,192,1572864
G2_30pThirdHarmonic_00193.png,30pThirdHarmonic,G2_30pThirdHarmonic.wav,2,30pThirdHarmonic,train,193,1581056
G2_30pThirdHarmonic_00194.png,30pThirdHarmonic,G2_30pThirdHarmonic.wav,2,30pThirdHarmonic,train,194,1589248
G2_30pThirdHarmonic_00195.png,30pThirdHarmonic,G2_30pThirdHarmonic.wav,2,30pThirdHarmonic,train,195,1597440
G2_30pThirdHarmonic_00196.png,30pThirdHarmonic,G2_30pThirdHarmonic.wav,2,30pThirdHarmonic,train,196,1605632
G2_30pThirdHarmonic_00197.png,30pThirdHarmonic,G2_30pThirdHarmonic.wav,2,30pThirdHarmonic,train,197,1613824
G2_30pThirdHarmonic_00198.png,30pThirdHarmonic,G2_30pThirdHarmonic.wav,2,30pThirdHarmonic,train,198,1622016
G2_30pThirdHarmonic_00199.png,30pThirdHarmonic,G2_30pThirdHarmonic.wav,2,30pThirdHarmonic,train,199,1630208
G2_30pThirdHarmonic_00200.png,30pThirdHarmonic,G2_30pThirdHarmonic.wav,2,30pThirdHarmonic,train,200,1638400
G2_30pThirdHarmonic_00201.png,30pThirdHarmonic,G2_30pThirdHarmonic.wav,2,30pThirdHarmonic,train,201,1646592
G2_30pThirdHarmonic_00202.png,30pThirdHarmonic,G2_30pThirdHarmonic.wav,2,30pThirdHarmonic,train,202,1654784
G2_30pThirdHarmonic_00203.png,30pThirdHarmonic,G2_30pThirdHarmonic.wav,2,30pThirdHarmonic,train,203,1662976
G2_30pThirdHarmonic_00204.png,30pThirdHarmonic,G2_30pThirdHarmonic.wav,2,30pThirdHarmonic,train,204,1671168
G2_30pThirdHarmonic_00205.png,30pThirdHarmonic,G2_30pThirdHarmonic.wav,2,30pThirdHarmonic,train,205,1679360
G2_30pThirdHarmonic_00206.png,30pThirdHarmonic,G2_30pThirdHarmonic.wav,2,30pThirdHarmonic,train,206,1687552
G2_30pThirdHarmonic_00207.png,30pThirdHarmonic,G2_30pThirdHarmonic.wav,2,30pThirdHarmonic,train,207,1695744
G2_30pThirdHarmonic_00208.png,30pThirdHarmonic,G2_30pThirdHarmonic.wav,2,30pThirdHarmonic,train,208,1703936
G2_30pThirdHarmonic_00209.png,30pThirdHarmonic,G2_30pThirdHarmonic.wav,2,30pThirdHarmonic,train,209,1712128
G2_30pThirdHarmonic_00210.png,30pThirdHarmonic,G2_30pThirdHarmonic.wav,2,30pThirdHarmonic,train,210,1720320
G2_30pThirdHarmonic_00211.png,30pThirdHarmonic,G2_30pThirdHarmonic.wav,2,30pThirdHarmonic,train,211,1728512
G2_30pThirdHarmonic_00212.png,30pThirdHarmonic,G2_30pThirdHarmonic.wav,2,30pThirdHarmonic,train,212,1736704
G2_30pThirdHarmonic_00213.png,30pThirdHarmonic,G2_30pThirdHarmonic.wav,2,30pThirdHarmonic,train,213,1744896
G2_30pThirdHarmonic_00214.png,30pThirdHarmonic,G2_30pThirdHarmonic.wav,2,30pThirdHarmonic,train,214,1753088
G2_30pThirdHarmonic_00215.png,30pThirdHarmonic,G2_30pThirdHarmonic.wav,2,30pThirdHarmonic,train,215,1761280
G2_30pThirdHarmonic_00216.png,30pThirdHarmonic,G2_30pThirdHarmonic.wav,2,30pThirdHarmonic,train,216,1769472
G2_30pThirdHarmonic_00217.png,30pThirdHarmonic,G2_30pThirdHarmonic.wav,2,30pThirdHarmonic,train,217,1777664
G2_30pThirdHarmonic_00218.png,30pThirdHarmonic,G2_30pThirdHarmonic.wav,2,30pThirdHarmonic,train,218,1785856
G2_30pThirdHarmonic_00219.png,30pThirdHarmonic,G2_30pThirdHarmonic.wav,2,30pThirdHarmonic,train,219,1794048
G2_30pThirdHarmonic_00220.png,30pThirdHarmonic,G2_30pThirdHarmonic.wav,2,30pThirdHarmonic,train,220,1802240
G2_30pThirdHarmonic_00221.png,30pThirdHarmonic,G2_30pThirdHarmonic.wav,2,30pThirdHarmonic,train,221,1810432
G2_30pThirdHarmonic_00222.png,30pThirdHarmonic,G2_30pThirdHarmonic.wav,2,30pThirdHarmonic,train,222,1818624
G2_30pThirdHarmonic_00223.png,30pThirdHarmonic,G2_30pThirdHarmonic.wav,2,30pThirdHarmonic,train,223,1826816
G2_30pThirdHarmonic_00224.png,30pThirdHarmonic,G2_30pThirdHarmonic.wav,2,30pThirdHarmonic,train,224,1835008
G2_30pThirdHarmonic_00225.png,30pThirdHarmonic,G2_30pThirdHarmonic.wav,2,30pThirdHarmonic,train,225,1843200
G2_30pThirdHarmonic_00226.png,30pThirdHarmonic,G2_30pThirdHarmonic.wav,2,30pThirdHarmonic,train,226,1851392
G2_30pThirdHarmonic_00227.png,30pThirdHarmonic,G2_30pThirdHarmonic.wav,2,30pThirdHarmonic,train,227,1859584
G2_30pThirdHarmonic_00228.png,30pThirdHarmonic,G2_30pThirdHarmonic.wav,2,30pThirdHarmonic,train,228,1867776
G2_30pThirdHarmonic_00229.png,30pThirdHarmonic,G2_30pThirdHarmonic.wav,2,30pThirdHarmonic,train,229,1875968
G2_30pThirdHarmonic_00230.png,30pThirdHarmonic,G2_30pThirdHarmonic.wav,2,30pThirdHarmonic,train,230,1884160
G2_30pThirdHarmonic_00231.png,30pThirdHarmonic,G2_30pThirdHarmonic.wav,2,30pThirdHarmonic,train,231,1892352
G2_30pThirdHarmonic_00232.png,30pThirdHarmonic,G2_30pThirdHarmonic.wav,2,30pThirdHarmonic,train,232,1900544
G2_30pThirdHarmonic_00233.png,30pThirdHarmonic,G2_30pThirdHarmonic.wav,2,30pThirdHarmonic,train,233,1908736
G2_30pThirdHarmonic_00234.png,30pThirdHarmonic,G2_30pThirdHarmonic.wav,2,30pThirdHarmonic,train,234,1916928
G2_30pThirdHarmonic_00235.png,30pThirdHarmonic,G2_30pThirdHarmonic.wav,2,30pThirdHarmonic,train,235,1925120
G2_30pThirdHarmonic_00236.png,30pThirdHarmonic,G2_30pThirdHarmonic.wav,2,30pThirdHarmonic,train,236,1933312
G2_30pThirdHarmonic_00237.png,30pThirdHarmonic,G2_30pThirdHarmonic.wav,2,30pThirdHarmonic,train,237,1941504
G2_30pThirdHarmonic_00238.png,30pThirdHarmonic,G2_30pThirdHarmonic.wav,2,30pThirdHarmonic,train,238,1949696
G2_30pThirdHarmonic_00239.png,30pThirdHarmonic,G2_30pThirdHarmonic.wav,2,30pThirdHarmonic,train,239,1957888
G2_30pThirdHarmonic_00240.png,30pThirdHarmonic,G2_30pThirdHarmonic.wav,2,30pThirdHarmonic,train,240,1966080
G2_30pThirdHarmonic_00241.png,30pThirdHarmonic,G2_30pThirdHarmonic.wav,2,30pThirdHarmonic,train,241,1974272
G4_10pFifthHarmonic_chunk0_00000.png,10pFifthHarmonic,G4_10pFifthHarmonic.wav__chunk0,4,10pFifthHarmonic,val,0,0
G4_10pFifthHarmonic_chunk0_00001.png,10pFifthHarmonic,G4_10pFifthHarmonic.wav__chunk0,4,10pFifthHarmonic,val,1,8192
G4_10pFifthHarmonic_chunk0_00002.png,10pFifthHarmonic,G4_10pFifthHarmonic.wav__chunk0,4,10pFifthHarmonic,val,2,16384
G4_10pFifthHarmonic_chunk0_00003.png,10pFifthHarmonic,G4_10pFifthHarmonic.wav__chunk0,4,10pFifthHarmonic,val,3,24576
G4_10pFifthHarmonic_chunk0_00004.png,10pFifthHarmonic,G4_10pFifthHarmonic.wav__chunk0,4,10pFifthHarmonic,val,4,32768
G4_10pFifthHarmonic_chunk0_00005.png,10pFifthHarmonic,G4_10pFifthHarmonic.wav__chunk0,4,10pFifthHarmonic,val,5,40960
G4_10pFifthHarmonic_chunk0_00006.png,10pFifthHarmonic,G4_10pFifthHarmonic.wav__chunk0,4,10pFifthHarmonic,val,6,49152
G4_10pFifthHarmonic_chunk0_00007.png,10pFifthHarmonic,G4_10pFifthHarmonic.wav__chunk0,4,10pFifthHarmonic,val,7,57344
G4_10pFifthHarmonic_chunk0_00008.png,10pFifthHarmonic,G4_10pFifthHarmonic.wav__chunk0,4,10pFifthHarmonic,val,8,65536
G4_10pFifthHarmonic_chunk0_00009.png,10pFifthHarmonic,G4_10pFifthHarmonic.wav__chunk0,4,10pFifthHarmonic,val,9,73728
G4_10pFifthHarmonic_chunk0_00010.png,10pFifthHarmonic,G4_10pFifthHarmonic.wav__chunk0,4,10pFifthHarmonic,val,10,81920
G4_10pFifthHarmonic_chunk0_00011.png,10pFifthHarmonic,G4_10pFifthHarmonic.wav__chunk0,4,10pFifthHarmonic,val,11,90112
G4_10pFifthHarmonic_chunk0_00012.png,10pFifthHarmonic,G4_10pFifthHarmonic.wav__chunk0,4,10pFifthHarmonic,val,12,98304
G4_10pFifthHarmonic_chunk0_00013.png,10pFifthHarmonic,G4_10pFifthHarmonic.wav__chunk0,4,10pFifthHarmonic,val,13,106496
G4_10pFifthHarmonic_chunk0_00014.png,10pFifthHarmonic,G4_10pFifthHarmonic.wav__chunk0,4,10pFifthHarmonic,val,14,114688
G4_10pFifthHarmonic_chunk0_00015.png,10pFifthHarmonic,G4_10pFifthHarmonic.wav__chunk0,4,10pFifthHarmonic,val,15,122880
G4_10pFifthHarmonic_chunk0_00016.png,10pFifthHarmonic,G4_10pFifthHarmonic.wav__chunk0,4,10pFifthHarmonic,val,16,131072
G4_10pFifthHarmonic_chunk0_00017.png,10pFifthHarmonic,G4_10pFifthHarmonic.wav__chunk0,4,10pFifthHarmonic,val,17,139264
G4_10pFifthHarmonic_chunk0_00018.png,10pFifthHarmonic,G4_10pFifthHarmonic.wav__chunk0,4,10pFifthHarmonic,val,18,147456
G4_10pFifthHarmonic_chunk0_00019.png,10pFifthHarmonic,G4_10pFifthHarmonic.wav__chunk0,4,10pFifthHarmonic,val,19,155648
G4_10pFifthHarmonic_chunk0_00020.png,10pFifthHarmonic,G4_10pFifthHarmonic.wav__chunk0,4,10pFifthHarmonic,val,20,163840
G4_10pFifthHarmonic_chunk0_00021.png,10pFifthHarmonic,G4_10pFifthHarmonic.wav__chunk0,4,10pFifthHarmonic,val,21,172032
G4_10pFifthHarmonic_chunk0_00022.png,10pFifthHarmonic,G4_10pFifthHarmonic.wav__chunk0,4,10pFifthHarmonic,val,22,180224
G4_10pFifthHarmonic_chunk0_00023.png,10pFifthHarmonic,G4_10pFifthHarmonic.wav__chunk0,4,10pFifthHarmonic,val,23,188416
G4_10pFifthHarmonic_chunk0_00024.png,10pFifthHarmonic,G4_10pFifthHarmonic.wav__chunk0,4,10pFifthHarmonic,val,24,196608
G4_10pFifthHarmonic_chunk0_00025.png,10pFifthHarmonic,G4_10pFifthHarmonic.wav__chunk0,4,10pFifthHarmonic,val,25,204800
G4_10pFifthHarmonic_chunk0_00026.png,10pFifthHarmonic,G4_10pFifthHarmonic.wav__chunk0,4,10pFifthHarmonic,val,26,212992
G4_10pFifthHarmonic_chunk0_00027.png,10pFifthHarmonic,G4_10pFifthHarmonic.wav__chunk0,4,10pFifthHarmonic,val,27,221184
G4_10pFifthHarmonic_chunk0_00028.png,10pFifthHarmonic,G4_10pFifthHarmonic.wav__chunk0,4,10pFifthHarmonic,val,28,229376
G4_10pFifthHarmonic_chunk0_00029.png,10pFifthHarmonic,G4_10pFifthHarmonic.wav__chunk0,4,10pFifthHarmonic,val,29,237568
G4_10pFifthHarmonic_chunk0_00030.png,10pFifthHarmonic,G4_10pFifthHarmonic.wav__chunk0,4,10pFifthHarmonic,val,30,245760
G4_10pFifthHarmonic_chunk0_00031.png,10pFifthHarmonic,G4_10pFifthHarmonic.wav__chunk0,4,10pFifthHarmonic,val,31,253952
G4_10pFifthHarmonic_chunk0_00032.png,10pFifthHarmonic,G4_10pFifthHarmonic.wav__chunk0,4,10pFifthHarmonic,val,32,262144
G4_10pFifthHarmonic_chunk0_00033.png,10pFifthHarmonic,G4_10pFifthHarmonic.wav__chunk0,4,10pFifthHarmonic,val,33,270336
G4_10pFifthHarmonic_chunk0_00034.png,10pFifthHarmonic,G4_10pFifthHarmonic.wav__chunk0,4,10pFifthHarmonic,val,34,278528
G4_10pFifthHarmonic_chunk0_00035.png,10pFifthHarmonic,G4_10pFifthHarmonic.wav__chunk0,4,10pFifthHarmonic,val,35,286720
G4_10pFifthHarmonic_chunk0_00036.png,10pFifthHarmonic,G4_10pFifthHarmonic.wav__chunk0,4,10pFifthHarmonic,val,36,294912
G4_10pFifthHarmonic_chunk0_00037.png,10pFifthHarmonic,G4_10pFifthHarmonic.wav__chunk0,4,10pFifthHarmonic,val,37,303104
G4_10pFifthHarmonic_chunk0_00038.png,10pFifthHarmonic,G4_10pFifthHarmonic.wav__chunk0,4,10pFifthHarmonic,val,38,311296
G4_10pFifthHarmonic_chunk0_00039.png,10pFifthHarmonic,G4_10pFifthHarmonic.wav__chunk0,4,10pFifthHarmonic,val,39,319488
G4_10pFifthHarmonic_chunk0_00040.png,10pFifthHarmonic,G4_10pFifthHarmonic.wav__chunk0,4,10pFifthHarmonic,val,40,327680
G4_10pFifthHarmonic_chunk0_00041.png,10pFifthHarmonic,G4_10pFifthHarmonic.wav__chunk0,4,10pFifthHarmonic,val,41,335872
G4_10pFifthHarmonic_chunk0_00042.png,10pFifthHarmonic,G4_10pFifthHarmonic.wav__chunk0,4,10pFifthHarmonic,val,42,344064
G4_10pFifthHarmonic_chunk0_00043.png,10pFifthHarmonic,G4_10pFifthHarmonic.wav__chunk0,4,10pFifthHarmonic,val,43,352256
G4_10pFifthHarmonic_chunk0_00044.png,10pFifthHarmonic,G4_10pFifthHarmonic.wav__chunk0,4,10pFifthHarmonic,val,44,360448
G4_10pFifthHarmonic_chunk0_00045.png,10pFifthHarmonic,G4_10pFifthHarmonic.wav__chunk0,4,10pFifthHarmonic,val,45,368640
G4_10pFifthHarmonic_chunk0_00046.png,10pFifthHarmonic,G4_10pFifthHarmonic.wav__chunk0,4,10pFifthHarmonic,val,46,376832
G4_10pFifthHarmonic_chunk0_00047.png,10pFifthHarmonic,G4_10pFifthHarmonic.wav__chunk0,4,10pFifthHarmonic,val,47,385024
G4_10pFifthHarmonic_chunk0_00048.png,10pFifthHarmonic,G4_10pFifthHarmonic.wav__chunk0,4,10pFifthHarmonic,val,48,393216
G4_10pFifthHarmonic_chunk0_00049.png,10pFifthHarmonic,G4_10pFifthHarmonic.wav__chunk0,4,10pFifthHarmonic,val,49,401408
G4_10pFifthHarmonic_chunk0_00050.png,10pFifthHarmonic,G4_10pFifthHarmonic.wav__chunk0,4,10pFifthHarmonic,val,50,409600
G4_10pFifthHarmonic_chunk0_00051.png,10pFifthHarmonic,G4_10pFifthHarmonic.wav__chunk0,4,10pFifthHarmonic,val,51,417792
G4_10pFifthHarmonic_chunk0_00052.png,10pFifthHarmonic,G4_10pFifthHarmonic.wav__chunk0,4,10pFifthHarmonic,val,52,425984
G4_10pFifthHarmonic_chunk0_00053.png,10pFifthHarmonic,G4_10pFifthHarmonic.wav__chunk0,4,10pFifthHarmonic,val,53,434176
G4_10pFifthHarmonic_chunk0_00054.png,10pFifthHarmonic,G4_10pFifthHarmonic.wav__chunk0,4,10pFifthHarmonic,val,54,442368
G4_10pFifthHarmonic_chunk0_00055.png,10pFifthHarmonic,G4_10pFifthHarmonic.wav__chunk0,4,10pFifthHarmonic,val,55,450560
G4_10pFifthHarmonic_chunk0_00056.png,10pFifthHarmonic,G4_10pFifthHarmonic.wav__chunk0,4,10pFifthHarmonic,val,56,458752
G4_10pFifthHarmonic_chunk0_00057.png,10pFifthHarmonic,G4_10pFifthHarmonic.wav__chunk0,4,10pFifthHarmonic,val,57,466944
G4_10pFifthHarmonic_chunk0_00058.png,10pFifthHarmonic,G4_10pFifthHarmonic.wav__chunk0,4,10pFifthHarmonic,val,58,475136
G4_10pFifthHarmonic_chunk0_00059.png,10pFifthHarmonic,G4_10pFifthHarmonic.wav__chunk0,4,10pFifthHarmonic,val,59,483328
G4_10pFifthHarmonic_chunk0_00060.png,10pFifthHarmonic,G4_10pFifthHarmonic.wav__chunk0,4,10pFifthHarmonic,val,60,491520
G4_10pFifthHarmonic_chunk0_00061.png,10pFifthHarmonic,G4_10pFifthHarmonic.wav__chunk0,4,10pFifthHarmonic,val,61,499712
G4_10pFifthHarmonic_chunk0_00062.png,10pFifthHarmonic,G4_10pFifthHarmonic.wav__chunk0,4,10pFifthHarmonic,val,62,507904
G4_10pFifthHarmonic_chunk0_00063.png,10pFifthHarmonic,G4_10pFifthHarmonic.wav__chunk0,4,10pFifthHarmonic,val,63,516096
G4_10pFifthHarmonic_chunk0_00064.png,10pFifthHarmonic,G4_10pFifthHarmonic.wav__chunk0,4,10pFifthHarmonic,val,64,524288
G4_10pFifthHarmonic_chunk0_00065.png,10pFifthHarmonic,G4_10pFifthHarmonic.wav__chunk0,4,10pFifthHarmonic,val,65,532480
G4_10pFifthHarmonic_chunk0_00066.png,10pFifthHarmonic,G4_10pFifthHarmonic.wav__chunk0,4,10pFifthHarmonic,val,66,540672
G4_10pFifthHarmonic_chunk0_00067.png,10pFifthHarmonic,G4_10pFifthHarmonic.wav__chunk0,4,10pFifthHarmonic,val,67,548864
G4_10pFifthHarmonic_chunk0_00068.png,10pFifthHarmonic,G4_10pFifthHarmonic.wav__chunk0,4,10pFifthHarmonic,val,68,557056
G4_10pFifthHarmonic_chunk0_00069.png,10pFifthHarmonic,G4_10pFifthHarmonic.wav__chunk0,4,10pFifthHarmonic,val,69,565248
G4_10pFifthHarmonic_chunk0_00070.png,10pFifthHarmonic,G4_10pFifthHarmonic.wav__chunk0,4,10pFifthHarmonic,val,70,573440
G4_10pFifthHarmonic_chunk0_00071.png,10pFifthHarmonic,G4_10pFifthHarmonic.wav__chunk0,4,10pFifthHarmonic,val,71,581632
G4_10pFifthHarmonic_chunk0_00072.png,10pFifthHarmonic,G4_10pFifthHarmonic.wav__chunk0,4,10pFifthHarmonic,val,72,589824
G4_10pFifthHarmonic_chunk0_00073.png,10pFifthHarmonic,G4_10pFifthHarmonic.wav__chunk0,4,10pFifthHarmonic,val,73,598016
G4_10pFifthHarmonic_chunk0_00074.png,10pFifthHarmonic,G4_10pFifthHarmonic.wav__chunk0,4,10pFifthHarmonic,val,74,606208
G4_10pFifthHarmonic_chunk0_00075.png,10pFifthHarmonic,G4_10pFifthHarmonic.wav__chunk0,4,10pFifthHarmonic,val,75,614400
G4_10pFifthHarmonic_chunk0_00076.png,10pFifthHarmonic,G4_10pFifthHarmonic.wav__chunk0,4,10pFifthHarmonic,val,76,622592
G4_10pFifthHarmonic_chunk0_00077.png,10pFifthHarmonic,G4_10pFifthHarmonic.wav__chunk0,4,10pFifthHarmonic,val,77,630784
G4_10pFifthHarmonic_chunk0_00078.png,10pFifthHarmonic,G4_10pFifthHarmonic.wav__chunk0,4,10pFifthHarmonic,val,78,638976
G4_10pFifthHarmonic_chunk0_00079.png,10pFifthHarmonic,G4_10pFifthHarmonic.wav__chunk0,4,10pFifthHarmonic,val,79,647168
G4_10pFifthHarmonic_chunk0_00080.png,10pFifthHarmonic,G4_10pFifthHarmonic.wav__chunk0,4,10pFifthHarmonic,val,80,655360
G4_10pFifthHarmonic_chunk0_00081.png,10pFifthHarmonic,G4_10pFifthHarmonic.wav__chunk0,4,10pFifthHarmonic,val,81,663552
G4_10pFifthHarmonic_chunk0_00082.png,10pFifthHarmonic,G4_10pFifthHarmonic.wav__chunk0,4,10pFifthHarmonic,val,82,671744
G4_10pFifthHarmonic_chunk0_00083.png,10pFifthHarmonic,G4_10pFifthHarmonic.wav__chunk0,4,10pFifthHarmonic,val,83,679936
G4_10pFifthHarmonic_chunk0_00084.png,10pFifthHarmonic,G4_10pFifthHarmonic.wav__chunk0,4,10pFifthHarmonic,val,84,688128
G4_10pFifthHarmonic_chunk0_00085.png,10pFifthHarmonic,G4_10pFifthHarmonic.wav__chunk0,4,10pFifthHarmonic,val,85,696320
G4_10pFifthHarmonic_chunk0_00086.png,10pFifthHarmonic,G4_10pFifthHarmonic.wav__chunk0,4,10pFifthHarmonic,val,86,704512
G4_10pFifthHarmonic_chunk0_00087.png,10pFifthHarmonic,G4_10pFifthHarmonic.wav__chunk0,4,10pFifthHarmonic,val,87,712704
G4_10pFifthHarmonic_chunk0_00088.png,10pFifthHarmonic,G4_10pFifthHarmonic.wav__chunk0,4,10pFifthHarmonic,val,88,720896
G4_10pFifthHarmonic_chunk0_00089.png,10pFifthHarmonic,G4_10pFifthHarmonic.wav__chunk0,4,10pFifthHarmonic,val,89,729088
G4_10pFifthHarmonic_chunk0_00090.png,10pFifthHarmonic,G4_10pFifthHarmonic.wav__chunk0,4,10pFifthHarmonic,val,90,737280
G4_10pFifthHarmonic_chunk0_00091.png,10pFifthHarmonic,G4_10pFifthHarmonic.wav__chunk0,4,10pFifthHarmonic,val,91,745472
G4_10pFifthHarmonic_chunk0_00092.png,10pFifthHarmonic,G4_10pFifthHarmonic.wav__chunk0,4,10pFifthHarmonic,val,92,753664
G4_10pFifthHarmonic_chunk0_00093.png,10pFifthHarmonic,G4_10pFifthHarmonic.wav__chunk0,4,10pFifthHarmonic,val,93,761856
G4_10pFifthHarmonic_chunk0_00094.png,10pFifthHarmonic,G4_10pFifthHarmonic.wav__chunk0,4,10pFifthHarmonic,val,94,770048
G4_10pFifthHarmonic_chunk0_00095.png,10pFifthHarmonic,G4_10pFifthHarmonic.wav__chunk0,4,10pFifthHarmonic,val,95,778240
G4_10pFifthHarmonic_chunk0_00096.png,10pFifthHarmonic,G4_10pFifthHarmonic.wav__chunk0,4,10pFifthHarmonic,val,96,786432
G4_10pFifthHarmonic_chunk0_00097.png,10pFifthHarmonic,G4_10pFifthHarmonic.wav__chunk0,4,10pFifthHarmonic,val,97,794624
G4_10pFifthHarmonic_chunk0_00098.png,10pFifthHarmonic,G4_10pFifthHarmonic.wav__chunk0,4,10pFifthHarmonic,val,98,802816
G4_10pFifthHarmonic_chunk0_00099.png,10pFifthHarmonic,G4_10pFifthHarmonic.wav__chunk0,4,10pFifthHarmonic,val,99,811008
G4_10pFifthHarmonic_chunk0_00100.png,10pFifthHarmonic,G4_10pFifthHarmonic.wav__chunk0,4,10pFifthHarmonic,val,100,819200
G4_10pFifthHarmonic_chunk0_00101.png,10pFifthHarmonic,G4_10pFifthHarmonic.wav__chunk0,4,10pFifthHarmonic,val,101,827392
G4_10pFifthHarmonic_chunk0_00102.png,10pFifthHarmonic,G4_10pFifthHarmonic.wav__chunk0,4,10pFifthHarmonic,val,102,835584
G4_10pFifthHarmonic_chunk0_00103.png,10pFifthHarmonic,G4_10pFifthHarmonic.wav__chunk0,4,10pFifthHarmonic,val,103,843776
G4_10pFifthHarmonic_chunk0_00104.png,10pFifthHarmonic,G4_10pFifthHarmonic.wav__chunk0,4,10pFifthHarmonic,val,104,851968
G4_10pFifthHarmonic_chunk0_00105.png,10pFifthHarmonic,G4_10pFifthHarmonic.wav__chunk0,4,10pFifthHarmonic,val,105,860160
G4_10pFifthHarmonic_chunk0_00106.png,10pFifthHarmonic,G4_10pFifthHarmonic.wav__chunk0,4,10pFifthHarmonic,val,106,868352
G4_10pSeventhHarmonic_chunk0_00000.png,10pSeventhHarmonic,G4_10pSeventhHarmonic.wav__chunk0,4,10pSeventhHarmonic,val,0,0
G4_10pSeventhHarmonic_chunk0_00001.png,10pSeventhHarmonic,G4_10pSeventhHarmonic.wav__chunk0,4,10pSeventhHarmonic,val,1,8192
G4_10pSeventhHarmonic_chunk0_00002.png,10pSeventhHarmonic,G4_10pSeventhHarmonic.wav__chunk0,4,10pSeventhHarmonic,val,2,16384
G4_10pSeventhHarmonic_chunk0_00003.png,10pSeventhHarmonic,G4_10pSeventhHarmonic.wav__chunk0,4,10pSeventhHarmonic,val,3,24576
G4_10pSeventhHarmonic_chunk0_00004.png,10pSeventhHarmonic,G4_10pSeventhHarmonic.wav__chunk0,4,10pSeventhHarmonic,val,4,32768
G4_10pSeventhHarmonic_chunk0_00005.png,10pSeventhHarmonic,G4_10pSeventhHarmonic.wav__chunk0,4,10pSeventhHarmonic,val,5,40960
G4_10pSeventhHarmonic_chunk0_00006.png,10pSeventhHarmonic,G4_10pSeventhHarmonic.wav__chunk0,4,10pSeventhHarmonic,val,6,49152
G4_10pSeventhHarmonic_chunk0_00007.png,10pSeventhHarmonic,G4_10pSeventhHarmonic.wav__chunk0,4,10pSeventhHarmonic,val,7,57344
G4_10pSeventhHarmonic_chunk0_00008.png,10pSeventhHarmonic,G4_10pSeventhHarmonic.wav__chunk0,4,10pSeventhHarmonic,val,8,65536
G4_10pSeventhHarmonic_chunk0_00009.png,10pSeventhHarmonic,G4_10pSeventhHarmonic.wav__chunk0,4,10pSeventhHarmonic,val,9,73728
G4_10pSeventhHarmonic_chunk0_00010.png,10pSeventhHarmonic,G4_10pSeventhHarmonic.wav__chunk0,4,10pSeventhHarmonic,val,10,81920
G4_10pSeventhHarmonic_chunk0_00011.png,10pSeventhHarmonic,G4_10pSeventhHarmonic.wav__chunk0,4,10pSeventhHarmonic,val,11,90112
G4_10pSeventhHarmonic_chunk0_00012.png,10pSeventhHarmonic,G4_10pSeventhHarmonic.wav__chunk0,4,10pSeventhHarmonic,val,12,98304
G4_10pSeventhHarmonic_chunk0_00013.png,10pSeventhHarmonic,G4_10pSeventhHarmonic.wav__chunk0,4,10pSeventhHarmonic,val,13,106496
G4_10pSeventhHarmonic_chunk0_00014.png,10pSeventhHarmonic,G4_10pSeventhHarmonic.wav__chunk0,4,10pSeventhHarmonic,val,14,114688
G4_10pSeventhHarmonic_chunk0_00015.png,10pSeventhHarmonic,G4_10pSeventhHarmonic.wav__chunk0,4,10pSeventhHarmonic,val,15,122880
G4_10pSeventhHarmonic_chunk0_00016.png,10pSeventhHarmonic,G4_10pSeventhHarmonic.wav__chunk0,4,10pSeventhHarmonic,val,16,131072
G4_10pSeventhHarmonic_chunk0_00017.png,10pSeventhHarmonic,G4_10pSeventhHarmonic.wav__chunk0,4,10pSeventhHarmonic,val,17,139264
G4_10pSeventhHarmonic_chunk0_00018.png,10pSeventhHarmonic,G4_10pSeventhHarmonic.wav__chunk0,4,10pSeventhHarmonic,val,18,147456
G4_10pSeventhHarmonic_chunk0_00019.png,10pSeventhHarmonic,G4_10pSeventhHarmonic.wav__chunk0,4,10pSeventhHarmonic,val,19,155648
G4_10pSeventhHarmonic_chunk0_00020.png,10pSeventhHarmonic,G4_10pSeventhHarmonic.wav__chunk0,4,10pSeventhHarmonic,val,20,163840
G4_10pSeventhHarmonic_chunk0_00021.png,10pSeventhHarmonic,G4_10pSeventhHarmonic.wav__chunk0,4,10pSeventhHarmonic,val,21,172032
G4_10pSeventhHarmonic_chunk0_00022.png,10pSeventhHarmonic,G4_10pSeventhHarmonic.wav__chunk0,4,10pSeventhHarmonic,val,22,180224
G4_10pSeventhHarmonic_chunk0_00023.png,10pSeventhHarmonic,G4_10pSeventhHarmonic.wav__chunk0,4,10pSeventhHarmonic,val,23,188416
G4_10pSeventhHarmonic_chunk0_00024.png,10pSeventhHarmonic,G4_10pSeventhHarmonic.wav__chunk0,4,10pSeventhHarmonic,val,24,196608
G4_10pSeventhHarmonic_chunk0_00025.png,10pSeventhHarmonic,G4_10pSeventhHarmonic.wav__chunk0,4,10pSeventhHarmonic,val,25,204800
G4_10pSeventhHarmonic_chunk0_00026.png,10pSeventhHarmonic,G4_10pSeventhHarmonic.wav__chunk0,4,10pSeventhHarmonic,val,26,212992
G4_10pSeventhHarmonic_chunk0_00027.png,10pSeventhHarmonic,G4_10pSeventhHarmonic.wav__chunk0,4,10pSeventhHarmonic,val,27,221184
G4_10pSeventhHarmonic_chunk0_00028.png,10pSeventhHarmonic,G4_10pSeventhHarmonic.wav__chunk0,4,10pSeventhHarmonic,val,28,229376
G4_10pSeventhHarmonic_chunk0_00029.png,10pSeventhHarmonic,G4_10pSeventhHarmonic.wav__chunk0,4,10pSeventhHarmonic,val,29,237568
G4_10pSeventhHarmonic_chunk0_00030.png,10pSeventhHarmonic,G4_10pSeventhHarmonic.wav__chunk0,4,10pSeventhHarmonic,val,30,245760
G4_10pSeventhHarmonic_chunk0_00031.png,10pSeventhHarmonic,G4_10pSeventhHarmonic.wav__chunk0,4,10pSeventhHarmonic,val,31,253952
G4_10pSeventhHarmonic_chunk0_00032.png,10pSeventhHarmonic,G4_10pSeventhHarmonic.wav__chunk0,4,10pSeventhHarmonic,val,32,262144
G4_10pSeventhHarmonic_chunk0_00033.png,10pSeventhHarmonic,G4_10pSeventhHarmonic.wav__chunk0,4,10pSeventhHarmonic,val,33,270336
G4_10pSeventhHarmonic_chunk0_00034.png,10pSeventhHarmonic,G4_10pSeventhHarmonic.wav__chunk0,4,10pSeventhHarmonic,val,34,278528
G4_10pSeventhHarmonic_chunk0_00035.png,10pSeventhHarmonic,G4_10pSeventhHarmonic.wav__chunk0,4,10pSeventhHarmonic,val,35,286720
G4_10pSeventhHarmonic_chunk0_00036.png,10pSeventhHarmonic,G4_10pSeventhHarmonic.wav__chunk0,4,10pSeventhHarmonic,val,36,294912
G4_10pSeventhHarmonic_chunk0_00037.png,10pSeventhHarmonic,G4_10pSeventhHarmonic.wav__chunk0,4,10pSeventhHarmonic,val,37,303104
G4_10pSeventhHarmonic_chunk0_00038.png,10pSeventhHarmonic,G4_10pSeventhHarmonic.wav__chunk0,4,10pSeventhHarmonic,val,38,311296
G4_10pSeventhHarmonic_chunk0_00039.png,10pSeventhHarmonic,G4_10pSeventhHarmonic.wav__chunk0,4,10pSeventhHarmonic,val,39,319488
G4_10pSeventhHarmonic_chunk0_00040.png,10pSeventhHarmonic,G4_10pSeventhHarmonic.wav__chunk0,4,10pSeventhHarmonic,val,40,327680
G4_10pSeventhHarmonic_chunk0_00041.png,10pSeventhHarmonic,G4_10pSeventhHarmonic.wav__chunk0,4,10pSeventhHarmonic,val,41,335872
G4_10pSeventhHarmonic_chunk0_00042.png,10pSeventhHarmonic,G4_10pSeventhHarmonic.wav__chunk0,4,10pSeventhHarmonic,val,42,344064
G4_10pSeventhHarmonic_chunk0_00043.png,10pSeventhHarmonic,G4_10pSeventhHarmonic.wav__chunk0,4,10pSeventhHarmonic,val,43,352256
G4_10pSeventhHarmonic_chunk0_00044.png,10pSeventhHarmonic,G4_10pSeventhHarmonic.wav__chunk0,4,10pSeventhHarmonic,val,44,360448
G4_10pSeventhHarmonic_chunk0_00045.png,10pSeventhHarmonic,G4_10pSeventhHarmonic.wav__chunk0,4,10pSeventhHarmonic,val,45,368640
G4_10pSeventhHarmonic_chunk0_00046.png,10pSeventhHarmonic,G4_10pSeventhHarmonic.wav__chunk0,4,10pSeventhHarmonic,val,46,376832
G4_10pSeventhHarmonic_chunk0_00047.png,10pSeventhHarmonic,G4_10pSeventhHarmonic.wav__chunk0,4,10pSeventhHarmonic,val,47,385024
G4_10pSeventhHarmonic_chunk0_00048.png,10pSeventhHarmonic,G4_10pSeventhHarmonic.wav__chunk0,4,10pSeventhHarmonic,val,48,393216
G4_10pSeventhHarmonic_chunk0_00049.png,10pSeventhHarmonic,G4_10pSeventhHarmonic.wav__chunk0,4,10pSeventhHarmonic,val,49,401408
G4_10pSeventhHarmonic_chunk0_00050.png,10pSeventhHarmonic,G4_10pSeventhHarmonic.wav__chunk0,4,10pSeventhHarmonic,val,50,409600
G4_10pSeventhHarmonic_chunk0_00051.png,10pSeventhHarmonic,G4_10pSeventhHarmonic.wav__chunk0,4,10pSeventhHarmonic,val,51,417792
G4_10pSeventhHarmonic_chunk0_00052.png,10pSeventhHarmonic,G4_10pSeventhHarmonic.wav__chunk0,4,10pSeventhHarmonic,val,52,425984
G4_10pSeventhHarmonic_chunk0_00053.png,10pSeventhHarmonic,G4_10pSeventhHarmonic.wav__chunk0,4,10pSeventhHarmonic,val,53,434176
G4_10pSeventhHarmonic_chunk0_00054.png,10pSeventhHarmonic,G4_10pSeventhHarmonic.wav__chunk0,4,10pSeventhHarmonic,val,54,442368
G4_10pSeventhHarmonic_chunk0_00055.png,10pSeventhHarmonic,G4_10pSeventhHarmonic.wav__chunk0,4,10pSeventhHarmonic,val,55,450560
G4_10pSeventhHarmonic_chunk0_00056.png,10pSeventhHarmonic,G4_10pSeventhHarmonic.wav__chunk0,4,10pSeventhHarmonic,val,56,458752
G4_10pSeventhHarmonic_chunk0_00057.png,10pSeventhHarmonic,G4_10pSeventhHarmonic.wav__chunk0,4,10pSeventhHarmonic,val,57,466944
G4_10pSeventhHarmonic_chunk0_00058.png,10pSeventhHarmonic,G4_10pSeventhHarmonic.wav__chunk0,4,10pSeventhHarmonic,val,58,475136
G4_10pSeventhHarmonic_chunk0_00059.png,10pSeventhHarmonic,G4_10pSeventhHarmonic.wav__chunk0,4,10pSeventhHarmonic,val,59,483328
G4_10pSeventhHarmonic_chunk0_00060.png,10pSeventhHarmonic,G4_10pSeventhHarmonic.wav__chunk0,4,10pSeventhHarmonic,val,60,491520
G4_10pSeventhHarmonic_chunk0_00061.png,10pSeventhHarmonic,G4_10pSeventhHarmonic.wav__chunk0,4,10pSeventhHarmonic,val,61,499712
G4_10pSeventhHarmonic_chunk0_00062.png,10pSeventhHarmonic,G4_10pSeventhHarmonic.wav__chunk0,4,10pSeventhHarmonic,val,62,507904
G4_10pSeventhHarmonic_chunk0_00063.png,10pSeventhHarmonic,G4_10pSeventhHarmonic.wav__chunk0,4,10pSeventhHarmonic,val,63,516096
G4_10pSeventhHarmonic_chunk0_00064.png,10pSeventhHarmonic,G4_10pSeventhHarmonic.wav__chunk0,4,10pSeventhHarmonic,val,64,524288
G4_10pSeventhHarmonic_chunk0_00065.png,10pSeventhHarmonic,G4_10pSeventhHarmonic.wav__chunk0,4,10pSeventhHarmonic,val,65,532480
G4_10pSeventhHarmonic_chunk0_00066.png,10pSeventhHarmonic,G4_10pSeventhHarmonic.wav__chunk0,4,10pSeventhHarmonic,val,66,540672
G4_10pSeventhHarmonic_chunk0_00067.png,10pSeventhHarmonic,G4_10pSeventhHarmonic.wav__chunk0,4,10pSeventhHarmonic,val,67,548864
G4_10pSeventhHarmonic_chunk0_00068.png,10pSeventhHarmonic,G4_10pSeventhHarmonic.wav__chunk0,4,10pSeventhHarmonic,val,68,557056
G4_10pSeventhHarmonic_chunk0_00069.png,10pSeventhHarmonic,G4_10pSeventhHarmonic.wav__chunk0,4,10pSeventhHarmonic,val,69,565248
G4_10pSeventhHarmonic_chunk0_00070.png,10pSeventhHarmonic,G4_10pSeventhHarmonic.wav__chunk0,4,10pSeventhHarmonic,val,70,573440
G4_10pSeventhHarmonic_chunk0_00071.png,10pSeventhHarmonic,G4_10pSeventhHarmonic.wav__chunk0,4,10pSeventhHarmonic,val,71,581632
G4_10pSeventhHarmonic_chunk0_00072.png,10pSeventhHarmonic,G4_10pSeventhHarmonic.wav__chunk0,4,10pSeventhHarmonic,val,72,589824
G4_10pSeventhHarmonic_chunk0_00073.png,10pSeventhHarmonic,G4_10pSeventhHarmonic.wav__chunk0,4,10pSeventhHarmonic,val,73,598016
G4_10pSeventhHarmonic_chunk0_00074.png,10pSeventhHarmonic,G4_10pSeventhHarmonic.wav__chunk0,4,10pSeventhHarmonic,val,74,606208
G4_10pSeventhHarmonic_chunk0_00075.png,10pSeventhHarmonic,G4_10pSeventhHarmonic.wav__chunk0,4,10pSeventhHarmonic,val,75,614400
G4_10pSeventhHarmonic_chunk0_00076.png,10pSeventhHarmonic,G4_10pSeventhHarmonic.wav__chunk0,4,10pSeventhHarmonic,val,76,622592
G4_10pSeventhHarmonic_chunk0_00077.png,10pSeventhHarmonic,G4_10pSeventhHarmonic.wav__chunk0,4,10pSeventhHarmonic,val,77,630784
G4_10pSeventhHarmonic_chunk0_00078.png,10pSeventhHarmonic,G4_10pSeventhHarmonic.wav__chunk0,4,10pSeventhHarmonic,val,78,638976
G4_10pSeventhHarmonic_chunk0_00079.png,10pSeventhHarmonic,G4_10pSeventhHarmonic.wav__chunk0,4,10pSeventhHarmonic,val,79,647168
G4_10pSeventhHarmonic_chunk0_00080.png,10pSeventhHarmonic,G4_10pSeventhHarmonic.wav__chunk0,4,10pSeventhHarmonic,val,80,655360
G4_10pSeventhHarmonic_chunk0_00081.png,10pSeventhHarmonic,G4_10pSeventhHarmonic.wav__chunk0,4,10pSeventhHarmonic,val,81,663552
G4_10pSeventhHarmonic_chunk0_00082.png,10pSeventhHarmonic,G4_10pSeventhHarmonic.wav__chunk0,4,10pSeventhHarmonic,val,82,671744
G4_10pSeventhHarmonic_chunk0_00083.png,10pSeventhHarmonic,G4_10pSeventhHarmonic.wav__chunk0,4,10pSeventhHarmonic,val,83,679936
G4_10pSeventhHarmonic_chunk0_00084.png,10pSeventhHarmonic,G4_10pSeventhHarmonic.wav__chunk0,4,10pSeventhHarmonic,val,84,688128
G4_10pSeventhHarmonic_chunk0_00085.png,10pSeventhHarmonic,G4_10pSeventhHarmonic.wav__chunk0,4,10pSeventhHarmonic,val,85,696320
G4_10pSeventhHarmonic_chunk0_00086.png,10pSeventhHarmonic,G4_10pSeventhHarmonic.wav__chunk0,4,10pSeventhHarmonic,val,86,704512
G4_10pSeventhHarmonic_chunk0_00087.png,10pSeventhHarmonic,G4_10pSeventhHarmonic.wav__chunk0,4,10pSeventhHarmonic,val,87,712704
G4_10pSeventhHarmonic_chunk0_00088.png,10pSeventhHarmonic,G4_10pSeventhHarmonic.wav__chunk0,4,10pSeventhHarmonic,val,88,720896
G4_10pSeventhHarmonic_chunk0_00089.png,10pSeventhHarmonic,G4_10pSeventhHarmonic.wav__chunk0,4,10pSeventhHarmonic,val,89,729088
G4_10pSeventhHarmonic_chunk0_00090.png,10pSeventhHarmonic,G4_10pSeventhHarmonic.wav__chunk0,4,10pSeventhHarmonic,val,90,737280
G4_10pSeventhHarmonic_chunk0_00091.png,10pSeventhHarmonic,G4_10pSeventhHarmonic.wav__chunk0,4,10pSeventhHarmonic,val,91,745472
G4_10pSeventhHarmonic_chunk0_00092.png,10pSeventhHarmonic,G4_10pSeventhHarmonic.wav__chunk0,4,10pSeventhHarmonic,val,92,753664
G4_10pSeventhHarmonic_chunk0_00093.png,10pSeventhHarmonic,G4_10pSeventhHarmonic.wav__chunk0,4,10pSeventhHarmonic,val,93,761856
G4_10pSeventhHarmonic_chunk0_00094.png,10pSeventhHarmonic,G4_10pSeventhHarmonic.wav__chunk0,4,10pSeventhHarmonic,val,94,770048
G4_10pSeventhHarmonic_chunk0_00095.png,10pSeventhHarmonic,G4_10pSeventhHarmonic.wav__chunk0,4,10pSeventhHarmonic,val,95,778240
G4_10pSeventhHarmonic_chunk0_00096.png,10pSeventhHarmonic,G4_10pSeventhHarmonic.wav__chunk0,4,10pSeventhHarmonic,val,96,786432
G4_10pSeventhHarmonic_chunk0_00097.png,10pSeventhHarmonic,G4_10pSeventhHarmonic.wav__chunk0,4,10pSeventhHarmonic,val,97,794624
G4_10pSeventhHarmonic_chunk0_00098.png,10pSeventhHarmonic,G4_10pSeventhHarmonic.wav__chunk0,4,10pSeventhHarmonic,val,98,802816
G4_10pSeventhHarmonic_chunk0_00099.png,10pSeventhHarmonic,G4_10pSeventhHarmonic.wav__chunk0,4,10pSeventhHarmonic,val,99,811008
G4_10pSeventhHarmonic_chunk0_00100.png,10pSeventhHarmonic,G4_10pSeventhHarmonic.wav__chunk0,4,10pSeventhHarmonic,val,100,819200
G4_10pSeventhHarmonic_chunk0_00101.png,10pSeventhHarmonic,G4_10pSeventhHarmonic.wav__chunk0,4,10pSeventhHarmonic,val,101,827392
G4_10pSeventhHarmonic_chunk0_00102.png,10pSeventhHarmonic,G4_10pSeventhHarmonic.wav__chunk0,4,10pSeventhHarmonic,val,102,835584
G4_10pSeventhHarmonic_chunk0_00103.png,10pSeventhHarmonic,G4_10pSeventhHarmonic.wav__chunk0,4,10pSeventhHarmonic,val,103,843776
G4_10pSeventhHarmonic_chunk0_00104.png,10pSeventhHarmonic,G4_10pSeventhHarmonic.wav__chunk0,4,10pSeventhHarmonic,val,104,851968
G4_10pSeventhHarmonic_chunk0_00105.png,10pSeventhHarmonic,G4_10pSeventhHarmonic.wav__chunk0,4,10pSeventhHarmonic,val,105,860160
G4_10pSeventhHarmonic_chunk0_00106.png,10pSeventhHarmonic,G4_10pSeventhHarmonic.wav__chunk0,4,10pSeventhHarmonic,val,106,868352
G4_10pSeventhHarmonic_chunk0_00107.png,10pSeventhHarmonic,G4_10pSeventhHarmonic.wav__chunk0,4,10pSeventhHarmonic,val,107,876544
G4_10pSeventhHarmonic_chunk0_00108.png,10pSeventhHarmonic,G4_10pSeventhHarmonic.wav__chunk0,4,10pSeventhHarmonic,val,108,884736
G4_10pSeventhHarmonic_chunk0_00109.png,10pSeventhHarmonic,G4_10pSeventhHarmonic.wav__chunk0,4,10pSeventhHarmonic,val,109,892928
G4_10pSeventhHarmonic_chunk0_00110.png,10pSeventhHarmonic,G4_10pSeventhHarmonic.wav__chunk0,4,10pSeventhHarmonic,val,110,901120
G4_10pSeventhHarmonic_chunk0_00111.png,10pSeventhHarmonic,G4_10pSeventhHarmonic.wav__chunk0,4,10pSeventhHarmonic,val,111,909312
G4_10pSeventhHarmonic_chunk0_00112.png,10pSeventhHarmonic,G4_10pSeventhHarmonic.wav__chunk0,4,10pSeventhHarmonic,val,112,917504
G4_10pSeventhHarmonic_chunk0_00113.png,10pSeventhHarmonic,G4_10pSeventhHarmonic.wav__chunk0,4,10pSeventhHarmonic,val,113,925696
G4_10pSeventhHarmonic_chunk0_00114.png,10pSeventhHarmonic,G4_10pSeventhHarmonic.wav__chunk0,4,10pSeventhHarmonic,val,114,933888
G4_10pSeventhHarmonic_chunk0_00115.png,10pSeventhHarmonic,G4_10pSeventhHarmonic.wav__chunk0,4,10pSeventhHarmonic,val,115,942080
G4_10pSeventhHarmonic_chunk0_00116.png,10pSeventhHarmonic,G4_10pSeventhHarmonic.wav__chunk0,4,10pSeventhHarmonic,val,116,950272
G4_10pSeventhHarmonic_chunk0_00117.png,10pSeventhHarmonic,G4_10pSeventhHarmonic.wav__chunk0,4,10pSeventhHarmonic,val,117,958464
G4_10pSeventhHarmonic_chunk0_00118.png,10pSeventhHarmonic,G4_10pSeventhHarmonic.wav__chunk0,4,10pSeventhHarmonic,val,118,966656
G4_10pSeventhHarmonic_chunk0_00119.png,10pSeventhHarmonic,G4_10pSeventhHarmonic.wav__chunk0,4,10pSeventhHarmonic,val,119,974848
G4_10pSeventhHarmonic_chunk0_00120.png,10pSeventhHarmonic,G4_10pSeventhHarmonic.wav__chunk0,4,10pSeventhHarmonic,val,120,983040
G4_10pSeventhHarmonic_chunk0_00121.png,10pSeventhHarmonic,G4_10pSeventhHarmonic.wav__chunk0,4,10pSeventhHarmonic,val,121,991232
G4_10pSeventhHarmonic_chunk0_00122.png,10pSeventhHarmonic,G4_10pSeventhHarmonic.wav__chunk0,4,10pSeventhHarmonic,val,122,999424
G4_10pSeventhHarmonic_chunk0_00123.png,10pSeventhHarmonic,G4_10pSeventhHarmonic.wav__chunk0,4,10pSeventhHarmonic,val,123,1007616
G4_10pSeventhHarmonic_chunk0_00124.png,10pSeventhHarmonic,G4_10pSeventhHarmonic.wav__chunk0,4,10pSeventhHarmonic,val,124,1015808
G4_10pSeventhHarmonic_chunk0_00125.png,10pSeventhHarmonic,G4_10pSeventhHarmonic.wav__chunk0,4,10pSeventhHarmonic,val,125,1024000
G4_10pSeventhHarmonic_chunk0_00126.png,10pSeventhHarmonic,G4_10pSeventhHarmonic.wav__chunk0,4,10pSeventhHarmonic,val,126,1032192
G4_10pSeventhHarmonic_chunk0_00127.png,10pSeventhHarmonic,G4_10pSeventhHarmonic.wav__chunk0,4,10pSeventhHarmonic,val,127,1040384
G4_10pSeventhHarmonic_chunk0_00128.png,10pSeventhHarmonic,G4_10pSeventhHarmonic.wav__chunk0,4,10pSeventhHarmonic,val,128,1048576
G4_10pSeventhHarmonic_chunk0_00129.png,10pSeventhHarmonic,G4_10pSeventhHarmonic.wav__chunk0,4,10pSeventhHarmonic,val,129,1056768
G4_10pSeventhHarmonic_chunk0_00130.png,10pSeventhHarmonic,G4_10pSeventhHarmonic.wav__chunk0,4,10pSeventhHarmonic,val,130,1064960
G4_10pSeventhHarmonic_chunk0_00131.png,10pSeventhHarmonic,G4_10pSeventhHarmonic.wav__chunk0,4,10pSeventhHarmonic,val,131,1073152
G4_10pSeventhHarmonic_chunk0_00132.png,10pSeventhHarmonic,G4_10pSeventhHarmonic.wav__chunk0,4,10pSeventhHarmonic,val,132,1081344
G4_10pSeventhHarmonic_chunk0_00133.png,10pSeventhHarmonic,G4_10pSeventhHarmonic.wav__chunk0,4,10pSeventhHarmonic,val,133,1089536
G4_10pSeventhHarmonic_chunk0_00134.png,10pSeventhHarmonic,G4_10pSeventhHarmonic.wav__chunk0,4,10pSeventhHarmonic,val,134,1097728
G4_10pSeventhHarmonic_chunk0_00135.png,10pSeventhHarmonic,G4_10pSeventhHarmonic.wav__chunk0,4,10pSeventhHarmonic,val,135,1105920
G4_10pSeventhHarmonic_chunk0_00136.png,10pSeventhHarmonic,G4_10pSeventhHarmonic.wav__chunk0,4,10pSeventhHarmonic,val,136,1114112
G4_10pSeventhHarmonic_chunk0_00137.png,10pSeventhHarmonic,G4_10pSeventhHarmonic.wav__chunk0,4,10pSeventhHarmonic,val,137,1122304
G4_10pSeventhHarmonic_chunk0_00138.png,10pSeventhHarmonic,G4_10pSeventhHarmonic.wav__chunk0,4,10pSeventhHarmonic,val,138,1130496
G4_10pSeventhHarmonic_chunk0_00139.png,10pSeventhHarmonic,G4_10pSeventhHarmonic.wav__chunk0,4,10pSeventhHarmonic,val,139,1138688
G4_10pSeventhHarmonic_chunk0_00140.png,10pSeventhHarmonic,G4_10pSeventhHarmonic.wav__chunk0,4,10pSeventhHarmonic,val,140,1146880
G4_10pSeventhHarmonic_chunk0_00141.png,10pSeventhHarmonic,G4_10pSeventhHarmonic.wav__chunk0,4,10pSeventhHarmonic,val,141,1155072
G4_10pSeventhHarmonic_chunk0_00142.png,10pSeventhHarmonic,G4_10pSeventhHarmonic.wav__chunk0,4,10pSeventhHarmonic,val,142,1163264
G4_10pSeventhHarmonic_chunk0_00143.png,10pSeventhHarmonic,G4_10pSeventhHarmonic.wav__chunk0,4,10pSeventhHarmonic,val,143,1171456
G4_10pSeventhHarmonic_chunk0_00144.png,10pSeventhHarmonic,G4_10pSeventhHarmonic.wav__chunk0,4,10pSeventhHarmonic,val,144,1179648
G4_10pSeventhHarmonic_chunk0_00145.png,10pSeventhHarmonic,G4_10pSeventhHarmonic.wav__chunk0,4,10pSeventhHarmonic,val,145,1187840
G4_10pSeventhHarmonic_chunk0_00146.png,10pSeventhHarmonic,G4_10pSeventhHarmonic.wav__chunk0,4,10pSeventhHarmonic,val,146,1196032
G4_10pSeventhHarmonic_chunk0_00147.png,10pSeventhHarmonic,G4_10pSeventhHarmonic.wav__chunk0,4,10pSeventhHarmonic,val,147,1204224
G4_10pThirdHarmonic_chunk1_00000.png,10pThirdHarmonic,G4_10pThirdHarmonic.wav__chunk1,4,10pThirdHarmonic,val,0,0
G4_10pThirdHarmonic_chunk1_00001.png,10pThirdHarmonic,G4_10pThirdHarmonic.wav__chunk1,4,10pThirdHarmonic,val,1,8192
G4_10pThirdHarmonic_chunk1_00002.png,10pThirdHarmonic,G4_10pThirdHarmonic.wav__chunk1,4,10pThirdHarmonic,val,2,16384
G4_10pThirdHarmonic_chunk1_00003.png,10pThirdHarmonic,G4_10pThirdHarmonic.wav__chunk1,4,10pThirdHarmonic,val,3,24576
G4_10pThirdHarmonic_chunk1_00004.png,10pThirdHarmonic,G4_10pThirdHarmonic.wav__chunk1,4,10pThirdHarmonic,val,4,32768
G4_10pThirdHarmonic_chunk1_00005.png,10pThirdHarmonic,G4_10pThirdHarmonic.wav__chunk1,4,10pThirdHarmonic,val,5,40960
G4_10pThirdHarmonic_chunk1_00006.png,10pThirdHarmonic,G4_10pThirdHarmonic.wav__chunk1,4,10pThirdHarmonic,val,6,49152
G4_10pThirdHarmonic_chunk1_00007.png,10pThirdHarmonic,G4_10pThirdHarmonic.wav__chunk1,4,10pThirdHarmonic,val,7,57344
G4_10pThirdHarmonic_chunk1_00008.png,10pThirdHarmonic,G4_10pThirdHarmonic.wav__chunk1,4,10pThirdHarmonic,val,8,65536
G4_10pThirdHarmonic_chunk1_00009.png,10pThirdHarmonic,G4_10pThirdHarmonic.wav__chunk1,4,10pThirdHarmonic,val,9,73728
G4_10pThirdHarmonic_chunk1_00010.png,10pThirdHarmonic,G4_10pThirdHarmonic.wav__chunk1,4,10pThirdHarmonic,val,10,81920
G4_10pThirdHarmonic_chunk1_00011.png,10pThirdHarmonic,G4_10pThirdHarmonic.wav__chunk1,4,10pThirdHarmonic,val,11,90112
G4_10pThirdHarmonic_chunk1_00012.png,10pThirdHarmonic,G4_10pThirdHarmonic.wav__chunk1,4,10pThirdHarmonic,val,12,98304
G4_10pThirdHarmonic_chunk1_00013.png,10pThirdHarmonic,G4_10pThirdHarmonic.wav__chunk1,4,10pThirdHarmonic,val,13,106496
G4_10pThirdHarmonic_chunk1_00014.png,10pThirdHarmonic,G4_10pThirdHarmonic.wav__chunk1,4,10pThirdHarmonic,val,14,114688
G4_10pThirdHarmonic_chunk1_00015.png,10pThirdHarmonic,G4_10pThirdHarmonic.wav__chunk1,4,10pThirdHarmonic,val,15,122880
G4_10pThirdHarmonic_chunk1_00016.png,10pThirdHarmonic,G4_10pThirdHarmonic.wav__chunk1,4,10pThirdHarmonic,val,16,131072
G4_10pThirdHarmonic_chunk1_00017.png,10pThirdHarmonic,G4_10pThirdHarmonic.wav__chunk1,4,10pThirdHarmonic,val,17,139264
G4_10pThirdHarmonic_chunk1_00018.png,10pThirdHarmonic,G4_10pThirdHarmonic.wav__chunk1,4,10pThirdHarmonic,val,18,147456
G4_10pThirdHarmonic_chunk1_00019.png,10pThirdHarmonic,G4_10pThirdHarmonic.wav__chunk1,4,10pThirdHarmonic,val,19,155648
G4_10pThirdHarmonic_chunk1_00020.png,10pThirdHarmonic,G4_10pThirdHarmonic.wav__chunk1,4,10pThirdHarmonic,val,20,163840
G4_10pThirdHarmonic_chunk1_00021.png,10pThirdHarmonic,G4_10pThirdHarmonic.wav__chunk1,4,10pThirdHarmonic,val,21,172032
G4_10pThirdHarmonic_chunk1_00022.png,10pThirdHarmonic,G4_10pThirdHarmonic.wav__chunk1,4,10pThirdHarmonic,val,22,180224
G4_10pThirdHarmonic_chunk1_00023.png,10pThirdHarmonic,G4_10pThirdHarmonic.wav__chunk1,4,10pThirdHarmonic,val,23,188416
G4_10pThirdHarmonic_chunk1_00024.png,10pThirdHarmonic,G4_10pThirdHarmonic.wav__chunk1,4,10pThirdHarmonic,val,24,196608
G4_10pThirdHarmonic_chunk1_00025.png,10pThirdHarmonic,G4_10pThirdHarmonic.wav__chunk1,4,10pThirdHarmonic,val,25,204800
G4_10pThirdHarmonic_chunk1_00026.png,10pThirdHarmonic,G4_10pThirdHarmonic.wav__chunk1,4,10pThirdHarmonic,val,26,212992
G4_10pThirdHarmonic_chunk1_00027.png,10pThirdHarmonic,G4_10pThirdHarmonic.wav__chunk1,4,10pThirdHarmonic,val,27,221184
G4_10pThirdHarmonic_chunk1_00028.png,10pThirdHarmonic,G4_10pThirdHarmonic.wav__chunk1,4,10pThirdHarmonic,val,28,229376
G4_10pThirdHarmonic_chunk1_00029.png,10pThirdHarmonic,G4_10pThirdHarmonic.wav__chunk1,4,10pThirdHarmonic,val,29,237568
G4_10pThirdHarmonic_chunk1_00030.png,10pThirdHarmonic,G4_10pThirdHarmonic.wav__chunk1,4,10pThirdHarmonic,val,30,245760
G4_10pThirdHarmonic_chunk1_00031.png,10pThirdHarmonic,G4_10pThirdHarmonic.wav__chunk1,4,10pThirdHarmonic,val,31,253952
G4_10pThirdHarmonic_chunk1_00032.png,10pThirdHarmonic,G4_10pThirdHarmonic.wav__chunk1,4,10pThirdHarmonic,val,32,262144
G4_10pThirdHarmonic_chunk1_00033.png,10pThirdHarmonic,G4_10pThirdHarmonic.wav__chunk1,4,10pThirdHarmonic,val,33,270336
G4_10pThirdHarmonic_chunk1_00034.png,10pThirdHarmonic,G4_10pThirdHarmonic.wav__chunk1,4,10pThirdHarmonic,val,34,278528
G4_10pThirdHarmonic_chunk1_00035.png,10pThirdHarmonic,G4_10pThirdHarmonic.wav__chunk1,4,10pThirdHarmonic,val,35,286720
G4_10pThirdHarmonic_chunk1_00036.png,10pThirdHarmonic,G4_10pThirdHarmonic.wav__chunk1,4,10pThirdHarmonic,val,36,294912
G4_10pThirdHarmonic_chunk1_00037.png,10pThirdHarmonic,G4_10pThirdHarmonic.wav__chunk1,4,10pThirdHarmonic,val,37,303104
G4_10pThirdHarmonic_chunk1_00038.png,10pThirdHarmonic,G4_10pThirdHarmonic.wav__chunk1,4,10pThirdHarmonic,val,38,311296
G4_10pThirdHarmonic_chunk1_00039.png,10pThirdHarmonic,G4_10pThirdHarmonic.wav__chunk1,4,10pThirdHarmonic,val,39,319488
G4_10pThirdHarmonic_chunk1_00040.png,10pThirdHarmonic,G4_10pThirdHarmonic.wav__chunk1,4,10pThirdHarmonic,val,40,327680
G4_10pThirdHarmonic_chunk1_00041.png,10pThirdHarmonic,G4_10pThirdHarmonic.wav__chunk1,4,10pThirdHarmonic,val,41,335872
G4_10pThirdHarmonic_chunk1_00042.png,10pThirdHarmonic,G4_10pThirdHarmonic.wav__chunk1,4,10pThirdHarmonic,val,42,344064
G4_10pThirdHarmonic_chunk1_00043.png,10pThirdHarmonic,G4_10pThirdHarmonic.wav__chunk1,4,10pThirdHarmonic,val,43,352256
G4_10pThirdHarmonic_chunk1_00044.png,10pThirdHarmonic,G4_10pThirdHarmonic.wav__chunk1,4,10pThirdHarmonic,val,44,360448
G4_10pThirdHarmonic_chunk1_00045.png,10pThirdHarmonic,G4_10pThirdHarmonic.wav__chunk1,4,10pThirdHarmonic,val,45,368640
G4_10pThirdHarmonic_chunk1_00046.png,10pThirdHarmonic,G4_10pThirdHarmonic.wav__chunk1,4,10pThirdHarmonic,val,46,376832
G4_10pThirdHarmonic_chunk1_00047.png,10pThirdHarmonic,G4_10pThirdHarmonic.wav__chunk1,4,10pThirdHarmonic,val,47,385024
G4_10pThirdHarmonic_chunk1_00048.png,10pThirdHarmonic,G4_10pThirdHarmonic.wav__chunk1,4,10pThirdHarmonic,val,48,393216
G4_10pThirdHarmonic_chunk1_00049.png,10pThirdHarmonic,G4_10pThirdHarmonic.wav__chunk1,4,10pThirdHarmonic,val,49,401408
G4_10pThirdHarmonic_chunk1_00050.png,10pThirdHarmonic,G4_10pThirdHarmonic.wav__chunk1,4,10pThirdHarmonic,val,50,409600
G4_10pThirdHarmonic_chunk1_00051.png,10pThirdHarmonic,G4_10pThirdHarmonic.wav__chunk1,4,10pThirdHarmonic,val,51,417792
G4_10pThirdHarmonic_chunk1_00052.png,10pThirdHarmonic,G4_10pThirdHarmonic.wav__chunk1,4,10pThirdHarmonic,val,52,425984
G4_10pThirdHarmonic_chunk1_00053.png,10pThirdHarmonic,G4_10pThirdHarmonic.wav__chunk1,4,10pThirdHarmonic,val,53,434176
G4_10pThirdHarmonic_chunk1_00054.png,10pThirdHarmonic,G4_10pThirdHarmonic.wav__chunk1,4,10pThirdHarmonic,val,54,442368
G4_10pThirdHarmonic_chunk1_00055.png,10pThirdHarmonic,G4_10pThirdHarmonic.wav__chunk1,4,10pThirdHarmonic,val,55,450560
G4_10pThirdHarmonic_chunk1_00056.png,10pThirdHarmonic,G4_10pThirdHarmonic.wav__chunk1,4,10pThirdHarmonic,val,56,458752
G4_10pThirdHarmonic_chunk1_00057.png,10pThirdHarmonic,G4_10pThirdHarmonic.wav__chunk1,4,10pThirdHarmonic,val,57,466944
G4_10pThirdHarmonic_chunk1_00058.png,10pThirdHarmonic,G4_10pThirdHarmonic.wav__chunk1,4,10pThirdHarmonic,val,58,475136
G4_10pThirdHarmonic_chunk1_00059.png,10pThirdHarmonic,G4_10pThirdHarmonic.wav__chunk1,4,10pThirdHarmonic,val,59,483328
G4_10pThirdHarmonic_chunk1_00060.png,10pThirdHarmonic,G4_10pThirdHarmonic.wav__chunk1,4,10pThirdHarmonic,val,60,491520
G4_10pThirdHarmonic_chunk1_00061.png,10pThirdHarmonic,G4_10pThirdHarmonic.wav__chunk1,4,10pThirdHarmonic,val,61,499712
G4_10pThirdHarmonic_chunk1_00062.png,10pThirdHarmonic,G4_10pThirdHarmonic.wav__chunk1,4,10pThirdHarmonic,val,62,507904
G4_10pThirdHarmonic_chunk1_00063.png,10pThirdHarmonic,G4_10pThirdHarmonic.wav__chunk1,4,10pThirdHarmonic,val,63,516096
G4_10pThirdHarmonic_chunk1_00064.png,10pThirdHarmonic,G4_10pThirdHarmonic.wav__chunk1,4,10pThirdHarmonic,val,64,524288
G4_10pThirdHarmonic_chunk1_00065.png,10pThirdHarmonic,G4_10pThirdHarmonic.wav__chunk1,4,10pThirdHarmonic,val,65,532480
G4_10pThirdHarmonic_chunk1_00066.png,10pThirdHarmonic,G4_10pThirdHarmonic.wav__chunk1,4,10pThirdHarmonic,val,66,540672
G4_10pThirdHarmonic_chunk1_00067.png,10pThirdHarmonic,G4_10pThirdHarmonic.wav__chunk1,4,10pThirdHarmonic,val,67,548864
G4_10pThirdHarmonic_chunk1_00068.png,10pThirdHarmonic,G4_10pThirdHarmonic.wav__chunk1,4,10pThirdHarmonic,val,68,557056
G4_10pThirdHarmonic_chunk1_00069.png,10pThirdHarmonic,G4_10pThirdHarmonic.wav__chunk1,4,10pThirdHarmonic,val,69,565248
G4_10pThirdHarmonic_chunk1_00070.png,10pThirdHarmonic,G4_10pThirdHarmonic.wav__chunk1,4,10pThirdHarmonic,val,70,573440
G4_10pThirdHarmonic_chunk1_00071.png,10pThirdHarmonic,G4_10pThirdHarmonic.wav__chunk1,4,10pThirdHarmonic,val,71,581632
G4_10pThirdHarmonic_chunk1_00072.png,10pThirdHarmonic,G4_10pThirdHarmonic.wav__chunk1,4,10pThirdHarmonic,val,72,589824
G4_10pThirdHarmonic_chunk1_00073.png,10pThirdHarmonic,G4_10pThirdHarmonic.wav__chunk1,4,10pThirdHarmonic,val,73,598016
G4_10pThirdHarmonic_chunk1_00074.png,10pThirdHarmonic,G4_10pThirdHarmonic.wav__chunk1,4,10pThirdHarmonic,val,74,606208
G4_10pThirdHarmonic_chunk1_00075.png,10pThirdHarmonic,G4_10pThirdHarmonic.wav__chunk1,4,10pThirdHarmonic,val,75,614400
G4_10pThirdHarmonic_chunk1_00076.png,10pThirdHarmonic,G4_10pThirdHarmonic.wav__chunk1,4,10pThirdHarmonic,val,76,622592
G4_10pThirdHarmonic_chunk1_00077.png,10pThirdHarmonic,G4_10pThirdHarmonic.wav__chunk1,4,10pThirdHarmonic,val,77,630784
G4_10pThirdHarmonic_chunk1_00078.png,10pThirdHarmonic,G4_10pThirdHarmonic.wav__chunk1,4,10pThirdHarmonic,val,78,638976
G4_10pThirdHarmonic_chunk1_00079.png,10pThirdHarmonic,G4_10pThirdHarmonic.wav__chunk1,4,10pThirdHarmonic,val,79,647168
G4_10pThirdHarmonic_chunk1_00080.png,10pThirdHarmonic,G4_10pThirdHarmonic.wav__chunk1,4,10pThirdHarmonic,val,80,655360
G4_10pThirdHarmonic_chunk1_00081.png,10pThirdHarmonic,G4_10pThirdHarmonic.wav__chunk1,4,10pThirdHarmonic,val,81,663552
G4_10pThirdHarmonic_chunk1_00082.png,10pThirdHarmonic,G4_10pThirdHarmonic.wav__chunk1,4,10pThirdHarmonic,val,82,671744
G4_10pThirdHarmonic_chunk1_00083.png,10pThirdHarmonic,G4_10pThirdHarmonic.wav__chunk1,4,10pThirdHarmonic,val,83,679936
G4_10pThirdHarmonic_chunk1_00084.png,10pThirdHarmonic,G4_10pThirdHarmonic.wav__chunk1,4,10pThirdHarmonic,val,84,688128
G4_10pThirdHarmonic_chunk1_00085.png,10pThirdHarmonic,G4_10pThirdHarmonic.wav__chunk1,4,10pThirdHarmonic,val,85,696320
G4_10pThirdHarmonic_chunk1_00086.png,10pThirdHarmonic,G4_10pThirdHarmonic.wav__chunk1,4,10pThirdHarmonic,val,86,704512
G4_10pThirdHarmonic_chunk1_00087.png,10pThirdHarmonic,G4_10pThirdHarmonic.wav__chunk1,4,10pThirdHarmonic,val,87,712704
G4_10pThirdHarmonic_chunk1_00088.png,10pThirdHarmonic,G4_10pThirdHarmonic.wav__chunk1,4,10pThirdHarmonic,val,88,720896
G4_10pThirdHarmonic_chunk1_00089.png,10pThirdHarmonic,G4_10pThirdHarmonic.wav__chunk1,4,10pThirdHarmonic,val,89,729088
G4_10pThirdHarmonic_chunk1_00090.png,10pThirdHarmonic,G4_10pThirdHarmonic.wav__chunk1,4,10pThirdHarmonic,val,90,737280
G4_10pThirdHarmonic_chunk1_00091.png,10pThirdHarmonic,G4_10pThirdHarmonic.wav__chunk1,4,10pThirdHarmonic,val,91,745472
G4_10pThirdHarmonic_chunk1_00092.png,10pThirdHarmonic,G4_10pThirdHarmonic.wav__chunk1,4,10pThirdHarmonic,val,92,753664
G4_10pThirdHarmonic_chunk1_00093.png,10pThirdHarmonic,G4_10pThirdHarmonic.wav__chunk1,4,10pThirdHarmonic,val,93,761856
G4_10pThirdHarmonic_chunk1_00094.png,10pThirdHarmonic,G4_10pThirdHarmonic.wav__chunk1,4,10pThirdHarmonic,val,94,770048
G4_10pThirdHarmonic_chunk1_00095.png,10pThirdHarmonic,G4_10pThirdHarmonic.wav__chunk1,4,10pThirdHarmonic,val,95,778240
G4_10pThirdHarmonic_chunk1_00096.png,10pThirdHarmonic,G4_10pThirdHarmonic.wav__chunk1,4,10pThirdHarmonic,val,96,786432
G4_10pThirdHarmonic_chunk1_00097.png,10pThirdHarmonic,G4_10pThirdHarmonic.wav__chunk1,4,10pThirdHarmonic,val,97,794624
G4_10pThirdHarmonic_chunk1_00098.png,10pThirdHarmonic,G4_10pThirdHarmonic.wav__chunk1,4,10pThirdHarmonic,val,98,802816
G4_10pThirdHarmonic_chunk1_00099.png,10pThirdHarmonic,G4_10pThirdHarmonic.wav__chunk1,4,10pThirdHarmonic,val,99,811008
G4_10pThirdHarmonic_chunk1_00100.png,10pThirdHarmonic,G4_10pThirdHarmonic.wav__chunk1,4,10pThirdHarmonic,val,100,819200
G4_10pThirdHarmonic_chunk1_00101.png,10pThirdHarmonic,G4_10pThirdHarmonic.wav__chunk1,4,10pThirdHarmonic,val,101,827392
G4_10pThirdHarmonic_chunk1_00102.png,10pThirdHarmonic,G4_10pThirdHarmonic.wav__chunk1,4,10pThirdHarmonic,val,102,835584
G4_10pThirdHarmonic_chunk1_00103.png,10pThirdHarmonic,G4_10pThirdHarmonic.wav__chunk1,4,10pThirdHarmonic,val,103,843776
G4_10pThirdHarmonic_chunk1_00104.png,10pThirdHarmonic,G4_10pThirdHarmonic.wav__chunk1,4,10pThirdHarmonic,val,104,851968
G4_10pThirdHarmonic_chunk1_00105.png,10pThirdHarmonic,G4_10pThirdHarmonic.wav__chunk1,4,10pThirdHarmonic,val,105,860160
G4_10pThirdHarmonic_chunk1_00106.png,10pThirdHarmonic,G4_10pThirdHarmonic.wav__chunk1,4,10pThirdHarmonic,val,106,868352
G4_10pThirdHarmonic_chunk1_00107.png,10pThirdHarmonic,G4_10pThirdHarmonic.wav__chunk1,4,10pThirdHarmonic,val,107,876544
G4_10pThirdHarmonic_chunk1_00108.png,10pThirdHarmonic,G4_10pThirdHarmonic.wav__chunk1,4,10pThirdHarmonic,val,108,884736
G4_10pThirdHarmonic_chunk1_00109.png,10pThirdHarmonic,G4_10pThirdHarmonic.wav__chunk1,4,10pThirdHarmonic,val,109,892928
G4_10pThirdHarmonic_chunk1_00110.png,10pThirdHarmonic,G4_10pThirdHarmonic.wav__chunk1,4,10pThirdHarmonic,val,110,901120
G4_10pThirdHarmonic_chunk1_00111.png,10pThirdHarmonic,G4_10pThirdHarmonic.wav__chunk1,4,10pThirdHarmonic,val,111,909312
G4_10pThirdHarmonic_chunk1_00112.png,10pThirdHarmonic,G4_10pThirdHarmonic.wav__chunk1,4,10pThirdHarmonic,val,112,917504
G4_10pThirdHarmonic_chunk1_00113.png,10pThirdHarmonic,G4_10pThirdHarmonic.wav__chunk1,4,10pThirdHarmonic,val,113,925696
G4_10pThirdHarmonic_chunk1_00114.png,10pThirdHarmonic,G4_10pThirdHarmonic.wav__chunk1,4,10pThirdHarmonic,val,114,933888
G4_10pThirdHarmonic_chunk1_00115.png,10pThirdHarmonic,G4_10pThirdHarmonic.wav__chunk1,4,10pThirdHarmonic,val,115,942080
G4_10pThirdHarmonic_chunk1_00116.png,10pThirdHarmonic,G4_10pThirdHarmonic.wav__chunk1,4,10pThirdHarmonic,val,116,950272
G4_10pThirdHarmonic_chunk1_00117.png,10pThirdHarmonic,G4_10pThirdHarmonic.wav__chunk1,4,10pThirdHarmonic,val,117,958464
G4_10pThirdHarmonic_chunk1_00118.png,10pThirdHarmonic,G4_10pThirdHarmonic.wav__chunk1,4,10pThirdHarmonic,val,118,966656
G4_10pThirdHarmonic_chunk1_00119.png,10pThirdHarmonic,G4_10pThirdHarmonic.wav__chunk1,4,10pThirdHarmonic,val,119,974848
G4_10pThirdHarmonic_chunk1_00120.png,10pThirdHarmonic,G4_10pThirdHarmonic.wav__chunk1,4,10pThirdHarmonic,val,120,983040
G4_10pThirdHarmonic_chunk1_00121.png,10pThirdHarmonic,G4_10pThirdHarmonic.wav__chunk1,4,10pThirdHarmonic,val,121,991232
G4_10pThirdHarmonic_chunk1_00122.png,10pThirdHarmonic,G4_10pThirdHarmonic.wav__chunk1,4,10pThirdHarmonic,val,122,999424
G4_10pThirdHarmonic_chunk1_00123.png,10pThirdHarmonic,G4_10pThirdHarmonic.wav__chunk1,4,10pThirdHarmonic,val,123,1007616
G4_10pThirdHarmonic_chunk1_00124.png,10pThirdHarmonic,G4_10pThirdHarmonic.wav__chunk1,4,10pThirdHarmonic,val,124,1015808
G4_10pThirdHarmonic_chunk1_00125.png,10pThirdHarmonic,G4_10pThirdHarmonic.wav__chunk1,4,10pThirdHarmonic,val,125,1024000
G4_10pThirdHarmonic_chunk1_00126.png,10pThirdHarmonic,G4_10pThirdHarmonic.wav__chunk1,4,10pThirdHarmonic,val,126,1032192
G4_10pThirdHarmonic_chunk1_00127.png,10pThirdHarmonic,G4_10pThirdHarmonic.wav__chunk1,4,10pThirdHarmonic,val,127,1040384
G4_10pThirdHarmonic_chunk1_00128.png,10pThirdHarmonic,G4_10pThirdHarmonic.wav__chunk1,4,10pThirdHarmonic,val,128,1048576
G4_10pThirdHarmonic_chunk1_00129.png,10pThirdHarmonic,G4_10pThirdHarmonic.wav__chunk1,4,10pThirdHarmonic,val,129,1056768
G4_10pThirdHarmonic_chunk1_00130.png,10pThirdHarmonic,G4_10pThirdHarmonic.wav__chunk1,4,10pThirdHarmonic,val,130,1064960
G4_10pThirdHarmonic_chunk1_00131.png,10pThirdHarmonic,G4_10pThirdHarmonic.wav__chunk1,4,10pThirdHarmonic,val,131,1073152
G4_10pThirdHarmonic_chunk1_00132.png,10pThirdHarmonic,G4_10pThirdHarmonic.wav__chunk1,4,10pThirdHarmonic,val,132,1081344
G4_10pThirdHarmonic_chunk1_00133.png,10pThirdHarmonic,G4_10pThirdHarmonic.wav__chunk1,4,10pThirdHarmonic,val,133,1089536
G4_10pThirdHarmonic_chunk1_00134.png,10pThirdHarmonic,G4_10pThirdHarmonic.wav__chunk1,4,10pThirdHarmonic,val,134,1097728
G4_10pThirdHarmonic_chunk1_00135.png,10pThirdHarmonic,G4_10pThirdHarmonic.wav__chunk1,4,10pThirdHarmonic,val,135,1105920
G4_10pThirdHarmonic_chunk1_00136.png,10pThirdHarmonic,G4_10pThirdHarmonic.wav__chunk1,4,10pThirdHarmonic,val,136,1114112
G4_10pThirdHarmonic_chunk1_00137.png,10pThirdHarmonic,G4_10pThirdHarmonic.wav__chunk1,4,10pThirdHarmonic,val,137,1122304
G4_10pThirdHarmonic_chunk1_00138.png,10pThirdHarmonic,G4_10pThirdHarmonic.wav__chunk1,4,10pThirdHarmonic,val,138,1130496
G4_10pThirdHarmonic_chunk1_00139.png,10pThirdHarmonic,G4_10pThirdHarmonic.wav__chunk1,4,10pThirdHarmonic,val,139,1138688
G4_10pThirdHarmonic_chunk1_00140.png,10pThirdHarmonic,G4_10pThirdHarmonic.wav__chunk1,4,10pThirdHarmonic,val,140,1146880
G4_10pThirdHarmonic_chunk1_00141.png,10pThirdHarmonic,G4_10pThirdHarmonic.wav__chunk1,4,10pThirdHarmonic,val,141,1155072
G4_10pThirdHarmonic_chunk1_00142.png,10pThirdHarmonic,G4_10pThirdHarmonic.wav__chunk1,4,10pThirdHarmonic,val,142,1163264
G4_10pThirdHarmonic_chunk1_00143.png,10pThirdHarmonic,G4_10pThirdHarmonic.wav__chunk1,4,10pThirdHarmonic,val,143,1171456
G4_10pThirdHarmonic_chunk1_00144.png,10pThirdHarmonic,G4_10pThirdHarmonic.wav__chunk1,4,10pThirdHarmonic,val,144,1179648
G4_10pThirdHarmonic_chunk1_00145.png,10pThirdHarmonic,G4_10pThirdHarmonic.wav__chunk1,4,10pThirdHarmonic,val,145,1187840
G4_10pThirdHarmonic_chunk1_00146.png,10pThirdHarmonic,G4_10pThirdHarmonic.wav__chunk1,4,10pThirdHarmonic,val,146,1196032
G4_10pThirdHarmonic_chunk1_00147.png,10pThirdHarmonic,G4_10pThirdHarmonic.wav__chunk1,4,10pThirdHarmonic,val,147,1204224
G4_10pThirdHarmonic_chunk1_00148.png,10pThirdHarmonic,G4_10pThirdHarmonic.wav__chunk1,4,10pThirdHarmonic,val,148,1212416
G4_10pThirdHarmonic_chunk1_00149.png,10pThirdHarmonic,G4_10pThirdHarmonic.wav__chunk1,4,10pThirdHarmonic,val,149,1220608
G4_10pThirdHarmonic_chunk1_00150.png,10pThirdHarmonic,G4_10pThirdHarmonic.wav__chunk1,4,10pThirdHarmonic,val,150,1228800
G4_10pThirdHarmonic_chunk1_00151.png,10pThirdHarmonic,G4_10pThirdHarmonic.wav__chunk1,4,10pThirdHarmonic,val,151,1236992
G4_10pThirdHarmonic_chunk1_00152.png,10pThirdHarmonic,G4_10pThirdHarmonic.wav__chunk1,4,10pThirdHarmonic,val,152,1245184
G4_10pThirdHarmonic_chunk1_00153.png,10pThirdHarmonic,G4_10pThirdHarmonic.wav__chunk1,4,10pThirdHarmonic,val,153,1253376
G4_10pThirdHarmonic_chunk1_00154.png,10pThirdHarmonic,G4_10pThirdHarmonic.wav__chunk1,4,10pThirdHarmonic,val,154,1261568
G4_10pThirdHarmonic_chunk1_00155.png,10pThirdHarmonic,G4_10pThirdHarmonic.wav__chunk1,4,10pThirdHarmonic,val,155,1269760
G4_10pThirdHarmonic_chunk1_00156.png,10pThirdHarmonic,G4_10pThirdHarmonic.wav__chunk1,4,10pThirdHarmonic,val,156,1277952
G4_10pThirdHarmonic_chunk1_00157.png,10pThirdHarmonic,G4_10pThirdHarmonic.wav__chunk1,4,10pThirdHarmonic,val,157,1286144
G4_10pThirdHarmonic_chunk1_00158.png,10pThirdHarmonic,G4_10pThirdHarmonic.wav__chunk1,4,10pThirdHarmonic,val,158,1294336
G4_10pThirdHarmonic_chunk1_00159.png,10pThirdHarmonic,G4_10pThirdHarmonic.wav__chunk1,4,10pThirdHarmonic,val,159,1302528
G4_10pThirdHarmonic_chunk1_00160.png,10pThirdHarmonic,G4_10pThirdHarmonic.wav__chunk1,4,10pThirdHarmonic,val,160,1310720
G4_10pThirdHarmonic_chunk1_00161.png,10pThirdHarmonic,G4_10pThirdHarmonic.wav__chunk1,4,10pThirdHarmonic,val,161,1318912
G4_10pThirdHarmonic_chunk1_00162.png,10pThirdHarmonic,G4_10pThirdHarmonic.wav__chunk1,4,10pThirdHarmonic,val,162,1327104
G4_10pThirdHarmonic_chunk1_00163.png,10pThirdHarmonic,G4_10pThirdHarmonic.wav__chunk1,4,10pThirdHarmonic,val,163,1335296
G4_10pThirdHarmonic_chunk1_00164.png,10pThirdHarmonic,G4_10pThirdHarmonic.wav__chunk1,4,10pThirdHarmonic,val,164,1343488
G4_10pThirdHarmonic_chunk1_00165.png,10pThirdHarmonic,G4_10pThirdHarmonic.wav__chunk1,4,10pThirdHarmonic,val,165,1351680
G4_10pThirdHarmonic_chunk1_00166.png,10pThirdHarmonic,G4_10pThirdHarmonic.wav__chunk1,4,10pThirdHarmonic,val,166,1359872
G4_10pThirdHarmonic_chunk1_00167.png,10pThirdHarmonic,G4_10pThirdHarmonic.wav__chunk1,4,10pThirdHarmonic,val,167,1368064
G4_10pThirdHarmonic_chunk1_00168.png,10pThirdHarmonic,G4_10pThirdHarmonic.wav__chunk1,4,10pThirdHarmonic,val,168,1376256
G4_10pThirdHarmonic_chunk1_00169.png,10pThirdHarmonic,G4_10pThirdHarmonic.wav__chunk1,4,10pThirdHarmonic,val,169,1384448
G4_10pThirdHarmonic_chunk1_00170.png,10pThirdHarmonic,G4_10pThirdHarmonic.wav__chunk1,4,10pThirdHarmonic,val,170,1392640
G4_10pThirdHarmonic_chunk1_00171.png,10pThirdHarmonic,G4_10pThirdHarmonic.wav__chunk1,4,10pThirdHarmonic,val,171,1400832
G4_10pThirdHarmonic_chunk1_00172.png,10pThirdHarmonic,G4_10pThirdHarmonic.wav__chunk1,4,10pThirdHarmonic,val,172,1409024
G4_10pThirdHarmonic_chunk1_00173.png,10pThirdHarmonic,G4_10pThirdHarmonic.wav__chunk1,4,10pThirdHarmonic,val,173,1417216
G4_10pThirdHarmonic_chunk1_00174.png,10pThirdHarmonic,G4_10pThirdHarmonic.wav__chunk1,4,10pThirdHarmonic,val,174,1425408
G4_10pThirdHarmonic_chunk1_00175.png,10pThirdHarmonic,G4_10pThirdHarmonic.wav__chunk1,4,10pThirdHarmonic,val,175,1433600
G4_10pThirdHarmonic_chunk1_00176.png,10pThirdHarmonic,G4_10pThirdHarmonic.wav__chunk1,4,10pThirdHarmonic,val,176,1441792
G4_10pThirdHarmonic_chunk1_00177.png,10pThirdHarmonic,G4_10pThirdHarmonic.wav__chunk1,4,10pThirdHarmonic,val,177,1449984
G4_10pThirdHarmonic_chunk1_00178.png,10pThirdHarmonic,G4_10pThirdHarmonic.wav__chunk1,4,10pThirdHarmonic,val,178,1458176
G4_10pThirdHarmonic_chunk1_00179.png,10pThirdHarmonic,G4_10pThirdHarmonic.wav__chunk1,4,10pThirdHarmonic,val,179,1466368
G4_10pThirdHarmonic_chunk1_00180.png,10pThirdHarmonic,G4_10pThirdHarmonic.wav__chunk1,4,10pThirdHarmonic,val,180,1474560
G4_10pThirdHarmonic_chunk1_00181.png,10pThirdHarmonic,G4_10pThirdHarmonic.wav__chunk1,4,10pThirdHarmonic,val,181,1482752
G4_10pThirdHarmonic_chunk1_00182.png,10pThirdHarmonic,G4_10pThirdHarmonic.wav__chunk1,4,10pThirdHarmonic,val,182,1490944
G4_10pThirdHarmonic_chunk1_00183.png,10pThirdHarmonic,G4_10pThirdHarmonic.wav__chunk1,4,10pThirdHarmonic,val,183,1499136
G4_10pThirdHarmonic_chunk1_00184.png,10pThirdHarmonic,G4_10pThirdHarmonic.wav__chunk1,4,10pThirdHarmonic,val,184,1507328
G4_10pThirdHarmonic_chunk1_00185.png,10pThirdHarmonic,G4_10pThirdHarmonic.wav__chunk1,4,10pThirdHarmonic,val,185,1515520
G4_10pThirdHarmonic_chunk1_00186.png,10pThirdHarmonic,G4_10pThirdHarmonic.wav__chunk1,4,10pThirdHarmonic,val,186,1523712
G4_10pThirdHarmonic_chunk1_00187.png,10pThirdHarmonic,G4_10pThirdHarmonic.wav__chunk1,4,10pThirdHarmonic,val,187,1531904
G4_10pThirdHarmonic_chunk1_00188.png,10pThirdHarmonic,G4_10pThirdHarmonic.wav__chunk1,4,10pThirdHarmonic,val,188,1540096
G4_10pThirdHarmonic_chunk1_00189.png,10pThirdHarmonic,G4_10pThirdHarmonic.wav__chunk1,4,10pThirdHarmonic,val,189,1548288
G4_10pThirdHarmonic_chunk1_00190.png,10pThirdHarmonic,G4_10pThirdHarmonic.wav__chunk1,4,10pThirdHarmonic,val,190,1556480
G4_10pThirdHarmonic_chunk1_00191.png,10pThirdHarmonic,G4_10pThirdHarmonic.wav__chunk1,4,10pThirdHarmonic,val,191,1564672
G4_10pThirdHarmonic_chunk1_00192.png,10pThirdHarmonic,G4_10pThirdHarmonic.wav__chunk1,4,10pThirdHarmonic,val,192,1572864
G4_10pThirdHarmonic_chunk1_00193.png,10pThirdHarmonic,G4_10pThirdHarmonic.wav__chunk1,4,10pThirdHarmonic,val,193,1581056
G4_10pThirdHarmonic_chunk1_00194.png,10pThirdHarmonic,G4_10pThirdHarmonic.wav__chunk1,4,10pThirdHarmonic,val,194,1589248
G4_10pThirdHarmonic_chunk1_00195.png,10pThirdHarmonic,G4_10pThirdHarmonic.wav__chunk1,4,10pThirdHarmonic,val,195,1597440
G4_10pThirdHarmonic_chunk1_00196.png,10pThirdHarmonic,G4_10pThirdHarmonic.wav__chunk1,4,10pThirdHarmonic,val,196,1605632
G4_10pThirdHarmonic_chunk1_00197.png,10pThirdHarmonic,G4_10pThirdHarmonic.wav__chunk1,4,10pThirdHarmonic,val,197,1613824
G4_10pThirdHarmonic_chunk1_00198.png,10pThirdHarmonic,G4_10pThirdHarmonic.wav__chunk1,4,10pThirdHarmonic,val,198,1622016
G4_10pThirdHarmonic_chunk1_00199.png,10pThirdHarmonic,G4_10pThirdHarmonic.wav__chunk1,4,10pThirdHarmonic,val,199,1630208
G4_10pThirdHarmonic_chunk1_00200.png,10pThirdHarmonic,G4_10pThirdHarmonic.wav__chunk1,4,10pThirdHarmonic,val,200,1638400
G4_10pThirdHarmonic_chunk1_00201.png,10pThirdHarmonic,G4_10pThirdHarmonic.wav__chunk1,4,10pThirdHarmonic,val,201,1646592
G4_10pThirdHarmonic_chunk1_00202.png,10pThirdHarmonic,G4_10pThirdHarmonic.wav__chunk1,4,10pThirdHarmonic,val,202,1654784
G4_10pThirdHarmonic_chunk1_00203.png,10pThirdHarmonic,G4_10pThirdHarmonic.wav__chunk1,4,10pThirdHarmonic,val,203,1662976
G4_10pThirdHarmonic_chunk1_00204.png,10pThirdHarmonic,G4_10pThirdHarmonic.wav__chunk1,4,10pThirdHarmonic,val,204,1671168
G4_10pThirdHarmonic_chunk1_00205.png,10pThirdHarmonic,G4_10pThirdHarmonic.wav__chunk1,4,10pThirdHarmonic,val,205,1679360
G4_10pThirdHarmonic_chunk1_00206.png,10pThirdHarmonic,G4_10pThirdHarmonic.wav__chunk1,4,10pThirdHarmonic,val,206,1687552
G4_10pThirdHarmonic_chunk1_00207.png,10pThirdHarmonic,G4_10pThirdHarmonic.wav__chunk1,4,10pThirdHarmonic,val,207,1695744
G4_10pThirdHarmonic_chunk1_00208.png,10pThirdHarmonic,G4_10pThirdHarmonic.wav__chunk1,4,10pThirdHarmonic,val,208,1703936
G4_10pThirdHarmonic_chunk1_00209.png,10pThirdHarmonic,G4_10pThirdHarmonic.wav__chunk1,4,10pThirdHarmonic,val,209,1712128
G4_10pThirdHarmonic_chunk1_00210.png,10pThirdHarmonic,G4_10pThirdHarmonic.wav__chunk1,4,10pThirdHarmonic,val,210,1720320
G4_10pThirdHarmonic_chunk1_00211.png,10pThirdHarmonic,G4_10pThirdHarmonic.wav__chunk1,4,10pThirdHarmonic,val,211,1728512
G4_10pThirdHarmonic_chunk1_00212.png,10pThirdHarmonic,G4_10pThirdHarmonic.wav__chunk1,4,10pThirdHarmonic,val,212,1736704
G4_10pThirdHarmonic_chunk1_00213.png,10pThirdHarmonic,G4_10pThirdHarmonic.wav__chunk1,4,10pThirdHarmonic,val,213,1744896
G4_10pThirdHarmonic_chunk1_00214.png,10pThirdHarmonic,G4_10pThirdHarmonic.wav__chunk1,4,10pThirdHarmonic,val,214,1753088
G4_10pThirdHarmonic_chunk1_00215.png,10pThirdHarmonic,G4_10pThirdHarmonic.wav__chunk1,4,10pThirdHarmonic,val,215,1761280
G4_10pThirdHarmonic_chunk1_00216.png,10pThirdHarmonic,G4_10pThirdHarmonic.wav__chunk1,4,10pThirdHarmonic,val,216,1769472
G4_10pThirdHarmonic_chunk1_00217.png,10pThirdHarmonic,G4_10pThirdHarmonic.wav__chunk1,4,10pThirdHarmonic,val,217,1777664
G4_10pThirdHarmonic_chunk1_00218.png,10pThirdHarmonic,G4_10pThirdHarmonic.wav__chunk1,4,10pThirdHarmonic,val,218,1785856
G4_10pThirdHarmonic_chunk1_00219.png,10pThirdHarmonic,G4_10pThirdHarmonic.wav__chunk1,4,10pThirdHarmonic,val,219,1794048
G4_10pThirdHarmonic_chunk1_00220.png,10pThirdHarmonic,G4_10pThirdHarmonic.wav__chunk1,4,10pThirdHarmonic,val,220,1802240
G4_10pThirdHarmonic_chunk1_00221.png,10pThirdHarmonic,G4_10pThirdHarmonic.wav__chunk1,4,10pThirdHarmonic,val,221,1810432
G4_10pThirdHarmonic_chunk1_00222.png,10pThirdHarmonic,G4_10pThirdHarmonic.wav__chunk1,4,10pThirdHarmonic,val,222,1818624
G4_10pThirdHarmonic_chunk1_00223.png,10pThirdHarmonic,G4_10pThirdHarmonic.wav__chunk1,4,10pThirdHarmonic,val,223,1826816
G4_10pThirdHarmonic_chunk1_00224.png,10pThirdHarmonic,G4_10pThirdHarmonic.wav__chunk1,4,10pThirdHarmonic,val,224,1835008
G4_10pThirdHarmonic_chunk1_00225.png,10pThirdHarmonic,G4_10pThirdHarmonic.wav__chunk1,4,10pThirdHarmonic,val,225,1843200
G4_10pThirdHarmonic_chunk1_00226.png,10pThirdHarmonic,G4_10pThirdHarmonic.wav__chunk1,4,10pThirdHarmonic,val,226,1851392
G4_10pThirdHarmonic_chunk1_00227.png,10pThirdHarmonic,G4_10pThirdHarmonic.wav__chunk1,4,10pThirdHarmonic,val,227,1859584
G4_20pFifthHarmonic_chunk0_00000.png,20pFifthHarmonic,G4_20pFifthHarmonic.wav__chunk0,4,20pFifthHarmonic,val,0,0
G4_20pFifthHarmonic_chunk0_00001.png,20pFifthHarmonic,G4_20pFifthHarmonic.wav__chunk0,4,20pFifthHarmonic,val,1,8192
G4_20pFifthHarmonic_chunk0_00002.png,20pFifthHarmonic,G4_20pFifthHarmonic.wav__chunk0,4,20pFifthHarmonic,val,2,16384
G4_20pFifthHarmonic_chunk0_00003.png,20pFifthHarmonic,G4_20pFifthHarmonic.wav__chunk0,4,20pFifthHarmonic,val,3,24576
G4_20pFifthHarmonic_chunk0_00004.png,20pFifthHarmonic,G4_20pFifthHarmonic.wav__chunk0,4,20pFifthHarmonic,val,4,32768
G4_20pFifthHarmonic_chunk0_00005.png,20pFifthHarmonic,G4_20pFifthHarmonic.wav__chunk0,4,20pFifthHarmonic,val,5,40960
G4_20pFifthHarmonic_chunk0_00006.png,20pFifthHarmonic,G4_20pFifthHarmonic.wav__chunk0,4,20pFifthHarmonic,val,6,49152
G4_20pFifthHarmonic_chunk0_00007.png,20pFifthHarmonic,G4_20pFifthHarmonic.wav__chunk0,4,20pFifthHarmonic,val,7,57344
G4_20pFifthHarmonic_chunk0_00008.png,20pFifthHarmonic,G4_20pFifthHarmonic.wav__chunk0,4,20pFifthHarmonic,val,8,65536
G4_20pFifthHarmonic_chunk0_00009.png,20pFifthHarmonic,G4_20pFifthHarmonic.wav__chunk0,4,20pFifthHarmonic,val,9,73728
G4_20pFifthHarmonic_chunk0_00010.png,20pFifthHarmonic,G4_20pFifthHarmonic.wav__chunk0,4,20pFifthHarmonic,val,10,81920
G4_20pFifthHarmonic_chunk0_00011.png,20pFifthHarmonic,G4_20pFifthHarmonic.wav__chunk0,4,20pFifthHarmonic,val,11,90112
G4_20pFifthHarmonic_chunk0_00012.png,20pFifthHarmonic,G4_20pFifthHarmonic.wav__chunk0,4,20pFifthHarmonic,val,12,98304
G4_20pFifthHarmonic_chunk0_00013.png,20pFifthHarmonic,G4_20pFifthHarmonic.wav__chunk0,4,20pFifthHarmonic,val,13,106496
G4_20pFifthHarmonic_chunk0_00014.png,20pFifthHarmonic,G4_20pFifthHarmonic.wav__chunk0,4,20pFifthHarmonic,val,14,114688
G4_20pFifthHarmonic_chunk0_00015.png,20pFifthHarmonic,G4_20pFifthHarmonic.wav__chunk0,4,20pFifthHarmonic,val,15,122880
G4_20pFifthHarmonic_chunk0_00016.png,20pFifthHarmonic,G4_20pFifthHarmonic.wav__chunk0,4,20pFifthHarmonic,val,16,131072
G4_20pFifthHarmonic_chunk0_00017.png,20pFifthHarmonic,G4_20pFifthHarmonic.wav__chunk0,4,20pFifthHarmonic,val,17,139264
G4_20pFifthHarmonic_chunk0_00018.png,20pFifthHarmonic,G4_20pFifthHarmonic.wav__chunk0,4,20pFifthHarmonic,val,18,147456
G4_20pFifthHarmonic_chunk0_00019.png,20pFifthHarmonic,G4_20pFifthHarmonic.wav__chunk0,4,20pFifthHarmonic,val,19,155648
G4_20pFifthHarmonic_chunk0_00020.png,20pFifthHarmonic,G4_20pFifthHarmonic.wav__chunk0,4,20pFifthHarmonic,val,20,163840
G4_20pFifthHarmonic_chunk0_00021.png,20pFifthHarmonic,G4_20pFifthHarmonic.wav__chunk0,4,20pFifthHarmonic,val,21,172032
G4_20pFifthHarmonic_chunk0_00022.png,20pFifthHarmonic,G4_20pFifthHarmonic.wav__chunk0,4,20pFifthHarmonic,val,22,180224
G4_20pFifthHarmonic_chunk0_00023.png,20pFifthHarmonic,G4_20pFifthHarmonic.wav__chunk0,4,20pFifthHarmonic,val,23,188416
G4_20pFifthHarmonic_chunk0_00024.png,20pFifthHarmonic,G4_20pFifthHarmonic.wav__chunk0,4,20pFifthHarmonic,val,24,196608
G4_20pFifthHarmonic_chunk0_00025.png,20pFifthHarmonic,G4_20pFifthHarmonic.wav__chunk0,4,20pFifthHarmonic,val,25,204800
G4_20pFifthHarmonic_chunk0_00026.png,20pFifthHarmonic,G4_20pFifthHarmonic.wav__chunk0,4,20pFifthHarmonic,val,26,212992
G4_20pFifthHarmonic_chunk0_00027.png,20pFifthHarmonic,G4_20pFifthHarmonic.wav__chunk0,4,20pFifthHarmonic,val,27,221184
G4_20pFifthHarmonic_chunk0_00028.png,20pFifthHarmonic,G4_20pFifthHarmonic.wav__chunk0,4,20pFifthHarmonic,val,28,229376
G4_20pFifthHarmonic_chunk0_00029.png,20pFifthHarmonic,G4_20pFifthHarmonic.wav__chunk0,4,20pFifthHarmonic,val,29,237568
G4_20pFifthHarmonic_chunk0_00030.png,20pFifthHarmonic,G4_20pFifthHarmonic.wav__chunk0,4,20pFifthHarmonic,val,30,245760
G4_20pFifthHarmonic_chunk0_00031.png,20pFifthHarmonic,G4_20pFifthHarmonic.wav__chunk0,4,20pFifthHarmonic,val,31,253952
G4_20pFifthHarmonic_chunk0_00032.png,20pFifthHarmonic,G4_20pFifthHarmonic.wav__chunk0,4,20pFifthHarmonic,val,32,262144
G4_20pFifthHarmonic_chunk0_00033.png,20pFifthHarmonic,G4_20pFifthHarmonic.wav__chunk0,4,20pFifthHarmonic,val,33,270336
G4_20pFifthHarmonic_chunk0_00034.png,20pFifthHarmonic,G4_20pFifthHarmonic.wav__chunk0,4,20pFifthHarmonic,val,34,278528
G4_20pFifthHarmonic_chunk0_00035.png,20pFifthHarmonic,G4_20pFifthHarmonic.wav__chunk0,4,20pFifthHarmonic,val,35,286720
G4_20pFifthHarmonic_chunk0_00036.png,20pFifthHarmonic,G4_20pFifthHarmonic.wav__chunk0,4,20pFifthHarmonic,val,36,294912
G4_20pFifthHarmonic_chunk0_00037.png,20pFifthHarmonic,G4_20pFifthHarmonic.wav__chunk0,4,20pFifthHarmonic,val,37,303104
G4_20pFifthHarmonic_chunk0_00038.png,20pFifthHarmonic,G4_20pFifthHarmonic.wav__chunk0,4,20pFifthHarmonic,val,38,311296
G4_20pFifthHarmonic_chunk0_00039.png,20pFifthHarmonic,G4_20pFifthHarmonic.wav__chunk0,4,20pFifthHarmonic,val,39,319488
G4_20pFifthHarmonic_chunk0_00040.png,20pFifthHarmonic,G4_20pFifthHarmonic.wav__chunk0,4,20pFifthHarmonic,val,40,327680
G4_20pFifthHarmonic_chunk0_00041.png,20pFifthHarmonic,G4_20pFifthHarmonic.wav__chunk0,4,20pFifthHarmonic,val,41,335872
G4_20pFifthHarmonic_chunk0_00042.png,20pFifthHarmonic,G4_20pFifthHarmonic.wav__chunk0,4,20pFifthHarmonic,val,42,344064
G4_20pFifthHarmonic_chunk0_00043.png,20pFifthHarmonic,G4_20pFifthHarmonic.wav__chunk0,4,20pFifthHarmonic,val,43,352256
G4_20pFifthHarmonic_chunk0_00044.png,20pFifthHarmonic,G4_20pFifthHarmonic.wav__chunk0,4,20pFifthHarmonic,val,44,360448
G4_20pFifthHarmonic_chunk0_00045.png,20pFifthHarmonic,G4_20pFifthHarmonic.wav__chunk0,4,20pFifthHarmonic,val,45,368640
G4_20pFifthHarmonic_chunk0_00046.png,20pFifthHarmonic,G4_20pFifthHarmonic.wav__chunk0,4,20pFifthHarmonic,val,46,376832
G4_20pFifthHarmonic_chunk0_00047.png,20pFifthHarmonic,G4_20pFifthHarmonic.wav__chunk0,4,20pFifthHarmonic,val,47,385024
G4_20pFifthHarmonic_chunk0_00048.png,20pFifthHarmonic,G4_20pFifthHarmonic.wav__chunk0,4,20pFifthHarmonic,val,48,393216
G4_20pFifthHarmonic_chunk0_00049.png,20pFifthHarmonic,G4_20pFifthHarmonic.wav__chunk0,4,20pFifthHarmonic,val,49,401408
G4_20pFifthHarmonic_chunk0_00050.png,20pFifthHarmonic,G4_20pFifthHarmonic.wav__chunk0,4,20pFifthHarmonic,val,50,409600
G4_20pFifthHarmonic_chunk0_00051.png,20pFifthHarmonic,G4_20pFifthHarmonic.wav__chunk0,4,20pFifthHarmonic,val,51,417792
G4_20pFifthHarmonic_chunk0_00052.png,20pFifthHarmonic,G4_20pFifthHarmonic.wav__chunk0,4,20pFifthHarmonic,val,52,425984
G4_20pFifthHarmonic_chunk0_00053.png,20pFifthHarmonic,G4_20pFifthHarmonic.wav__chunk0,4,20pFifthHarmonic,val,53,434176
G4_20pFifthHarmonic_chunk0_00054.png,20pFifthHarmonic,G4_20pFifthHarmonic.wav__chunk0,4,20pFifthHarmonic,val,54,442368
G4_20pFifthHarmonic_chunk0_00055.png,20pFifthHarmonic,G4_20pFifthHarmonic.wav__chunk0,4,20pFifthHarmonic,val,55,450560
G4_20pFifthHarmonic_chunk0_00056.png,20pFifthHarmonic,G4_20pFifthHarmonic.wav__chunk0,4,20pFifthHarmonic,val,56,458752
G4_20pFifthHarmonic_chunk0_00057.png,20pFifthHarmonic,G4_20pFifthHarmonic.wav__chunk0,4,20pFifthHarmonic,val,57,466944
G4_20pFifthHarmonic_chunk0_00058.png,20pFifthHarmonic,G4_20pFifthHarmonic.wav__chunk0,4,20pFifthHarmonic,val,58,475136
G4_20pFifthHarmonic_chunk0_00059.png,20pFifthHarmonic,G4_20pFifthHarmonic.wav__chunk0,4,20pFifthHarmonic,val,59,483328
G4_20pFifthHarmonic_chunk0_00060.png,20pFifthHarmonic,G4_20pFifthHarmonic.wav__chunk0,4,20pFifthHarmonic,val,60,491520
G4_20pFifthHarmonic_chunk0_00061.png,20pFifthHarmonic,G4_20pFifthHarmonic.wav__chunk0,4,20pFifthHarmonic,val,61,499712
G4_20pFifthHarmonic_chunk0_00062.png,20pFifthHarmonic,G4_20pFifthHarmonic.wav__chunk0,4,20pFifthHarmonic,val,62,507904
G4_20pFifthHarmonic_chunk0_00063.png,20pFifthHarmonic,G4_20pFifthHarmonic.wav__chunk0,4,20pFifthHarmonic,val,63,516096
G4_20pFifthHarmonic_chunk0_00064.png,20pFifthHarmonic,G4_20pFifthHarmonic.wav__chunk0,4,20pFifthHarmonic,val,64,524288
G4_20pFifthHarmonic_chunk0_00065.png,20pFifthHarmonic,G4_20pFifthHarmonic.wav__chunk0,4,20pFifthHarmonic,val,65,532480
G4_20pFifthHarmonic_chunk0_00066.png,20pFifthHarmonic,G4_20pFifthHarmonic.wav__chunk0,4,20pFifthHarmonic,val,66,540672
G4_20pFifthHarmonic_chunk0_00067.png,20pFifthHarmonic,G4_20pFifthHarmonic.wav__chunk0,4,20pFifthHarmonic,val,67,548864
G4_20pFifthHarmonic_chunk0_00068.png,20pFifthHarmonic,G4_20pFifthHarmonic.wav__chunk0,4,20pFifthHarmonic,val,68,557056
G4_20pFifthHarmonic_chunk0_00069.png,20pFifthHarmonic,G4_20pFifthHarmonic.wav__chunk0,4,20pFifthHarmonic,val,69,565248
G4_20pFifthHarmonic_chunk0_00070.png,20pFifthHarmonic,G4_20pFifthHarmonic.wav__chunk0,4,20pFifthHarmonic,val,70,573440
G4_20pFifthHarmonic_chunk0_00071.png,20pFifthHarmonic,G4_20pFifthHarmonic.wav__chunk0,4,20pFifthHarmonic,val,71,581632
G4_20pFifthHarmonic_chunk0_00072.png,20pFifthHarmonic,G4_20pFifthHarmonic.wav__chunk0,4,20pFifthHarmonic,val,72,589824
G4_20pFifthHarmonic_chunk0_00073.png,20pFifthHarmonic,G4_20pFifthHarmonic.wav__chunk0,4,20pFifthHarmonic,val,73,598016
G4_20pFifthHarmonic_chunk0_00074.png,20pFifthHarmonic,G4_20pFifthHarmonic.wav__chunk0,4,20pFifthHarmonic,val,74,606208
G4_20pFifthHarmonic_chunk0_00075.png,20pFifthHarmonic,G4_20pFifthHarmonic.wav__chunk0,4,20pFifthHarmonic,val,75,614400
G4_20pFifthHarmonic_chunk0_00076.png,20pFifthHarmonic,G4_20pFifthHarmonic.wav__chunk0,4,20pFifthHarmonic,val,76,622592
G4_20pFifthHarmonic_chunk0_00077.png,20pFifthHarmonic,G4_20pFifthHarmonic.wav__chunk0,4,20pFifthHarmonic,val,77,630784
G4_20pFifthHarmonic_chunk0_00078.png,20pFifthHarmonic,G4_20pFifthHarmonic.wav__chunk0,4,20pFifthHarmonic,val,78,638976
G4_20pFifthHarmonic_chunk0_00079.png,20pFifthHarmonic,G4_20pFifthHarmonic.wav__chunk0,4,20pFifthHarmonic,val,79,647168
G4_20pFifthHarmonic_chunk0_00080.png,20pFifthHarmonic,G4_20pFifthHarmonic.wav__chunk0,4,20pFifthHarmonic,val,80,655360
G4_20pFifthHarmonic_chunk0_00081.png,20pFifthHarmonic,G4_20pFifthHarmonic.wav__chunk0,4,20pFifthHarmonic,val,81,663552
G4_20pFifthHarmonic_chunk0_00082.png,20pFifthHarmonic,G4_20pFifthHarmonic.wav__chunk0,4,20pFifthHarmonic,val,82,671744
G4_20pFifthHarmonic_chunk0_00083.png,20pFifthHarmonic,G4_20pFifthHarmonic.wav__chunk0,4,20pFifthHarmonic,val,83,679936
G4_20pFifthHarmonic_chunk0_00084.png,20pFifthHarmonic,G4_20pFifthHarmonic.wav__chunk0,4,20pFifthHarmonic,val,84,688128
G4_20pFifthHarmonic_chunk0_00085.png,20pFifthHarmonic,G4_20pFifthHarmonic.wav__chunk0,4,20pFifthHarmonic,val,85,696320
G4_20pFifthHarmonic_chunk0_00086.png,20pFifthHarmonic,G4_20pFifthHarmonic.wav__chunk0,4,20pFifthHarmonic,val,86,704512
G4_20pFifthHarmonic_chunk0_00087.png,20pFifthHarmonic,G4_20pFifthHarmonic.wav__chunk0,4,20pFifthHarmonic,val,87,712704
G4_20pFifthHarmonic_chunk0_00088.png,20pFifthHarmonic,G4_20pFifthHarmonic.wav__chunk0,4,20pFifthHarmonic,val,88,720896
G4_20pFifthHarmonic_chunk0_00089.png,20pFifthHarmonic,G4_20pFifthHarmonic.wav__chunk0,4,20pFifthHarmonic,val,89,729088
G4_20pFifthHarmonic_chunk0_00090.png,20pFifthHarmonic,G4_20pFifthHarmonic.wav__chunk0,4,20pFifthHarmonic,val,90,737280
G4_20pFifthHarmonic_chunk0_00091.png,20pFifthHarmonic,G4_20pFifthHarmonic.wav__chunk0,4,20pFifthHarmonic,val,91,745472
G4_20pFifthHarmonic_chunk0_00092.png,20pFifthHarmonic,G4_20pFifthHarmonic.wav__chunk0,4,20pFifthHarmonic,val,92,753664
G4_20pFifthHarmonic_chunk0_00093.png,20pFifthHarmonic,G4_20pFifthHarmonic.wav__chunk0,4,20pFifthHarmonic,val,93,761856
G4_20pFifthHarmonic_chunk0_00094.png,20pFifthHarmonic,G4_20pFifthHarmonic.wav__chunk0,4,20pFifthHarmonic,val,94,770048
G4_20pFifthHarmonic_chunk0_00095.png,20pFifthHarmonic,G4_20pFifthHarmonic.wav__chunk0,4,20pFifthHarmonic,val,95,778240
G4_20pFifthHarmonic_chunk0_00096.png,20pFifthHarmonic,G4_20pFifthHarmonic.wav__chunk0,4,20pFifthHarmonic,val,96,786432
G4_20pFifthHarmonic_chunk0_00097.png,20pFifthHarmonic,G4_20pFifthHarmonic.wav__chunk0,4,20pFifthHarmonic,val,97,794624
G4_20pFifthHarmonic_chunk0_00098.png,20pFifthHarmonic,G4_20pFifthHarmonic.wav__chunk0,4,20pFifthHarmonic,val,98,802816
G4_20pFifthHarmonic_chunk0_00099.png,20pFifthHarmonic,G4_20pFifthHarmonic.wav__chunk0,4,20pFifthHarmonic,val,99,811008
G4_20pFifthHarmonic_chunk0_00100.png,20pFifthHarmonic,G4_20pFifthHarmonic.wav__chunk0,4,20pFifthHarmonic,val,100,819200
G4_20pFifthHarmonic_chunk0_00101.png,20pFifthHarmonic,G4_20pFifthHarmonic.wav__chunk0,4,20pFifthHarmonic,val,101,827392
G4_20pFifthHarmonic_chunk0_00102.png,20pFifthHarmonic,G4_20pFifthHarmonic.wav__chunk0,4,20pFifthHarmonic,val,102,835584
G4_20pFifthHarmonic_chunk0_00103.png,20pFifthHarmonic,G4_20pFifthHarmonic.wav__chunk0,4,20pFifthHarmonic,val,103,843776
G4_20pFifthHarmonic_chunk0_00104.png,20pFifthHarmonic,G4_20pFifthHarmonic.wav__chunk0,4,20pFifthHarmonic,val,104,851968
G4_20pFifthHarmonic_chunk0_00105.png,20pFifthHarmonic,G4_20pFifthHarmonic.wav__chunk0,4,20pFifthHarmonic,val,105,860160
G4_20pFifthHarmonic_chunk0_00106.png,20pFifthHarmonic,G4_20pFifthHarmonic.wav__chunk0,4,20pFifthHarmonic,val,106,868352
G4_20pFifthHarmonic_chunk0_00107.png,20pFifthHarmonic,G4_20pFifthHarmonic.wav__chunk0,4,20pFifthHarmonic,val,107,876544
G4_20pFifthHarmonic_chunk0_00108.png,20pFifthHarmonic,G4_20pFifthHarmonic.wav__chunk0,4,20pFifthHarmonic,val,108,884736
G4_20pFifthHarmonic_chunk0_00109.png,20pFifthHarmonic,G4_20pFifthHarmonic.wav__chunk0,4,20pFifthHarmonic,val,109,892928
G4_20pFifthHarmonic_chunk0_00110.png,20pFifthHarmonic,G4_20pFifthHarmonic.wav__chunk0,4,20pFifthHarmonic,val,110,901120
G4_20pFifthHarmonic_chunk0_00111.png,20pFifthHarmonic,G4_20pFifthHarmonic.wav__chunk0,4,20pFifthHarmonic,val,111,909312
G4_20pFifthHarmonic_chunk0_00112.png,20pFifthHarmonic,G4_20pFifthHarmonic.wav__chunk0,4,20pFifthHarmonic,val,112,917504
G4_20pFifthHarmonic_chunk0_00113.png,20pFifthHarmonic,G4_20pFifthHarmonic.wav__chunk0,4,20pFifthHarmonic,val,113,925696
G4_20pFifthHarmonic_chunk0_00114.png,20pFifthHarmonic,G4_20pFifthHarmonic.wav__chunk0,4,20pFifthHarmonic,val,114,933888
G4_20pFifthHarmonic_chunk0_00115.png,20pFifthHarmonic,G4_20pFifthHarmonic.wav__chunk0,4,20pFifthHarmonic,val,115,942080
G4_20pFifthHarmonic_chunk0_00116.png,20pFifthHarmonic,G4_20pFifthHarmonic.wav__chunk0,4,20pFifthHarmonic,val,116,950272
G4_20pFifthHarmonic_chunk0_00117.png,20pFifthHarmonic,G4_20pFifthHarmonic.wav__chunk0,4,20pFifthHarmonic,val,117,958464
G4_20pFifthHarmonic_chunk0_00118.png,20pFifthHarmonic,G4_20pFifthHarmonic.wav__chunk0,4,20pFifthHarmonic,val,118,966656
G4_20pFifthHarmonic_chunk0_00119.png,20pFifthHarmonic,G4_20pFifthHarmonic.wav__chunk0,4,20pFifthHarmonic,val,119,974848
G4_20pFifthHarmonic_chunk0_00120.png,20pFifthHarmonic,G4_20pFifthHarmonic.wav__chunk0,4,20pFifthHarmonic,val,120,983040
G4_20pFifthHarmonic_chunk0_00121.png,20pFifthHarmonic,G4_20pFifthHarmonic.wav__chunk0,4,20pFifthHarmonic,val,121,991232
G4_20pFifthHarmonic_chunk0_00122.png,20pFifthHarmonic,G4_20pFifthHarmonic.wav__chunk0,4,20pFifthHarmonic,val,122,999424
G4_20pFifthHarmonic_chunk0_00123.png,20pFifthHarmonic,G4_20pFifthHarmonic.wav__chunk0,4,20pFifthHarmonic,val,123,1007616
G4_20pFifthHarmonic_chunk0_00124.png,20pFifthHarmonic,G4_20pFifthHarmonic.wav__chunk0,4,20pFifthHarmonic,val,124,1015808
G4_20pFifthHarmonic_chunk0_00125.png,20pFifthHarmonic,G4_20pFifthHarmonic.wav__chunk0,4,20pFifthHarmonic,val,125,1024000
G4_20pFifthHarmonic_chunk0_00126.png,20pFifthHarmonic,G4_20pFifthHarmonic.wav__chunk0,4,20pFifthHarmonic,val,126,1032192
G4_20pFifthHarmonic_chunk0_00127.png,20pFifthHarmonic,G4_20pFifthHarmonic.wav__chunk0,4,20pFifthHarmonic,val,127,1040384
G4_20pFifthHarmonic_chunk0_00128.png,20pFifthHarmonic,G4_20pFifthHarmonic.wav__chunk0,4,20pFifthHarmonic,val,128,1048576
G4_20pFifthHarmonic_chunk0_00129.png,20pFifthHarmonic,G4_20pFifthHarmonic.wav__chunk0,4,20pFifthHarmonic,val,129,1056768
G4_20pFifthHarmonic_chunk0_00130.png,20pFifthHarmonic,G4_20pFifthHarmonic.wav__chunk0,4,20pFifthHarmonic,val,130,1064960
G4_20pFifthHarmonic_chunk0_00131.png,20pFifthHarmonic,G4_20pFifthHarmonic.wav__chunk0,4,20pFifthHarmonic,val,131,1073152
G4_20pFifthHarmonic_chunk0_00132.png,20pFifthHarmonic,G4_20pFifthHarmonic.wav__chunk0,4,20pFifthHarmonic,val,132,1081344
G4_20pFifthHarmonic_chunk0_00133.png,20pFifthHarmonic,G4_20pFifthHarmonic.wav__chunk0,4,20pFifthHarmonic,val,133,1089536
G4_20pSeventhHarmonic_chunk0_00000.png,20pSeventhHarmonic,G4_20pSeventhHarmonic.wav__chunk0,4,20pSeventhHarmonic,val,0,0
G4_20pSeventhHarmonic_chunk0_00001.png,20pSeventhHarmonic,G4_20pSeventhHarmonic.wav__chunk0,4,20pSeventhHarmonic,val,1,8192
G4_20pSeventhHarmonic_chunk0_00002.png,20pSeventhHarmonic,G4_20pSeventhHarmonic.wav__chunk0,4,20pSeventhHarmonic,val,2,16384
G4_20pSeventhHarmonic_chunk0_00003.png,20pSeventhHarmonic,G4_20pSeventhHarmonic.wav__chunk0,4,20pSeventhHarmonic,val,3,24576
G4_20pSeventhHarmonic_chunk0_00004.png,20pSeventhHarmonic,G4_20pSeventhHarmonic.wav__chunk0,4,20pSeventhHarmonic,val,4,32768
G4_20pSeventhHarmonic_chunk0_00005.png,20pSeventhHarmonic,G4_20pSeventhHarmonic.wav__chunk0,4,20pSeventhHarmonic,val,5,40960
G4_20pSeventhHarmonic_chunk0_00006.png,20pSeventhHarmonic,G4_20pSeventhHarmonic.wav__chunk0,4,20pSeventhHarmonic,val,6,49152
G4_20pSeventhHarmonic_chunk0_00007.png,20pSeventhHarmonic,G4_20pSeventhHarmonic.wav__chunk0,4,20pSeventhHarmonic,val,7,57344
G4_20pSeventhHarmonic_chunk0_00008.png,20pSeventhHarmonic,G4_20pSeventhHarmonic.wav__chunk0,4,20pSeventhHarmonic,val,8,65536
G4_20pSeventhHarmonic_chunk0_00009.png,20pSeventhHarmonic,G4_20pSeventhHarmonic.wav__chunk0,4,20pSeventhHarmonic,val,9,73728
G4_20pSeventhHarmonic_chunk0_00010.png,20pSeventhHarmonic,G4_20pSeventhHarmonic.wav__chunk0,4,20pSeventhHarmonic,val,10,81920
G4_20pSeventhHarmonic_chunk0_00011.png,20pSeventhHarmonic,G4_20pSeventhHarmonic.wav__chunk0,4,20pSeventhHarmonic,val,11,90112
G4_20pSeventhHarmonic_chunk0_00012.png,20pSeventhHarmonic,G4_20pSeventhHarmonic.wav__chunk0,4,20pSeventhHarmonic,val,12,98304
G4_20pSeventhHarmonic_chunk0_00013.png,20pSeventhHarmonic,G4_20pSeventhHarmonic.wav__chunk0,4,20pSeventhHarmonic,val,13,106496
G4_20pSeventhHarmonic_chunk0_00014.png,20pSeventhHarmonic,G4_20pSeventhHarmonic.wav__chunk0,4,20pSeventhHarmonic,val,14,114688
G4_20pSeventhHarmonic_chunk0_00015.png,20pSeventhHarmonic,G4_20pSeventhHarmonic.wav__chunk0,4,20pSeventhHarmonic,val,15,122880
G4_20pSeventhHarmonic_chunk0_00016.png,20pSeventhHarmonic,G4_20pSeventhHarmonic.wav__chunk0,4,20pSeventhHarmonic,val,16,131072
G4_20pSeventhHarmonic_chunk0_00017.png,20pSeventhHarmonic,G4_20pSeventhHarmonic.wav__chunk0,4,20pSeventhHarmonic,val,17,139264
G4_20pSeventhHarmonic_chunk0_00018.png,20pSeventhHarmonic,G4_20pSeventhHarmonic.wav__chunk0,4,20pSeventhHarmonic,val,18,147456
G4_20pSeventhHarmonic_chunk0_00019.png,20pSeventhHarmonic,G4_20pSeventhHarmonic.wav__chunk0,4,20pSeventhHarmonic,val,19,155648
G4_20pSeventhHarmonic_chunk0_00020.png,20pSeventhHarmonic,G4_20pSeventhHarmonic.wav__chunk0,4,20pSeventhHarmonic,val,20,163840
G4_20pSeventhHarmonic_chunk0_00021.png,20pSeventhHarmonic,G4_20pSeventhHarmonic.wav__chunk0,4,20pSeventhHarmonic,val,21,172032
G4_20pSeventhHarmonic_chunk0_00022.png,20pSeventhHarmonic,G4_20pSeventhHarmonic.wav__chunk0,4,20pSeventhHarmonic,val,22,180224
G4_20pSeventhHarmonic_chunk0_00023.png,20pSeventhHarmonic,G4_20pSeventhHarmonic.wav__chunk0,4,20pSeventhHarmonic,val,23,188416
G4_20pSeventhHarmonic_chunk0_00024.png,20pSeventhHarmonic,G4_20pSeventhHarmonic.wav__chunk0,4,20pSeventhHarmonic,val,24,196608
G4_20pSeventhHarmonic_chunk0_00025.png,20pSeventhHarmonic,G4_20pSeventhHarmonic.wav__chunk0,4,20pSeventhHarmonic,val,25,204800
G4_20pSeventhHarmonic_chunk0_00026.png,20pSeventhHarmonic,G4_20pSeventhHarmonic.wav__chunk0,4,20pSeventhHarmonic,val,26,212992
G4_20pSeventhHarmonic_chunk0_00027.png,20pSeventhHarmonic,G4_20pSeventhHarmonic.wav__chunk0,4,20pSeventhHarmonic,val,27,221184
G4_20pSeventhHarmonic_chunk0_00028.png,20pSeventhHarmonic,G4_20pSeventhHarmonic.wav__chunk0,4,20pSeventhHarmonic,val,28,229376
G4_20pSeventhHarmonic_chunk0_00029.png,20pSeventhHarmonic,G4_20pSeventhHarmonic.wav__chunk0,4,20pSeventhHarmonic,val,29,237568
G4_20pSeventhHarmonic_chunk0_00030.png,20pSeventhHarmonic,G4_20pSeventhHarmonic.wav__chunk0,4,20pSeventhHarmonic,val,30,245760
G4_20pSeventhHarmonic_chunk0_00031.png,20pSeventhHarmonic,G4_20pSeventhHarmonic.wav__chunk0,4,20pSeventhHarmonic,val,31,253952
G4_20pSeventhHarmonic_chunk0_00032.png,20pSeventhHarmonic,G4_20pSeventhHarmonic.wav__chunk0,4,20pSeventhHarmonic,val,32,262144
G4_20pSeventhHarmonic_chunk0_00033.png,20pSeventhHarmonic,G4_20pSeventhHarmonic.wav__chunk0,4,20pSeventhHarmonic,val,33,270336
G4_20pSeventhHarmonic_chunk0_00034.png,20pSeventhHarmonic,G4_20pSeventhHarmonic.wav__chunk0,4,20pSeventhHarmonic,val,34,278528
G4_20pSeventhHarmonic_chunk0_00035.png,20pSeventhHarmonic,G4_20pSeventhHarmonic.wav__chunk0,4,20pSeventhHarmonic,val,35,286720
G4_20pSeventhHarmonic_chunk0_00036.png,20pSeventhHarmonic,G4_20pSeventhHarmonic.wav__chunk0,4,20pSeventhHarmonic,val,36,294912
G4_20pSeventhHarmonic_chunk0_00037.png,20pSeventhHarmonic,G4_20pSeventhHarmonic.wav__chunk0,4,20pSeventhHarmonic,val,37,303104
G4_20pSeventhHarmonic_chunk0_00038.png,20pSeventhHarmonic,G4_20pSeventhHarmonic.wav__chunk0,4,20pSeventhHarmonic,val,38,311296
G4_20pSeventhHarmonic_chunk0_00039.png,20pSeventhHarmonic,G4_20pSeventhHarmonic.wav__chunk0,4,20pSeventhHarmonic,val,39,319488
G4_20pSeventhHarmonic_chunk0_00040.png,20pSeventhHarmonic,G4_20pSeventhHarmonic.wav__chunk0,4,20pSeventhHarmonic,val,40,327680
G4_20pSeventhHarmonic_chunk0_00041.png,20pSeventhHarmonic,G4_20pSeventhHarmonic.wav__chunk0,4,20pSeventhHarmonic,val,41,335872
G4_20pSeventhHarmonic_chunk0_00042.png,20pSeventhHarmonic,G4_20pSeventhHarmonic.wav__chunk0,4,20pSeventhHarmonic,val,42,344064
G4_20pSeventhHarmonic_chunk0_00043.png,20pSeventhHarmonic,G4_20pSeventhHarmonic.wav__chunk0,4,20pSeventhHarmonic,val,43,352256
G4_20pSeventhHarmonic_chunk0_00044.png,20pSeventhHarmonic,G4_20pSeventhHarmonic.wav__chunk0,4,20pSeventhHarmonic,val,44,360448
G4_20pSeventhHarmonic_chunk0_00045.png,20pSeventhHarmonic,G4_20pSeventhHarmonic.wav__chunk0,4,20pSeventhHarmonic,val,45,368640
G4_20pSeventhHarmonic_chunk0_00046.png,20pSeventhHarmonic,G4_20pSeventhHarmonic.wav__chunk0,4,20pSeventhHarmonic,val,46,376832
G4_20pSeventhHarmonic_chunk0_00047.png,20pSeventhHarmonic,G4_20pSeventhHarmonic.wav__chunk0,4,20pSeventhHarmonic,val,47,385024
G4_20pSeventhHarmonic_chunk0_00048.png,20pSeventhHarmonic,G4_20pSeventhHarmonic.wav__chunk0,4,20pSeventhHarmonic,val,48,393216
G4_20pSeventhHarmonic_chunk0_00049.png,20pSeventhHarmonic,G4_20pSeventhHarmonic.wav__chunk0,4,20pSeventhHarmonic,val,49,401408
G4_20pSeventhHarmonic_chunk0_00050.png,20pSeventhHarmonic,G4_20pSeventhHarmonic.wav__chunk0,4,20pSeventhHarmonic,val,50,409600
G4_20pSeventhHarmonic_chunk0_00051.png,20pSeventhHarmonic,G4_20pSeventhHarmonic.wav__chunk0,4,20pSeventhHarmonic,val,51,417792
G4_20pSeventhHarmonic_chunk0_00052.png,20pSeventhHarmonic,G4_20pSeventhHarmonic.wav__chunk0,4,20pSeventhHarmonic,val,52,425984
G4_20pSeventhHarmonic_chunk0_00053.png,20pSeventhHarmonic,G4_20pSeventhHarmonic.wav__chunk0,4,20pSeventhHarmonic,val,53,434176
G4_20pSeventhHarmonic_chunk0_00054.png,20pSeventhHarmonic,G4_20pSeventhHarmonic.wav__chunk0,4,20pSeventhHarmonic,val,54,442368
G4_20pSeventhHarmonic_chunk0_00055.png,20pSeventhHarmonic,G4_20pSeventhHarmonic.wav__chunk0,4,20pSeventhHarmonic,val,55,450560
G4_20pSeventhHarmonic_chunk0_00056.png,20pSeventhHarmonic,G4_20pSeventhHarmonic.wav__chunk0,4,20pSeventhHarmonic,val,56,458752
G4_20pSeventhHarmonic_chunk0_00057.png,20pSeventhHarmonic,G4_20pSeventhHarmonic.wav__chunk0,4,20pSeventhHarmonic,val,57,466944
G4_20pSeventhHarmonic_chunk0_00058.png,20pSeventhHarmonic,G4_20pSeventhHarmonic.wav__chunk0,4,20pSeventhHarmonic,val,58,475136
G4_20pSeventhHarmonic_chunk0_00059.png,20pSeventhHarmonic,G4_20pSeventhHarmonic.wav__chunk0,4,20pSeventhHarmonic,val,59,483328
G4_20pSeventhHarmonic_chunk0_00060.png,20pSeventhHarmonic,G4_20pSeventhHarmonic.wav__chunk0,4,20pSeventhHarmonic,val,60,491520
G4_20pSeventhHarmonic_chunk0_00061.png,20pSeventhHarmonic,G4_20pSeventhHarmonic.wav__chunk0,4,20pSeventhHarmonic,val,61,499712
G4_20pSeventhHarmonic_chunk0_00062.png,20pSeventhHarmonic,G4_20pSeventhHarmonic.wav__chunk0,4,20pSeventhHarmonic,val,62,507904
G4_20pSeventhHarmonic_chunk0_00063.png,20pSeventhHarmonic,G4_20pSeventhHarmonic.wav__chunk0,4,20pSeventhHarmonic,val,63,516096
G4_20pSeventhHarmonic_chunk0_00064.png,20pSeventhHarmonic,G4_20pSeventhHarmonic.wav__chunk0,4,20pSeventhHarmonic,val,64,524288
G4_20pSeventhHarmonic_chunk0_00065.png,20pSeventhHarmonic,G4_20pSeventhHarmonic.wav__chunk0,4,20pSeventhHarmonic,val,65,532480
G4_20pSeventhHarmonic_chunk0_00066.png,20pSeventhHarmonic,G4_20pSeventhHarmonic.wav__chunk0,4,20pSeventhHarmonic,val,66,540672
G4_20pSeventhHarmonic_chunk0_00067.png,20pSeventhHarmonic,G4_20pSeventhHarmonic.wav__chunk0,4,20pSeventhHarmonic,val,67,548864
G4_20pSeventhHarmonic_chunk0_00068.png,20pSeventhHarmonic,G4_20pSeventhHarmonic.wav__chunk0,4,20pSeventhHarmonic,val,68,557056
G4_20pSeventhHarmonic_chunk0_00069.png,20pSeventhHarmonic,G4_20pSeventhHarmonic.wav__chunk0,4,20pSeventhHarmonic,val,69,565248
G4_20pSeventhHarmonic_chunk0_00070.png,20pSeventhHarmonic,G4_20pSeventhHarmonic.wav__chunk0,4,20pSeventhHarmonic,val,70,573440
G4_20pSeventhHarmonic_chunk0_00071.png,20pSeventhHarmonic,G4_20pSeventhHarmonic.wav__chunk0,4,20pSeventhHarmonic,val,71,581632
G4_20pSeventhHarmonic_chunk0_00072.png,20pSeventhHarmonic,G4_20pSeventhHarmonic.wav__chunk0,4,20pSeventhHarmonic,val,72,589824
G4_20pSeventhHarmonic_chunk0_00073.png,20pSeventhHarmonic,G4_20pSeventhHarmonic.wav__chunk0,4,20pSeventhHarmonic,val,73,598016
G4_20pSeventhHarmonic_chunk0_00074.png,20pSeventhHarmonic,G4_20pSeventhHarmonic.wav__chunk0,4,20pSeventhHarmonic,val,74,606208
G4_20pSeventhHarmonic_chunk0_00075.png,20pSeventhHarmonic,G4_20pSeventhHarmonic.wav__chunk0,4,20pSeventhHarmonic,val,75,614400
G4_20pSeventhHarmonic_chunk0_00076.png,20pSeventhHarmonic,G4_20pSeventhHarmonic.wav__chunk0,4,20pSeventhHarmonic,val,76,622592
G4_20pSeventhHarmonic_chunk0_00077.png,20pSeventhHarmonic,G4_20pSeventhHarmonic.wav__chunk0,4,20pSeventhHarmonic,val,77,630784
G4_20pSeventhHarmonic_chunk0_00078.png,20pSeventhHarmonic,G4_20pSeventhHarmonic.wav__chunk0,4,20pSeventhHarmonic,val,78,638976
G4_20pSeventhHarmonic_chunk0_00079.png,20pSeventhHarmonic,G4_20pSeventhHarmonic.wav__chunk0,4,20pSeventhHarmonic,val,79,647168
G4_20pSeventhHarmonic_chunk0_00080.png,20pSeventhHarmonic,G4_20pSeventhHarmonic.wav__chunk0,4,20pSeventhHarmonic,val,80,655360
G4_20pSeventhHarmonic_chunk0_00081.png,20pSeventhHarmonic,G4_20pSeventhHarmonic.wav__chunk0,4,20pSeventhHarmonic,val,81,663552
G4_20pSeventhHarmonic_chunk0_00082.png,20pSeventhHarmonic,G4_20pSeventhHarmonic.wav__chunk0,4,20pSeventhHarmonic,val,82,671744
G4_20pSeventhHarmonic_chunk0_00083.png,20pSeventhHarmonic,G4_20pSeventhHarmonic.wav__chunk0,4,20pSeventhHarmonic,val,83,679936
G4_20pSeventhHarmonic_chunk0_00084.png,20pSeventhHarmonic,G4_20pSeventhHarmonic.wav__chunk0,4,20pSeventhHarmonic,val,84,688128
G4_20pSeventhHarmonic_chunk0_00085.png,20pSeventhHarmonic,G4_20pSeventhHarmonic.wav__chunk0,4,20pSeventhHarmonic,val,85,696320
G4_20pSeventhHarmonic_chunk0_00086.png,20pSeventhHarmonic,G4_20pSeventhHarmonic.wav__chunk0,4,20pSeventhHarmonic,val,86,704512
G4_20pSeventhHarmonic_chunk0_00087.png,20pSeventhHarmonic,G4_20pSeventhHarmonic.wav__chunk0,4,20pSeventhHarmonic,val,87,712704
G4_20pSeventhHarmonic_chunk0_00088.png,20pSeventhHarmonic,G4_20pSeventhHarmonic.wav__chunk0,4,20pSeventhHarmonic,val,88,720896
G4_20pSeventhHarmonic_chunk0_00089.png,20pSeventhHarmonic,G4_20pSeventhHarmonic.wav__chunk0,4,20pSeventhHarmonic,val,89,729088
G4_20pSeventhHarmonic_chunk0_00090.png,20pSeventhHarmonic,G4_20pSeventhHarmonic.wav__chunk0,4,20pSeventhHarmonic,val,90,737280
G4_20pSeventhHarmonic_chunk0_00091.png,20pSeventhHarmonic,G4_20pSeventhHarmonic.wav__chunk0,4,20pSeventhHarmonic,val,91,745472
G4_20pSeventhHarmonic_chunk0_00092.png,20pSeventhHarmonic,G4_20pSeventhHarmonic.wav__chunk0,4,20pSeventhHarmonic,val,92,753664
G4_20pSeventhHarmonic_chunk0_00093.png,20pSeventhHarmonic,G4_20pSeventhHarmonic.wav__chunk0,4,20pSeventhHarmonic,val,93,761856
G4_20pSeventhHarmonic_chunk0_00094.png,20pSeventhHarmonic,G4_20pSeventhHarmonic.wav__chunk0,4,20pSeventhHarmonic,val,94,770048
G4_20pSeventhHarmonic_chunk0_00095.png,20pSeventhHarmonic,G4_20pSeventhHarmonic.wav__chunk0,4,20pSeventhHarmonic,val,95,778240
G4_20pSeventhHarmonic_chunk0_00096.png,20pSeventhHarmonic,G4_20pSeventhHarmonic.wav__chunk0,4,20pSeventhHarmonic,val,96,786432
G4_20pSeventhHarmonic_chunk0_00097.png,20pSeventhHarmonic,G4_20pSeventhHarmonic.wav__chunk0,4,20pSeventhHarmonic,val,97,794624
G4_20pSeventhHarmonic_chunk0_00098.png,20pSeventhHarmonic,G4_20pSeventhHarmonic.wav__chunk0,4,20pSeventhHarmonic,val,98,802816
G4_20pSeventhHarmonic_chunk0_00099.png,20pSeventhHarmonic,G4_20pSeventhHarmonic.wav__chunk0,4,20pSeventhHarmonic,val,99,811008
G4_20pSeventhHarmonic_chunk0_00100.png,20pSeventhHarmonic,G4_20pSeventhHarmonic.wav__chunk0,4,20pSeventhHarmonic,val,100,819200
G4_20pSeventhHarmonic_chunk0_00101.png,20pSeventhHarmonic,G4_20pSeventhHarmonic.wav__chunk0,4,20pSeventhHarmonic,val,101,827392
G4_20pSeventhHarmonic_chunk0_00102.png,20pSeventhHarmonic,G4_20pSeventhHarmonic.wav__chunk0,4,20pSeventhHarmonic,val,102,835584
G4_20pSeventhHarmonic_chunk0_00103.png,20pSeventhHarmonic,G4_20pSeventhHarmonic.wav__chunk0,4,20pSeventhHarmonic,val,103,843776
G4_20pSeventhHarmonic_chunk0_00104.png,20pSeventhHarmonic,G4_20pSeventhHarmonic.wav__chunk0,4,20pSeventhHarmonic,val,104,851968
G4_20pSeventhHarmonic_chunk0_00105.png,20pSeventhHarmonic,G4_20pSeventhHarmonic.wav__chunk0,4,20pSeventhHarmonic,val,105,860160
G4_20pSeventhHarmonic_chunk0_00106.png,20pSeventhHarmonic,G4_20pSeventhHarmonic.wav__chunk0,4,20pSeventhHarmonic,val,106,868352
G4_20pSeventhHarmonic_chunk0_00107.png,20pSeventhHarmonic,G4_20pSeventhHarmonic.wav__chunk0,4,20pSeventhHarmonic,val,107,876544
G4_20pSeventhHarmonic_chunk0_00108.png,20pSeventhHarmonic,G4_20pSeventhHarmonic.wav__chunk0,4,20pSeventhHarmonic,val,108,884736
G4_20pSeventhHarmonic_chunk0_00109.png,20pSeventhHarmonic,G4_20pSeventhHarmonic.wav__chunk0,4,20pSeventhHarmonic,val,109,892928
G4_20pSeventhHarmonic_chunk0_00110.png,20pSeventhHarmonic,G4_20pSeventhHarmonic.wav__chunk0,4,20pSeventhHarmonic,val,110,901120
G4_20pSeventhHarmonic_chunk0_00111.png,20pSeventhHarmonic,G4_20pSeventhHarmonic.wav__chunk0,4,20pSeventhHarmonic,val,111,909312
G4_20pSeventhHarmonic_chunk0_00112.png,20pSeventhHarmonic,G4_20pSeventhHarmonic.wav__chunk0,4,20pSeventhHarmonic,val,112,917504
G4_20pSeventhHarmonic_chunk0_00113.png,20pSeventhHarmonic,G4_20pSeventhHarmonic.wav__chunk0,4,20pSeventhHarmonic,val,113,925696
G4_20pSeventhHarmonic_chunk0_00114.png,20pSeventhHarmonic,G4_20pSeventhHarmonic.wav__chunk0,4,20pSeventhHarmonic,val,114,933888
G4_20pSeventhHarmonic_chunk0_00115.png,20pSeventhHarmonic,G4_20pSeventhHarmonic.wav__chunk0,4,20pSeventhHarmonic,val,115,942080
G4_20pSeventhHarmonic_chunk0_00116.png,20pSeventhHarmonic,G4_20pSeventhHarmonic.wav__chunk0,4,20pSeventhHarmonic,val,116,950272
G4_20pSeventhHarmonic_chunk0_00117.png,20pSeventhHarmonic,G4_20pSeventhHarmonic.wav__chunk0,4,20pSeventhHarmonic,val,117,958464
G4_20pSeventhHarmonic_chunk0_00118.png,20pSeventhHarmonic,G4_20pSeventhHarmonic.wav__chunk0,4,20pSeventhHarmonic,val,118,966656
G4_20pSeventhHarmonic_chunk0_00119.png,20pSeventhHarmonic,G4_20pSeventhHarmonic.wav__chunk0,4,20pSeventhHarmonic,val,119,974848
G4_20pSeventhHarmonic_chunk0_00120.png,20pSeventhHarmonic,G4_20pSeventhHarmonic.wav__chunk0,4,20pSeventhHarmonic,val,120,983040
G4_20pSeventhHarmonic_chunk0_00121.png,20pSeventhHarmonic,G4_20pSeventhHarmonic.wav__chunk0,4,20pSeventhHarmonic,val,121,991232
G4_20pSeventhHarmonic_chunk0_00122.png,20pSeventhHarmonic,G4_20pSeventhHarmonic.wav__chunk0,4,20pSeventhHarmonic,val,122,999424
G4_20pSeventhHarmonic_chunk0_00123.png,20pSeventhHarmonic,G4_20pSeventhHarmonic.wav__chunk0,4,20pSeventhHarmonic,val,123,1007616
G4_20pSeventhHarmonic_chunk0_00124.png,20pSeventhHarmonic,G4_20pSeventhHarmonic.wav__chunk0,4,20pSeventhHarmonic,val,124,1015808
G4_20pSeventhHarmonic_chunk0_00125.png,20pSeventhHarmonic,G4_20pSeventhHarmonic.wav__chunk0,4,20pSeventhHarmonic,val,125,1024000
G4_20pSeventhHarmonic_chunk0_00126.png,20pSeventhHarmonic,G4_20pSeventhHarmonic.wav__chunk0,4,20pSeventhHarmonic,val,126,1032192
G4_20pSeventhHarmonic_chunk0_00127.png,20pSeventhHarmonic,G4_20pSeventhHarmonic.wav__chunk0,4,20pSeventhHarmonic,val,127,1040384
G4_20pSeventhHarmonic_chunk0_00128.png,20pSeventhHarmonic,G4_20pSeventhHarmonic.wav__chunk0,4,20pSeventhHarmonic,val,128,1048576
G4_20pSeventhHarmonic_chunk0_00129.png,20pSeventhHarmonic,G4_20pSeventhHarmonic.wav__chunk0,4,20pSeventhHarmonic,val,129,1056768
G4_20pSeventhHarmonic_chunk0_00130.png,20pSeventhHarmonic,G4_20pSeventhHarmonic.wav__chunk0,4,20pSeventhHarmonic,val,130,1064960
G4_20pSeventhHarmonic_chunk0_00131.png,20pSeventhHarmonic,G4_20pSeventhHarmonic.wav__chunk0,4,20pSeventhHarmonic,val,131,1073152
G4_20pSeventhHarmonic_chunk0_00132.png,20pSeventhHarmonic,G4_20pSeventhHarmonic.wav__chunk0,4,20pSeventhHarmonic,val,132,1081344
G4_20pSeventhHarmonic_chunk0_00133.png,20pSeventhHarmonic,G4_20pSeventhHarmonic.wav__chunk0,4,20pSeventhHarmonic,val,133,1089536
G4_20pThirdHarmonic_chunk1_00000.png,20pThirdHarmonic,G4_20pThirdHarmonic.wav__chunk1,4,20pThirdHarmonic,val,0,0
G4_20pThirdHarmonic_chunk1_00001.png,20pThirdHarmonic,G4_20pThirdHarmonic.wav__chunk1,4,20pThirdHarmonic,val,1,8192
G4_20pThirdHarmonic_chunk1_00002.png,20pThirdHarmonic,G4_20pThirdHarmonic.wav__chunk1,4,20pThirdHarmonic,val,2,16384
G4_20pThirdHarmonic_chunk1_00003.png,20pThirdHarmonic,G4_20pThirdHarmonic.wav__chunk1,4,20pThirdHarmonic,val,3,24576
G4_20pThirdHarmonic_chunk1_00004.png,20pThirdHarmonic,G4_20pThirdHarmonic.wav__chunk1,4,20pThirdHarmonic,val,4,32768
G4_20pThirdHarmonic_chunk1_00005.png,20pThirdHarmonic,G4_20pThirdHarmonic.wav__chunk1,4,20pThirdHarmonic,val,5,40960
G4_20pThirdHarmonic_chunk1_00006.png,20pThirdHarmonic,G4_20pThirdHarmonic.wav__chunk1,4,20pThirdHarmonic,val,6,49152
G4_20pThirdHarmonic_chunk1_00007.png,20pThirdHarmonic,G4_20pThirdHarmonic.wav__chunk1,4,20pThirdHarmonic,val,7,57344
G4_20pThirdHarmonic_chunk1_00008.png,20pThirdHarmonic,G4_20pThirdHarmonic.wav__chunk1,4,20pThirdHarmonic,val,8,65536
G4_20pThirdHarmonic_chunk1_00009.png,20pThirdHarmonic,G4_20pThirdHarmonic.wav__chunk1,4,20pThirdHarmonic,val,9,73728
G4_20pThirdHarmonic_chunk1_00010.png,20pThirdHarmonic,G4_20pThirdHarmonic.wav__chunk1,4,20pThirdHarmonic,val,10,81920
G4_20pThirdHarmonic_chunk1_00011.png,20pThirdHarmonic,G4_20pThirdHarmonic.wav__chunk1,4,20pThirdHarmonic,val,11,90112
G4_20pThirdHarmonic_chunk1_00012.png,20pThirdHarmonic,G4_20pThirdHarmonic.wav__chunk1,4,20pThirdHarmonic,val,12,98304
G4_20pThirdHarmonic_chunk1_00013.png,20pThirdHarmonic,G4_20pThirdHarmonic.wav__chunk1,4,20pThirdHarmonic,val,13,106496
G4_20pThirdHarmonic_chunk1_00014.png,20pThirdHarmonic,G4_20pThirdHarmonic.wav__chunk1,4,20pThirdHarmonic,val,14,114688
G4_20pThirdHarmonic_chunk1_00015.png,20pThirdHarmonic,G4_20pThirdHarmonic.wav__chunk1,4,20pThirdHarmonic,val,15,122880
G4_20pThirdHarmonic_chunk1_00016.png,20pThirdHarmonic,G4_20pThirdHarmonic.wav__chunk1,4,20pThirdHarmonic,val,16,131072
G4_20pThirdHarmonic_chunk1_00017.png,20pThirdHarmonic,G4_20pThirdHarmonic.wav__chunk1,4,20pThirdHarmonic,val,17,139264
G4_20pThirdHarmonic_chunk1_00018.png,20pThirdHarmonic,G4_20pThirdHarmonic.wav__chunk1,4,20pThirdHarmonic,val,18,147456
G4_20pThirdHarmonic_chunk1_00019.png,20pThirdHarmonic,G4_20pThirdHarmonic.wav__chunk1,4,20pThirdHarmonic,val,19,155648
G4_20pThirdHarmonic_chunk1_00020.png,20pThirdHarmonic,G4_20pThirdHarmonic.wav__chunk1,4,20pThirdHarmonic,val,20,163840
G4_20pThirdHarmonic_chunk1_00021.png,20pThirdHarmonic,G4_20pThirdHarmonic.wav__chunk1,4,20pThirdHarmonic,val,21,172032
G4_20pThirdHarmonic_chunk1_00022.png,20pThirdHarmonic,G4_20pThirdHarmonic.wav__chunk1,4,20pThirdHarmonic,val,22,180224
G4_20pThirdHarmonic_chunk1_00023.png,20pThirdHarmonic,G4_20pThirdHarmonic.wav__chunk1,4,20pThirdHarmonic,val,23,188416
G4_20pThirdHarmonic_chunk1_00024.png,20pThirdHarmonic,G4_20pThirdHarmonic.wav__chunk1,4,20pThirdHarmonic,val,24,196608
G4_20pThirdHarmonic_chunk1_00025.png,20pThirdHarmonic,G4_20pThirdHarmonic.wav__chunk1,4,20pThirdHarmonic,val,25,204800
G4_20pThirdHarmonic_chunk1_00026.png,20pThirdHarmonic,G4_20pThirdHarmonic.wav__chunk1,4,20pThirdHarmonic,val,26,212992
G4_20pThirdHarmonic_chunk1_00027.png,20pThirdHarmonic,G4_20pThirdHarmonic.wav__chunk1,4,20pThirdHarmonic,val,27,221184
G4_20pThirdHarmonic_chunk1_00028.png,20pThirdHarmonic,G4_20pThirdHarmonic.wav__chunk1,4,20pThirdHarmonic,val,28,229376
G4_20pThirdHarmonic_chunk1_00029.png,20pThirdHarmonic,G4_20pThirdHarmonic.wav__chunk1,4,20pThirdHarmonic,val,29,237568
G4_20pThirdHarmonic_chunk1_00030.png,20pThirdHarmonic,G4_20pThirdHarmonic.wav__chunk1,4,20pThirdHarmonic,val,30,245760
G4_20pThirdHarmonic_chunk1_00031.png,20pThirdHarmonic,G4_20pThirdHarmonic.wav__chunk1,4,20pThirdHarmonic,val,31,253952
G4_20pThirdHarmonic_chunk1_00032.png,20pThirdHarmonic,G4_20pThirdHarmonic.wav__chunk1,4,20pThirdHarmonic,val,32,262144
G4_20pThirdHarmonic_chunk1_00033.png,20pThirdHarmonic,G4_20pThirdHarmonic.wav__chunk1,4,20pThirdHarmonic,val,33,270336
G4_20pThirdHarmonic_chunk1_00034.png,20pThirdHarmonic,G4_20pThirdHarmonic.wav__chunk1,4,20pThirdHarmonic,val,34,278528
G4_20pThirdHarmonic_chunk1_00035.png,20pThirdHarmonic,G4_20pThirdHarmonic.wav__chunk1,4,20pThirdHarmonic,val,35,286720
G4_20pThirdHarmonic_chunk1_00036.png,20pThirdHarmonic,G4_20pThirdHarmonic.wav__chunk1,4,20pThirdHarmonic,val,36,294912
G4_20pThirdHarmonic_chunk1_00037.png,20pThirdHarmonic,G4_20pThirdHarmonic.wav__chunk1,4,20pThirdHarmonic,val,37,303104
G4_20pThirdHarmonic_chunk1_00038.png,20pThirdHarmonic,G4_20pThirdHarmonic.wav__chunk1,4,20pThirdHarmonic,val,38,311296
G4_20pThirdHarmonic_chunk1_00039.png,20pThirdHarmonic,G4_20pThirdHarmonic.wav__chunk1,4,20pThirdHarmonic,val,39,319488
G4_20pThirdHarmonic_chunk1_00040.png,20pThirdHarmonic,G4_20pThirdHarmonic.wav__chunk1,4,20pThirdHarmonic,val,40,327680
G4_20pThirdHarmonic_chunk1_00041.png,20pThirdHarmonic,G4_20pThirdHarmonic.wav__chunk1,4,20pThirdHarmonic,val,41,335872
G4_20pThirdHarmonic_chunk1_00042.png,20pThirdHarmonic,G4_20pThirdHarmonic.wav__chunk1,4,20pThirdHarmonic,val,42,344064
G4_20pThirdHarmonic_chunk1_00043.png,20pThirdHarmonic,G4_20pThirdHarmonic.wav__chunk1,4,20pThirdHarmonic,val,43,352256
G4_20pThirdHarmonic_chunk1_00044.png,20pThirdHarmonic,G4_20pThirdHarmonic.wav__chunk1,4,20pThirdHarmonic,val,44,360448
G4_20pThirdHarmonic_chunk1_00045.png,20pThirdHarmonic,G4_20pThirdHarmonic.wav__chunk1,4,20pThirdHarmonic,val,45,368640
G4_20pThirdHarmonic_chunk1_00046.png,20pThirdHarmonic,G4_20pThirdHarmonic.wav__chunk1,4,20pThirdHarmonic,val,46,376832
G4_20pThirdHarmonic_chunk1_00047.png,20pThirdHarmonic,G4_20pThirdHarmonic.wav__chunk1,4,20pThirdHarmonic,val,47,385024
G4_20pThirdHarmonic_chunk1_00048.png,20pThirdHarmonic,G4_20pThirdHarmonic.wav__chunk1,4,20pThirdHarmonic,val,48,393216
G4_20pThirdHarmonic_chunk1_00049.png,20pThirdHarmonic,G4_20pThirdHarmonic.wav__chunk1,4,20pThirdHarmonic,val,49,401408
G4_20pThirdHarmonic_chunk1_00050.png,20pThirdHarmonic,G4_20pThirdHarmonic.wav__chunk1,4,20pThirdHarmonic,val,50,409600
G4_20pThirdHarmonic_chunk1_00051.png,20pThirdHarmonic,G4_20pThirdHarmonic.wav__chunk1,4,20pThirdHarmonic,val,51,417792
G4_20pThirdHarmonic_chunk1_00052.png,20pThirdHarmonic,G4_20pThirdHarmonic.wav__chunk1,4,20pThirdHarmonic,val,52,425984
G4_20pThirdHarmonic_chunk1_00053.png,20pThirdHarmonic,G4_20pThirdHarmonic.wav__chunk1,4,20pThirdHarmonic,val,53,434176
G4_20pThirdHarmonic_chunk1_00054.png,20pThirdHarmonic,G4_20pThirdHarmonic.wav__chunk1,4,20pThirdHarmonic,val,54,442368
G4_20pThirdHarmonic_chunk1_00055.png,20pThirdHarmonic,G4_20pThirdHarmonic.wav__chunk1,4,20pThirdHarmonic,val,55,450560
G4_20pThirdHarmonic_chunk1_00056.png,20pThirdHarmonic,G4_20pThirdHarmonic.wav__chunk1,4,20pThirdHarmonic,val,56,458752
G4_20pThirdHarmonic_chunk1_00057.png,20pThirdHarmonic,G4_20pThirdHarmonic.wav__chunk1,4,20pThirdHarmonic,val,57,466944
G4_20pThirdHarmonic_chunk1_00058.png,20pThirdHarmonic,G4_20pThirdHarmonic.wav__chunk1,4,20pThirdHarmonic,val,58,475136
G4_20pThirdHarmonic_chunk1_00059.png,20pThirdHarmonic,G4_20pThirdHarmonic.wav__chunk1,4,20pThirdHarmonic,val,59,483328
G4_20pThirdHarmonic_chunk1_00060.png,20pThirdHarmonic,G4_20pThirdHarmonic.wav__chunk1,4,20pThirdHarmonic,val,60,491520
G4_20pThirdHarmonic_chunk1_00061.png,20pThirdHarmonic,G4_20pThirdHarmonic.wav__chunk1,4,20pThirdHarmonic,val,61,499712
G4_20pThirdHarmonic_chunk1_00062.png,20pThirdHarmonic,G4_20pThirdHarmonic.wav__chunk1,4,20pThirdHarmonic,val,62,507904
G4_20pThirdHarmonic_chunk1_00063.png,20pThirdHarmonic,G4_20pThirdHarmonic.wav__chunk1,4,20pThirdHarmonic,val,63,516096
G4_20pThirdHarmonic_chunk1_00064.png,20pThirdHarmonic,G4_20pThirdHarmonic.wav__chunk1,4,20pThirdHarmonic,val,64,524288
G4_20pThirdHarmonic_chunk1_00065.png,20pThirdHarmonic,G4_20pThirdHarmonic.wav__chunk1,4,20pThirdHarmonic,val,65,532480
G4_20pThirdHarmonic_chunk1_00066.png,20pThirdHarmonic,G4_20pThirdHarmonic.wav__chunk1,4,20pThirdHarmonic,val,66,540672
G4_20pThirdHarmonic_chunk1_00067.png,20pThirdHarmonic,G4_20pThirdHarmonic.wav__chunk1,4,20pThirdHarmonic,val,67,548864
G4_20pThirdHarmonic_chunk1_00068.png,20pThirdHarmonic,G4_20pThirdHarmonic.wav__chunk1,4,20pThirdHarmonic,val,68,557056
G4_20pThirdHarmonic_chunk1_00069.png,20pThirdHarmonic,G4_20pThirdHarmonic.wav__chunk1,4,20pThirdHarmonic,val,69,565248
G4_20pThirdHarmonic_chunk1_00070.png,20pThirdHarmonic,G4_20pThirdHarmonic.wav__chunk1,4,20pThirdHarmonic,val,70,573440
G4_20pThirdHarmonic_chunk1_00071.png,20pThirdHarmonic,G4_20pThirdHarmonic.wav__chunk1,4,20pThirdHarmonic,val,71,581632
G4_20pThirdHarmonic_chunk1_00072.png,20pThirdHarmonic,G4_20pThirdHarmonic.wav__chunk1,4,20pThirdHarmonic,val,72,589824
G4_20pThirdHarmonic_chunk1_00073.png,20pThirdHarmonic,G4_20pThirdHarmonic.wav__chunk1,4,20pThirdHarmonic,val,73,598016
G4_20pThirdHarmonic_chunk1_00074.png,20pThirdHarmonic,G4_20pThirdHarmonic.wav__chunk1,4,20pThirdHarmonic,val,74,606208
G4_20pThirdHarmonic_chunk1_00075.png,20pThirdHarmonic,G4_20pThirdHarmonic.wav__chunk1,4,20pThirdHarmonic,val,75,614400
G4_20pThirdHarmonic_chunk1_00076.png,20pThirdHarmonic,G4_20pThirdHarmonic.wav__chunk1,4,20pThirdHarmonic,val,76,622592
G4_20pThirdHarmonic_chunk1_00077.png,20pThirdHarmonic,G4_20pThirdHarmonic.wav__chunk1,4,20pThirdHarmonic,val,77,630784
G4_20pThirdHarmonic_chunk1_00078.png,20pThirdHarmonic,G4_20pThirdHarmonic.wav__chunk1,4,20pThirdHarmonic,val,78,638976
G4_20pThirdHarmonic_chunk1_00079.png,20pThirdHarmonic,G4_20pThirdHarmonic.wav__chunk1,4,20pThirdHarmonic,val,79,647168
G4_20pThirdHarmonic_chunk1_00080.png,20pThirdHarmonic,G4_20pThirdHarmonic.wav__chunk1,4,20pThirdHarmonic,val,80,655360
G4_20pThirdHarmonic_chunk1_00081.png,20pThirdHarmonic,G4_20pThirdHarmonic.wav__chunk1,4,20pThirdHarmonic,val,81,663552
G4_20pThirdHarmonic_chunk1_00082.png,20pThirdHarmonic,G4_20pThirdHarmonic.wav__chunk1,4,20pThirdHarmonic,val,82,671744
G4_20pThirdHarmonic_chunk1_00083.png,20pThirdHarmonic,G4_20pThirdHarmonic.wav__chunk1,4,20pThirdHarmonic,val,83,679936
G4_20pThirdHarmonic_chunk1_00084.png,20pThirdHarmonic,G4_20pThirdHarmonic.wav__chunk1,4,20pThirdHarmonic,val,84,688128
G4_20pThirdHarmonic_chunk1_00085.png,20pThirdHarmonic,G4_20pThirdHarmonic.wav__chunk1,4,20pThirdHarmonic,val,85,696320
G4_20pThirdHarmonic_chunk1_00086.png,20pThirdHarmonic,G4_20pThirdHarmonic.wav__chunk1,4,20pThirdHarmonic,val,86,704512
G4_20pThirdHarmonic_chunk1_00087.png,20pThirdHarmonic,G4_20pThirdHarmonic.wav__chunk1,4,20pThirdHarmonic,val,87,712704
G4_20pThirdHarmonic_chunk1_00088.png,20pThirdHarmonic,G4_20pThirdHarmonic.wav__chunk1,4,20pThirdHarmonic,val,88,720896
G4_20pThirdHarmonic_chunk1_00089.png,20pThirdHarmonic,G4_20pThirdHarmonic.wav__chunk1,4,20pThirdHarmonic,val,89,729088
G4_20pThirdHarmonic_chunk1_00090.png,20pThirdHarmonic,G4_20pThirdHarmonic.wav__chunk1,4,20pThirdHarmonic,val,90,737280
G4_20pThirdHarmonic_chunk1_00091.png,20pThirdHarmonic,G4_20pThirdHarmonic.wav__chunk1,4,20pThirdHarmonic,val,91,745472
G4_20pThirdHarmonic_chunk1_00092.png,20pThirdHarmonic,G4_20pThirdHarmonic.wav__chunk1,4,20pThirdHarmonic,val,92,753664
G4_20pThirdHarmonic_chunk1_00093.png,20pThirdHarmonic,G4_20pThirdHarmonic.wav__chunk1,4,20pThirdHarmonic,val,93,761856
G4_20pThirdHarmonic_chunk1_00094.png,20pThirdHarmonic,G4_20pThirdHarmonic.wav__chunk1,4,20pThirdHarmonic,val,94,770048
G4_20pThirdHarmonic_chunk1_00095.png,20pThirdHarmonic,G4_20pThirdHarmonic.wav__chunk1,4,20pThirdHarmonic,val,95,778240
G4_20pThirdHarmonic_chunk1_00096.png,20pThirdHarmonic,G4_20pThirdHarmonic.wav__chunk1,4,20pThirdHarmonic,val,96,786432
G4_20pThirdHarmonic_chunk1_00097.png,20pThirdHarmonic,G4_20pThirdHarmonic.wav__chunk1,4,20pThirdHarmonic,val,97,794624
G4_20pThirdHarmonic_chunk1_00098.png,20pThirdHarmonic,G4_20pThirdHarmonic.wav__chunk1,4,20pThirdHarmonic,val,98,802816
G4_20pThirdHarmonic_chunk1_00099.png,20pThirdHarmonic,G4_20pThirdHarmonic.wav__chunk1,4,20pThirdHarmonic,val,99,811008
G4_20pThirdHarmonic_chunk1_00100.png,20pThirdHarmonic,G4_20pThirdHarmonic.wav__chunk1,4,20pThirdHarmonic,val,100,819200
G4_20pThirdHarmonic_chunk1_00101.png,20pThirdHarmonic,G4_20pThirdHarmonic.wav__chunk1,4,20pThirdHarmonic,val,101,827392
G4_20pThirdHarmonic_chunk1_00102.png,20pThirdHarmonic,G4_20pThirdHarmonic.wav__chunk1,4,20pThirdHarmonic,val,102,835584
G4_20pThirdHarmonic_chunk1_00103.png,20pThirdHarmonic,G4_20pThirdHarmonic.wav__chunk1,4,20pThirdHarmonic,val,103,843776
G4_20pThirdHarmonic_chunk1_00104.png,20pThirdHarmonic,G4_20pThirdHarmonic.wav__chunk1,4,20pThirdHarmonic,val,104,851968
G4_20pThirdHarmonic_chunk1_00105.png,20pThirdHarmonic,G4_20pThirdHarmonic.wav__chunk1,4,20pThirdHarmonic,val,105,860160
G4_20pThirdHarmonic_chunk1_00106.png,20pThirdHarmonic,G4_20pThirdHarmonic.wav__chunk1,4,20pThirdHarmonic,val,106,868352
G4_20pThirdHarmonic_chunk1_00107.png,20pThirdHarmonic,G4_20pThirdHarmonic.wav__chunk1,4,20pThirdHarmonic,val,107,876544
G4_20pThirdHarmonic_chunk1_00108.png,20pThirdHarmonic,G4_20pThirdHarmonic.wav__chunk1,4,20pThirdHarmonic,val,108,884736
G4_20pThirdHarmonic_chunk1_00109.png,20pThirdHarmonic,G4_20pThirdHarmonic.wav__chunk1,4,20pThirdHarmonic,val,109,892928
G4_20pThirdHarmonic_chunk1_00110.png,20pThirdHarmonic,G4_20pThirdHarmonic.wav__chunk1,4,20pThirdHarmonic,val,110,901120
G4_20pThirdHarmonic_chunk1_00111.png,20pThirdHarmonic,G4_20pThirdHarmonic.wav__chunk1,4,20pThirdHarmonic,val,111,909312
G4_20pThirdHarmonic_chunk1_00112.png,20pThirdHarmonic,G4_20pThirdHarmonic.wav__chunk1,4,20pThirdHarmonic,val,112,917504
G4_20pThirdHarmonic_chunk1_00113.png,20pThirdHarmonic,G4_20pThirdHarmonic.wav__chunk1,4,20pThirdHarmonic,val,113,925696
G4_20pThirdHarmonic_chunk1_00114.png,20pThirdHarmonic,G4_20pThirdHarmonic.wav__chunk1,4,20pThirdHarmonic,val,114,933888
G4_20pThirdHarmonic_chunk1_00115.png,20pThirdHarmonic,G4_20pThirdHarmonic.wav__chunk1,4,20pThirdHarmonic,val,115,942080
G4_20pThirdHarmonic_chunk1_00116.png,20pThirdHarmonic,G4_20pThirdHarmonic.wav__chunk1,4,20pThirdHarmonic,val,116,950272
G4_20pThirdHarmonic_chunk1_00117.png,20pThirdHarmonic,G4_20pThirdHarmonic.wav__chunk1,4,20pThirdHarmonic,val,117,958464
G4_20pThirdHarmonic_chunk1_00118.png,20pThirdHarmonic,G4_20pThirdHarmonic.wav__chunk1,4,20pThirdHarmonic,val,118,966656
G4_20pThirdHarmonic_chunk1_00119.png,20pThirdHarmonic,G4_20pThirdHarmonic.wav__chunk1,4,20pThirdHarmonic,val,119,974848
G4_20pThirdHarmonic_chunk1_00120.png,20pThirdHarmonic,G4_20pThirdHarmonic.wav__chunk1,4,20pThirdHarmonic,val,120,983040
G4_20pThirdHarmonic_chunk1_00121.png,20pThirdHarmonic,G4_20pThirdHarmonic.wav__chunk1,4,20pThirdHarmonic,val,121,991232
G4_20pThirdHarmonic_chunk1_00122.png,20pThirdHarmonic,G4_20pThirdHarmonic.wav__chunk1,4,20pThirdHarmonic,val,122,999424
G4_20pThirdHarmonic_chunk1_00123.png,20pThirdHarmonic,G4_20pThirdHarmonic.wav__chunk1,4,20pThirdHarmonic,val,123,1007616
G4_20pThirdHarmonic_chunk1_00124.png,20pThirdHarmonic,G4_20pThirdHarmonic.wav__chunk1,4,20pThirdHarmonic,val,124,1015808
G4_20pThirdHarmonic_chunk1_00125.png,20pThirdHarmonic,G4_20pThirdHarmonic.wav__chunk1,4,20pThirdHarmonic,val,125,1024000
G4_20pThirdHarmonic_chunk1_00126.png,20pThirdHarmonic,G4_20pThirdHarmonic.wav__chunk1,4,20pThirdHarmonic,val,126,1032192
G4_20pThirdHarmonic_chunk1_00127.png,20pThirdHarmonic,G4_20pThirdHarmonic.wav__chunk1,4,20pThirdHarmonic,val,127,1040384
G4_20pThirdHarmonic_chunk1_00128.png,20pThirdHarmonic,G4_20pThirdHarmonic.wav__chunk1,4,20pThirdHarmonic,val,128,1048576
G4_20pThirdHarmonic_chunk1_00129.png,20pThirdHarmonic,G4_20pThirdHarmonic.wav__chunk1,4,20pThirdHarmonic,val,129,1056768
G4_20pThirdHarmonic_chunk1_00130.png,20pThirdHarmonic,G4_20pThirdHarmonic.wav__chunk1,4,20pThirdHarmonic,val,130,1064960
G4_20pThirdHarmonic_chunk1_00131.png,20pThirdHarmonic,G4_20pThirdHarmonic.wav__chunk1,4,20pThirdHarmonic,val,131,1073152
G4_20pThirdHarmonic_chunk1_00132.png,20pThirdHarmonic,G4_20pThirdHarmonic.wav__chunk1,4,20pThirdHarmonic,val,132,1081344
G4_20pThirdHarmonic_chunk1_00133.png,20pThirdHarmonic,G4_20pThirdHarmonic.wav__chunk1,4,20pThirdHarmonic,val,133,1089536
G4_20pThirdHarmonic_chunk1_00134.png,20pThirdHarmonic,G4_20pThirdHarmonic.wav__chunk1,4,20pThirdHarmonic,val,134,1097728
G4_20pThirdHarmonic_chunk1_00135.png,20pThirdHarmonic,G4_20pThirdHarmonic.wav__chunk1,4,20pThirdHarmonic,val,135,1105920
G4_20pThirdHarmonic_chunk1_00136.png,20pThirdHarmonic,G4_20pThirdHarmonic.wav__chunk1,4,20pThirdHarmonic,val,136,1114112
G4_20pThirdHarmonic_chunk1_00137.png,20pThirdHarmonic,G4_20pThirdHarmonic.wav__chunk1,4,20pThirdHarmonic,val,137,1122304
G4_20pThirdHarmonic_chunk1_00138.png,20pThirdHarmonic,G4_20pThirdHarmonic.wav__chunk1,4,20pThirdHarmonic,val,138,1130496
G4_20pThirdHarmonic_chunk1_00139.png,20pThirdHarmonic,G4_20pThirdHarmonic.wav__chunk1,4,20pThirdHarmonic,val,139,1138688
G4_20pThirdHarmonic_chunk1_00140.png,20pThirdHarmonic,G4_20pThirdHarmonic.wav__chunk1,4,20pThirdHarmonic,val,140,1146880
G4_20pThirdHarmonic_chunk1_00141.png,20pThirdHarmonic,G4_20pThirdHarmonic.wav__chunk1,4,20pThirdHarmonic,val,141,1155072
G4_20pThirdHarmonic_chunk1_00142.png,20pThirdHarmonic,G4_20pThirdHarmonic.wav__chunk1,4,20pThirdHarmonic,val,142,1163264
G4_20pThirdHarmonic_chunk1_00143.png,20pThirdHarmonic,G4_20pThirdHarmonic.wav__chunk1,4,20pThirdHarmonic,val,143,1171456
G4_20pThirdHarmonic_chunk1_00144.png,20pThirdHarmonic,G4_20pThirdHarmonic.wav__chunk1,4,20pThirdHarmonic,val,144,1179648
G4_20pThirdHarmonic_chunk1_00145.png,20pThirdHarmonic,G4_20pThirdHarmonic.wav__chunk1,4,20pThirdHarmonic,val,145,1187840
G4_20pThirdHarmonic_chunk1_00146.png,20pThirdHarmonic,G4_20pThirdHarmonic.wav__chunk1,4,20pThirdHarmonic,val,146,1196032
G4_20pThirdHarmonic_chunk1_00147.png,20pThirdHarmonic,G4_20pThirdHarmonic.wav__chunk1,4,20pThirdHarmonic,val,147,1204224
G4_20pThirdHarmonic_chunk1_00148.png,20pThirdHarmonic,G4_20pThirdHarmonic.wav__chunk1,4,20pThirdHarmonic,val,148,1212416
G4_20pThirdHarmonic_chunk1_00149.png,20pThirdHarmonic,G4_20pThirdHarmonic.wav__chunk1,4,20pThirdHarmonic,val,149,1220608
G4_20pThirdHarmonic_chunk1_00150.png,20pThirdHarmonic,G4_20pThirdHarmonic.wav__chunk1,4,20pThirdHarmonic,val,150,1228800
G4_20pThirdHarmonic_chunk1_00151.png,20pThirdHarmonic,G4_20pThirdHarmonic.wav__chunk1,4,20pThirdHarmonic,val,151,1236992
G4_20pThirdHarmonic_chunk1_00152.png,20pThirdHarmonic,G4_20pThirdHarmonic.wav__chunk1,4,20pThirdHarmonic,val,152,1245184
G4_20pThirdHarmonic_chunk1_00153.png,20pThirdHarmonic,G4_20pThirdHarmonic.wav__chunk1,4,20pThirdHarmonic,val,153,1253376
G4_20pThirdHarmonic_chunk1_00154.png,20pThirdHarmonic,G4_20pThirdHarmonic.wav__chunk1,4,20pThirdHarmonic,val,154,1261568
G4_20pThirdHarmonic_chunk1_00155.png,20pThirdHarmonic,G4_20pThirdHarmonic.wav__chunk1,4,20pThirdHarmonic,val,155,1269760
G4_20pThirdHarmonic_chunk1_00156.png,20pThirdHarmonic,G4_20pThirdHarmonic.wav__chunk1,4,20pThirdHarmonic,val,156,1277952
G4_20pThirdHarmonic_chunk1_00157.png,20pThirdHarmonic,G4_20pThirdHarmonic.wav__chunk1,4,20pThirdHarmonic,val,157,1286144
G4_20pThirdHarmonic_chunk1_00158.png,20pThirdHarmonic,G4_20pThirdHarmonic.wav__chunk1,4,20pThirdHarmonic,val,158,1294336
G4_20pThirdHarmonic_chunk1_00159.png,20pThirdHarmonic,G4_20pThirdHarmonic.wav__chunk1,4,20pThirdHarmonic,val,159,1302528
G4_20pThirdHarmonic_chunk1_00160.png,20pThirdHarmonic,G4_20pThirdHarmonic.wav__chunk1,4,20pThirdHarmonic,val,160,1310720
G3_30pFifthHarmonic_00000.png,30pFifthHarmonic,G3_30pFifthHarmonic.wav,3,30pFifthHarmonic,val,0,0
G3_30pFifthHarmonic_00001.png,30pFifthHarmonic,G3_30pFifthHarmonic.wav,3,30pFifthHarmonic,val,1,8192
G3_30pFifthHarmonic_00002.png,30pFifthHarmonic,G3_30pFifthHarmonic.wav,3,30pFifthHarmonic,val,2,16384
G3_30pFifthHarmonic_00003.png,30pFifthHarmonic,G3_30pFifthHarmonic.wav,3,30pFifthHarmonic,val,3,24576
G3_30pFifthHarmonic_00004.png,30pFifthHarmonic,G3_30pFifthHarmonic.wav,3,30pFifthHarmonic,val,4,32768
G3_30pFifthHarmonic_00005.png,30pFifthHarmonic,G3_30pFifthHarmonic.wav,3,30pFifthHarmonic,val,5,40960
G3_30pFifthHarmonic_00006.png,30pFifthHarmonic,G3_30pFifthHarmonic.wav,3,30pFifthHarmonic,val,6,49152
G3_30pFifthHarmonic_00007.png,30pFifthHarmonic,G3_30pFifthHarmonic.wav,3,30pFifthHarmonic,val,7,57344
G3_30pFifthHarmonic_00008.png,30pFifthHarmonic,G3_30pFifthHarmonic.wav,3,30pFifthHarmonic,val,8,65536
G3_30pFifthHarmonic_00009.png,30pFifthHarmonic,G3_30pFifthHarmonic.wav,3,30pFifthHarmonic,val,9,73728
G3_30pFifthHarmonic_00010.png,30pFifthHarmonic,G3_30pFifthHarmonic.wav,3,30pFifthHarmonic,val,10,81920
G3_30pFifthHarmonic_00011.png,30pFifthHarmonic,G3_30pFifthHarmonic.wav,3,30pFifthHarmonic,val,11,90112
G3_30pFifthHarmonic_00012.png,30pFifthHarmonic,G3_30pFifthHarmonic.wav,3,30pFifthHarmonic,val,12,98304
G3_30pFifthHarmonic_00013.png,30pFifthHarmonic,G3_30pFifthHarmonic.wav,3,30pFifthHarmonic,val,13,106496
G3_30pFifthHarmonic_00014.png,30pFifthHarmonic,G3_30pFifthHarmonic.wav,3,30pFifthHarmonic,val,14,114688
G3_30pFifthHarmonic_00015.png,30pFifthHarmonic,G3_30pFifthHarmonic.wav,3,30pFifthHarmonic,val,15,122880
G3_30pFifthHarmonic_00016.png,30pFifthHarmonic,G3_30pFifthHarmonic.wav,3,30pFifthHarmonic,val,16,131072
G3_30pFifthHarmonic_00017.png,30pFifthHarmonic,G3_30pFifthHarmonic.wav,3,30pFifthHarmonic,val,17,139264
G3_30pFifthHarmonic_00018.png,30pFifthHarmonic,G3_30pFifthHarmonic.wav,3,30pFifthHarmonic,val,18,147456
G3_30pFifthHarmonic_00019.png,30pFifthHarmonic,G3_30pFifthHarmonic.wav,3,30pFifthHarmonic,val,19,155648
G3_30pFifthHarmonic_00020.png,30pFifthHarmonic,G3_30pFifthHarmonic.wav,3,30pFifthHarmonic,val,20,163840
G3_30pFifthHarmonic_00021.png,30pFifthHarmonic,G3_30pFifthHarmonic.wav,3,30pFifthHarmonic,val,21,172032
G3_30pFifthHarmonic_00022.png,30pFifthHarmonic,G3_30pFifthHarmonic.wav,3,30pFifthHarmonic,val,22,180224
G3_30pFifthHarmonic_00023.png,30pFifthHarmonic,G3_30pFifthHarmonic.wav,3,30pFifthHarmonic,val,23,188416
G3_30pFifthHarmonic_00024.png,30pFifthHarmonic,G3_30pFifthHarmonic.wav,3,30pFifthHarmonic,val,24,196608
G3_30pFifthHarmonic_00025.png,30pFifthHarmonic,G3_30pFifthHarmonic.wav,3,30pFifthHarmonic,val,25,204800
G3_30pFifthHarmonic_00026.png,30pFifthHarmonic,G3_30pFifthHarmonic.wav,3,30pFifthHarmonic,val,26,212992
G3_30pFifthHarmonic_00027.png,30pFifthHarmonic,G3_30pFifthHarmonic.wav,3,30pFifthHarmonic,val,27,221184
G3_30pFifthHarmonic_00028.png,30pFifthHarmonic,G3_30pFifthHarmonic.wav,3,30pFifthHarmonic,val,28,229376
G3_30pFifthHarmonic_00029.png,30pFifthHarmonic,G3_30pFifthHarmonic.wav,3,30pFifthHarmonic,val,29,237568
G3_30pFifthHarmonic_00030.png,30pFifthHarmonic,G3_30pFifthHarmonic.wav,3,30pFifthHarmonic,val,30,245760
G3_30pFifthHarmonic_00031.png,30pFifthHarmonic,G3_30pFifthHarmonic.wav,3,30pFifthHarmonic,val,31,253952
G3_30pFifthHarmonic_00032.png,30pFifthHarmonic,G3_30pFifthHarmonic.wav,3,30pFifthHarmonic,val,32,262144
G3_30pFifthHarmonic_00033.png,30pFifthHarmonic,G3_30pFifthHarmonic.wav,3,30pFifthHarmonic,val,33,270336
G3_30pFifthHarmonic_00034.png,30pFifthHarmonic,G3_30pFifthHarmonic.wav,3,30pFifthHarmonic,val,34,278528
G3_30pFifthHarmonic_00035.png,30pFifthHarmonic,G3_30pFifthHarmonic.wav,3,30pFifthHarmonic,val,35,286720
G3_30pFifthHarmonic_00036.png,30pFifthHarmonic,G3_30pFifthHarmonic.wav,3,30pFifthHarmonic,val,36,294912
G3_30pFifthHarmonic_00037.png,30pFifthHarmonic,G3_30pFifthHarmonic.wav,3,30pFifthHarmonic,val,37,303104
G3_30pFifthHarmonic_00038.png,30pFifthHarmonic,G3_30pFifthHarmonic.wav,3,30pFifthHarmonic,val,38,311296
G3_30pFifthHarmonic_00039.png,30pFifthHarmonic,G3_30pFifthHarmonic.wav,3,30pFifthHarmonic,val,39,319488
G3_30pFifthHarmonic_00040.png,30pFifthHarmonic,G3_30pFifthHarmonic.wav,3,30pFifthHarmonic,val,40,327680
G3_30pFifthHarmonic_00041.png,30pFifthHarmonic,G3_30pFifthHarmonic.wav,3,30pFifthHarmonic,val,41,335872
G3_30pFifthHarmonic_00042.png,30pFifthHarmonic,G3_30pFifthHarmonic.wav,3,30pFifthHarmonic,val,42,344064
G3_30pFifthHarmonic_00043.png,30pFifthHarmonic,G3_30pFifthHarmonic.wav,3,30pFifthHarmonic,val,43,352256
G3_30pFifthHarmonic_00044.png,30pFifthHarmonic,G3_30pFifthHarmonic.wav,3,30pFifthHarmonic,val,44,360448
G3_30pFifthHarmonic_00045.png,30pFifthHarmonic,G3_30pFifthHarmonic.wav,3,30pFifthHarmonic,val,45,368640
G3_30pFifthHarmonic_00046.png,30pFifthHarmonic,G3_30pFifthHarmonic.wav,3,30pFifthHarmonic,val,46,376832
G3_30pFifthHarmonic_00047.png,30pFifthHarmonic,G3_30pFifthHarmonic.wav,3,30pFifthHarmonic,val,47,385024
G3_30pFifthHarmonic_00048.png,30pFifthHarmonic,G3_30pFifthHarmonic.wav,3,30pFifthHarmonic,val,48,393216
G3_30pFifthHarmonic_00049.png,30pFifthHarmonic,G3_30pFifthHarmonic.wav,3,30pFifthHarmonic,val,49,401408
G3_30pFifthHarmonic_00050.png,30pFifthHarmonic,G3_30pFifthHarmonic.wav,3,30pFifthHarmonic,val,50,409600
G3_30pFifthHarmonic_00051.png,30pFifthHarmonic,G3_30pFifthHarmonic.wav,3,30pFifthHarmonic,val,51,417792
G3_30pFifthHarmonic_00052.png,30pFifthHarmonic,G3_30pFifthHarmonic.wav,3,30pFifthHarmonic,val,52,425984
G3_30pFifthHarmonic_00053.png,30pFifthHarmonic,G3_30pFifthHarmonic.wav,3,30pFifthHarmonic,val,53,434176
G3_30pFifthHarmonic_00054.png,30pFifthHarmonic,G3_30pFifthHarmonic.wav,3,30pFifthHarmonic,val,54,442368
G3_30pFifthHarmonic_00055.png,30pFifthHarmonic,G3_30pFifthHarmonic.wav,3,30pFifthHarmonic,val,55,450560
G3_30pFifthHarmonic_00056.png,30pFifthHarmonic,G3_30pFifthHarmonic.wav,3,30pFifthHarmonic,val,56,458752
G3_30pFifthHarmonic_00057.png,30pFifthHarmonic,G3_30pFifthHarmonic.wav,3,30pFifthHarmonic,val,57,466944
G3_30pFifthHarmonic_00058.png,30pFifthHarmonic,G3_30pFifthHarmonic.wav,3,30pFifthHarmonic,val,58,475136
G3_30pFifthHarmonic_00059.png,30pFifthHarmonic,G3_30pFifthHarmonic.wav,3,30pFifthHarmonic,val,59,483328
G3_30pFifthHarmonic_00060.png,30pFifthHarmonic,G3_30pFifthHarmonic.wav,3,30pFifthHarmonic,val,60,491520
G3_30pFifthHarmonic_00061.png,30pFifthHarmonic,G3_30pFifthHarmonic.wav,3,30pFifthHarmonic,val,61,499712
G3_30pFifthHarmonic_00062.png,30pFifthHarmonic,G3_30pFifthHarmonic.wav,3,30pFifthHarmonic,val,62,507904
G3_30pFifthHarmonic_00063.png,30pFifthHarmonic,G3_30pFifthHarmonic.wav,3,30pFifthHarmonic,val,63,516096
G3_30pFifthHarmonic_00064.png,30pFifthHarmonic,G3_30pFifthHarmonic.wav,3,30pFifthHarmonic,val,64,524288
G3_30pFifthHarmonic_00065.png,30pFifthHarmonic,G3_30pFifthHarmonic.wav,3,30pFifthHarmonic,val,65,532480
G3_30pFifthHarmonic_00066.png,30pFifthHarmonic,G3_30pFifthHarmonic.wav,3,30pFifthHarmonic,val,66,540672
G3_30pFifthHarmonic_00067.png,30pFifthHarmonic,G3_30pFifthHarmonic.wav,3,30pFifthHarmonic,val,67,548864
G3_30pFifthHarmonic_00068.png,30pFifthHarmonic,G3_30pFifthHarmonic.wav,3,30pFifthHarmonic,val,68,557056
G3_30pFifthHarmonic_00069.png,30pFifthHarmonic,G3_30pFifthHarmonic.wav,3,30pFifthHarmonic,val,69,565248
G3_30pFifthHarmonic_00070.png,30pFifthHarmonic,G3_30pFifthHarmonic.wav,3,30pFifthHarmonic,val,70,573440
G3_30pFifthHarmonic_00071.png,30pFifthHarmonic,G3_30pFifthHarmonic.wav,3,30pFifthHarmonic,val,71,581632
G3_30pFifthHarmonic_00072.png,30pFifthHarmonic,G3_30pFifthHarmonic.wav,3,30pFifthHarmonic,val,72,589824
G3_30pFifthHarmonic_00073.png,30pFifthHarmonic,G3_30pFifthHarmonic.wav,3,30pFifthHarmonic,val,73,598016
G3_30pFifthHarmonic_00074.png,30pFifthHarmonic,G3_30pFifthHarmonic.wav,3,30pFifthHarmonic,val,74,606208
G3_30pFifthHarmonic_00075.png,30pFifthHarmonic,G3_30pFifthHarmonic.wav,3,30pFifthHarmonic,val,75,614400
G3_30pFifthHarmonic_00076.png,30pFifthHarmonic,G3_30pFifthHarmonic.wav,3,30pFifthHarmonic,val,76,622592
G3_30pFifthHarmonic_00077.png,30pFifthHarmonic,G3_30pFifthHarmonic.wav,3,30pFifthHarmonic,val,77,630784
G3_30pFifthHarmonic_00078.png,30pFifthHarmonic,G3_30pFifthHarmonic.wav,3,30pFifthHarmonic,val,78,638976
G3_30pFifthHarmonic_00079.png,30pFifthHarmonic,G3_30pFifthHarmonic.wav,3,30pFifthHarmonic,val,79,647168
G3_30pFifthHarmonic_00080.png,30pFifthHarmonic,G3_30pFifthHarmonic.wav,3,30pFifthHarmonic,val,80,655360
G3_30pFifthHarmonic_00081.png,30pFifthHarmonic,G3_30pFifthHarmonic.wav,3,30pFifthHarmonic,val,81,663552
G3_30pFifthHarmonic_00082.png,30pFifthHarmonic,G3_30pFifthHarmonic.wav,3,30pFifthHarmonic,val,82,671744
G3_30pFifthHarmonic_00083.png,30pFifthHarmonic,G3_30pFifthHarmonic.wav,3,30pFifthHarmonic,val,83,679936
G3_30pFifthHarmonic_00084.png,30pFifthHarmonic,G3_30pFifthHarmonic.wav,3,30pFifthHarmonic,val,84,688128
G3_30pFifthHarmonic_00085.png,30pFifthHarmonic,G3_30pFifthHarmonic.wav,3,30pFifthHarmonic,val,85,696320
G3_30pFifthHarmonic_00086.png,30pFifthHarmonic,G3_30pFifthHarmonic.wav,3,30pFifthHarmonic,val,86,704512
G3_30pFifthHarmonic_00087.png,30pFifthHarmonic,G3_30pFifthHarmonic.wav,3,30pFifthHarmonic,val,87,712704
G3_30pFifthHarmonic_00088.png,30pFifthHarmonic,G3_30pFifthHarmonic.wav,3,30pFifthHarmonic,val,88,720896
G3_30pFifthHarmonic_00089.png,30pFifthHarmonic,G3_30pFifthHarmonic.wav,3,30pFifthHarmonic,val,89,729088
G3_30pFifthHarmonic_00090.png,30pFifthHarmonic,G3_30pFifthHarmonic.wav,3,30pFifthHarmonic,val,90,737280
G3_30pFifthHarmonic_00091.png,30pFifthHarmonic,G3_30pFifthHarmonic.wav,3,30pFifthHarmonic,val,91,745472
G3_30pFifthHarmonic_00092.png,30pFifthHarmonic,G3_30pFifthHarmonic.wav,3,30pFifthHarmonic,val,92,753664
G3_30pFifthHarmonic_00093.png,30pFifthHarmonic,G3_30pFifthHarmonic.wav,3,30pFifthHarmonic,val,93,761856
G3_30pFifthHarmonic_00094.png,30pFifthHarmonic,G3_30pFifthHarmonic.wav,3,30pFifthHarmonic,val,94,770048
G3_30pFifthHarmonic_00095.png,30pFifthHarmonic,G3_30pFifthHarmonic.wav,3,30pFifthHarmonic,val,95,778240
G3_30pFifthHarmonic_00096.png,30pFifthHarmonic,G3_30pFifthHarmonic.wav,3,30pFifthHarmonic,val,96,786432
G3_30pFifthHarmonic_00097.png,30pFifthHarmonic,G3_30pFifthHarmonic.wav,3,30pFifthHarmonic,val,97,794624
G3_30pFifthHarmonic_00098.png,30pFifthHarmonic,G3_30pFifthHarmonic.wav,3,30pFifthHarmonic,val,98,802816
G3_30pFifthHarmonic_00099.png,30pFifthHarmonic,G3_30pFifthHarmonic.wav,3,30pFifthHarmonic,val,99,811008
G3_30pFifthHarmonic_00100.png,30pFifthHarmonic,G3_30pFifthHarmonic.wav,3,30pFifthHarmonic,val,100,819200
G3_30pFifthHarmonic_00101.png,30pFifthHarmonic,G3_30pFifthHarmonic.wav,3,30pFifthHarmonic,val,101,827392
G3_30pFifthHarmonic_00102.png,30pFifthHarmonic,G3_30pFifthHarmonic.wav,3,30pFifthHarmonic,val,102,835584
G3_30pFifthHarmonic_00103.png,30pFifthHarmonic,G3_30pFifthHarmonic.wav,3,30pFifthHarmonic,val,103,843776
G3_30pFifthHarmonic_00104.png,30pFifthHarmonic,G3_30pFifthHarmonic.wav,3,30pFifthHarmonic,val,104,851968
G3_30pFifthHarmonic_00105.png,30pFifthHarmonic,G3_30pFifthHarmonic.wav,3,30pFifthHarmonic,val,105,860160
G3_30pFifthHarmonic_00106.png,30pFifthHarmonic,G3_30pFifthHarmonic.wav,3,30pFifthHarmonic,val,106,868352
G3_30pFifthHarmonic_00107.png,30pFifthHarmonic,G3_30pFifthHarmonic.wav,3,30pFifthHarmonic,val,107,876544
G3_30pFifthHarmonic_00108.png,30pFifthHarmonic,G3_30pFifthHarmonic.wav,3,30pFifthHarmonic,val,108,884736
G3_30pFifthHarmonic_00109.png,30pFifthHarmonic,G3_30pFifthHarmonic.wav,3,30pFifthHarmonic,val,109,892928
G3_30pFifthHarmonic_00110.png,30pFifthHarmonic,G3_30pFifthHarmonic.wav,3,30pFifthHarmonic,val,110,901120
G3_30pFifthHarmonic_00111.png,30pFifthHarmonic,G3_30pFifthHarmonic.wav,3,30pFifthHarmonic,val,111,909312
G3_30pFifthHarmonic_00112.png,30pFifthHarmonic,G3_30pFifthHarmonic.wav,3,30pFifthHarmonic,val,112,917504
G3_30pFifthHarmonic_00113.png,30pFifthHarmonic,G3_30pFifthHarmonic.wav,3,30pFifthHarmonic,val,113,925696
G3_30pFifthHarmonic_00114.png,30pFifthHarmonic,G3_30pFifthHarmonic.wav,3,30pFifthHarmonic,val,114,933888
G3_30pFifthHarmonic_00115.png,30pFifthHarmonic,G3_30pFifthHarmonic.wav,3,30pFifthHarmonic,val,115,942080
G3_30pFifthHarmonic_00116.png,30pFifthHarmonic,G3_30pFifthHarmonic.wav,3,30pFifthHarmonic,val,116,950272
G3_30pFifthHarmonic_00117.png,30pFifthHarmonic,G3_30pFifthHarmonic.wav,3,30pFifthHarmonic,val,117,958464
G3_30pFifthHarmonic_00118.png,30pFifthHarmonic,G3_30pFifthHarmonic.wav,3,30pFifthHarmonic,val,118,966656
G3_30pFifthHarmonic_00119.png,30pFifthHarmonic,G3_30pFifthHarmonic.wav,3,30pFifthHarmonic,val,119,974848
G3_30pFifthHarmonic_00120.png,30pFifthHarmonic,G3_30pFifthHarmonic.wav,3,30pFifthHarmonic,val,120,983040
G3_30pFifthHarmonic_00121.png,30pFifthHarmonic,G3_30pFifthHarmonic.wav,3,30pFifthHarmonic,val,121,991232
G3_30pFifthHarmonic_00122.png,30pFifthHarmonic,G3_30pFifthHarmonic.wav,3,30pFifthHarmonic,val,122,999424
G3_30pFifthHarmonic_00123.png,30pFifthHarmonic,G3_30pFifthHarmonic.wav,3,30pFifthHarmonic,val,123,1007616
G3_30pFifthHarmonic_00124.png,30pFifthHarmonic,G3_30pFifthHarmonic.wav,3,30pFifthHarmonic,val,124,1015808
G3_30pFifthHarmonic_00125.png,30pFifthHarmonic,G3_30pFifthHarmonic.wav,3,30pFifthHarmonic,val,125,1024000
G3_30pFifthHarmonic_00126.png,30pFifthHarmonic,G3_30pFifthHarmonic.wav,3,30pFifthHarmonic,val,126,1032192
G3_30pFifthHarmonic_00127.png,30pFifthHarmonic,G3_30pFifthHarmonic.wav,3,30pFifthHarmonic,val,127,1040384
G3_30pFifthHarmonic_00128.png,30pFifthHarmonic,G3_30pFifthHarmonic.wav,3,30pFifthHarmonic,val,128,1048576
G3_30pFifthHarmonic_00129.png,30pFifthHarmonic,G3_30pFifthHarmonic.wav,3,30pFifthHarmonic,val,129,1056768
G3_30pFifthHarmonic_00130.png,30pFifthHarmonic,G3_30pFifthHarmonic.wav,3,30pFifthHarmonic,val,130,1064960
G3_30pFifthHarmonic_00131.png,30pFifthHarmonic,G3_30pFifthHarmonic.wav,3,30pFifthHarmonic,val,131,1073152
G3_30pFifthHarmonic_00132.png,30pFifthHarmonic,G3_30pFifthHarmonic.wav,3,30pFifthHarmonic,val,132,1081344
G3_30pFifthHarmonic_00133.png,30pFifthHarmonic,G3_30pFifthHarmonic.wav,3,30pFifthHarmonic,val,133,1089536
G3_30pFifthHarmonic_00134.png,30pFifthHarmonic,G3_30pFifthHarmonic.wav,3,30pFifthHarmonic,val,134,1097728
G3_30pFifthHarmonic_00135.png,30pFifthHarmonic,G3_30pFifthHarmonic.wav,3,30pFifthHarmonic,val,135,1105920
G3_30pFifthHarmonic_00136.png,30pFifthHarmonic,G3_30pFifthHarmonic.wav,3,30pFifthHarmonic,val,136,1114112
G3_30pFifthHarmonic_00137.png,30pFifthHarmonic,G3_30pFifthHarmonic.wav,3,30pFifthHarmonic,val,137,1122304
G3_30pFifthHarmonic_00138.png,30pFifthHarmonic,G3_30pFifthHarmonic.wav,3,30pFifthHarmonic,val,138,1130496
G3_30pFifthHarmonic_00139.png,30pFifthHarmonic,G3_30pFifthHarmonic.wav,3,30pFifthHarmonic,val,139,1138688
G3_30pFifthHarmonic_00140.png,30pFifthHarmonic,G3_30pFifthHarmonic.wav,3,30pFifthHarmonic,val,140,1146880
G3_30pFifthHarmonic_00141.png,30pFifthHarmonic,G3_30pFifthHarmonic.wav,3,30pFifthHarmonic,val,141,1155072
G3_30pFifthHarmonic_00142.png,30pFifthHarmonic,G3_30pFifthHarmonic.wav,3,30pFifthHarmonic,val,142,1163264
G3_30pFifthHarmonic_00143.png,30pFifthHarmonic,G3_30pFifthHarmonic.wav,3,30pFifthHarmonic,val,143,1171456
G3_30pFifthHarmonic_00144.png,30pFifthHarmonic,G3_30pFifthHarmonic.wav,3,30pFifthHarmonic,val,144,1179648
G3_30pFifthHarmonic_00145.png,30pFifthHarmonic,G3_30pFifthHarmonic.wav,3,30pFifthHarmonic,val,145,1187840
G3_30pFifthHarmonic_00146.png,30pFifthHarmonic,G3_30pFifthHarmonic.wav,3,30pFifthHarmonic,val,146,1196032
G3_30pFifthHarmonic_00147.png,30pFifthHarmonic,G3_30pFifthHarmonic.wav,3,30pFifthHarmonic,val,147,1204224
G3_30pFifthHarmonic_00148.png,30pFifthHarmonic,G3_30pFifthHarmonic.wav,3,30pFifthHarmonic,val,148,1212416
G3_30pFifthHarmonic_00149.png,30pFifthHarmonic,G3_30pFifthHarmonic.wav,3,30pFifthHarmonic,val,149,1220608
G3_30pFifthHarmonic_00150.png,30pFifthHarmonic,G3_30pFifthHarmonic.wav,3,30pFifthHarmonic,val,150,1228800
G3_30pFifthHarmonic_00151.png,30pFifthHarmonic,G3_30pFifthHarmonic.wav,3,30pFifthHarmonic,val,151,1236992
G3_30pFifthHarmonic_00152.png,30pFifthHarmonic,G3_30pFifthHarmonic.wav,3,30pFifthHarmonic,val,152,1245184
G3_30pFifthHarmonic_00153.png,30pFifthHarmonic,G3_30pFifthHarmonic.wav,3,30pFifthHarmonic,val,153,1253376
G3_30pFifthHarmonic_00154.png,30pFifthHarmonic,G3_30pFifthHarmonic.wav,3,30pFifthHarmonic,val,154,1261568
G3_30pFifthHarmonic_00155.png,30pFifthHarmonic,G3_30pFifthHarmonic.wav,3,30pFifthHarmonic,val,155,1269760
G3_30pFifthHarmonic_00156.png,30pFifthHarmonic,G3_30pFifthHarmonic.wav,3,30pFifthHarmonic,val,156,1277952
G3_30pFifthHarmonic_00157.png,30pFifthHarmonic,G3_30pFifthHarmonic.wav,3,30pFifthHarmonic,val,157,1286144
G3_30pFifthHarmonic_00158.png,30pFifthHarmonic,G3_30pFifthHarmonic.wav,3,30pFifthHarmonic,val,158,1294336
G3_30pFifthHarmonic_00159.png,30pFifthHarmonic,G3_30pFifthHarmonic.wav,3,30pFifthHarmonic,val,159,1302528
G3_30pFifthHarmonic_00160.png,30pFifthHarmonic,G3_30pFifthHarmonic.wav,3,30pFifthHarmonic,val,160,1310720
G3_30pFifthHarmonic_00161.png,30pFifthHarmonic,G3_30pFifthHarmonic.wav,3,30pFifthHarmonic,val,161,1318912
G3_30pFifthHarmonic_00162.png,30pFifthHarmonic,G3_30pFifthHarmonic.wav,3,30pFifthHarmonic,val,162,1327104
G3_30pFifthHarmonic_00163.png,30pFifthHarmonic,G3_30pFifthHarmonic.wav,3,30pFifthHarmonic,val,163,1335296
G3_30pFifthHarmonic_00164.png,30pFifthHarmonic,G3_30pFifthHarmonic.wav,3,30pFifthHarmonic,val,164,1343488
G3_30pFifthHarmonic_00165.png,30pFifthHarmonic,G3_30pFifthHarmonic.wav,3,30pFifthHarmonic,val,165,1351680
G3_30pFifthHarmonic_00166.png,30pFifthHarmonic,G3_30pFifthHarmonic.wav,3,30pFifthHarmonic,val,166,1359872
G3_30pFifthHarmonic_00167.png,30pFifthHarmonic,G3_30pFifthHarmonic.wav,3,30pFifthHarmonic,val,167,1368064
G3_30pFifthHarmonic_00168.png,30pFifthHarmonic,G3_30pFifthHarmonic.wav,3,30pFifthHarmonic,val,168,1376256
G3_30pFifthHarmonic_00169.png,30pFifthHarmonic,G3_30pFifthHarmonic.wav,3,30pFifthHarmonic,val,169,1384448
G3_30pFifthHarmonic_00170.png,30pFifthHarmonic,G3_30pFifthHarmonic.wav,3,30pFifthHarmonic,val,170,1392640
G3_30pFifthHarmonic_00171.png,30pFifthHarmonic,G3_30pFifthHarmonic.wav,3,30pFifthHarmonic,val,171,1400832
G3_30pFifthHarmonic_00172.png,30pFifthHarmonic,G3_30pFifthHarmonic.wav,3,30pFifthHarmonic,val,172,1409024
G3_30pFifthHarmonic_00173.png,30pFifthHarmonic,G3_30pFifthHarmonic.wav,3,30pFifthHarmonic,val,173,1417216
G3_30pFifthHarmonic_00174.png,30pFifthHarmonic,G3_30pFifthHarmonic.wav,3,30pFifthHarmonic,val,174,1425408
G3_30pFifthHarmonic_00175.png,30pFifthHarmonic,G3_30pFifthHarmonic.wav,3,30pFifthHarmonic,val,175,1433600
G3_30pFifthHarmonic_00176.png,30pFifthHarmonic,G3_30pFifthHarmonic.wav,3,30pFifthHarmonic,val,176,1441792
G3_30pFifthHarmonic_00177.png,30pFifthHarmonic,G3_30pFifthHarmonic.wav,3,30pFifthHarmonic,val,177,1449984
G3_30pFifthHarmonic_00178.png,30pFifthHarmonic,G3_30pFifthHarmonic.wav,3,30pFifthHarmonic,val,178,1458176
G3_30pFifthHarmonic_00179.png,30pFifthHarmonic,G3_30pFifthHarmonic.wav,3,30pFifthHarmonic,val,179,1466368
G3_30pFifthHarmonic_00180.png,30pFifthHarmonic,G3_30pFifthHarmonic.wav,3,30pFifthHarmonic,val,180,1474560
G3_30pFifthHarmonic_00181.png,30pFifthHarmonic,G3_30pFifthHarmonic.wav,3,30pFifthHarmonic,val,181,1482752
G3_30pFifthHarmonic_00182.png,30pFifthHarmonic,G3_30pFifthHarmonic.wav,3,30pFifthHarmonic,val,182,1490944
G3_30pFifthHarmonic_00183.png,30pFifthHarmonic,G3_30pFifthHarmonic.wav,3,30pFifthHarmonic,val,183,1499136
G3_30pFifthHarmonic_00184.png,30pFifthHarmonic,G3_30pFifthHarmonic.wav,3,30pFifthHarmonic,val,184,1507328
G3_30pFifthHarmonic_00185.png,30pFifthHarmonic,G3_30pFifthHarmonic.wav,3,30pFifthHarmonic,val,185,1515520
G3_30pFifthHarmonic_00186.png,30pFifthHarmonic,G3_30pFifthHarmonic.wav,3,30pFifthHarmonic,val,186,1523712
G3_30pFifthHarmonic_00187.png,30pFifthHarmonic,G3_30pFifthHarmonic.wav,3,30pFifthHarmonic,val,187,1531904
G3_30pFifthHarmonic_00188.png,30pFifthHarmonic,G3_30pFifthHarmonic.wav,3,30pFifthHarmonic,val,188,1540096
G3_30pFifthHarmonic_00189.png,30pFifthHarmonic,G3_30pFifthHarmonic.wav,3,30pFifthHarmonic,val,189,1548288
G3_30pFifthHarmonic_00190.png,30pFifthHarmonic,G3_30pFifthHarmonic.wav,3,30pFifthHarmonic,val,190,1556480
G3_30pFifthHarmonic_00191.png,30pFifthHarmonic,G3_30pFifthHarmonic.wav,3,30pFifthHarmonic,val,191,1564672
G3_30pFifthHarmonic_00192.png,30pFifthHarmonic,G3_30pFifthHarmonic.wav,3,30pFifthHarmonic,val,192,1572864
G3_30pFifthHarmonic_00193.png,30pFifthHarmonic,G3_30pFifthHarmonic.wav,3,30pFifthHarmonic,val,193,1581056
G3_30pFifthHarmonic_00194.png,30pFifthHarmonic,G3_30pFifthHarmonic.wav,3,30pFifthHarmonic,val,194,1589248
G3_30pFifthHarmonic_00195.png,30pFifthHarmonic,G3_30pFifthHarmonic.wav,3,30pFifthHarmonic,val,195,1597440
G3_30pFifthHarmonic_00196.png,30pFifthHarmonic,G3_30pFifthHarmonic.wav,3,30pFifthHarmonic,val,196,1605632
G3_30pFifthHarmonic_00197.png,30pFifthHarmonic,G3_30pFifthHarmonic.wav,3,30pFifthHarmonic,val,197,1613824
G3_30pFifthHarmonic_00198.png,30pFifthHarmonic,G3_30pFifthHarmonic.wav,3,30pFifthHarmonic,val,198,1622016
G3_30pFifthHarmonic_00199.png,30pFifthHarmonic,G3_30pFifthHarmonic.wav,3,30pFifthHarmonic,val,199,1630208
G3_30pFifthHarmonic_00200.png,30pFifthHarmonic,G3_30pFifthHarmonic.wav,3,30pFifthHarmonic,val,200,1638400
G3_30pFifthHarmonic_00201.png,30pFifthHarmonic,G3_30pFifthHarmonic.wav,3,30pFifthHarmonic,val,201,1646592
G3_30pFifthHarmonic_00202.png,30pFifthHarmonic,G3_30pFifthHarmonic.wav,3,30pFifthHarmonic,val,202,1654784
G3_30pFifthHarmonic_00203.png,30pFifthHarmonic,G3_30pFifthHarmonic.wav,3,30pFifthHarmonic,val,203,1662976
G3_30pFifthHarmonic_00204.png,30pFifthHarmonic,G3_30pFifthHarmonic.wav,3,30pFifthHarmonic,val,204,1671168
G3_30pFifthHarmonic_00205.png,30pFifthHarmonic,G3_30pFifthHarmonic.wav,3,30pFifthHarmonic,val,205,1679360
G3_30pFifthHarmonic_00206.png,30pFifthHarmonic,G3_30pFifthHarmonic.wav,3,30pFifthHarmonic,val,206,1687552
G3_30pFifthHarmonic_00207.png,30pFifthHarmonic,G3_30pFifthHarmonic.wav,3,30pFifthHarmonic,val,207,1695744
G3_30pFifthHarmonic_00208.png,30pFifthHarmonic,G3_30pFifthHarmonic.wav,3,30pFifthHarmonic,val,208,1703936
G3_30pFifthHarmonic_00209.png,30pFifthHarmonic,G3_30pFifthHarmonic.wav,3,30pFifthHarmonic,val,209,1712128
G3_30pFifthHarmonic_00210.png,30pFifthHarmonic,G3_30pFifthHarmonic.wav,3,30pFifthHarmonic,val,210,1720320
G3_30pFifthHarmonic_00211.png,30pFifthHarmonic,G3_30pFifthHarmonic.wav,3,30pFifthHarmonic,val,211,1728512
G3_30pFifthHarmonic_00212.png,30pFifthHarmonic,G3_30pFifthHarmonic.wav,3,30pFifthHarmonic,val,212,1736704
G3_30pFifthHarmonic_00213.png,30pFifthHarmonic,G3_30pFifthHarmonic.wav,3,30pFifthHarmonic,val,213,1744896
G3_30pFifthHarmonic_00214.png,30pFifthHarmonic,G3_30pFifthHarmonic.wav,3,30pFifthHarmonic,val,214,1753088
G3_30pSeventhHarmonic_00000.png,30pSeventhHarmonic,G3_30pSeventhHarmonic.wav,3,30pSeventhHarmonic,val,0,0
G3_30pSeventhHarmonic_00001.png,30pSeventhHarmonic,G3_30pSeventhHarmonic.wav,3,30pSeventhHarmonic,val,1,8192
G3_30pSeventhHarmonic_00002.png,30pSeventhHarmonic,G3_30pSeventhHarmonic.wav,3,30pSeventhHarmonic,val,2,16384
G3_30pSeventhHarmonic_00003.png,30pSeventhHarmonic,G3_30pSeventhHarmonic.wav,3,30pSeventhHarmonic,val,3,24576
G3_30pSeventhHarmonic_00004.png,30pSeventhHarmonic,G3_30pSeventhHarmonic.wav,3,30pSeventhHarmonic,val,4,32768
G3_30pSeventhHarmonic_00005.png,30pSeventhHarmonic,G3_30pSeventhHarmonic.wav,3,30pSeventhHarmonic,val,5,40960
G3_30pSeventhHarmonic_00006.png,30pSeventhHarmonic,G3_30pSeventhHarmonic.wav,3,30pSeventhHarmonic,val,6,49152
G3_30pSeventhHarmonic_00007.png,30pSeventhHarmonic,G3_30pSeventhHarmonic.wav,3,30pSeventhHarmonic,val,7,57344
G3_30pSeventhHarmonic_00008.png,30pSeventhHarmonic,G3_30pSeventhHarmonic.wav,3,30pSeventhHarmonic,val,8,65536
G3_30pSeventhHarmonic_00009.png,30pSeventhHarmonic,G3_30pSeventhHarmonic.wav,3,30pSeventhHarmonic,val,9,73728
G3_30pSeventhHarmonic_00010.png,30pSeventhHarmonic,G3_30pSeventhHarmonic.wav,3,30pSeventhHarmonic,val,10,81920
G3_30pSeventhHarmonic_00011.png,30pSeventhHarmonic,G3_30pSeventhHarmonic.wav,3,30pSeventhHarmonic,val,11,90112
G3_30pSeventhHarmonic_00012.png,30pSeventhHarmonic,G3_30pSeventhHarmonic.wav,3,30pSeventhHarmonic,val,12,98304
G3_30pSeventhHarmonic_00013.png,30pSeventhHarmonic,G3_30pSeventhHarmonic.wav,3,30pSeventhHarmonic,val,13,106496
G3_30pSeventhHarmonic_00014.png,30pSeventhHarmonic,G3_30pSeventhHarmonic.wav,3,30pSeventhHarmonic,val,14,114688
G3_30pSeventhHarmonic_00015.png,30pSeventhHarmonic,G3_30pSeventhHarmonic.wav,3,30pSeventhHarmonic,val,15,122880
G3_30pSeventhHarmonic_00016.png,30pSeventhHarmonic,G3_30pSeventhHarmonic.wav,3,30pSeventhHarmonic,val,16,131072
G3_30pSeventhHarmonic_00017.png,30pSeventhHarmonic,G3_30pSeventhHarmonic.wav,3,30pSeventhHarmonic,val,17,139264
G3_30pSeventhHarmonic_00018.png,30pSeventhHarmonic,G3_30pSeventhHarmonic.wav,3,30pSeventhHarmonic,val,18,147456
G3_30pSeventhHarmonic_00019.png,30pSeventhHarmonic,G3_30pSeventhHarmonic.wav,3,30pSeventhHarmonic,val,19,155648
G3_30pSeventhHarmonic_00020.png,30pSeventhHarmonic,G3_30pSeventhHarmonic.wav,3,30pSeventhHarmonic,val,20,163840
G3_30pSeventhHarmonic_00021.png,30pSeventhHarmonic,G3_30pSeventhHarmonic.wav,3,30pSeventhHarmonic,val,21,172032
G3_30pSeventhHarmonic_00022.png,30pSeventhHarmonic,G3_30pSeventhHarmonic.wav,3,30pSeventhHarmonic,val,22,180224
G3_30pSeventhHarmonic_00023.png,30pSeventhHarmonic,G3_30pSeventhHarmonic.wav,3,30pSeventhHarmonic,val,23,188416
G3_30pSeventhHarmonic_00024.png,30pSeventhHarmonic,G3_30pSeventhHarmonic.wav,3,30pSeventhHarmonic,val,24,196608
G3_30pSeventhHarmonic_00025.png,30pSeventhHarmonic,G3_30pSeventhHarmonic.wav,3,30pSeventhHarmonic,val,25,204800
G3_30pSeventhHarmonic_00026.png,30pSeventhHarmonic,G3_30pSeventhHarmonic.wav,3,30pSeventhHarmonic,val,26,212992
G3_30pSeventhHarmonic_00027.png,30pSeventhHarmonic,G3_30pSeventhHarmonic.wav,3,30pSeventhHarmonic,val,27,221184
G3_30pSeventhHarmonic_00028.png,30pSeventhHarmonic,G3_30pSeventhHarmonic.wav,3,30pSeventhHarmonic,val,28,229376
G3_30pSeventhHarmonic_00029.png,30pSeventhHarmonic,G3_30pSeventhHarmonic.wav,3,30pSeventhHarmonic,val,29,237568
G3_30pSeventhHarmonic_00030.png,30pSeventhHarmonic,G3_30pSeventhHarmonic.wav,3,30pSeventhHarmonic,val,30,245760
G3_30pSeventhHarmonic_00031.png,30pSeventhHarmonic,G3_30pSeventhHarmonic.wav,3,30pSeventhHarmonic,val,31,253952
G3_30pSeventhHarmonic_00032.png,30pSeventhHarmonic,G3_30pSeventhHarmonic.wav,3,30pSeventhHarmonic,val,32,262144
G3_30pSeventhHarmonic_00033.png,30pSeventhHarmonic,G3_30pSeventhHarmonic.wav,3,30pSeventhHarmonic,val,33,270336
G3_30pSeventhHarmonic_00034.png,30pSeventhHarmonic,G3_30pSeventhHarmonic.wav,3,30pSeventhHarmonic,val,34,278528
G3_30pSeventhHarmonic_00035.png,30pSeventhHarmonic,G3_30pSeventhHarmonic.wav,3,30pSeventhHarmonic,val,35,286720
G3_30pSeventhHarmonic_00036.png,30pSeventhHarmonic,G3_30pSeventhHarmonic.wav,3,30pSeventhHarmonic,val,36,294912
G3_30pSeventhHarmonic_00037.png,30pSeventhHarmonic,G3_30pSeventhHarmonic.wav,3,30pSeventhHarmonic,val,37,303104
G3_30pSeventhHarmonic_00038.png,30pSeventhHarmonic,G3_30pSeventhHarmonic.wav,3,30pSeventhHarmonic,val,38,311296
G3_30pSeventhHarmonic_00039.png,30pSeventhHarmonic,G3_30pSeventhHarmonic.wav,3,30pSeventhHarmonic,val,39,319488
G3_30pSeventhHarmonic_00040.png,30pSeventhHarmonic,G3_30pSeventhHarmonic.wav,3,30pSeventhHarmonic,val,40,327680
G3_30pSeventhHarmonic_00041.png,30pSeventhHarmonic,G3_30pSeventhHarmonic.wav,3,30pSeventhHarmonic,val,41,335872
G3_30pSeventhHarmonic_00042.png,30pSeventhHarmonic,G3_30pSeventhHarmonic.wav,3,30pSeventhHarmonic,val,42,344064
G3_30pSeventhHarmonic_00043.png,30pSeventhHarmonic,G3_30pSeventhHarmonic.wav,3,30pSeventhHarmonic,val,43,352256
G3_30pSeventhHarmonic_00044.png,30pSeventhHarmonic,G3_30pSeventhHarmonic.wav,3,30pSeventhHarmonic,val,44,360448
G3_30pSeventhHarmonic_00045.png,30pSeventhHarmonic,G3_30pSeventhHarmonic.wav,3,30pSeventhHarmonic,val,45,368640
G3_30pSeventhHarmonic_00046.png,30pSeventhHarmonic,G3_30pSeventhHarmonic.wav,3,30pSeventhHarmonic,val,46,376832
G3_30pSeventhHarmonic_00047.png,30pSeventhHarmonic,G3_30pSeventhHarmonic.wav,3,30pSeventhHarmonic,val,47,385024
G3_30pSeventhHarmonic_00048.png,30pSeventhHarmonic,G3_30pSeventhHarmonic.wav,3,30pSeventhHarmonic,val,48,393216
G3_30pSeventhHarmonic_00049.png,30pSeventhHarmonic,G3_30pSeventhHarmonic.wav,3,30pSeventhHarmonic,val,49,401408
G3_30pSeventhHarmonic_00050.png,30pSeventhHarmonic,G3_30pSeventhHarmonic.wav,3,30pSeventhHarmonic,val,50,409600
G3_30pSeventhHarmonic_00051.png,30pSeventhHarmonic,G3_30pSeventhHarmonic.wav,3,30pSeventhHarmonic,val,51,417792
G3_30pSeventhHarmonic_00052.png,30pSeventhHarmonic,G3_30pSeventhHarmonic.wav,3,30pSeventhHarmonic,val,52,425984
G3_30pSeventhHarmonic_00053.png,30pSeventhHarmonic,G3_30pSeventhHarmonic.wav,3,30pSeventhHarmonic,val,53,434176
G3_30pSeventhHarmonic_00054.png,30pSeventhHarmonic,G3_30pSeventhHarmonic.wav,3,30pSeventhHarmonic,val,54,442368
G3_30pSeventhHarmonic_00055.png,30pSeventhHarmonic,G3_30pSeventhHarmonic.wav,3,30pSeventhHarmonic,val,55,450560
G3_30pSeventhHarmonic_00056.png,30pSeventhHarmonic,G3_30pSeventhHarmonic.wav,3,30pSeventhHarmonic,val,56,458752
G3_30pSeventhHarmonic_00057.png,30pSeventhHarmonic,G3_30pSeventhHarmonic.wav,3,30pSeventhHarmonic,val,57,466944
G3_30pSeventhHarmonic_00058.png,30pSeventhHarmonic,G3_30pSeventhHarmonic.wav,3,30pSeventhHarmonic,val,58,475136
G3_30pSeventhHarmonic_00059.png,30pSeventhHarmonic,G3_30pSeventhHarmonic.wav,3,30pSeventhHarmonic,val,59,483328
G3_30pSeventhHarmonic_00060.png,30pSeventhHarmonic,G3_30pSeventhHarmonic.wav,3,30pSeventhHarmonic,val,60,491520
G3_30pSeventhHarmonic_00061.png,30pSeventhHarmonic,G3_30pSeventhHarmonic.wav,3,30pSeventhHarmonic,val,61,499712
G3_30pSeventhHarmonic_00062.png,30pSeventhHarmonic,G3_30pSeventhHarmonic.wav,3,30pSeventhHarmonic,val,62,507904
G3_30pSeventhHarmonic_00063.png,30pSeventhHarmonic,G3_30pSeventhHarmonic.wav,3,30pSeventhHarmonic,val,63,516096
G3_30pSeventhHarmonic_00064.png,30pSeventhHarmonic,G3_30pSeventhHarmonic.wav,3,30pSeventhHarmonic,val,64,524288
G3_30pSeventhHarmonic_00065.png,30pSeventhHarmonic,G3_30pSeventhHarmonic.wav,3,30pSeventhHarmonic,val,65,532480
G3_30pSeventhHarmonic_00066.png,30pSeventhHarmonic,G3_30pSeventhHarmonic.wav,3,30pSeventhHarmonic,val,66,540672
G3_30pSeventhHarmonic_00067.png,30pSeventhHarmonic,G3_30pSeventhHarmonic.wav,3,30pSeventhHarmonic,val,67,548864
G3_30pSeventhHarmonic_00068.png,30pSeventhHarmonic,G3_30pSeventhHarmonic.wav,3,30pSeventhHarmonic,val,68,557056
G3_30pSeventhHarmonic_00069.png,30pSeventhHarmonic,G3_30pSeventhHarmonic.wav,3,30pSeventhHarmonic,val,69,565248
G3_30pSeventhHarmonic_00070.png,30pSeventhHarmonic,G3_30pSeventhHarmonic.wav,3,30pSeventhHarmonic,val,70,573440
G3_30pSeventhHarmonic_00071.png,30pSeventhHarmonic,G3_30pSeventhHarmonic.wav,3,30pSeventhHarmonic,val,71,581632
G3_30pSeventhHarmonic_00072.png,30pSeventhHarmonic,G3_30pSeventhHarmonic.wav,3,30pSeventhHarmonic,val,72,589824
G3_30pSeventhHarmonic_00073.png,30pSeventhHarmonic,G3_30pSeventhHarmonic.wav,3,30pSeventhHarmonic,val,73,598016
G3_30pSeventhHarmonic_00074.png,30pSeventhHarmonic,G3_30pSeventhHarmonic.wav,3,30pSeventhHarmonic,val,74,606208
G3_30pSeventhHarmonic_00075.png,30pSeventhHarmonic,G3_30pSeventhHarmonic.wav,3,30pSeventhHarmonic,val,75,614400
G3_30pSeventhHarmonic_00076.png,30pSeventhHarmonic,G3_30pSeventhHarmonic.wav,3,30pSeventhHarmonic,val,76,622592
G3_30pSeventhHarmonic_00077.png,30pSeventhHarmonic,G3_30pSeventhHarmonic.wav,3,30pSeventhHarmonic,val,77,630784
G3_30pSeventhHarmonic_00078.png,30pSeventhHarmonic,G3_30pSeventhHarmonic.wav,3,30pSeventhHarmonic,val,78,638976
G3_30pSeventhHarmonic_00079.png,30pSeventhHarmonic,G3_30pSeventhHarmonic.wav,3,30pSeventhHarmonic,val,79,647168
G3_30pSeventhHarmonic_00080.png,30pSeventhHarmonic,G3_30pSeventhHarmonic.wav,3,30pSeventhHarmonic,val,80,655360
G3_30pSeventhHarmonic_00081.png,30pSeventhHarmonic,G3_30pSeventhHarmonic.wav,3,30pSeventhHarmonic,val,81,663552
G3_30pSeventhHarmonic_00082.png,30pSeventhHarmonic,G3_30pSeventhHarmonic.wav,3,30pSeventhHarmonic,val,82,671744
G3_30pSeventhHarmonic_00083.png,30pSeventhHarmonic,G3_30pSeventhHarmonic.wav,3,30pSeventhHarmonic,val,83,679936
G3_30pSeventhHarmonic_00084.png,30pSeventhHarmonic,G3_30pSeventhHarmonic.wav,3,30pSeventhHarmonic,val,84,688128
G3_30pSeventhHarmonic_00085.png,30pSeventhHarmonic,G3_30pSeventhHarmonic.wav,3,30pSeventhHarmonic,val,85,696320
G3_30pSeventhHarmonic_00086.png,30pSeventhHarmonic,G3_30pSeventhHarmonic.wav,3,30pSeventhHarmonic,val,86,704512
G3_30pSeventhHarmonic_00087.png,30pSeventhHarmonic,G3_30pSeventhHarmonic.wav,3,30pSeventhHarmonic,val,87,712704
G3_30pSeventhHarmonic_00088.png,30pSeventhHarmonic,G3_30pSeventhHarmonic.wav,3,30pSeventhHarmonic,val,88,720896
G3_30pSeventhHarmonic_00089.png,30pSeventhHarmonic,G3_30pSeventhHarmonic.wav,3,30pSeventhHarmonic,val,89,729088
G3_30pSeventhHarmonic_00090.png,30pSeventhHarmonic,G3_30pSeventhHarmonic.wav,3,30pSeventhHarmonic,val,90,737280
G3_30pSeventhHarmonic_00091.png,30pSeventhHarmonic,G3_30pSeventhHarmonic.wav,3,30pSeventhHarmonic,val,91,745472
G3_30pSeventhHarmonic_00092.png,30pSeventhHarmonic,G3_30pSeventhHarmonic.wav,3,30pSeventhHarmonic,val,92,753664
G3_30pSeventhHarmonic_00093.png,30pSeventhHarmonic,G3_30pSeventhHarmonic.wav,3,30pSeventhHarmonic,val,93,761856
G3_30pSeventhHarmonic_00094.png,30pSeventhHarmonic,G3_30pSeventhHarmonic.wav,3,30pSeventhHarmonic,val,94,770048
G3_30pSeventhHarmonic_00095.png,30pSeventhHarmonic,G3_30pSeventhHarmonic.wav,3,30pSeventhHarmonic,val,95,778240
G3_30pSeventhHarmonic_00096.png,30pSeventhHarmonic,G3_30pSeventhHarmonic.wav,3,30pSeventhHarmonic,val,96,786432
G3_30pSeventhHarmonic_00097.png,30pSeventhHarmonic,G3_30pSeventhHarmonic.wav,3,30pSeventhHarmonic,val,97,794624
G3_30pSeventhHarmonic_00098.png,30pSeventhHarmonic,G3_30pSeventhHarmonic.wav,3,30pSeventhHarmonic,val,98,802816
G3_30pSeventhHarmonic_00099.png,30pSeventhHarmonic,G3_30pSeventhHarmonic.wav,3,30pSeventhHarmonic,val,99,811008
G3_30pSeventhHarmonic_00100.png,30pSeventhHarmonic,G3_30pSeventhHarmonic.wav,3,30pSeventhHarmonic,val,100,819200
G3_30pSeventhHarmonic_00101.png,30pSeventhHarmonic,G3_30pSeventhHarmonic.wav,3,30pSeventhHarmonic,val,101,827392
G3_30pSeventhHarmonic_00102.png,30pSeventhHarmonic,G3_30pSeventhHarmonic.wav,3,30pSeventhHarmonic,val,102,835584
G3_30pSeventhHarmonic_00103.png,30pSeventhHarmonic,G3_30pSeventhHarmonic.wav,3,30pSeventhHarmonic,val,103,843776
G3_30pSeventhHarmonic_00104.png,30pSeventhHarmonic,G3_30pSeventhHarmonic.wav,3,30pSeventhHarmonic,val,104,851968
G3_30pSeventhHarmonic_00105.png,30pSeventhHarmonic,G3_30pSeventhHarmonic.wav,3,30pSeventhHarmonic,val,105,860160
G3_30pSeventhHarmonic_00106.png,30pSeventhHarmonic,G3_30pSeventhHarmonic.wav,3,30pSeventhHarmonic,val,106,868352
G3_30pSeventhHarmonic_00107.png,30pSeventhHarmonic,G3_30pSeventhHarmonic.wav,3,30pSeventhHarmonic,val,107,876544
G3_30pSeventhHarmonic_00108.png,30pSeventhHarmonic,G3_30pSeventhHarmonic.wav,3,30pSeventhHarmonic,val,108,884736
G3_30pSeventhHarmonic_00109.png,30pSeventhHarmonic,G3_30pSeventhHarmonic.wav,3,30pSeventhHarmonic,val,109,892928
G3_30pSeventhHarmonic_00110.png,30pSeventhHarmonic,G3_30pSeventhHarmonic.wav,3,30pSeventhHarmonic,val,110,901120
G3_30pSeventhHarmonic_00111.png,30pSeventhHarmonic,G3_30pSeventhHarmonic.wav,3,30pSeventhHarmonic,val,111,909312
G3_30pSeventhHarmonic_00112.png,30pSeventhHarmonic,G3_30pSeventhHarmonic.wav,3,30pSeventhHarmonic,val,112,917504
G3_30pSeventhHarmonic_00113.png,30pSeventhHarmonic,G3_30pSeventhHarmonic.wav,3,30pSeventhHarmonic,val,113,925696
G3_30pSeventhHarmonic_00114.png,30pSeventhHarmonic,G3_30pSeventhHarmonic.wav,3,30pSeventhHarmonic,val,114,933888
G3_30pSeventhHarmonic_00115.png,30pSeventhHarmonic,G3_30pSeventhHarmonic.wav,3,30pSeventhHarmonic,val,115,942080
G3_30pSeventhHarmonic_00116.png,30pSeventhHarmonic,G3_30pSeventhHarmonic.wav,3,30pSeventhHarmonic,val,116,950272
G3_30pSeventhHarmonic_00117.png,30pSeventhHarmonic,G3_30pSeventhHarmonic.wav,3,30pSeventhHarmonic,val,117,958464
G3_30pSeventhHarmonic_00118.png,30pSeventhHarmonic,G3_30pSeventhHarmonic.wav,3,30pSeventhHarmonic,val,118,966656
G3_30pSeventhHarmonic_00119.png,30pSeventhHarmonic,G3_30pSeventhHarmonic.wav,3,30pSeventhHarmonic,val,119,974848
G3_30pSeventhHarmonic_00120.png,30pSeventhHarmonic,G3_30pSeventhHarmonic.wav,3,30pSeventhHarmonic,val,120,983040
G3_30pSeventhHarmonic_00121.png,30pSeventhHarmonic,G3_30pSeventhHarmonic.wav,3,30pSeventhHarmonic,val,121,991232
G3_30pSeventhHarmonic_00122.png,30pSeventhHarmonic,G3_30pSeventhHarmonic.wav,3,30pSeventhHarmonic,val,122,999424
G3_30pSeventhHarmonic_00123.png,30pSeventhHarmonic,G3_30pSeventhHarmonic.wav,3,30pSeventhHarmonic,val,123,1007616
G3_30pSeventhHarmonic_00124.png,30pSeventhHarmonic,G3_30pSeventhHarmonic.wav,3,30pSeventhHarmonic,val,124,1015808
G3_30pSeventhHarmonic_00125.png,30pSeventhHarmonic,G3_30pSeventhHarmonic.wav,3,30pSeventhHarmonic,val,125,1024000
G3_30pSeventhHarmonic_00126.png,30pSeventhHarmonic,G3_30pSeventhHarmonic.wav,3,30pSeventhHarmonic,val,126,1032192
G3_30pSeventhHarmonic_00127.png,30pSeventhHarmonic,G3_30pSeventhHarmonic.wav,3,30pSeventhHarmonic,val,127,1040384
G3_30pSeventhHarmonic_00128.png,30pSeventhHarmonic,G3_30pSeventhHarmonic.wav,3,30pSeventhHarmonic,val,128,1048576
G3_30pSeventhHarmonic_00129.png,30pSeventhHarmonic,G3_30pSeventhHarmonic.wav,3,30pSeventhHarmonic,val,129,1056768
G3_30pSeventhHarmonic_00130.png,30pSeventhHarmonic,G3_30pSeventhHarmonic.wav,3,30pSeventhHarmonic,val,130,1064960
G3_30pSeventhHarmonic_00131.png,30pSeventhHarmonic,G3_30pSeventhHarmonic.wav,3,30pSeventhHarmonic,val,131,1073152
G3_30pSeventhHarmonic_00132.png,30pSeventhHarmonic,G3_30pSeventhHarmonic.wav,3,30pSeventhHarmonic,val,132,1081344
G3_30pSeventhHarmonic_00133.png,30pSeventhHarmonic,G3_30pSeventhHarmonic.wav,3,30pSeventhHarmonic,val,133,1089536
G3_30pSeventhHarmonic_00134.png,30pSeventhHarmonic,G3_30pSeventhHarmonic.wav,3,30pSeventhHarmonic,val,134,1097728
G3_30pSeventhHarmonic_00135.png,30pSeventhHarmonic,G3_30pSeventhHarmonic.wav,3,30pSeventhHarmonic,val,135,1105920
G3_30pSeventhHarmonic_00136.png,30pSeventhHarmonic,G3_30pSeventhHarmonic.wav,3,30pSeventhHarmonic,val,136,1114112
G3_30pSeventhHarmonic_00137.png,30pSeventhHarmonic,G3_30pSeventhHarmonic.wav,3,30pSeventhHarmonic,val,137,1122304
G3_30pSeventhHarmonic_00138.png,30pSeventhHarmonic,G3_30pSeventhHarmonic.wav,3,30pSeventhHarmonic,val,138,1130496
G3_30pSeventhHarmonic_00139.png,30pSeventhHarmonic,G3_30pSeventhHarmonic.wav,3,30pSeventhHarmonic,val,139,1138688
G3_30pSeventhHarmonic_00140.png,30pSeventhHarmonic,G3_30pSeventhHarmonic.wav,3,30pSeventhHarmonic,val,140,1146880
G3_30pSeventhHarmonic_00141.png,30pSeventhHarmonic,G3_30pSeventhHarmonic.wav,3,30pSeventhHarmonic,val,141,1155072
G3_30pSeventhHarmonic_00142.png,30pSeventhHarmonic,G3_30pSeventhHarmonic.wav,3,30pSeventhHarmonic,val,142,1163264
G3_30pSeventhHarmonic_00143.png,30pSeventhHarmonic,G3_30pSeventhHarmonic.wav,3,30pSeventhHarmonic,val,143,1171456
G3_30pSeventhHarmonic_00144.png,30pSeventhHarmonic,G3_30pSeventhHarmonic.wav,3,30pSeventhHarmonic,val,144,1179648
G3_30pSeventhHarmonic_00145.png,30pSeventhHarmonic,G3_30pSeventhHarmonic.wav,3,30pSeventhHarmonic,val,145,1187840
G3_30pSeventhHarmonic_00146.png,30pSeventhHarmonic,G3_30pSeventhHarmonic.wav,3,30pSeventhHarmonic,val,146,1196032
G3_30pSeventhHarmonic_00147.png,30pSeventhHarmonic,G3_30pSeventhHarmonic.wav,3,30pSeventhHarmonic,val,147,1204224
G3_30pSeventhHarmonic_00148.png,30pSeventhHarmonic,G3_30pSeventhHarmonic.wav,3,30pSeventhHarmonic,val,148,1212416
G3_30pSeventhHarmonic_00149.png,30pSeventhHarmonic,G3_30pSeventhHarmonic.wav,3,30pSeventhHarmonic,val,149,1220608
G3_30pSeventhHarmonic_00150.png,30pSeventhHarmonic,G3_30pSeventhHarmonic.wav,3,30pSeventhHarmonic,val,150,1228800
G3_30pSeventhHarmonic_00151.png,30pSeventhHarmonic,G3_30pSeventhHarmonic.wav,3,30pSeventhHarmonic,val,151,1236992
G3_30pSeventhHarmonic_00152.png,30pSeventhHarmonic,G3_30pSeventhHarmonic.wav,3,30pSeventhHarmonic,val,152,1245184
G3_30pSeventhHarmonic_00153.png,30pSeventhHarmonic,G3_30pSeventhHarmonic.wav,3,30pSeventhHarmonic,val,153,1253376
G3_30pSeventhHarmonic_00154.png,30pSeventhHarmonic,G3_30pSeventhHarmonic.wav,3,30pSeventhHarmonic,val,154,1261568
G3_30pSeventhHarmonic_00155.png,30pSeventhHarmonic,G3_30pSeventhHarmonic.wav,3,30pSeventhHarmonic,val,155,1269760
G3_30pSeventhHarmonic_00156.png,30pSeventhHarmonic,G3_30pSeventhHarmonic.wav,3,30pSeventhHarmonic,val,156,1277952
G3_30pSeventhHarmonic_00157.png,30pSeventhHarmonic,G3_30pSeventhHarmonic.wav,3,30pSeventhHarmonic,val,157,1286144
G3_30pSeventhHarmonic_00158.png,30pSeventhHarmonic,G3_30pSeventhHarmonic.wav,3,30pSeventhHarmonic,val,158,1294336
G3_30pSeventhHarmonic_00159.png,30pSeventhHarmonic,G3_30pSeventhHarmonic.wav,3,30pSeventhHarmonic,val,159,1302528
G3_30pSeventhHarmonic_00160.png,30pSeventhHarmonic,G3_30pSeventhHarmonic.wav,3,30pSeventhHarmonic,val,160,1310720
G3_30pThirdHarmonic_00000.png,30pThirdHarmonic,G3_30pThirdHarmonic.wav,3,30pThirdHarmonic,val,0,0
G3_30pThirdHarmonic_00001.png,30pThirdHarmonic,G3_30pThirdHarmonic.wav,3,30pThirdHarmonic,val,1,8192
G3_30pThirdHarmonic_00002.png,30pThirdHarmonic,G3_30pThirdHarmonic.wav,3,30pThirdHarmonic,val,2,16384
G3_30pThirdHarmonic_00003.png,30pThirdHarmonic,G3_30pThirdHarmonic.wav,3,30pThirdHarmonic,val,3,24576
G3_30pThirdHarmonic_00004.png,30pThirdHarmonic,G3_30pThirdHarmonic.wav,3,30pThirdHarmonic,val,4,32768
G3_30pThirdHarmonic_00005.png,30pThirdHarmonic,G3_30pThirdHarmonic.wav,3,30pThirdHarmonic,val,5,40960
G3_30pThirdHarmonic_00006.png,30pThirdHarmonic,G3_30pThirdHarmonic.wav,3,30pThirdHarmonic,val,6,49152
G3_30pThirdHarmonic_00007.png,30pThirdHarmonic,G3_30pThirdHarmonic.wav,3,30pThirdHarmonic,val,7,57344
G3_30pThirdHarmonic_00008.png,30pThirdHarmonic,G3_30pThirdHarmonic.wav,3,30pThirdHarmonic,val,8,65536
G3_30pThirdHarmonic_00009.png,30pThirdHarmonic,G3_30pThirdHarmonic.wav,3,30pThirdHarmonic,val,9,73728
G3_30pThirdHarmonic_00010.png,30pThirdHarmonic,G3_30pThirdHarmonic.wav,3,30pThirdHarmonic,val,10,81920
G3_30pThirdHarmonic_00011.png,30pThirdHarmonic,G3_30pThirdHarmonic.wav,3,30pThirdHarmonic,val,11,90112
G3_30pThirdHarmonic_00012.png,30pThirdHarmonic,G3_30pThirdHarmonic.wav,3,30pThirdHarmonic,val,12,98304
G3_30pThirdHarmonic_00013.png,30pThirdHarmonic,G3_30pThirdHarmonic.wav,3,30pThirdHarmonic,val,13,106496
G3_30pThirdHarmonic_00014.png,30pThirdHarmonic,G3_30pThirdHarmonic.wav,3,30pThirdHarmonic,val,14,114688
G3_30pThirdHarmonic_00015.png,30pThirdHarmonic,G3_30pThirdHarmonic.wav,3,30pThirdHarmonic,val,15,122880
G3_30pThirdHarmonic_00016.png,30pThirdHarmonic,G3_30pThirdHarmonic.wav,3,30pThirdHarmonic,val,16,131072
G3_30pThirdHarmonic_00017.png,30pThirdHarmonic,G3_30pThirdHarmonic.wav,3,30pThirdHarmonic,val,17,139264
G3_30pThirdHarmonic_00018.png,30pThirdHarmonic,G3_30pThirdHarmonic.wav,3,30pThirdHarmonic,val,18,147456
G3_30pThirdHarmonic_00019.png,30pThirdHarmonic,G3_30pThirdHarmonic.wav,3,30pThirdHarmonic,val,19,155648
G3_30pThirdHarmonic_00020.png,30pThirdHarmonic,G3_30pThirdHarmonic.wav,3,30pThirdHarmonic,val,20,163840
G3_30pThirdHarmonic_00021.png,30pThirdHarmonic,G3_30pThirdHarmonic.wav,3,30pThirdHarmonic,val,21,172032
G3_30pThirdHarmonic_00022.png,30pThirdHarmonic,G3_30pThirdHarmonic.wav,3,30pThirdHarmonic,val,22,180224
G3_30pThirdHarmonic_00023.png,30pThirdHarmonic,G3_30pThirdHarmonic.wav,3,30pThirdHarmonic,val,23,188416
G3_30pThirdHarmonic_00024.png,30pThirdHarmonic,G3_30pThirdHarmonic.wav,3,30pThirdHarmonic,val,24,196608
G3_30pThirdHarmonic_00025.png,30pThirdHarmonic,G3_30pThirdHarmonic.wav,3,30pThirdHarmonic,val,25,204800
G3_30pThirdHarmonic_00026.png,30pThirdHarmonic,G3_30pThirdHarmonic.wav,3,30pThirdHarmonic,val,26,212992
G3_30pThirdHarmonic_00027.png,30pThirdHarmonic,G3_30pThirdHarmonic.wav,3,30pThirdHarmonic,val,27,221184
G3_30pThirdHarmonic_00028.png,30pThirdHarmonic,G3_30pThirdHarmonic.wav,3,30pThirdHarmonic,val,28,229376
G3_30pThirdHarmonic_00029.png,30pThirdHarmonic,G3_30pThirdHarmonic.wav,3,30pThirdHarmonic,val,29,237568
G3_30pThirdHarmonic_00030.png,30pThirdHarmonic,G3_30pThirdHarmonic.wav,3,30pThirdHarmonic,val,30,245760
G3_30pThirdHarmonic_00031.png,30pThirdHarmonic,G3_30pThirdHarmonic.wav,3,30pThirdHarmonic,val,31,253952
G3_30pThirdHarmonic_00032.png,30pThirdHarmonic,G3_30pThirdHarmonic.wav,3,30pThirdHarmonic,val,32,262144
G3_30pThirdHarmonic_00033.png,30pThirdHarmonic,G3_30pThirdHarmonic.wav,3,30pThirdHarmonic,val,33,270336
G3_30pThirdHarmonic_00034.png,30pThirdHarmonic,G3_30pThirdHarmonic.wav,3,30pThirdHarmonic,val,34,278528
G3_30pThirdHarmonic_00035.png,30pThirdHarmonic,G3_30pThirdHarmonic.wav,3,30pThirdHarmonic,val,35,286720
G3_30pThirdHarmonic_00036.png,30pThirdHarmonic,G3_30pThirdHarmonic.wav,3,30pThirdHarmonic,val,36,294912
G3_30pThirdHarmonic_00037.png,30pThirdHarmonic,G3_30pThirdHarmonic.wav,3,30pThirdHarmonic,val,37,303104
G3_30pThirdHarmonic_00038.png,30pThirdHarmonic,G3_30pThirdHarmonic.wav,3,30pThirdHarmonic,val,38,311296
G3_30pThirdHarmonic_00039.png,30pThirdHarmonic,G3_30pThirdHarmonic.wav,3,30pThirdHarmonic,val,39,319488
G3_30pThirdHarmonic_00040.png,30pThirdHarmonic,G3_30pThirdHarmonic.wav,3,30pThirdHarmonic,val,40,327680
G3_30pThirdHarmonic_00041.png,30pThirdHarmonic,G3_30pThirdHarmonic.wav,3,30pThirdHarmonic,val,41,335872
G3_30pThirdHarmonic_00042.png,30pThirdHarmonic,G3_30pThirdHarmonic.wav,3,30pThirdHarmonic,val,42,344064
G3_30pThirdHarmonic_00043.png,30pThirdHarmonic,G3_30pThirdHarmonic.wav,3,30pThirdHarmonic,val,43,352256
G3_30pThirdHarmonic_00044.png,30pThirdHarmonic,G3_30pThirdHarmonic.wav,3,30pThirdHarmonic,val,44,360448
G3_30pThirdHarmonic_00045.png,30pThirdHarmonic,G3_30pThirdHarmonic.wav,3,30pThirdHarmonic,val,45,368640
G3_30pThirdHarmonic_00046.png,30pThirdHarmonic,G3_30pThirdHarmonic.wav,3,30pThirdHarmonic,val,46,376832
G3_30pThirdHarmonic_00047.png,30pThirdHarmonic,G3_30pThirdHarmonic.wav,3,30pThirdHarmonic,val,47,385024
G3_30pThirdHarmonic_00048.png,30pThirdHarmonic,G3_30pThirdHarmonic.wav,3,30pThirdHarmonic,val,48,393216
G3_30pThirdHarmonic_00049.png,30pThirdHarmonic,G3_30pThirdHarmonic.wav,3,30pThirdHarmonic,val,49,401408
G3_30pThirdHarmonic_00050.png,30pThirdHarmonic,G3_30pThirdHarmonic.wav,3,30pThirdHarmonic,val,50,409600
G3_30pThirdHarmonic_00051.png,30pThirdHarmonic,G3_30pThirdHarmonic.wav,3,30pThirdHarmonic,val,51,417792
G3_30pThirdHarmonic_00052.png,30pThirdHarmonic,G3_30pThirdHarmonic.wav,3,30pThirdHarmonic,val,52,425984
G3_30pThirdHarmonic_00053.png,30pThirdHarmonic,G3_30pThirdHarmonic.wav,3,30pThirdHarmonic,val,53,434176
G3_30pThirdHarmonic_00054.png,30pThirdHarmonic,G3_30pThirdHarmonic.wav,3,30pThirdHarmonic,val,54,442368
G3_30pThirdHarmonic_00055.png,30pThirdHarmonic,G3_30pThirdHarmonic.wav,3,30pThirdHarmonic,val,55,450560
G3_30pThirdHarmonic_00056.png,30pThirdHarmonic,G3_30pThirdHarmonic.wav,3,30pThirdHarmonic,val,56,458752
G3_30pThirdHarmonic_00057.png,30pThirdHarmonic,G3_30pThirdHarmonic.wav,3,30pThirdHarmonic,val,57,466944
G3_30pThirdHarmonic_00058.png,30pThirdHarmonic,G3_30pThirdHarmonic.wav,3,30pThirdHarmonic,val,58,475136
G3_30pThirdHarmonic_00059.png,30pThirdHarmonic,G3_30pThirdHarmonic.wav,3,30pThirdHarmonic,val,59,483328
G3_30pThirdHarmonic_00060.png,30pThirdHarmonic,G3_30pThirdHarmonic.wav,3,30pThirdHarmonic,val,60,491520
G3_30pThirdHarmonic_00061.png,30pThirdHarmonic,G3_30pThirdHarmonic.wav,3,30pThirdHarmonic,val,61,499712
G3_30pThirdHarmonic_00062.png,30pThirdHarmonic,G3_30pThirdHarmonic.wav,3,30pThirdHarmonic,val,62,507904
G3_30pThirdHarmonic_00063.png,30pThirdHarmonic,G3_30pThirdHarmonic.wav,3,30pThirdHarmonic,val,63,516096
G3_30pThirdHarmonic_00064.png,30pThirdHarmonic,G3_30pThirdHarmonic.wav,3,30pThirdHarmonic,val,64,524288
G3_30pThirdHarmonic_00065.png,30pThirdHarmonic,G3_30pThirdHarmonic.wav,3,30pThirdHarmonic,val,65,532480
G3_30pThirdHarmonic_00066.png,30pThirdHarmonic,G3_30pThirdHarmonic.wav,3,30pThirdHarmonic,val,66,540672
G3_30pThirdHarmonic_00067.png,30pThirdHarmonic,G3_30pThirdHarmonic.wav,3,30pThirdHarmonic,val,67,548864
G3_30pThirdHarmonic_00068.png,30pThirdHarmonic,G3_30pThirdHarmonic.wav,3,30pThirdHarmonic,val,68,557056
G3_30pThirdHarmonic_00069.png,30pThirdHarmonic,G3_30pThirdHarmonic.wav,3,30pThirdHarmonic,val,69,565248
G3_30pThirdHarmonic_00070.png,30pThirdHarmonic,G3_30pThirdHarmonic.wav,3,30pThirdHarmonic,val,70,573440
G3_30pThirdHarmonic_00071.png,30pThirdHarmonic,G3_30pThirdHarmonic.wav,3,30pThirdHarmonic,val,71,581632
G3_30pThirdHarmonic_00072.png,30pThirdHarmonic,G3_30pThirdHarmonic.wav,3,30pThirdHarmonic,val,72,589824
G3_30pThirdHarmonic_00073.png,30pThirdHarmonic,G3_30pThirdHarmonic.wav,3,30pThirdHarmonic,val,73,598016
G3_30pThirdHarmonic_00074.png,30pThirdHarmonic,G3_30pThirdHarmonic.wav,3,30pThirdHarmonic,val,74,606208
G3_30pThirdHarmonic_00075.png,30pThirdHarmonic,G3_30pThirdHarmonic.wav,3,30pThirdHarmonic,val,75,614400
G3_30pThirdHarmonic_00076.png,30pThirdHarmonic,G3_30pThirdHarmonic.wav,3,30pThirdHarmonic,val,76,622592
G3_30pThirdHarmonic_00077.png,30pThirdHarmonic,G3_30pThirdHarmonic.wav,3,30pThirdHarmonic,val,77,630784
G3_30pThirdHarmonic_00078.png,30pThirdHarmonic,G3_30pThirdHarmonic.wav,3,30pThirdHarmonic,val,78,638976
G3_30pThirdHarmonic_00079.png,30pThirdHarmonic,G3_30pThirdHarmonic.wav,3,30pThirdHarmonic,val,79,647168
G3_30pThirdHarmonic_00080.png,30pThirdHarmonic,G3_30pThirdHarmonic.wav,3,30pThirdHarmonic,val,80,655360
G3_30pThirdHarmonic_00081.png,30pThirdHarmonic,G3_30pThirdHarmonic.wav,3,30pThirdHarmonic,val,81,663552
G3_30pThirdHarmonic_00082.png,30pThirdHarmonic,G3_30pThirdHarmonic.wav,3,30pThirdHarmonic,val,82,671744
G3_30pThirdHarmonic_00083.png,30pThirdHarmonic,G3_30pThirdHarmonic.wav,3,30pThirdHarmonic,val,83,679936
G3_30pThirdHarmonic_00084.png,30pThirdHarmonic,G3_30pThirdHarmonic.wav,3,30pThirdHarmonic,val,84,688128
G3_30pThirdHarmonic_00085.png,30pThirdHarmonic,G3_30pThirdHarmonic.wav,3,30pThirdHarmonic,val,85,696320
G3_30pThirdHarmonic_00086.png,30pThirdHarmonic,G3_30pThirdHarmonic.wav,3,30pThirdHarmonic,val,86,704512
G3_30pThirdHarmonic_00087.png,30pThirdHarmonic,G3_30pThirdHarmonic.wav,3,30pThirdHarmonic,val,87,712704
G3_30pThirdHarmonic_00088.png,30pThirdHarmonic,G3_30pThirdHarmonic.wav,3,30pThirdHarmonic,val,88,720896
G3_30pThirdHarmonic_00089.png,30pThirdHarmonic,G3_30pThirdHarmonic.wav,3,30pThirdHarmonic,val,89,729088
G3_30pThirdHarmonic_00090.png,30pThirdHarmonic,G3_30pThirdHarmonic.wav,3,30pThirdHarmonic,val,90,737280
G3_30pThirdHarmonic_00091.png,30pThirdHarmonic,G3_30pThirdHarmonic.wav,3,30pThirdHarmonic,val,91,745472
G3_30pThirdHarmonic_00092.png,30pThirdHarmonic,G3_30pThirdHarmonic.wav,3,30pThirdHarmonic,val,92,753664
G3_30pThirdHarmonic_00093.png,30pThirdHarmonic,G3_30pThirdHarmonic.wav,3,30pThirdHarmonic,val,93,761856
G3_30pThirdHarmonic_00094.png,30pThirdHarmonic,G3_30pThirdHarmonic.wav,3,30pThirdHarmonic,val,94,770048
G3_30pThirdHarmonic_00095.png,30pThirdHarmonic,G3_30pThirdHarmonic.wav,3,30pThirdHarmonic,val,95,778240
G3_30pThirdHarmonic_00096.png,30pThirdHarmonic,G3_30pThirdHarmonic.wav,3,30pThirdHarmonic,val,96,786432
G3_30pThirdHarmonic_00097.png,30pThirdHarmonic,G3_30pThirdHarmonic.wav,3,30pThirdHarmonic,val,97,794624
G3_30pThirdHarmonic_00098.png,30pThirdHarmonic,G3_30pThirdHarmonic.wav,3,30pThirdHarmonic,val,98,802816
G3_30pThirdHarmonic_00099.png,30pThirdHarmonic,G3_30pThirdHarmonic.wav,3,30pThirdHarmonic,val,99,811008
G3_30pThirdHarmonic_00100.png,30pThirdHarmonic,G3_30pThirdHarmonic.wav,3,30pThirdHarmonic,val,100,819200
G3_30pThirdHarmonic_00101.png,30pThirdHarmonic,G3_30pThirdHarmonic.wav,3,30pThirdHarmonic,val,101,827392
G3_30pThirdHarmonic_00102.png,30pThirdHarmonic,G3_30pThirdHarmonic.wav,3,30pThirdHarmonic,val,102,835584
G3_30pThirdHarmonic_00103.png,30pThirdHarmonic,G3_30pThirdHarmonic.wav,3,30pThirdHarmonic,val,103,843776
G3_30pThirdHarmonic_00104.png,30pThirdHarmonic,G3_30pThirdHarmonic.wav,3,30pThirdHarmonic,val,104,851968
G3_30pThirdHarmonic_00105.png,30pThirdHarmonic,G3_30pThirdHarmonic.wav,3,30pThirdHarmonic,val,105,860160
G3_30pThirdHarmonic_00106.png,30pThirdHarmonic,G3_30pThirdHarmonic.wav,3,30pThirdHarmonic,val,106,868352
G3_30pThirdHarmonic_00107.png,30pThirdHarmonic,G3_30pThirdHarmonic.wav,3,30pThirdHarmonic,val,107,876544
G3_30pThirdHarmonic_00108.png,30pThirdHarmonic,G3_30pThirdHarmonic.wav,3,30pThirdHarmonic,val,108,884736
G3_30pThirdHarmonic_00109.png,30pThirdHarmonic,G3_30pThirdHarmonic.wav,3,30pThirdHarmonic,val,109,892928
G3_30pThirdHarmonic_00110.png,30pThirdHarmonic,G3_30pThirdHarmonic.wav,3,30pThirdHarmonic,val,110,901120
G3_30pThirdHarmonic_00111.png,30pThirdHarmonic,G3_30pThirdHarmonic.wav,3,30pThirdHarmonic,val,111,909312
G3_30pThirdHarmonic_00112.png,30pThirdHarmonic,G3_30pThirdHarmonic.wav,3,30pThirdHarmonic,val,112,917504
G3_30pThirdHarmonic_00113.png,30pThirdHarmonic,G3_30pThirdHarmonic.wav,3,30pThirdHarmonic,val,113,925696
G3_30pThirdHarmonic_00114.png,30pThirdHarmonic,G3_30pThirdHarmonic.wav,3,30pThirdHarmonic,val,114,933888
G3_30pThirdHarmonic_00115.png,30pThirdHarmonic,G3_30pThirdHarmonic.wav,3,30pThirdHarmonic,val,115,942080
G3_30pThirdHarmonic_00116.png,30pThirdHarmonic,G3_30pThirdHarmonic.wav,3,30pThirdHarmonic,val,116,950272
G3_30pThirdHarmonic_00117.png,30pThirdHarmonic,G3_30pThirdHarmonic.wav,3,30pThirdHarmonic,val,117,958464
G3_30pThirdHarmonic_00118.png,30pThirdHarmonic,G3_30pThirdHarmonic.wav,3,30pThirdHarmonic,val,118,966656
G3_30pThirdHarmonic_00119.png,30pThirdHarmonic,G3_30pThirdHarmonic.wav,3,30pThirdHarmonic,val,119,974848
G3_30pThirdHarmonic_00120.png,30pThirdHarmonic,G3_30pThirdHarmonic.wav,3,30pThirdHarmonic,val,120,983040
G3_30pThirdHarmonic_00121.png,30pThirdHarmonic,G3_30pThirdHarmonic.wav,3,30pThirdHarmonic,val,121,991232
G3_30pThirdHarmonic_00122.png,30pThirdHarmonic,G3_30pThirdHarmonic.wav,3,30pThirdHarmonic,val,122,999424
G3_30pThirdHarmonic_00123.png,30pThirdHarmonic,G3_30pThirdHarmonic.wav,3,30pThirdHarmonic,val,123,1007616
G3_30pThirdHarmonic_00124.png,30pThirdHarmonic,G3_30pThirdHarmonic.wav,3,30pThirdHarmonic,val,124,1015808
G3_30pThirdHarmonic_00125.png,30pThirdHarmonic,G3_30pThirdHarmonic.wav,3,30pThirdHarmonic,val,125,1024000
G3_30pThirdHarmonic_00126.png,30pThirdHarmonic,G3_30pThirdHarmonic.wav,3,30pThirdHarmonic,val,126,1032192
G3_30pThirdHarmonic_00127.png,30pThirdHarmonic,G3_30pThirdHarmonic.wav,3,30pThirdHarmonic,val,127,1040384
G3_30pThirdHarmonic_00128.png,30pThirdHarmonic,G3_30pThirdHarmonic.wav,3,30pThirdHarmonic,val,128,1048576
G3_30pThirdHarmonic_00129.png,30pThirdHarmonic,G3_30pThirdHarmonic.wav,3,30pThirdHarmonic,val,129,1056768
G3_30pThirdHarmonic_00130.png,30pThirdHarmonic,G3_30pThirdHarmonic.wav,3,30pThirdHarmonic,val,130,1064960
G3_30pThirdHarmonic_00131.png,30pThirdHarmonic,G3_30pThirdHarmonic.wav,3,30pThirdHarmonic,val,131,1073152
G3_30pThirdHarmonic_00132.png,30pThirdHarmonic,G3_30pThirdHarmonic.wav,3,30pThirdHarmonic,val,132,1081344
G3_30pThirdHarmonic_00133.png,30pThirdHarmonic,G3_30pThirdHarmonic.wav,3,30pThirdHarmonic,val,133,1089536
G3_30pThirdHarmonic_00134.png,30pThirdHarmonic,G3_30pThirdHarmonic.wav,3,30pThirdHarmonic,val,134,1097728
G3_30pThirdHarmonic_00135.png,30pThirdHarmonic,G3_30pThirdHarmonic.wav,3,30pThirdHarmonic,val,135,1105920
G3_30pThirdHarmonic_00136.png,30pThirdHarmonic,G3_30pThirdHarmonic.wav,3,30pThirdHarmonic,val,136,1114112
G3_30pThirdHarmonic_00137.png,30pThirdHarmonic,G3_30pThirdHarmonic.wav,3,30pThirdHarmonic,val,137,1122304
G3_30pThirdHarmonic_00138.png,30pThirdHarmonic,G3_30pThirdHarmonic.wav,3,30pThirdHarmonic,val,138,1130496
G3_30pThirdHarmonic_00139.png,30pThirdHarmonic,G3_30pThirdHarmonic.wav,3,30pThirdHarmonic,val,139,1138688
G3_30pThirdHarmonic_00140.png,30pThirdHarmonic,G3_30pThirdHarmonic.wav,3,30pThirdHarmonic,val,140,1146880
G3_30pThirdHarmonic_00141.png,30pThirdHarmonic,G3_30pThirdHarmonic.wav,3,30pThirdHarmonic,val,141,1155072
G3_30pThirdHarmonic_00142.png,30pThirdHarmonic,G3_30pThirdHarmonic.wav,3,30pThirdHarmonic,val,142,1163264
G3_30pThirdHarmonic_00143.png,30pThirdHarmonic,G3_30pThirdHarmonic.wav,3,30pThirdHarmonic,val,143,1171456
G3_30pThirdHarmonic_00144.png,30pThirdHarmonic,G3_30pThirdHarmonic.wav,3,30pThirdHarmonic,val,144,1179648
G3_30pThirdHarmonic_00145.png,30pThirdHarmonic,G3_30pThirdHarmonic.wav,3,30pThirdHarmonic,val,145,1187840
G3_30pThirdHarmonic_00146.png,30pThirdHarmonic,G3_30pThirdHarmonic.wav,3,30pThirdHarmonic,val,146,1196032
G3_30pThirdHarmonic_00147.png,30pThirdHarmonic,G3_30pThirdHarmonic.wav,3,30pThirdHarmonic,val,147,1204224
G3_30pThirdHarmonic_00148.png,30pThirdHarmonic,G3_30pThirdHarmonic.wav,3,30pThirdHarmonic,val,148,1212416
G3_30pThirdHarmonic_00149.png,30pThirdHarmonic,G3_30pThirdHarmonic.wav,3,30pThirdHarmonic,val,149,1220608
G3_30pThirdHarmonic_00150.png,30pThirdHarmonic,G3_30pThirdHarmonic.wav,3,30pThirdHarmonic,val,150,1228800
G3_30pThirdHarmonic_00151.png,30pThirdHarmonic,G3_30pThirdHarmonic.wav,3,30pThirdHarmonic,val,151,1236992
G3_30pThirdHarmonic_00152.png,30pThirdHarmonic,G3_30pThirdHarmonic.wav,3,30pThirdHarmonic,val,152,1245184
G3_30pThirdHarmonic_00153.png,30pThirdHarmonic,G3_30pThirdHarmonic.wav,3,30pThirdHarmonic,val,153,1253376
G3_30pThirdHarmonic_00154.png,30pThirdHarmonic,G3_30pThirdHarmonic.wav,3,30pThirdHarmonic,val,154,1261568
G3_30pThirdHarmonic_00155.png,30pThirdHarmonic,G3_30pThirdHarmonic.wav,3,30pThirdHarmonic,val,155,1269760
G3_30pThirdHarmonic_00156.png,30pThirdHarmonic,G3_30pThirdHarmonic.wav,3,30pThirdHarmonic,val,156,1277952
G3_30pThirdHarmonic_00157.png,30pThirdHarmonic,G3_30pThirdHarmonic.wav,3,30pThirdHarmonic,val,157,1286144
G3_30pThirdHarmonic_00158.png,30pThirdHarmonic,G3_30pThirdHarmonic.wav,3,30pThirdHarmonic,val,158,1294336
G3_30pThirdHarmonic_00159.png,30pThirdHarmonic,G3_30pThirdHarmonic.wav,3,30pThirdHarmonic,val,159,1302528
G3_30pThirdHarmonic_00160.png,30pThirdHarmonic,G3_30pThirdHarmonic.wav,3,30pThirdHarmonic,val,160,1310720
G3_30pThirdHarmonic_00161.png,30pThirdHarmonic,G3_30pThirdHarmonic.wav,3,30pThirdHarmonic,val,161,1318912
G3_30pThirdHarmonic_00162.png,30pThirdHarmonic,G3_30pThirdHarmonic.wav,3,30pThirdHarmonic,val,162,1327104
G3_30pThirdHarmonic_00163.png,30pThirdHarmonic,G3_30pThirdHarmonic.wav,3,30pThirdHarmonic,val,163,1335296
G3_30pThirdHarmonic_00164.png,30pThirdHarmonic,G3_30pThirdHarmonic.wav,3,30pThirdHarmonic,val,164,1343488
G3_30pThirdHarmonic_00165.png,30pThirdHarmonic,G3_30pThirdHarmonic.wav,3,30pThirdHarmonic,val,165,1351680
G3_30pThirdHarmonic_00166.png,30pThirdHarmonic,G3_30pThirdHarmonic.wav,3,30pThirdHarmonic,val,166,1359872
G3_30pThirdHarmonic_00167.png,30pThirdHarmonic,G3_30pThirdHarmonic.wav,3,30pThirdHarmonic,val,167,1368064
G3_30pThirdHarmonic_00168.png,30pThirdHarmonic,G3_30pThirdHarmonic.wav,3,30pThirdHarmonic,val,168,1376256
G3_30pThirdHarmonic_00169.png,30pThirdHarmonic,G3_30pThirdHarmonic.wav,3,30pThirdHarmonic,val,169,1384448
G3_30pThirdHarmonic_00170.png,30pThirdHarmonic,G3_30pThirdHarmonic.wav,3,30pThirdHarmonic,val,170,1392640
G3_30pThirdHarmonic_00171.png,30pThirdHarmonic,G3_30pThirdHarmonic.wav,3,30pThirdHarmonic,val,171,1400832
G3_30pThirdHarmonic_00172.png,30pThirdHarmonic,G3_30pThirdHarmonic.wav,3,30pThirdHarmonic,val,172,1409024
G3_30pThirdHarmonic_00173.png,30pThirdHarmonic,G3_30pThirdHarmonic.wav,3,30pThirdHarmonic,val,173,1417216
G3_30pThirdHarmonic_00174.png,30pThirdHarmonic,G3_30pThirdHarmonic.wav,3,30pThirdHarmonic,val,174,1425408
G3_30pThirdHarmonic_00175.png,30pThirdHarmonic,G3_30pThirdHarmonic.wav,3,30pThirdHarmonic,val,175,1433600
G3_30pThirdHarmonic_00176.png,30pThirdHarmonic,G3_30pThirdHarmonic.wav,3,30pThirdHarmonic,val,176,1441792
G3_30pThirdHarmonic_00177.png,30pThirdHarmonic,G3_30pThirdHarmonic.wav,3,30pThirdHarmonic,val,177,1449984
G3_30pThirdHarmonic_00178.png,30pThirdHarmonic,G3_30pThirdHarmonic.wav,3,30pThirdHarmonic,val,178,1458176
G3_30pThirdHarmonic_00179.png,30pThirdHarmonic,G3_30pThirdHarmonic.wav,3,30pThirdHarmonic,val,179,1466368
G3_30pThirdHarmonic_00180.png,30pThirdHarmonic,G3_30pThirdHarmonic.wav,3,30pThirdHarmonic,val,180,1474560
G3_30pThirdHarmonic_00181.png,30pThirdHarmonic,G3_30pThirdHarmonic.wav,3,30pThirdHarmonic,val,181,1482752
G3_30pThirdHarmonic_00182.png,30pThirdHarmonic,G3_30pThirdHarmonic.wav,3,30pThirdHarmonic,val,182,1490944
G3_30pThirdHarmonic_00183.png,30pThirdHarmonic,G3_30pThirdHarmonic.wav,3,30pThirdHarmonic,val,183,1499136
G3_30pThirdHarmonic_00184.png,30pThirdHarmonic,G3_30pThirdHarmonic.wav,3,30pThirdHarmonic,val,184,1507328
G3_30pThirdHarmonic_00185.png,30pThirdHarmonic,G3_30pThirdHarmonic.wav,3,30pThirdHarmonic,val,185,1515520
G3_30pThirdHarmonic_00186.png,30pThirdHarmonic,G3_30pThirdHarmonic.wav,3,30pThirdHarmonic,val,186,1523712
G3_30pThirdHarmonic_00187.png,30pThirdHarmonic,G3_30pThirdHarmonic.wav,3,30pThirdHarmonic,val,187,1531904
G3_30pThirdHarmonic_00188.png,30pThirdHarmonic,G3_30pThirdHarmonic.wav,3,30pThirdHarmonic,val,188,1540096
G3_30pThirdHarmonic_00189.png,30pThirdHarmonic,G3_30pThirdHarmonic.wav,3,30pThirdHarmonic,val,189,1548288
G3_30pThirdHarmonic_00190.png,30pThirdHarmonic,G3_30pThirdHarmonic.wav,3,30pThirdHarmonic,val,190,1556480
G3_30pThirdHarmonic_00191.png,30pThirdHarmonic,G3_30pThirdHarmonic.wav,3,30pThirdHarmonic,val,191,1564672
G3_30pThirdHarmonic_00192.png,30pThirdHarmonic,G3_30pThirdHarmonic.wav,3,30pThirdHarmonic,val,192,1572864
G3_30pThirdHarmonic_00193.png,30pThirdHarmonic,G3_30pThirdHarmonic.wav,3,30pThirdHarmonic,val,193,1581056
G3_30pThirdHarmonic_00194.png,30pThirdHarmonic,G3_30pThirdHarmonic.wav,3,30pThirdHarmonic,val,194,1589248
G3_30pThirdHarmonic_00195.png,30pThirdHarmonic,G3_30pThirdHarmonic.wav,3,30pThirdHarmonic,val,195,1597440
G3_30pThirdHarmonic_00196.png,30pThirdHarmonic,G3_30pThirdHarmonic.wav,3,30pThirdHarmonic,val,196,1605632
G3_30pThirdHarmonic_00197.png,30pThirdHarmonic,G3_30pThirdHarmonic.wav,3,30pThirdHarmonic,val,197,1613824
G3_30pThirdHarmonic_00198.png,30pThirdHarmonic,G3_30pThirdHarmonic.wav,3,30pThirdHarmonic,val,198,1622016
G3_30pThirdHarmonic_00199.png,30pThirdHarmonic,G3_30pThirdHarmonic.wav,3,30pThirdHarmonic,val,199,1630208
G3_30pThirdHarmonic_00200.png,30pThirdHarmonic,G3_30pThirdHarmonic.wav,3,30pThirdHarmonic,val,200,1638400
G3_30pThirdHarmonic_00201.png,30pThirdHarmonic,G3_30pThirdHarmonic.wav,3,30pThirdHarmonic,val,201,1646592
G3_30pThirdHarmonic_00202.png,30pThirdHarmonic,G3_30pThirdHarmonic.wav,3,30pThirdHarmonic,val,202,1654784
G3_30pThirdHarmonic_00203.png,30pThirdHarmonic,G3_30pThirdHarmonic.wav,3,30pThirdHarmonic,val,203,1662976
G3_30pThirdHarmonic_00204.png,30pThirdHarmonic,G3_30pThirdHarmonic.wav,3,30pThirdHarmonic,val,204,1671168
G3_30pThirdHarmonic_00205.png,30pThirdHarmonic,G3_30pThirdHarmonic.wav,3,30pThirdHarmonic,val,205,1679360
G3_30pThirdHarmonic_00206.png,30pThirdHarmonic,G3_30pThirdHarmonic.wav,3,30pThirdHarmonic,val,206,1687552
G3_30pThirdHarmonic_00207.png,30pThirdHarmonic,G3_30pThirdHarmonic.wav,3,30pThirdHarmonic,val,207,1695744
G3_30pThirdHarmonic_00208.png,30pThirdHarmonic,G3_30pThirdHarmonic.wav,3,30pThirdHarmonic,val,208,1703936
G3_30pThirdHarmonic_00209.png,30pThirdHarmonic,G3_30pThirdHarmonic.wav,3,30pThirdHarmonic,val,209,1712128
G3_30pThirdHarmonic_00210.png,30pThirdHarmonic,G3_30pThirdHarmonic.wav,3,30pThirdHarmonic,val,210,1720320
G3_30pThirdHarmonic_00211.png,30pThirdHarmonic,G3_30pThirdHarmonic.wav,3,30pThirdHarmonic,val,211,1728512
G3_30pThirdHarmonic_00212.png,30pThirdHarmonic,G3_30pThirdHarmonic.wav,3,30pThirdHarmonic,val,212,1736704
G3_30pThirdHarmonic_00213.png,30pThirdHarmonic,G3_30pThirdHarmonic.wav,3,30pThirdHarmonic,val,213,1744896
G3_30pThirdHarmonic_00214.png,30pThirdHarmonic,G3_30pThirdHarmonic.wav,3,30pThirdHarmonic,val,214,1753088
G4_10pFifthHarmonic_chunk1_00000.png,10pFifthHarmonic,G4_10pFifthHarmonic.wav__chunk1,4,10pFifthHarmonic,test,0,0
G4_10pFifthHarmonic_chunk1_00001.png,10pFifthHarmonic,G4_10pFifthHarmonic.wav__chunk1,4,10pFifthHarmonic,test,1,8192
G4_10pFifthHarmonic_chunk1_00002.png,10pFifthHarmonic,G4_10pFifthHarmonic.wav__chunk1,4,10pFifthHarmonic,test,2,16384
G4_10pFifthHarmonic_chunk1_00003.png,10pFifthHarmonic,G4_10pFifthHarmonic.wav__chunk1,4,10pFifthHarmonic,test,3,24576
G4_10pFifthHarmonic_chunk1_00004.png,10pFifthHarmonic,G4_10pFifthHarmonic.wav__chunk1,4,10pFifthHarmonic,test,4,32768
G4_10pFifthHarmonic_chunk1_00005.png,10pFifthHarmonic,G4_10pFifthHarmonic.wav__chunk1,4,10pFifthHarmonic,test,5,40960
G4_10pFifthHarmonic_chunk1_00006.png,10pFifthHarmonic,G4_10pFifthHarmonic.wav__chunk1,4,10pFifthHarmonic,test,6,49152
G4_10pFifthHarmonic_chunk1_00007.png,10pFifthHarmonic,G4_10pFifthHarmonic.wav__chunk1,4,10pFifthHarmonic,test,7,57344
G4_10pFifthHarmonic_chunk1_00008.png,10pFifthHarmonic,G4_10pFifthHarmonic.wav__chunk1,4,10pFifthHarmonic,test,8,65536
G4_10pFifthHarmonic_chunk1_00009.png,10pFifthHarmonic,G4_10pFifthHarmonic.wav__chunk1,4,10pFifthHarmonic,test,9,73728
G4_10pFifthHarmonic_chunk1_00010.png,10pFifthHarmonic,G4_10pFifthHarmonic.wav__chunk1,4,10pFifthHarmonic,test,10,81920
G4_10pFifthHarmonic_chunk1_00011.png,10pFifthHarmonic,G4_10pFifthHarmonic.wav__chunk1,4,10pFifthHarmonic,test,11,90112
G4_10pFifthHarmonic_chunk1_00012.png,10pFifthHarmonic,G4_10pFifthHarmonic.wav__chunk1,4,10pFifthHarmonic,test,12,98304
G4_10pFifthHarmonic_chunk1_00013.png,10pFifthHarmonic,G4_10pFifthHarmonic.wav__chunk1,4,10pFifthHarmonic,test,13,106496
G4_10pFifthHarmonic_chunk1_00014.png,10pFifthHarmonic,G4_10pFifthHarmonic.wav__chunk1,4,10pFifthHarmonic,test,14,114688
G4_10pFifthHarmonic_chunk1_00015.png,10pFifthHarmonic,G4_10pFifthHarmonic.wav__chunk1,4,10pFifthHarmonic,test,15,122880
G4_10pFifthHarmonic_chunk1_00016.png,10pFifthHarmonic,G4_10pFifthHarmonic.wav__chunk1,4,10pFifthHarmonic,test,16,131072
G4_10pFifthHarmonic_chunk1_00017.png,10pFifthHarmonic,G4_10pFifthHarmonic.wav__chunk1,4,10pFifthHarmonic,test,17,139264
G4_10pFifthHarmonic_chunk1_00018.png,10pFifthHarmonic,G4_10pFifthHarmonic.wav__chunk1,4,10pFifthHarmonic,test,18,147456
G4_10pFifthHarmonic_chunk1_00019.png,10pFifthHarmonic,G4_10pFifthHarmonic.wav__chunk1,4,10pFifthHarmonic,test,19,155648
G4_10pFifthHarmonic_chunk1_00020.png,10pFifthHarmonic,G4_10pFifthHarmonic.wav__chunk1,4,10pFifthHarmonic,test,20,163840
G4_10pFifthHarmonic_chunk1_00021.png,10pFifthHarmonic,G4_10pFifthHarmonic.wav__chunk1,4,10pFifthHarmonic,test,21,172032
G4_10pFifthHarmonic_chunk1_00022.png,10pFifthHarmonic,G4_10pFifthHarmonic.wav__chunk1,4,10pFifthHarmonic,test,22,180224
G4_10pFifthHarmonic_chunk1_00023.png,10pFifthHarmonic,G4_10pFifthHarmonic.wav__chunk1,4,10pFifthHarmonic,test,23,188416
G4_10pFifthHarmonic_chunk1_00024.png,10pFifthHarmonic,G4_10pFifthHarmonic.wav__chunk1,4,10pFifthHarmonic,test,24,196608
G4_10pFifthHarmonic_chunk1_00025.png,10pFifthHarmonic,G4_10pFifthHarmonic.wav__chunk1,4,10pFifthHarmonic,test,25,204800
G4_10pFifthHarmonic_chunk1_00026.png,10pFifthHarmonic,G4_10pFifthHarmonic.wav__chunk1,4,10pFifthHarmonic,test,26,212992
G4_10pFifthHarmonic_chunk1_00027.png,10pFifthHarmonic,G4_10pFifthHarmonic.wav__chunk1,4,10pFifthHarmonic,test,27,221184
G4_10pFifthHarmonic_chunk1_00028.png,10pFifthHarmonic,G4_10pFifthHarmonic.wav__chunk1,4,10pFifthHarmonic,test,28,229376
G4_10pFifthHarmonic_chunk1_00029.png,10pFifthHarmonic,G4_10pFifthHarmonic.wav__chunk1,4,10pFifthHarmonic,test,29,237568
G4_10pFifthHarmonic_chunk1_00030.png,10pFifthHarmonic,G4_10pFifthHarmonic.wav__chunk1,4,10pFifthHarmonic,test,30,245760
G4_10pFifthHarmonic_chunk1_00031.png,10pFifthHarmonic,G4_10pFifthHarmonic.wav__chunk1,4,10pFifthHarmonic,test,31,253952
G4_10pFifthHarmonic_chunk1_00032.png,10pFifthHarmonic,G4_10pFifthHarmonic.wav__chunk1,4,10pFifthHarmonic,test,32,262144
G4_10pFifthHarmonic_chunk1_00033.png,10pFifthHarmonic,G4_10pFifthHarmonic.wav__chunk1,4,10pFifthHarmonic,test,33,270336
G4_10pFifthHarmonic_chunk1_00034.png,10pFifthHarmonic,G4_10pFifthHarmonic.wav__chunk1,4,10pFifthHarmonic,test,34,278528
G4_10pFifthHarmonic_chunk1_00035.png,10pFifthHarmonic,G4_10pFifthHarmonic.wav__chunk1,4,10pFifthHarmonic,test,35,286720
G4_10pFifthHarmonic_chunk1_00036.png,10pFifthHarmonic,G4_10pFifthHarmonic.wav__chunk1,4,10pFifthHarmonic,test,36,294912
G4_10pFifthHarmonic_chunk1_00037.png,10pFifthHarmonic,G4_10pFifthHarmonic.wav__chunk1,4,10pFifthHarmonic,test,37,303104
G4_10pFifthHarmonic_chunk1_00038.png,10pFifthHarmonic,G4_10pFifthHarmonic.wav__chunk1,4,10pFifthHarmonic,test,38,311296
G4_10pFifthHarmonic_chunk1_00039.png,10pFifthHarmonic,G4_10pFifthHarmonic.wav__chunk1,4,10pFifthHarmonic,test,39,319488
G4_10pFifthHarmonic_chunk1_00040.png,10pFifthHarmonic,G4_10pFifthHarmonic.wav__chunk1,4,10pFifthHarmonic,test,40,327680
G4_10pFifthHarmonic_chunk1_00041.png,10pFifthHarmonic,G4_10pFifthHarmonic.wav__chunk1,4,10pFifthHarmonic,test,41,335872
G4_10pFifthHarmonic_chunk1_00042.png,10pFifthHarmonic,G4_10pFifthHarmonic.wav__chunk1,4,10pFifthHarmonic,test,42,344064
G4_10pFifthHarmonic_chunk1_00043.png,10pFifthHarmonic,G4_10pFifthHarmonic.wav__chunk1,4,10pFifthHarmonic,test,43,352256
G4_10pFifthHarmonic_chunk1_00044.png,10pFifthHarmonic,G4_10pFifthHarmonic.wav__chunk1,4,10pFifthHarmonic,test,44,360448
G4_10pFifthHarmonic_chunk1_00045.png,10pFifthHarmonic,G4_10pFifthHarmonic.wav__chunk1,4,10pFifthHarmonic,test,45,368640
G4_10pFifthHarmonic_chunk1_00046.png,10pFifthHarmonic,G4_10pFifthHarmonic.wav__chunk1,4,10pFifthHarmonic,test,46,376832
G4_10pFifthHarmonic_chunk1_00047.png,10pFifthHarmonic,G4_10pFifthHarmonic.wav__chunk1,4,10pFifthHarmonic,test,47,385024
G4_10pFifthHarmonic_chunk1_00048.png,10pFifthHarmonic,G4_10pFifthHarmonic.wav__chunk1,4,10pFifthHarmonic,test,48,393216
G4_10pFifthHarmonic_chunk1_00049.png,10pFifthHarmonic,G4_10pFifthHarmonic.wav__chunk1,4,10pFifthHarmonic,test,49,401408
G4_10pFifthHarmonic_chunk1_00050.png,10pFifthHarmonic,G4_10pFifthHarmonic.wav__chunk1,4,10pFifthHarmonic,test,50,409600
G4_10pFifthHarmonic_chunk1_00051.png,10pFifthHarmonic,G4_10pFifthHarmonic.wav__chunk1,4,10pFifthHarmonic,test,51,417792
G4_10pFifthHarmonic_chunk1_00052.png,10pFifthHarmonic,G4_10pFifthHarmonic.wav__chunk1,4,10pFifthHarmonic,test,52,425984
G4_10pFifthHarmonic_chunk1_00053.png,10pFifthHarmonic,G4_10pFifthHarmonic.wav__chunk1,4,10pFifthHarmonic,test,53,434176
G4_10pFifthHarmonic_chunk1_00054.png,10pFifthHarmonic,G4_10pFifthHarmonic.wav__chunk1,4,10pFifthHarmonic,test,54,442368
G4_10pFifthHarmonic_chunk1_00055.png,10pFifthHarmonic,G4_10pFifthHarmonic.wav__chunk1,4,10pFifthHarmonic,test,55,450560
G4_10pFifthHarmonic_chunk1_00056.png,10pFifthHarmonic,G4_10pFifthHarmonic.wav__chunk1,4,10pFifthHarmonic,test,56,458752
G4_10pFifthHarmonic_chunk1_00057.png,10pFifthHarmonic,G4_10pFifthHarmonic.wav__chunk1,4,10pFifthHarmonic,test,57,466944
G4_10pFifthHarmonic_chunk1_00058.png,10pFifthHarmonic,G4_10pFifthHarmonic.wav__chunk1,4,10pFifthHarmonic,test,58,475136
G4_10pFifthHarmonic_chunk1_00059.png,10pFifthHarmonic,G4_10pFifthHarmonic.wav__chunk1,4,10pFifthHarmonic,test,59,483328
G4_10pFifthHarmonic_chunk1_00060.png,10pFifthHarmonic,G4_10pFifthHarmonic.wav__chunk1,4,10pFifthHarmonic,test,60,491520
G4_10pFifthHarmonic_chunk1_00061.png,10pFifthHarmonic,G4_10pFifthHarmonic.wav__chunk1,4,10pFifthHarmonic,test,61,499712
G4_10pFifthHarmonic_chunk1_00062.png,10pFifthHarmonic,G4_10pFifthHarmonic.wav__chunk1,4,10pFifthHarmonic,test,62,507904
G4_10pFifthHarmonic_chunk1_00063.png,10pFifthHarmonic,G4_10pFifthHarmonic.wav__chunk1,4,10pFifthHarmonic,test,63,516096
G4_10pFifthHarmonic_chunk1_00064.png,10pFifthHarmonic,G4_10pFifthHarmonic.wav__chunk1,4,10pFifthHarmonic,test,64,524288
G4_10pFifthHarmonic_chunk1_00065.png,10pFifthHarmonic,G4_10pFifthHarmonic.wav__chunk1,4,10pFifthHarmonic,test,65,532480
G4_10pFifthHarmonic_chunk1_00066.png,10pFifthHarmonic,G4_10pFifthHarmonic.wav__chunk1,4,10pFifthHarmonic,test,66,540672
G4_10pFifthHarmonic_chunk1_00067.png,10pFifthHarmonic,G4_10pFifthHarmonic.wav__chunk1,4,10pFifthHarmonic,test,67,548864
G4_10pFifthHarmonic_chunk1_00068.png,10pFifthHarmonic,G4_10pFifthHarmonic.wav__chunk1,4,10pFifthHarmonic,test,68,557056
G4_10pFifthHarmonic_chunk1_00069.png,10pFifthHarmonic,G4_10pFifthHarmonic.wav__chunk1,4,10pFifthHarmonic,test,69,565248
G4_10pFifthHarmonic_chunk1_00070.png,10pFifthHarmonic,G4_10pFifthHarmonic.wav__chunk1,4,10pFifthHarmonic,test,70,573440
G4_10pFifthHarmonic_chunk1_00071.png,10pFifthHarmonic,G4_10pFifthHarmonic.wav__chunk1,4,10pFifthHarmonic,test,71,581632
G4_10pFifthHarmonic_chunk1_00072.png,10pFifthHarmonic,G4_10pFifthHarmonic.wav__chunk1,4,10pFifthHarmonic,test,72,589824
G4_10pFifthHarmonic_chunk1_00073.png,10pFifthHarmonic,G4_10pFifthHarmonic.wav__chunk1,4,10pFifthHarmonic,test,73,598016
G4_10pFifthHarmonic_chunk1_00074.png,10pFifthHarmonic,G4_10pFifthHarmonic.wav__chunk1,4,10pFifthHarmonic,test,74,606208
G4_10pFifthHarmonic_chunk1_00075.png,10pFifthHarmonic,G4_10pFifthHarmonic.wav__chunk1,4,10pFifthHarmonic,test,75,614400
G4_10pFifthHarmonic_chunk1_00076.png,10pFifthHarmonic,G4_10pFifthHarmonic.wav__chunk1,4,10pFifthHarmonic,test,76,622592
G4_10pFifthHarmonic_chunk1_00077.png,10pFifthHarmonic,G4_10pFifthHarmonic.wav__chunk1,4,10pFifthHarmonic,test,77,630784
G4_10pFifthHarmonic_chunk1_00078.png,10pFifthHarmonic,G4_10pFifthHarmonic.wav__chunk1,4,10pFifthHarmonic,test,78,638976
G4_10pFifthHarmonic_chunk1_00079.png,10pFifthHarmonic,G4_10pFifthHarmonic.wav__chunk1,4,10pFifthHarmonic,test,79,647168
G4_10pFifthHarmonic_chunk1_00080.png,10pFifthHarmonic,G4_10pFifthHarmonic.wav__chunk1,4,10pFifthHarmonic,test,80,655360
G4_10pFifthHarmonic_chunk1_00081.png,10pFifthHarmonic,G4_10pFifthHarmonic.wav__chunk1,4,10pFifthHarmonic,test,81,663552
G4_10pFifthHarmonic_chunk1_00082.png,10pFifthHarmonic,G4_10pFifthHarmonic.wav__chunk1,4,10pFifthHarmonic,test,82,671744
G4_10pFifthHarmonic_chunk1_00083.png,10pFifthHarmonic,G4_10pFifthHarmonic.wav__chunk1,4,10pFifthHarmonic,test,83,679936
G4_10pFifthHarmonic_chunk1_00084.png,10pFifthHarmonic,G4_10pFifthHarmonic.wav__chunk1,4,10pFifthHarmonic,test,84,688128
G4_10pFifthHarmonic_chunk1_00085.png,10pFifthHarmonic,G4_10pFifthHarmonic.wav__chunk1,4,10pFifthHarmonic,test,85,696320
G4_10pFifthHarmonic_chunk1_00086.png,10pFifthHarmonic,G4_10pFifthHarmonic.wav__chunk1,4,10pFifthHarmonic,test,86,704512
G4_10pFifthHarmonic_chunk1_00087.png,10pFifthHarmonic,G4_10pFifthHarmonic.wav__chunk1,4,10pFifthHarmonic,test,87,712704
G4_10pFifthHarmonic_chunk1_00088.png,10pFifthHarmonic,G4_10pFifthHarmonic.wav__chunk1,4,10pFifthHarmonic,test,88,720896
G4_10pFifthHarmonic_chunk1_00089.png,10pFifthHarmonic,G4_10pFifthHarmonic.wav__chunk1,4,10pFifthHarmonic,test,89,729088
G4_10pFifthHarmonic_chunk1_00090.png,10pFifthHarmonic,G4_10pFifthHarmonic.wav__chunk1,4,10pFifthHarmonic,test,90,737280
G4_10pFifthHarmonic_chunk1_00091.png,10pFifthHarmonic,G4_10pFifthHarmonic.wav__chunk1,4,10pFifthHarmonic,test,91,745472
G4_10pFifthHarmonic_chunk1_00092.png,10pFifthHarmonic,G4_10pFifthHarmonic.wav__chunk1,4,10pFifthHarmonic,test,92,753664
G4_10pFifthHarmonic_chunk1_00093.png,10pFifthHarmonic,G4_10pFifthHarmonic.wav__chunk1,4,10pFifthHarmonic,test,93,761856
G4_10pFifthHarmonic_chunk1_00094.png,10pFifthHarmonic,G4_10pFifthHarmonic.wav__chunk1,4,10pFifthHarmonic,test,94,770048
G4_10pFifthHarmonic_chunk1_00095.png,10pFifthHarmonic,G4_10pFifthHarmonic.wav__chunk1,4,10pFifthHarmonic,test,95,778240
G4_10pFifthHarmonic_chunk1_00096.png,10pFifthHarmonic,G4_10pFifthHarmonic.wav__chunk1,4,10pFifthHarmonic,test,96,786432
G4_10pFifthHarmonic_chunk1_00097.png,10pFifthHarmonic,G4_10pFifthHarmonic.wav__chunk1,4,10pFifthHarmonic,test,97,794624
G4_10pFifthHarmonic_chunk1_00098.png,10pFifthHarmonic,G4_10pFifthHarmonic.wav__chunk1,4,10pFifthHarmonic,test,98,802816
G4_10pFifthHarmonic_chunk1_00099.png,10pFifthHarmonic,G4_10pFifthHarmonic.wav__chunk1,4,10pFifthHarmonic,test,99,811008
G4_10pFifthHarmonic_chunk1_00100.png,10pFifthHarmonic,G4_10pFifthHarmonic.wav__chunk1,4,10pFifthHarmonic,test,100,819200
G4_10pFifthHarmonic_chunk1_00101.png,10pFifthHarmonic,G4_10pFifthHarmonic.wav__chunk1,4,10pFifthHarmonic,test,101,827392
G4_10pFifthHarmonic_chunk1_00102.png,10pFifthHarmonic,G4_10pFifthHarmonic.wav__chunk1,4,10pFifthHarmonic,test,102,835584
G4_10pFifthHarmonic_chunk1_00103.png,10pFifthHarmonic,G4_10pFifthHarmonic.wav__chunk1,4,10pFifthHarmonic,test,103,843776
G4_10pFifthHarmonic_chunk1_00104.png,10pFifthHarmonic,G4_10pFifthHarmonic.wav__chunk1,4,10pFifthHarmonic,test,104,851968
G4_10pFifthHarmonic_chunk1_00105.png,10pFifthHarmonic,G4_10pFifthHarmonic.wav__chunk1,4,10pFifthHarmonic,test,105,860160
G4_10pFifthHarmonic_chunk1_00106.png,10pFifthHarmonic,G4_10pFifthHarmonic.wav__chunk1,4,10pFifthHarmonic,test,106,868352
G4_10pSeventhHarmonic_chunk1_00000.png,10pSeventhHarmonic,G4_10pSeventhHarmonic.wav__chunk1,4,10pSeventhHarmonic,test,0,0
G4_10pSeventhHarmonic_chunk1_00001.png,10pSeventhHarmonic,G4_10pSeventhHarmonic.wav__chunk1,4,10pSeventhHarmonic,test,1,8192
G4_10pSeventhHarmonic_chunk1_00002.png,10pSeventhHarmonic,G4_10pSeventhHarmonic.wav__chunk1,4,10pSeventhHarmonic,test,2,16384
G4_10pSeventhHarmonic_chunk1_00003.png,10pSeventhHarmonic,G4_10pSeventhHarmonic.wav__chunk1,4,10pSeventhHarmonic,test,3,24576
G4_10pSeventhHarmonic_chunk1_00004.png,10pSeventhHarmonic,G4_10pSeventhHarmonic.wav__chunk1,4,10pSeventhHarmonic,test,4,32768
G4_10pSeventhHarmonic_chunk1_00005.png,10pSeventhHarmonic,G4_10pSeventhHarmonic.wav__chunk1,4,10pSeventhHarmonic,test,5,40960
G4_10pSeventhHarmonic_chunk1_00006.png,10pSeventhHarmonic,G4_10pSeventhHarmonic.wav__chunk1,4,10pSeventhHarmonic,test,6,49152
G4_10pSeventhHarmonic_chunk1_00007.png,10pSeventhHarmonic,G4_10pSeventhHarmonic.wav__chunk1,4,10pSeventhHarmonic,test,7,57344
G4_10pSeventhHarmonic_chunk1_00008.png,10pSeventhHarmonic,G4_10pSeventhHarmonic.wav__chunk1,4,10pSeventhHarmonic,test,8,65536
G4_10pSeventhHarmonic_chunk1_00009.png,10pSeventhHarmonic,G4_10pSeventhHarmonic.wav__chunk1,4,10pSeventhHarmonic,test,9,73728
G4_10pSeventhHarmonic_chunk1_00010.png,10pSeventhHarmonic,G4_10pSeventhHarmonic.wav__chunk1,4,10pSeventhHarmonic,test,10,81920
G4_10pSeventhHarmonic_chunk1_00011.png,10pSeventhHarmonic,G4_10pSeventhHarmonic.wav__chunk1,4,10pSeventhHarmonic,test,11,90112
G4_10pSeventhHarmonic_chunk1_00012.png,10pSeventhHarmonic,G4_10pSeventhHarmonic.wav__chunk1,4,10pSeventhHarmonic,test,12,98304
G4_10pSeventhHarmonic_chunk1_00013.png,10pSeventhHarmonic,G4_10pSeventhHarmonic.wav__chunk1,4,10pSeventhHarmonic,test,13,106496
G4_10pSeventhHarmonic_chunk1_00014.png,10pSeventhHarmonic,G4_10pSeventhHarmonic.wav__chunk1,4,10pSeventhHarmonic,test,14,114688
G4_10pSeventhHarmonic_chunk1_00015.png,10pSeventhHarmonic,G4_10pSeventhHarmonic.wav__chunk1,4,10pSeventhHarmonic,test,15,122880
G4_10pSeventhHarmonic_chunk1_00016.png,10pSeventhHarmonic,G4_10pSeventhHarmonic.wav__chunk1,4,10pSeventhHarmonic,test,16,131072
G4_10pSeventhHarmonic_chunk1_00017.png,10pSeventhHarmonic,G4_10pSeventhHarmonic.wav__chunk1,4,10pSeventhHarmonic,test,17,139264
G4_10pSeventhHarmonic_chunk1_00018.png,10pSeventhHarmonic,G4_10pSeventhHarmonic.wav__chunk1,4,10pSeventhHarmonic,test,18,147456
G4_10pSeventhHarmonic_chunk1_00019.png,10pSeventhHarmonic,G4_10pSeventhHarmonic.wav__chunk1,4,10pSeventhHarmonic,test,19,155648
G4_10pSeventhHarmonic_chunk1_00020.png,10pSeventhHarmonic,G4_10pSeventhHarmonic.wav__chunk1,4,10pSeventhHarmonic,test,20,163840
G4_10pSeventhHarmonic_chunk1_00021.png,10pSeventhHarmonic,G4_10pSeventhHarmonic.wav__chunk1,4,10pSeventhHarmonic,test,21,172032
G4_10pSeventhHarmonic_chunk1_00022.png,10pSeventhHarmonic,G4_10pSeventhHarmonic.wav__chunk1,4,10pSeventhHarmonic,test,22,180224
G4_10pSeventhHarmonic_chunk1_00023.png,10pSeventhHarmonic,G4_10pSeventhHarmonic.wav__chunk1,4,10pSeventhHarmonic,test,23,188416
G4_10pSeventhHarmonic_chunk1_00024.png,10pSeventhHarmonic,G4_10pSeventhHarmonic.wav__chunk1,4,10pSeventhHarmonic,test,24,196608
G4_10pSeventhHarmonic_chunk1_00025.png,10pSeventhHarmonic,G4_10pSeventhHarmonic.wav__chunk1,4,10pSeventhHarmonic,test,25,204800
G4_10pSeventhHarmonic_chunk1_00026.png,10pSeventhHarmonic,G4_10pSeventhHarmonic.wav__chunk1,4,10pSeventhHarmonic,test,26,212992
G4_10pSeventhHarmonic_chunk1_00027.png,10pSeventhHarmonic,G4_10pSeventhHarmonic.wav__chunk1,4,10pSeventhHarmonic,test,27,221184
G4_10pSeventhHarmonic_chunk1_00028.png,10pSeventhHarmonic,G4_10pSeventhHarmonic.wav__chunk1,4,10pSeventhHarmonic,test,28,229376
G4_10pSeventhHarmonic_chunk1_00029.png,10pSeventhHarmonic,G4_10pSeventhHarmonic.wav__chunk1,4,10pSeventhHarmonic,test,29,237568
G4_10pSeventhHarmonic_chunk1_00030.png,10pSeventhHarmonic,G4_10pSeventhHarmonic.wav__chunk1,4,10pSeventhHarmonic,test,30,245760
G4_10pSeventhHarmonic_chunk1_00031.png,10pSeventhHarmonic,G4_10pSeventhHarmonic.wav__chunk1,4,10pSeventhHarmonic,test,31,253952
G4_10pSeventhHarmonic_chunk1_00032.png,10pSeventhHarmonic,G4_10pSeventhHarmonic.wav__chunk1,4,10pSeventhHarmonic,test,32,262144
G4_10pSeventhHarmonic_chunk1_00033.png,10pSeventhHarmonic,G4_10pSeventhHarmonic.wav__chunk1,4,10pSeventhHarmonic,test,33,270336
G4_10pSeventhHarmonic_chunk1_00034.png,10pSeventhHarmonic,G4_10pSeventhHarmonic.wav__chunk1,4,10pSeventhHarmonic,test,34,278528
G4_10pSeventhHarmonic_chunk1_00035.png,10pSeventhHarmonic,G4_10pSeventhHarmonic.wav__chunk1,4,10pSeventhHarmonic,test,35,286720
G4_10pSeventhHarmonic_chunk1_00036.png,10pSeventhHarmonic,G4_10pSeventhHarmonic.wav__chunk1,4,10pSeventhHarmonic,test,36,294912
G4_10pSeventhHarmonic_chunk1_00037.png,10pSeventhHarmonic,G4_10pSeventhHarmonic.wav__chunk1,4,10pSeventhHarmonic,test,37,303104
G4_10pSeventhHarmonic_chunk1_00038.png,10pSeventhHarmonic,G4_10pSeventhHarmonic.wav__chunk1,4,10pSeventhHarmonic,test,38,311296
G4_10pSeventhHarmonic_chunk1_00039.png,10pSeventhHarmonic,G4_10pSeventhHarmonic.wav__chunk1,4,10pSeventhHarmonic,test,39,319488
G4_10pSeventhHarmonic_chunk1_00040.png,10pSeventhHarmonic,G4_10pSeventhHarmonic.wav__chunk1,4,10pSeventhHarmonic,test,40,327680
G4_10pSeventhHarmonic_chunk1_00041.png,10pSeventhHarmonic,G4_10pSeventhHarmonic.wav__chunk1,4,10pSeventhHarmonic,test,41,335872
G4_10pSeventhHarmonic_chunk1_00042.png,10pSeventhHarmonic,G4_10pSeventhHarmonic.wav__chunk1,4,10pSeventhHarmonic,test,42,344064
G4_10pSeventhHarmonic_chunk1_00043.png,10pSeventhHarmonic,G4_10pSeventhHarmonic.wav__chunk1,4,10pSeventhHarmonic,test,43,352256
G4_10pSeventhHarmonic_chunk1_00044.png,10pSeventhHarmonic,G4_10pSeventhHarmonic.wav__chunk1,4,10pSeventhHarmonic,test,44,360448
G4_10pSeventhHarmonic_chunk1_00045.png,10pSeventhHarmonic,G4_10pSeventhHarmonic.wav__chunk1,4,10pSeventhHarmonic,test,45,368640
G4_10pSeventhHarmonic_chunk1_00046.png,10pSeventhHarmonic,G4_10pSeventhHarmonic.wav__chunk1,4,10pSeventhHarmonic,test,46,376832
G4_10pSeventhHarmonic_chunk1_00047.png,10pSeventhHarmonic,G4_10pSeventhHarmonic.wav__chunk1,4,10pSeventhHarmonic,test,47,385024
G4_10pSeventhHarmonic_chunk1_00048.png,10pSeventhHarmonic,G4_10pSeventhHarmonic.wav__chunk1,4,10pSeventhHarmonic,test,48,393216
G4_10pSeventhHarmonic_chunk1_00049.png,10pSeventhHarmonic,G4_10pSeventhHarmonic.wav__chunk1,4,10pSeventhHarmonic,test,49,401408
G4_10pSeventhHarmonic_chunk1_00050.png,10pSeventhHarmonic,G4_10pSeventhHarmonic.wav__chunk1,4,10pSeventhHarmonic,test,50,409600
G4_10pSeventhHarmonic_chunk1_00051.png,10pSeventhHarmonic,G4_10pSeventhHarmonic.wav__chunk1,4,10pSeventhHarmonic,test,51,417792
G4_10pSeventhHarmonic_chunk1_00052.png,10pSeventhHarmonic,G4_10pSeventhHarmonic.wav__chunk1,4,10pSeventhHarmonic,test,52,425984
G4_10pSeventhHarmonic_chunk1_00053.png,10pSeventhHarmonic,G4_10pSeventhHarmonic.wav__chunk1,4,10pSeventhHarmonic,test,53,434176
G4_10pSeventhHarmonic_chunk1_00054.png,10pSeventhHarmonic,G4_10pSeventhHarmonic.wav__chunk1,4,10pSeventhHarmonic,test,54,442368
G4_10pSeventhHarmonic_chunk1_00055.png,10pSeventhHarmonic,G4_10pSeventhHarmonic.wav__chunk1,4,10pSeventhHarmonic,test,55,450560
G4_10pSeventhHarmonic_chunk1_00056.png,10pSeventhHarmonic,G4_10pSeventhHarmonic.wav__chunk1,4,10pSeventhHarmonic,test,56,458752
G4_10pSeventhHarmonic_chunk1_00057.png,10pSeventhHarmonic,G4_10pSeventhHarmonic.wav__chunk1,4,10pSeventhHarmonic,test,57,466944
G4_10pSeventhHarmonic_chunk1_00058.png,10pSeventhHarmonic,G4_10pSeventhHarmonic.wav__chunk1,4,10pSeventhHarmonic,test,58,475136
G4_10pSeventhHarmonic_chunk1_00059.png,10pSeventhHarmonic,G4_10pSeventhHarmonic.wav__chunk1,4,10pSeventhHarmonic,test,59,483328
G4_10pSeventhHarmonic_chunk1_00060.png,10pSeventhHarmonic,G4_10pSeventhHarmonic.wav__chunk1,4,10pSeventhHarmonic,test,60,491520
G4_10pSeventhHarmonic_chunk1_00061.png,10pSeventhHarmonic,G4_10pSeventhHarmonic.wav__chunk1,4,10pSeventhHarmonic,test,61,499712
G4_10pSeventhHarmonic_chunk1_00062.png,10pSeventhHarmonic,G4_10pSeventhHarmonic.wav__chunk1,4,10pSeventhHarmonic,test,62,507904
G4_10pSeventhHarmonic_chunk1_00063.png,10pSeventhHarmonic,G4_10pSeventhHarmonic.wav__chunk1,4,10pSeventhHarmonic,test,63,516096
G4_10pSeventhHarmonic_chunk1_00064.png,10pSeventhHarmonic,G4_10pSeventhHarmonic.wav__chunk1,4,10pSeventhHarmonic,test,64,524288
G4_10pSeventhHarmonic_chunk1_00065.png,10pSeventhHarmonic,G4_10pSeventhHarmonic.wav__chunk1,4,10pSeventhHarmonic,test,65,532480
G4_10pSeventhHarmonic_chunk1_00066.png,10pSeventhHarmonic,G4_10pSeventhHarmonic.wav__chunk1,4,10pSeventhHarmonic,test,66,540672
G4_10pSeventhHarmonic_chunk1_00067.png,10pSeventhHarmonic,G4_10pSeventhHarmonic.wav__chunk1,4,10pSeventhHarmonic,test,67,548864
G4_10pSeventhHarmonic_chunk1_00068.png,10pSeventhHarmonic,G4_10pSeventhHarmonic.wav__chunk1,4,10pSeventhHarmonic,test,68,557056
G4_10pSeventhHarmonic_chunk1_00069.png,10pSeventhHarmonic,G4_10pSeventhHarmonic.wav__chunk1,4,10pSeventhHarmonic,test,69,565248
G4_10pSeventhHarmonic_chunk1_00070.png,10pSeventhHarmonic,G4_10pSeventhHarmonic.wav__chunk1,4,10pSeventhHarmonic,test,70,573440
G4_10pSeventhHarmonic_chunk1_00071.png,10pSeventhHarmonic,G4_10pSeventhHarmonic.wav__chunk1,4,10pSeventhHarmonic,test,71,581632
G4_10pSeventhHarmonic_chunk1_00072.png,10pSeventhHarmonic,G4_10pSeventhHarmonic.wav__chunk1,4,10pSeventhHarmonic,test,72,589824
G4_10pSeventhHarmonic_chunk1_00073.png,10pSeventhHarmonic,G4_10pSeventhHarmonic.wav__chunk1,4,10pSeventhHarmonic,test,73,598016
G4_10pSeventhHarmonic_chunk1_00074.png,10pSeventhHarmonic,G4_10pSeventhHarmonic.wav__chunk1,4,10pSeventhHarmonic,test,74,606208
G4_10pSeventhHarmonic_chunk1_00075.png,10pSeventhHarmonic,G4_10pSeventhHarmonic.wav__chunk1,4,10pSeventhHarmonic,test,75,614400
G4_10pSeventhHarmonic_chunk1_00076.png,10pSeventhHarmonic,G4_10pSeventhHarmonic.wav__chunk1,4,10pSeventhHarmonic,test,76,622592
G4_10pSeventhHarmonic_chunk1_00077.png,10pSeventhHarmonic,G4_10pSeventhHarmonic.wav__chunk1,4,10pSeventhHarmonic,test,77,630784
G4_10pSeventhHarmonic_chunk1_00078.png,10pSeventhHarmonic,G4_10pSeventhHarmonic.wav__chunk1,4,10pSeventhHarmonic,test,78,638976
G4_10pSeventhHarmonic_chunk1_00079.png,10pSeventhHarmonic,G4_10pSeventhHarmonic.wav__chunk1,4,10pSeventhHarmonic,test,79,647168
G4_10pSeventhHarmonic_chunk1_00080.png,10pSeventhHarmonic,G4_10pSeventhHarmonic.wav__chunk1,4,10pSeventhHarmonic,test,80,655360
G4_10pSeventhHarmonic_chunk1_00081.png,10pSeventhHarmonic,G4_10pSeventhHarmonic.wav__chunk1,4,10pSeventhHarmonic,test,81,663552
G4_10pSeventhHarmonic_chunk1_00082.png,10pSeventhHarmonic,G4_10pSeventhHarmonic.wav__chunk1,4,10pSeventhHarmonic,test,82,671744
G4_10pSeventhHarmonic_chunk1_00083.png,10pSeventhHarmonic,G4_10pSeventhHarmonic.wav__chunk1,4,10pSeventhHarmonic,test,83,679936
G4_10pSeventhHarmonic_chunk1_00084.png,10pSeventhHarmonic,G4_10pSeventhHarmonic.wav__chunk1,4,10pSeventhHarmonic,test,84,688128
G4_10pSeventhHarmonic_chunk1_00085.png,10pSeventhHarmonic,G4_10pSeventhHarmonic.wav__chunk1,4,10pSeventhHarmonic,test,85,696320
G4_10pSeventhHarmonic_chunk1_00086.png,10pSeventhHarmonic,G4_10pSeventhHarmonic.wav__chunk1,4,10pSeventhHarmonic,test,86,704512
G4_10pSeventhHarmonic_chunk1_00087.png,10pSeventhHarmonic,G4_10pSeventhHarmonic.wav__chunk1,4,10pSeventhHarmonic,test,87,712704
G4_10pSeventhHarmonic_chunk1_00088.png,10pSeventhHarmonic,G4_10pSeventhHarmonic.wav__chunk1,4,10pSeventhHarmonic,test,88,720896
G4_10pSeventhHarmonic_chunk1_00089.png,10pSeventhHarmonic,G4_10pSeventhHarmonic.wav__chunk1,4,10pSeventhHarmonic,test,89,729088
G4_10pSeventhHarmonic_chunk1_00090.png,10pSeventhHarmonic,G4_10pSeventhHarmonic.wav__chunk1,4,10pSeventhHarmonic,test,90,737280
G4_10pSeventhHarmonic_chunk1_00091.png,10pSeventhHarmonic,G4_10pSeventhHarmonic.wav__chunk1,4,10pSeventhHarmonic,test,91,745472
G4_10pSeventhHarmonic_chunk1_00092.png,10pSeventhHarmonic,G4_10pSeventhHarmonic.wav__chunk1,4,10pSeventhHarmonic,test,92,753664
G4_10pSeventhHarmonic_chunk1_00093.png,10pSeventhHarmonic,G4_10pSeventhHarmonic.wav__chunk1,4,10pSeventhHarmonic,test,93,761856
G4_10pSeventhHarmonic_chunk1_00094.png,10pSeventhHarmonic,G4_10pSeventhHarmonic.wav__chunk1,4,10pSeventhHarmonic,test,94,770048
G4_10pSeventhHarmonic_chunk1_00095.png,10pSeventhHarmonic,G4_10pSeventhHarmonic.wav__chunk1,4,10pSeventhHarmonic,test,95,778240
G4_10pSeventhHarmonic_chunk1_00096.png,10pSeventhHarmonic,G4_10pSeventhHarmonic.wav__chunk1,4,10pSeventhHarmonic,test,96,786432
G4_10pSeventhHarmonic_chunk1_00097.png,10pSeventhHarmonic,G4_10pSeventhHarmonic.wav__chunk1,4,10pSeventhHarmonic,test,97,794624
G4_10pSeventhHarmonic_chunk1_00098.png,10pSeventhHarmonic,G4_10pSeventhHarmonic.wav__chunk1,4,10pSeventhHarmonic,test,98,802816
G4_10pSeventhHarmonic_chunk1_00099.png,10pSeventhHarmonic,G4_10pSeventhHarmonic.wav__chunk1,4,10pSeventhHarmonic,test,99,811008
G4_10pSeventhHarmonic_chunk1_00100.png,10pSeventhHarmonic,G4_10pSeventhHarmonic.wav__chunk1,4,10pSeventhHarmonic,test,100,819200
G4_10pSeventhHarmonic_chunk1_00101.png,10pSeventhHarmonic,G4_10pSeventhHarmonic.wav__chunk1,4,10pSeventhHarmonic,test,101,827392
G4_10pSeventhHarmonic_chunk1_00102.png,10pSeventhHarmonic,G4_10pSeventhHarmonic.wav__chunk1,4,10pSeventhHarmonic,test,102,835584
G4_10pSeventhHarmonic_chunk1_00103.png,10pSeventhHarmonic,G4_10pSeventhHarmonic.wav__chunk1,4,10pSeventhHarmonic,test,103,843776
G4_10pSeventhHarmonic_chunk1_00104.png,10pSeventhHarmonic,G4_10pSeventhHarmonic.wav__chunk1,4,10pSeventhHarmonic,test,104,851968
G4_10pSeventhHarmonic_chunk1_00105.png,10pSeventhHarmonic,G4_10pSeventhHarmonic.wav__chunk1,4,10pSeventhHarmonic,test,105,860160
G4_10pSeventhHarmonic_chunk1_00106.png,10pSeventhHarmonic,G4_10pSeventhHarmonic.wav__chunk1,4,10pSeventhHarmonic,test,106,868352
G4_10pSeventhHarmonic_chunk1_00107.png,10pSeventhHarmonic,G4_10pSeventhHarmonic.wav__chunk1,4,10pSeventhHarmonic,test,107,876544
G4_10pSeventhHarmonic_chunk1_00108.png,10pSeventhHarmonic,G4_10pSeventhHarmonic.wav__chunk1,4,10pSeventhHarmonic,test,108,884736
G4_10pSeventhHarmonic_chunk1_00109.png,10pSeventhHarmonic,G4_10pSeventhHarmonic.wav__chunk1,4,10pSeventhHarmonic,test,109,892928
G4_10pSeventhHarmonic_chunk1_00110.png,10pSeventhHarmonic,G4_10pSeventhHarmonic.wav__chunk1,4,10pSeventhHarmonic,test,110,901120
G4_10pSeventhHarmonic_chunk1_00111.png,10pSeventhHarmonic,G4_10pSeventhHarmonic.wav__chunk1,4,10pSeventhHarmonic,test,111,909312
G4_10pSeventhHarmonic_chunk1_00112.png,10pSeventhHarmonic,G4_10pSeventhHarmonic.wav__chunk1,4,10pSeventhHarmonic,test,112,917504
G4_10pSeventhHarmonic_chunk1_00113.png,10pSeventhHarmonic,G4_10pSeventhHarmonic.wav__chunk1,4,10pSeventhHarmonic,test,113,925696
G4_10pSeventhHarmonic_chunk1_00114.png,10pSeventhHarmonic,G4_10pSeventhHarmonic.wav__chunk1,4,10pSeventhHarmonic,test,114,933888
G4_10pSeventhHarmonic_chunk1_00115.png,10pSeventhHarmonic,G4_10pSeventhHarmonic.wav__chunk1,4,10pSeventhHarmonic,test,115,942080
G4_10pSeventhHarmonic_chunk1_00116.png,10pSeventhHarmonic,G4_10pSeventhHarmonic.wav__chunk1,4,10pSeventhHarmonic,test,116,950272
G4_10pSeventhHarmonic_chunk1_00117.png,10pSeventhHarmonic,G4_10pSeventhHarmonic.wav__chunk1,4,10pSeventhHarmonic,test,117,958464
G4_10pSeventhHarmonic_chunk1_00118.png,10pSeventhHarmonic,G4_10pSeventhHarmonic.wav__chunk1,4,10pSeventhHarmonic,test,118,966656
G4_10pSeventhHarmonic_chunk1_00119.png,10pSeventhHarmonic,G4_10pSeventhHarmonic.wav__chunk1,4,10pSeventhHarmonic,test,119,974848
G4_10pSeventhHarmonic_chunk1_00120.png,10pSeventhHarmonic,G4_10pSeventhHarmonic.wav__chunk1,4,10pSeventhHarmonic,test,120,983040
G4_10pSeventhHarmonic_chunk1_00121.png,10pSeventhHarmonic,G4_10pSeventhHarmonic.wav__chunk1,4,10pSeventhHarmonic,test,121,991232
G4_10pSeventhHarmonic_chunk1_00122.png,10pSeventhHarmonic,G4_10pSeventhHarmonic.wav__chunk1,4,10pSeventhHarmonic,test,122,999424
G4_10pSeventhHarmonic_chunk1_00123.png,10pSeventhHarmonic,G4_10pSeventhHarmonic.wav__chunk1,4,10pSeventhHarmonic,test,123,1007616
G4_10pSeventhHarmonic_chunk1_00124.png,10pSeventhHarmonic,G4_10pSeventhHarmonic.wav__chunk1,4,10pSeventhHarmonic,test,124,1015808
G4_10pSeventhHarmonic_chunk1_00125.png,10pSeventhHarmonic,G4_10pSeventhHarmonic.wav__chunk1,4,10pSeventhHarmonic,test,125,1024000
G4_10pSeventhHarmonic_chunk1_00126.png,10pSeventhHarmonic,G4_10pSeventhHarmonic.wav__chunk1,4,10pSeventhHarmonic,test,126,1032192
G4_10pSeventhHarmonic_chunk1_00127.png,10pSeventhHarmonic,G4_10pSeventhHarmonic.wav__chunk1,4,10pSeventhHarmonic,test,127,1040384
G4_10pSeventhHarmonic_chunk1_00128.png,10pSeventhHarmonic,G4_10pSeventhHarmonic.wav__chunk1,4,10pSeventhHarmonic,test,128,1048576
G4_10pSeventhHarmonic_chunk1_00129.png,10pSeventhHarmonic,G4_10pSeventhHarmonic.wav__chunk1,4,10pSeventhHarmonic,test,129,1056768
G4_10pSeventhHarmonic_chunk1_00130.png,10pSeventhHarmonic,G4_10pSeventhHarmonic.wav__chunk1,4,10pSeventhHarmonic,test,130,1064960
G4_10pSeventhHarmonic_chunk1_00131.png,10pSeventhHarmonic,G4_10pSeventhHarmonic.wav__chunk1,4,10pSeventhHarmonic,test,131,1073152
G4_10pSeventhHarmonic_chunk1_00132.png,10pSeventhHarmonic,G4_10pSeventhHarmonic.wav__chunk1,4,10pSeventhHarmonic,test,132,1081344
G4_10pSeventhHarmonic_chunk1_00133.png,10pSeventhHarmonic,G4_10pSeventhHarmonic.wav__chunk1,4,10pSeventhHarmonic,test,133,1089536
G4_10pSeventhHarmonic_chunk1_00134.png,10pSeventhHarmonic,G4_10pSeventhHarmonic.wav__chunk1,4,10pSeventhHarmonic,test,134,1097728
G4_10pSeventhHarmonic_chunk1_00135.png,10pSeventhHarmonic,G4_10pSeventhHarmonic.wav__chunk1,4,10pSeventhHarmonic,test,135,1105920
G4_10pSeventhHarmonic_chunk1_00136.png,10pSeventhHarmonic,G4_10pSeventhHarmonic.wav__chunk1,4,10pSeventhHarmonic,test,136,1114112
G4_10pSeventhHarmonic_chunk1_00137.png,10pSeventhHarmonic,G4_10pSeventhHarmonic.wav__chunk1,4,10pSeventhHarmonic,test,137,1122304
G4_10pSeventhHarmonic_chunk1_00138.png,10pSeventhHarmonic,G4_10pSeventhHarmonic.wav__chunk1,4,10pSeventhHarmonic,test,138,1130496
G4_10pSeventhHarmonic_chunk1_00139.png,10pSeventhHarmonic,G4_10pSeventhHarmonic.wav__chunk1,4,10pSeventhHarmonic,test,139,1138688
G4_10pSeventhHarmonic_chunk1_00140.png,10pSeventhHarmonic,G4_10pSeventhHarmonic.wav__chunk1,4,10pSeventhHarmonic,test,140,1146880
G4_10pSeventhHarmonic_chunk1_00141.png,10pSeventhHarmonic,G4_10pSeventhHarmonic.wav__chunk1,4,10pSeventhHarmonic,test,141,1155072
G4_10pSeventhHarmonic_chunk1_00142.png,10pSeventhHarmonic,G4_10pSeventhHarmonic.wav__chunk1,4,10pSeventhHarmonic,test,142,1163264
G4_10pSeventhHarmonic_chunk1_00143.png,10pSeventhHarmonic,G4_10pSeventhHarmonic.wav__chunk1,4,10pSeventhHarmonic,test,143,1171456
G4_10pSeventhHarmonic_chunk1_00144.png,10pSeventhHarmonic,G4_10pSeventhHarmonic.wav__chunk1,4,10pSeventhHarmonic,test,144,1179648
G4_10pSeventhHarmonic_chunk1_00145.png,10pSeventhHarmonic,G4_10pSeventhHarmonic.wav__chunk1,4,10pSeventhHarmonic,test,145,1187840
G4_10pSeventhHarmonic_chunk1_00146.png,10pSeventhHarmonic,G4_10pSeventhHarmonic.wav__chunk1,4,10pSeventhHarmonic,test,146,1196032
G4_10pSeventhHarmonic_chunk1_00147.png,10pSeventhHarmonic,G4_10pSeventhHarmonic.wav__chunk1,4,10pSeventhHarmonic,test,147,1204224
G3_10pThirdHarmonic_00000.png,10pThirdHarmonic,G3_10pThirdHarmonic.wav,3,10pThirdHarmonic,test,0,0
G3_10pThirdHarmonic_00001.png,10pThirdHarmonic,G3_10pThirdHarmonic.wav,3,10pThirdHarmonic,test,1,8192
G3_10pThirdHarmonic_00002.png,10pThirdHarmonic,G3_10pThirdHarmonic.wav,3,10pThirdHarmonic,test,2,16384
G3_10pThirdHarmonic_00003.png,10pThirdHarmonic,G3_10pThirdHarmonic.wav,3,10pThirdHarmonic,test,3,24576
G3_10pThirdHarmonic_00004.png,10pThirdHarmonic,G3_10pThirdHarmonic.wav,3,10pThirdHarmonic,test,4,32768
G3_10pThirdHarmonic_00005.png,10pThirdHarmonic,G3_10pThirdHarmonic.wav,3,10pThirdHarmonic,test,5,40960
G3_10pThirdHarmonic_00006.png,10pThirdHarmonic,G3_10pThirdHarmonic.wav,3,10pThirdHarmonic,test,6,49152
G3_10pThirdHarmonic_00007.png,10pThirdHarmonic,G3_10pThirdHarmonic.wav,3,10pThirdHarmonic,test,7,57344
G3_10pThirdHarmonic_00008.png,10pThirdHarmonic,G3_10pThirdHarmonic.wav,3,10pThirdHarmonic,test,8,65536
G3_10pThirdHarmonic_00009.png,10pThirdHarmonic,G3_10pThirdHarmonic.wav,3,10pThirdHarmonic,test,9,73728
G3_10pThirdHarmonic_00010.png,10pThirdHarmonic,G3_10pThirdHarmonic.wav,3,10pThirdHarmonic,test,10,81920
G3_10pThirdHarmonic_00011.png,10pThirdHarmonic,G3_10pThirdHarmonic.wav,3,10pThirdHarmonic,test,11,90112
G3_10pThirdHarmonic_00012.png,10pThirdHarmonic,G3_10pThirdHarmonic.wav,3,10pThirdHarmonic,test,12,98304
G3_10pThirdHarmonic_00013.png,10pThirdHarmonic,G3_10pThirdHarmonic.wav,3,10pThirdHarmonic,test,13,106496
G3_10pThirdHarmonic_00014.png,10pThirdHarmonic,G3_10pThirdHarmonic.wav,3,10pThirdHarmonic,test,14,114688
G3_10pThirdHarmonic_00015.png,10pThirdHarmonic,G3_10pThirdHarmonic.wav,3,10pThirdHarmonic,test,15,122880
G3_10pThirdHarmonic_00016.png,10pThirdHarmonic,G3_10pThirdHarmonic.wav,3,10pThirdHarmonic,test,16,131072
G3_10pThirdHarmonic_00017.png,10pThirdHarmonic,G3_10pThirdHarmonic.wav,3,10pThirdHarmonic,test,17,139264
G3_10pThirdHarmonic_00018.png,10pThirdHarmonic,G3_10pThirdHarmonic.wav,3,10pThirdHarmonic,test,18,147456
G3_10pThirdHarmonic_00019.png,10pThirdHarmonic,G3_10pThirdHarmonic.wav,3,10pThirdHarmonic,test,19,155648
G3_10pThirdHarmonic_00020.png,10pThirdHarmonic,G3_10pThirdHarmonic.wav,3,10pThirdHarmonic,test,20,163840
G3_10pThirdHarmonic_00021.png,10pThirdHarmonic,G3_10pThirdHarmonic.wav,3,10pThirdHarmonic,test,21,172032
G3_10pThirdHarmonic_00022.png,10pThirdHarmonic,G3_10pThirdHarmonic.wav,3,10pThirdHarmonic,test,22,180224
G3_10pThirdHarmonic_00023.png,10pThirdHarmonic,G3_10pThirdHarmonic.wav,3,10pThirdHarmonic,test,23,188416
G3_10pThirdHarmonic_00024.png,10pThirdHarmonic,G3_10pThirdHarmonic.wav,3,10pThirdHarmonic,test,24,196608
G3_10pThirdHarmonic_00025.png,10pThirdHarmonic,G3_10pThirdHarmonic.wav,3,10pThirdHarmonic,test,25,204800
G3_10pThirdHarmonic_00026.png,10pThirdHarmonic,G3_10pThirdHarmonic.wav,3,10pThirdHarmonic,test,26,212992
G3_10pThirdHarmonic_00027.png,10pThirdHarmonic,G3_10pThirdHarmonic.wav,3,10pThirdHarmonic,test,27,221184
G3_10pThirdHarmonic_00028.png,10pThirdHarmonic,G3_10pThirdHarmonic.wav,3,10pThirdHarmonic,test,28,229376
G3_10pThirdHarmonic_00029.png,10pThirdHarmonic,G3_10pThirdHarmonic.wav,3,10pThirdHarmonic,test,29,237568
G3_10pThirdHarmonic_00030.png,10pThirdHarmonic,G3_10pThirdHarmonic.wav,3,10pThirdHarmonic,test,30,245760
G3_10pThirdHarmonic_00031.png,10pThirdHarmonic,G3_10pThirdHarmonic.wav,3,10pThirdHarmonic,test,31,253952
G3_10pThirdHarmonic_00032.png,10pThirdHarmonic,G3_10pThirdHarmonic.wav,3,10pThirdHarmonic,test,32,262144
G3_10pThirdHarmonic_00033.png,10pThirdHarmonic,G3_10pThirdHarmonic.wav,3,10pThirdHarmonic,test,33,270336
G3_10pThirdHarmonic_00034.png,10pThirdHarmonic,G3_10pThirdHarmonic.wav,3,10pThirdHarmonic,test,34,278528
G3_10pThirdHarmonic_00035.png,10pThirdHarmonic,G3_10pThirdHarmonic.wav,3,10pThirdHarmonic,test,35,286720
G3_10pThirdHarmonic_00036.png,10pThirdHarmonic,G3_10pThirdHarmonic.wav,3,10pThirdHarmonic,test,36,294912
G3_10pThirdHarmonic_00037.png,10pThirdHarmonic,G3_10pThirdHarmonic.wav,3,10pThirdHarmonic,test,37,303104
G3_10pThirdHarmonic_00038.png,10pThirdHarmonic,G3_10pThirdHarmonic.wav,3,10pThirdHarmonic,test,38,311296
G3_10pThirdHarmonic_00039.png,10pThirdHarmonic,G3_10pThirdHarmonic.wav,3,10pThirdHarmonic,test,39,319488
G3_10pThirdHarmonic_00040.png,10pThirdHarmonic,G3_10pThirdHarmonic.wav,3,10pThirdHarmonic,test,40,327680
G3_10pThirdHarmonic_00041.png,10pThirdHarmonic,G3_10pThirdHarmonic.wav,3,10pThirdHarmonic,test,41,335872
G3_10pThirdHarmonic_00042.png,10pThirdHarmonic,G3_10pThirdHarmonic.wav,3,10pThirdHarmonic,test,42,344064
G3_10pThirdHarmonic_00043.png,10pThirdHarmonic,G3_10pThirdHarmonic.wav,3,10pThirdHarmonic,test,43,352256
G3_10pThirdHarmonic_00044.png,10pThirdHarmonic,G3_10pThirdHarmonic.wav,3,10pThirdHarmonic,test,44,360448
G3_10pThirdHarmonic_00045.png,10pThirdHarmonic,G3_10pThirdHarmonic.wav,3,10pThirdHarmonic,test,45,368640
G3_10pThirdHarmonic_00046.png,10pThirdHarmonic,G3_10pThirdHarmonic.wav,3,10pThirdHarmonic,test,46,376832
G3_10pThirdHarmonic_00047.png,10pThirdHarmonic,G3_10pThirdHarmonic.wav,3,10pThirdHarmonic,test,47,385024
G3_10pThirdHarmonic_00048.png,10pThirdHarmonic,G3_10pThirdHarmonic.wav,3,10pThirdHarmonic,test,48,393216
G3_10pThirdHarmonic_00049.png,10pThirdHarmonic,G3_10pThirdHarmonic.wav,3,10pThirdHarmonic,test,49,401408
G3_10pThirdHarmonic_00050.png,10pThirdHarmonic,G3_10pThirdHarmonic.wav,3,10pThirdHarmonic,test,50,409600
G3_10pThirdHarmonic_00051.png,10pThirdHarmonic,G3_10pThirdHarmonic.wav,3,10pThirdHarmonic,test,51,417792
G3_10pThirdHarmonic_00052.png,10pThirdHarmonic,G3_10pThirdHarmonic.wav,3,10pThirdHarmonic,test,52,425984
G3_10pThirdHarmonic_00053.png,10pThirdHarmonic,G3_10pThirdHarmonic.wav,3,10pThirdHarmonic,test,53,434176
G3_10pThirdHarmonic_00054.png,10pThirdHarmonic,G3_10pThirdHarmonic.wav,3,10pThirdHarmonic,test,54,442368
G3_10pThirdHarmonic_00055.png,10pThirdHarmonic,G3_10pThirdHarmonic.wav,3,10pThirdHarmonic,test,55,450560
G3_10pThirdHarmonic_00056.png,10pThirdHarmonic,G3_10pThirdHarmonic.wav,3,10pThirdHarmonic,test,56,458752
G3_10pThirdHarmonic_00057.png,10pThirdHarmonic,G3_10pThirdHarmonic.wav,3,10pThirdHarmonic,test,57,466944
G3_10pThirdHarmonic_00058.png,10pThirdHarmonic,G3_10pThirdHarmonic.wav,3,10pThirdHarmonic,test,58,475136
G3_10pThirdHarmonic_00059.png,10pThirdHarmonic,G3_10pThirdHarmonic.wav,3,10pThirdHarmonic,test,59,483328
G3_10pThirdHarmonic_00060.png,10pThirdHarmonic,G3_10pThirdHarmonic.wav,3,10pThirdHarmonic,test,60,491520
G3_10pThirdHarmonic_00061.png,10pThirdHarmonic,G3_10pThirdHarmonic.wav,3,10pThirdHarmonic,test,61,499712
G3_10pThirdHarmonic_00062.png,10pThirdHarmonic,G3_10pThirdHarmonic.wav,3,10pThirdHarmonic,test,62,507904
G3_10pThirdHarmonic_00063.png,10pThirdHarmonic,G3_10pThirdHarmonic.wav,3,10pThirdHarmonic,test,63,516096
G3_10pThirdHarmonic_00064.png,10pThirdHarmonic,G3_10pThirdHarmonic.wav,3,10pThirdHarmonic,test,64,524288
G3_10pThirdHarmonic_00065.png,10pThirdHarmonic,G3_10pThirdHarmonic.wav,3,10pThirdHarmonic,test,65,532480
G3_10pThirdHarmonic_00066.png,10pThirdHarmonic,G3_10pThirdHarmonic.wav,3,10pThirdHarmonic,test,66,540672
G3_10pThirdHarmonic_00067.png,10pThirdHarmonic,G3_10pThirdHarmonic.wav,3,10pThirdHarmonic,test,67,548864
G3_10pThirdHarmonic_00068.png,10pThirdHarmonic,G3_10pThirdHarmonic.wav,3,10pThirdHarmonic,test,68,557056
G3_10pThirdHarmonic_00069.png,10pThirdHarmonic,G3_10pThirdHarmonic.wav,3,10pThirdHarmonic,test,69,565248
G3_10pThirdHarmonic_00070.png,10pThirdHarmonic,G3_10pThirdHarmonic.wav,3,10pThirdHarmonic,test,70,573440
G3_10pThirdHarmonic_00071.png,10pThirdHarmonic,G3_10pThirdHarmonic.wav,3,10pThirdHarmonic,test,71,581632
G3_10pThirdHarmonic_00072.png,10pThirdHarmonic,G3_10pThirdHarmonic.wav,3,10pThirdHarmonic,test,72,589824
G3_10pThirdHarmonic_00073.png,10pThirdHarmonic,G3_10pThirdHarmonic.wav,3,10pThirdHarmonic,test,73,598016
G3_10pThirdHarmonic_00074.png,10pThirdHarmonic,G3_10pThirdHarmonic.wav,3,10pThirdHarmonic,test,74,606208
G3_10pThirdHarmonic_00075.png,10pThirdHarmonic,G3_10pThirdHarmonic.wav,3,10pThirdHarmonic,test,75,614400
G3_10pThirdHarmonic_00076.png,10pThirdHarmonic,G3_10pThirdHarmonic.wav,3,10pThirdHarmonic,test,76,622592
G3_10pThirdHarmonic_00077.png,10pThirdHarmonic,G3_10pThirdHarmonic.wav,3,10pThirdHarmonic,test,77,630784
G3_10pThirdHarmonic_00078.png,10pThirdHarmonic,G3_10pThirdHarmonic.wav,3,10pThirdHarmonic,test,78,638976
G3_10pThirdHarmonic_00079.png,10pThirdHarmonic,G3_10pThirdHarmonic.wav,3,10pThirdHarmonic,test,79,647168
G3_10pThirdHarmonic_00080.png,10pThirdHarmonic,G3_10pThirdHarmonic.wav,3,10pThirdHarmonic,test,80,655360
G3_10pThirdHarmonic_00081.png,10pThirdHarmonic,G3_10pThirdHarmonic.wav,3,10pThirdHarmonic,test,81,663552
G3_10pThirdHarmonic_00082.png,10pThirdHarmonic,G3_10pThirdHarmonic.wav,3,10pThirdHarmonic,test,82,671744
G3_10pThirdHarmonic_00083.png,10pThirdHarmonic,G3_10pThirdHarmonic.wav,3,10pThirdHarmonic,test,83,679936
G3_10pThirdHarmonic_00084.png,10pThirdHarmonic,G3_10pThirdHarmonic.wav,3,10pThirdHarmonic,test,84,688128
G3_10pThirdHarmonic_00085.png,10pThirdHarmonic,G3_10pThirdHarmonic.wav,3,10pThirdHarmonic,test,85,696320
G3_10pThirdHarmonic_00086.png,10pThirdHarmonic,G3_10pThirdHarmonic.wav,3,10pThirdHarmonic,test,86,704512
G3_10pThirdHarmonic_00087.png,10pThirdHarmonic,G3_10pThirdHarmonic.wav,3,10pThirdHarmonic,test,87,712704
G3_10pThirdHarmonic_00088.png,10pThirdHarmonic,G3_10pThirdHarmonic.wav,3,10pThirdHarmonic,test,88,720896
G3_10pThirdHarmonic_00089.png,10pThirdHarmonic,G3_10pThirdHarmonic.wav,3,10pThirdHarmonic,test,89,729088
G3_10pThirdHarmonic_00090.png,10pThirdHarmonic,G3_10pThirdHarmonic.wav,3,10pThirdHarmonic,test,90,737280
G3_10pThirdHarmonic_00091.png,10pThirdHarmonic,G3_10pThirdHarmonic.wav,3,10pThirdHarmonic,test,91,745472
G3_10pThirdHarmonic_00092.png,10pThirdHarmonic,G3_10pThirdHarmonic.wav,3,10pThirdHarmonic,test,92,753664
G3_10pThirdHarmonic_00093.png,10pThirdHarmonic,G3_10pThirdHarmonic.wav,3,10pThirdHarmonic,test,93,761856
G3_10pThirdHarmonic_00094.png,10pThirdHarmonic,G3_10pThirdHarmonic.wav,3,10pThirdHarmonic,test,94,770048
G3_10pThirdHarmonic_00095.png,10pThirdHarmonic,G3_10pThirdHarmonic.wav,3,10pThirdHarmonic,test,95,778240
G3_10pThirdHarmonic_00096.png,10pThirdHarmonic,G3_10pThirdHarmonic.wav,3,10pThirdHarmonic,test,96,786432
G3_10pThirdHarmonic_00097.png,10pThirdHarmonic,G3_10pThirdHarmonic.wav,3,10pThirdHarmonic,test,97,794624
G3_10pThirdHarmonic_00098.png,10pThirdHarmonic,G3_10pThirdHarmonic.wav,3,10pThirdHarmonic,test,98,802816
G3_10pThirdHarmonic_00099.png,10pThirdHarmonic,G3_10pThirdHarmonic.wav,3,10pThirdHarmonic,test,99,811008
G3_10pThirdHarmonic_00100.png,10pThirdHarmonic,G3_10pThirdHarmonic.wav,3,10pThirdHarmonic,test,100,819200
G3_10pThirdHarmonic_00101.png,10pThirdHarmonic,G3_10pThirdHarmonic.wav,3,10pThirdHarmonic,test,101,827392
G3_10pThirdHarmonic_00102.png,10pThirdHarmonic,G3_10pThirdHarmonic.wav,3,10pThirdHarmonic,test,102,835584
G3_10pThirdHarmonic_00103.png,10pThirdHarmonic,G3_10pThirdHarmonic.wav,3,10pThirdHarmonic,test,103,843776
G3_10pThirdHarmonic_00104.png,10pThirdHarmonic,G3_10pThirdHarmonic.wav,3,10pThirdHarmonic,test,104,851968
G3_10pThirdHarmonic_00105.png,10pThirdHarmonic,G3_10pThirdHarmonic.wav,3,10pThirdHarmonic,test,105,860160
G3_10pThirdHarmonic_00106.png,10pThirdHarmonic,G3_10pThirdHarmonic.wav,3,10pThirdHarmonic,test,106,868352
G3_10pThirdHarmonic_00107.png,10pThirdHarmonic,G3_10pThirdHarmonic.wav,3,10pThirdHarmonic,test,107,876544
G3_10pThirdHarmonic_00108.png,10pThirdHarmonic,G3_10pThirdHarmonic.wav,3,10pThirdHarmonic,test,108,884736
G3_10pThirdHarmonic_00109.png,10pThirdHarmonic,G3_10pThirdHarmonic.wav,3,10pThirdHarmonic,test,109,892928
G3_10pThirdHarmonic_00110.png,10pThirdHarmonic,G3_10pThirdHarmonic.wav,3,10pThirdHarmonic,test,110,901120
G3_10pThirdHarmonic_00111.png,10pThirdHarmonic,G3_10pThirdHarmonic.wav,3,10pThirdHarmonic,test,111,909312
G3_10pThirdHarmonic_00112.png,10pThirdHarmonic,G3_10pThirdHarmonic.wav,3,10pThirdHarmonic,test,112,917504
G3_10pThirdHarmonic_00113.png,10pThirdHarmonic,G3_10pThirdHarmonic.wav,3,10pThirdHarmonic,test,113,925696
G3_10pThirdHarmonic_00114.png,10pThirdHarmonic,G3_10pThirdHarmonic.wav,3,10pThirdHarmonic,test,114,933888
G3_10pThirdHarmonic_00115.png,10pThirdHarmonic,G3_10pThirdHarmonic.wav,3,10pThirdHarmonic,test,115,942080
G3_10pThirdHarmonic_00116.png,10pThirdHarmonic,G3_10pThirdHarmonic.wav,3,10pThirdHarmonic,test,116,950272
G3_10pThirdHarmonic_00117.png,10pThirdHarmonic,G3_10pThirdHarmonic.wav,3,10pThirdHarmonic,test,117,958464
G3_10pThirdHarmonic_00118.png,10pThirdHarmonic,G3_10pThirdHarmonic.wav,3,10pThirdHarmonic,test,118,966656
G3_10pThirdHarmonic_00119.png,10pThirdHarmonic,G3_10pThirdHarmonic.wav,3,10pThirdHarmonic,test,119,974848
G3_10pThirdHarmonic_00120.png,10pThirdHarmonic,G3_10pThirdHarmonic.wav,3,10pThirdHarmonic,test,120,983040
G3_10pThirdHarmonic_00121.png,10pThirdHarmonic,G3_10pThirdHarmonic.wav,3,10pThirdHarmonic,test,121,991232
G3_10pThirdHarmonic_00122.png,10pThirdHarmonic,G3_10pThirdHarmonic.wav,3,10pThirdHarmonic,test,122,999424
G3_10pThirdHarmonic_00123.png,10pThirdHarmonic,G3_10pThirdHarmonic.wav,3,10pThirdHarmonic,test,123,1007616
G3_10pThirdHarmonic_00124.png,10pThirdHarmonic,G3_10pThirdHarmonic.wav,3,10pThirdHarmonic,test,124,1015808
G3_10pThirdHarmonic_00125.png,10pThirdHarmonic,G3_10pThirdHarmonic.wav,3,10pThirdHarmonic,test,125,1024000
G3_10pThirdHarmonic_00126.png,10pThirdHarmonic,G3_10pThirdHarmonic.wav,3,10pThirdHarmonic,test,126,1032192
G3_10pThirdHarmonic_00127.png,10pThirdHarmonic,G3_10pThirdHarmonic.wav,3,10pThirdHarmonic,test,127,1040384
G3_10pThirdHarmonic_00128.png,10pThirdHarmonic,G3_10pThirdHarmonic.wav,3,10pThirdHarmonic,test,128,1048576
G3_10pThirdHarmonic_00129.png,10pThirdHarmonic,G3_10pThirdHarmonic.wav,3,10pThirdHarmonic,test,129,1056768
G3_10pThirdHarmonic_00130.png,10pThirdHarmonic,G3_10pThirdHarmonic.wav,3,10pThirdHarmonic,test,130,1064960
G3_10pThirdHarmonic_00131.png,10pThirdHarmonic,G3_10pThirdHarmonic.wav,3,10pThirdHarmonic,test,131,1073152
G3_10pThirdHarmonic_00132.png,10pThirdHarmonic,G3_10pThirdHarmonic.wav,3,10pThirdHarmonic,test,132,1081344
G3_10pThirdHarmonic_00133.png,10pThirdHarmonic,G3_10pThirdHarmonic.wav,3,10pThirdHarmonic,test,133,1089536
G3_10pThirdHarmonic_00134.png,10pThirdHarmonic,G3_10pThirdHarmonic.wav,3,10pThirdHarmonic,test,134,1097728
G3_10pThirdHarmonic_00135.png,10pThirdHarmonic,G3_10pThirdHarmonic.wav,3,10pThirdHarmonic,test,135,1105920
G3_10pThirdHarmonic_00136.png,10pThirdHarmonic,G3_10pThirdHarmonic.wav,3,10pThirdHarmonic,test,136,1114112
G3_10pThirdHarmonic_00137.png,10pThirdHarmonic,G3_10pThirdHarmonic.wav,3,10pThirdHarmonic,test,137,1122304
G3_10pThirdHarmonic_00138.png,10pThirdHarmonic,G3_10pThirdHarmonic.wav,3,10pThirdHarmonic,test,138,1130496
G3_10pThirdHarmonic_00139.png,10pThirdHarmonic,G3_10pThirdHarmonic.wav,3,10pThirdHarmonic,test,139,1138688
G3_10pThirdHarmonic_00140.png,10pThirdHarmonic,G3_10pThirdHarmonic.wav,3,10pThirdHarmonic,test,140,1146880
G3_10pThirdHarmonic_00141.png,10pThirdHarmonic,G3_10pThirdHarmonic.wav,3,10pThirdHarmonic,test,141,1155072
G3_10pThirdHarmonic_00142.png,10pThirdHarmonic,G3_10pThirdHarmonic.wav,3,10pThirdHarmonic,test,142,1163264
G3_10pThirdHarmonic_00143.png,10pThirdHarmonic,G3_10pThirdHarmonic.wav,3,10pThirdHarmonic,test,143,1171456
G3_10pThirdHarmonic_00144.png,10pThirdHarmonic,G3_10pThirdHarmonic.wav,3,10pThirdHarmonic,test,144,1179648
G3_10pThirdHarmonic_00145.png,10pThirdHarmonic,G3_10pThirdHarmonic.wav,3,10pThirdHarmonic,test,145,1187840
G3_10pThirdHarmonic_00146.png,10pThirdHarmonic,G3_10pThirdHarmonic.wav,3,10pThirdHarmonic,test,146,1196032
G3_10pThirdHarmonic_00147.png,10pThirdHarmonic,G3_10pThirdHarmonic.wav,3,10pThirdHarmonic,test,147,1204224
G3_10pThirdHarmonic_00148.png,10pThirdHarmonic,G3_10pThirdHarmonic.wav,3,10pThirdHarmonic,test,148,1212416
G3_10pThirdHarmonic_00149.png,10pThirdHarmonic,G3_10pThirdHarmonic.wav,3,10pThirdHarmonic,test,149,1220608
G3_10pThirdHarmonic_00150.png,10pThirdHarmonic,G3_10pThirdHarmonic.wav,3,10pThirdHarmonic,test,150,1228800
G3_10pThirdHarmonic_00151.png,10pThirdHarmonic,G3_10pThirdHarmonic.wav,3,10pThirdHarmonic,test,151,1236992
G3_10pThirdHarmonic_00152.png,10pThirdHarmonic,G3_10pThirdHarmonic.wav,3,10pThirdHarmonic,test,152,1245184
G3_10pThirdHarmonic_00153.png,10pThirdHarmonic,G3_10pThirdHarmonic.wav,3,10pThirdHarmonic,test,153,1253376
G3_10pThirdHarmonic_00154.png,10pThirdHarmonic,G3_10pThirdHarmonic.wav,3,10pThirdHarmonic,test,154,1261568
G3_10pThirdHarmonic_00155.png,10pThirdHarmonic,G3_10pThirdHarmonic.wav,3,10pThirdHarmonic,test,155,1269760
G3_10pThirdHarmonic_00156.png,10pThirdHarmonic,G3_10pThirdHarmonic.wav,3,10pThirdHarmonic,test,156,1277952
G3_10pThirdHarmonic_00157.png,10pThirdHarmonic,G3_10pThirdHarmonic.wav,3,10pThirdHarmonic,test,157,1286144
G3_10pThirdHarmonic_00158.png,10pThirdHarmonic,G3_10pThirdHarmonic.wav,3,10pThirdHarmonic,test,158,1294336
G3_10pThirdHarmonic_00159.png,10pThirdHarmonic,G3_10pThirdHarmonic.wav,3,10pThirdHarmonic,test,159,1302528
G3_10pThirdHarmonic_00160.png,10pThirdHarmonic,G3_10pThirdHarmonic.wav,3,10pThirdHarmonic,test,160,1310720
G3_10pThirdHarmonic_00161.png,10pThirdHarmonic,G3_10pThirdHarmonic.wav,3,10pThirdHarmonic,test,161,1318912
G3_10pThirdHarmonic_00162.png,10pThirdHarmonic,G3_10pThirdHarmonic.wav,3,10pThirdHarmonic,test,162,1327104
G3_10pThirdHarmonic_00163.png,10pThirdHarmonic,G3_10pThirdHarmonic.wav,3,10pThirdHarmonic,test,163,1335296
G3_10pThirdHarmonic_00164.png,10pThirdHarmonic,G3_10pThirdHarmonic.wav,3,10pThirdHarmonic,test,164,1343488
G3_10pThirdHarmonic_00165.png,10pThirdHarmonic,G3_10pThirdHarmonic.wav,3,10pThirdHarmonic,test,165,1351680
G3_10pThirdHarmonic_00166.png,10pThirdHarmonic,G3_10pThirdHarmonic.wav,3,10pThirdHarmonic,test,166,1359872
G3_10pThirdHarmonic_00167.png,10pThirdHarmonic,G3_10pThirdHarmonic.wav,3,10pThirdHarmonic,test,167,1368064
G3_10pThirdHarmonic_00168.png,10pThirdHarmonic,G3_10pThirdHarmonic.wav,3,10pThirdHarmonic,test,168,1376256
G3_10pThirdHarmonic_00169.png,10pThirdHarmonic,G3_10pThirdHarmonic.wav,3,10pThirdHarmonic,test,169,1384448
G3_10pThirdHarmonic_00170.png,10pThirdHarmonic,G3_10pThirdHarmonic.wav,3,10pThirdHarmonic,test,170,1392640
G3_10pThirdHarmonic_00171.png,10pThirdHarmonic,G3_10pThirdHarmonic.wav,3,10pThirdHarmonic,test,171,1400832
G3_10pThirdHarmonic_00172.png,10pThirdHarmonic,G3_10pThirdHarmonic.wav,3,10pThirdHarmonic,test,172,1409024
G3_10pThirdHarmonic_00173.png,10pThirdHarmonic,G3_10pThirdHarmonic.wav,3,10pThirdHarmonic,test,173,1417216
G3_10pThirdHarmonic_00174.png,10pThirdHarmonic,G3_10pThirdHarmonic.wav,3,10pThirdHarmonic,test,174,1425408
G3_10pThirdHarmonic_00175.png,10pThirdHarmonic,G3_10pThirdHarmonic.wav,3,10pThirdHarmonic,test,175,1433600
G3_10pThirdHarmonic_00176.png,10pThirdHarmonic,G3_10pThirdHarmonic.wav,3,10pThirdHarmonic,test,176,1441792
G3_10pThirdHarmonic_00177.png,10pThirdHarmonic,G3_10pThirdHarmonic.wav,3,10pThirdHarmonic,test,177,1449984
G3_10pThirdHarmonic_00178.png,10pThirdHarmonic,G3_10pThirdHarmonic.wav,3,10pThirdHarmonic,test,178,1458176
G3_10pThirdHarmonic_00179.png,10pThirdHarmonic,G3_10pThirdHarmonic.wav,3,10pThirdHarmonic,test,179,1466368
G3_10pThirdHarmonic_00180.png,10pThirdHarmonic,G3_10pThirdHarmonic.wav,3,10pThirdHarmonic,test,180,1474560
G3_10pThirdHarmonic_00181.png,10pThirdHarmonic,G3_10pThirdHarmonic.wav,3,10pThirdHarmonic,test,181,1482752
G3_10pThirdHarmonic_00182.png,10pThirdHarmonic,G3_10pThirdHarmonic.wav,3,10pThirdHarmonic,test,182,1490944
G3_10pThirdHarmonic_00183.png,10pThirdHarmonic,G3_10pThirdHarmonic.wav,3,10pThirdHarmonic,test,183,1499136
G3_10pThirdHarmonic_00184.png,10pThirdHarmonic,G3_10pThirdHarmonic.wav,3,10pThirdHarmonic,test,184,1507328
G3_10pThirdHarmonic_00185.png,10pThirdHarmonic,G3_10pThirdHarmonic.wav,3,10pThirdHarmonic,test,185,1515520
G3_10pThirdHarmonic_00186.png,10pThirdHarmonic,G3_10pThirdHarmonic.wav,3,10pThirdHarmonic,test,186,1523712
G3_10pThirdHarmonic_00187.png,10pThirdHarmonic,G3_10pThirdHarmonic.wav,3,10pThirdHarmonic,test,187,1531904
G4_20pFifthHarmonic_chunk1_00000.png,20pFifthHarmonic,G4_20pFifthHarmonic.wav__chunk1,4,20pFifthHarmonic,test,0,0
G4_20pFifthHarmonic_chunk1_00001.png,20pFifthHarmonic,G4_20pFifthHarmonic.wav__chunk1,4,20pFifthHarmonic,test,1,8192
G4_20pFifthHarmonic_chunk1_00002.png,20pFifthHarmonic,G4_20pFifthHarmonic.wav__chunk1,4,20pFifthHarmonic,test,2,16384
G4_20pFifthHarmonic_chunk1_00003.png,20pFifthHarmonic,G4_20pFifthHarmonic.wav__chunk1,4,20pFifthHarmonic,test,3,24576
G4_20pFifthHarmonic_chunk1_00004.png,20pFifthHarmonic,G4_20pFifthHarmonic.wav__chunk1,4,20pFifthHarmonic,test,4,32768
G4_20pFifthHarmonic_chunk1_00005.png,20pFifthHarmonic,G4_20pFifthHarmonic.wav__chunk1,4,20pFifthHarmonic,test,5,40960
G4_20pFifthHarmonic_chunk1_00006.png,20pFifthHarmonic,G4_20pFifthHarmonic.wav__chunk1,4,20pFifthHarmonic,test,6,49152
G4_20pFifthHarmonic_chunk1_00007.png,20pFifthHarmonic,G4_20pFifthHarmonic.wav__chunk1,4,20pFifthHarmonic,test,7,57344
G4_20pFifthHarmonic_chunk1_00008.png,20pFifthHarmonic,G4_20pFifthHarmonic.wav__chunk1,4,20pFifthHarmonic,test,8,65536
G4_20pFifthHarmonic_chunk1_00009.png,20pFifthHarmonic,G4_20pFifthHarmonic.wav__chunk1,4,20pFifthHarmonic,test,9,73728
G4_20pFifthHarmonic_chunk1_00010.png,20pFifthHarmonic,G4_20pFifthHarmonic.wav__chunk1,4,20pFifthHarmonic,test,10,81920
G4_20pFifthHarmonic_chunk1_00011.png,20pFifthHarmonic,G4_20pFifthHarmonic.wav__chunk1,4,20pFifthHarmonic,test,11,90112
G4_20pFifthHarmonic_chunk1_00012.png,20pFifthHarmonic,G4_20pFifthHarmonic.wav__chunk1,4,20pFifthHarmonic,test,12,98304
G4_20pFifthHarmonic_chunk1_00013.png,20pFifthHarmonic,G4_20pFifthHarmonic.wav__chunk1,4,20pFifthHarmonic,test,13,106496
G4_20pFifthHarmonic_chunk1_00014.png,20pFifthHarmonic,G4_20pFifthHarmonic.wav__chunk1,4,20pFifthHarmonic,test,14,114688
G4_20pFifthHarmonic_chunk1_00015.png,20pFifthHarmonic,G4_20pFifthHarmonic.wav__chunk1,4,20pFifthHarmonic,test,15,122880
G4_20pFifthHarmonic_chunk1_00016.png,20pFifthHarmonic,G4_20pFifthHarmonic.wav__chunk1,4,20pFifthHarmonic,test,16,131072
G4_20pFifthHarmonic_chunk1_00017.png,20pFifthHarmonic,G4_20pFifthHarmonic.wav__chunk1,4,20pFifthHarmonic,test,17,139264
G4_20pFifthHarmonic_chunk1_00018.png,20pFifthHarmonic,G4_20pFifthHarmonic.wav__chunk1,4,20pFifthHarmonic,test,18,147456
G4_20pFifthHarmonic_chunk1_00019.png,20pFifthHarmonic,G4_20pFifthHarmonic.wav__chunk1,4,20pFifthHarmonic,test,19,155648
G4_20pFifthHarmonic_chunk1_00020.png,20pFifthHarmonic,G4_20pFifthHarmonic.wav__chunk1,4,20pFifthHarmonic,test,20,163840
G4_20pFifthHarmonic_chunk1_00021.png,20pFifthHarmonic,G4_20pFifthHarmonic.wav__chunk1,4,20pFifthHarmonic,test,21,172032
G4_20pFifthHarmonic_chunk1_00022.png,20pFifthHarmonic,G4_20pFifthHarmonic.wav__chunk1,4,20pFifthHarmonic,test,22,180224
G4_20pFifthHarmonic_chunk1_00023.png,20pFifthHarmonic,G4_20pFifthHarmonic.wav__chunk1,4,20pFifthHarmonic,test,23,188416
G4_20pFifthHarmonic_chunk1_00024.png,20pFifthHarmonic,G4_20pFifthHarmonic.wav__chunk1,4,20pFifthHarmonic,test,24,196608
G4_20pFifthHarmonic_chunk1_00025.png,20pFifthHarmonic,G4_20pFifthHarmonic.wav__chunk1,4,20pFifthHarmonic,test,25,204800
G4_20pFifthHarmonic_chunk1_00026.png,20pFifthHarmonic,G4_20pFifthHarmonic.wav__chunk1,4,20pFifthHarmonic,test,26,212992
G4_20pFifthHarmonic_chunk1_00027.png,20pFifthHarmonic,G4_20pFifthHarmonic.wav__chunk1,4,20pFifthHarmonic,test,27,221184
G4_20pFifthHarmonic_chunk1_00028.png,20pFifthHarmonic,G4_20pFifthHarmonic.wav__chunk1,4,20pFifthHarmonic,test,28,229376
G4_20pFifthHarmonic_chunk1_00029.png,20pFifthHarmonic,G4_20pFifthHarmonic.wav__chunk1,4,20pFifthHarmonic,test,29,237568
G4_20pFifthHarmonic_chunk1_00030.png,20pFifthHarmonic,G4_20pFifthHarmonic.wav__chunk1,4,20pFifthHarmonic,test,30,245760
G4_20pFifthHarmonic_chunk1_00031.png,20pFifthHarmonic,G4_20pFifthHarmonic.wav__chunk1,4,20pFifthHarmonic,test,31,253952
G4_20pFifthHarmonic_chunk1_00032.png,20pFifthHarmonic,G4_20pFifthHarmonic.wav__chunk1,4,20pFifthHarmonic,test,32,262144
G4_20pFifthHarmonic_chunk1_00033.png,20pFifthHarmonic,G4_20pFifthHarmonic.wav__chunk1,4,20pFifthHarmonic,test,33,270336
G4_20pFifthHarmonic_chunk1_00034.png,20pFifthHarmonic,G4_20pFifthHarmonic.wav__chunk1,4,20pFifthHarmonic,test,34,278528
G4_20pFifthHarmonic_chunk1_00035.png,20pFifthHarmonic,G4_20pFifthHarmonic.wav__chunk1,4,20pFifthHarmonic,test,35,286720
G4_20pFifthHarmonic_chunk1_00036.png,20pFifthHarmonic,G4_20pFifthHarmonic.wav__chunk1,4,20pFifthHarmonic,test,36,294912
G4_20pFifthHarmonic_chunk1_00037.png,20pFifthHarmonic,G4_20pFifthHarmonic.wav__chunk1,4,20pFifthHarmonic,test,37,303104
G4_20pFifthHarmonic_chunk1_00038.png,20pFifthHarmonic,G4_20pFifthHarmonic.wav__chunk1,4,20pFifthHarmonic,test,38,311296
G4_20pFifthHarmonic_chunk1_00039.png,20pFifthHarmonic,G4_20pFifthHarmonic.wav__chunk1,4,20pFifthHarmonic,test,39,319488
G4_20pFifthHarmonic_chunk1_00040.png,20pFifthHarmonic,G4_20pFifthHarmonic.wav__chunk1,4,20pFifthHarmonic,test,40,327680
G4_20pFifthHarmonic_chunk1_00041.png,20pFifthHarmonic,G4_20pFifthHarmonic.wav__chunk1,4,20pFifthHarmonic,test,41,335872
G4_20pFifthHarmonic_chunk1_00042.png,20pFifthHarmonic,G4_20pFifthHarmonic.wav__chunk1,4,20pFifthHarmonic,test,42,344064
G4_20pFifthHarmonic_chunk1_00043.png,20pFifthHarmonic,G4_20pFifthHarmonic.wav__chunk1,4,20pFifthHarmonic,test,43,352256
G4_20pFifthHarmonic_chunk1_00044.png,20pFifthHarmonic,G4_20pFifthHarmonic.wav__chunk1,4,20pFifthHarmonic,test,44,360448
G4_20pFifthHarmonic_chunk1_00045.png,20pFifthHarmonic,G4_20pFifthHarmonic.wav__chunk1,4,20pFifthHarmonic,test,45,368640
G4_20pFifthHarmonic_chunk1_00046.png,20pFifthHarmonic,G4_20pFifthHarmonic.wav__chunk1,4,20pFifthHarmonic,test,46,376832
G4_20pFifthHarmonic_chunk1_00047.png,20pFifthHarmonic,G4_20pFifthHarmonic.wav__chunk1,4,20pFifthHarmonic,test,47,385024
G4_20pFifthHarmonic_chunk1_00048.png,20pFifthHarmonic,G4_20pFifthHarmonic.wav__chunk1,4,20pFifthHarmonic,test,48,393216
G4_20pFifthHarmonic_chunk1_00049.png,20pFifthHarmonic,G4_20pFifthHarmonic.wav__chunk1,4,20pFifthHarmonic,test,49,401408
G4_20pFifthHarmonic_chunk1_00050.png,20pFifthHarmonic,G4_20pFifthHarmonic.wav__chunk1,4,20pFifthHarmonic,test,50,409600
G4_20pFifthHarmonic_chunk1_00051.png,20pFifthHarmonic,G4_20pFifthHarmonic.wav__chunk1,4,20pFifthHarmonic,test,51,417792
G4_20pFifthHarmonic_chunk1_00052.png,20pFifthHarmonic,G4_20pFifthHarmonic.wav__chunk1,4,20pFifthHarmonic,test,52,425984
G4_20pFifthHarmonic_chunk1_00053.png,20pFifthHarmonic,G4_20pFifthHarmonic.wav__chunk1,4,20pFifthHarmonic,test,53,434176
G4_20pFifthHarmonic_chunk1_00054.png,20pFifthHarmonic,G4_20pFifthHarmonic.wav__chunk1,4,20pFifthHarmonic,test,54,442368
G4_20pFifthHarmonic_chunk1_00055.png,20pFifthHarmonic,G4_20pFifthHarmonic.wav__chunk1,4,20pFifthHarmonic,test,55,450560
G4_20pFifthHarmonic_chunk1_00056.png,20pFifthHarmonic,G4_20pFifthHarmonic.wav__chunk1,4,20pFifthHarmonic,test,56,458752
G4_20pFifthHarmonic_chunk1_00057.png,20pFifthHarmonic,G4_20pFifthHarmonic.wav__chunk1,4,20pFifthHarmonic,test,57,466944
G4_20pFifthHarmonic_chunk1_00058.png,20pFifthHarmonic,G4_20pFifthHarmonic.wav__chunk1,4,20pFifthHarmonic,test,58,475136
G4_20pFifthHarmonic_chunk1_00059.png,20pFifthHarmonic,G4_20pFifthHarmonic.wav__chunk1,4,20pFifthHarmonic,test,59,483328
G4_20pFifthHarmonic_chunk1_00060.png,20pFifthHarmonic,G4_20pFifthHarmonic.wav__chunk1,4,20pFifthHarmonic,test,60,491520
G4_20pFifthHarmonic_chunk1_00061.png,20pFifthHarmonic,G4_20pFifthHarmonic.wav__chunk1,4,20pFifthHarmonic,test,61,499712
G4_20pFifthHarmonic_chunk1_00062.png,20pFifthHarmonic,G4_20pFifthHarmonic.wav__chunk1,4,20pFifthHarmonic,test,62,507904
G4_20pFifthHarmonic_chunk1_00063.png,20pFifthHarmonic,G4_20pFifthHarmonic.wav__chunk1,4,20pFifthHarmonic,test,63,516096
G4_20pFifthHarmonic_chunk1_00064.png,20pFifthHarmonic,G4_20pFifthHarmonic.wav__chunk1,4,20pFifthHarmonic,test,64,524288
G4_20pFifthHarmonic_chunk1_00065.png,20pFifthHarmonic,G4_20pFifthHarmonic.wav__chunk1,4,20pFifthHarmonic,test,65,532480
G4_20pFifthHarmonic_chunk1_00066.png,20pFifthHarmonic,G4_20pFifthHarmonic.wav__chunk1,4,20pFifthHarmonic,test,66,540672
G4_20pFifthHarmonic_chunk1_00067.png,20pFifthHarmonic,G4_20pFifthHarmonic.wav__chunk1,4,20pFifthHarmonic,test,67,548864
G4_20pFifthHarmonic_chunk1_00068.png,20pFifthHarmonic,G4_20pFifthHarmonic.wav__chunk1,4,20pFifthHarmonic,test,68,557056
G4_20pFifthHarmonic_chunk1_00069.png,20pFifthHarmonic,G4_20pFifthHarmonic.wav__chunk1,4,20pFifthHarmonic,test,69,565248
G4_20pFifthHarmonic_chunk1_00070.png,20pFifthHarmonic,G4_20pFifthHarmonic.wav__chunk1,4,20pFifthHarmonic,test,70,573440
G4_20pFifthHarmonic_chunk1_00071.png,20pFifthHarmonic,G4_20pFifthHarmonic.wav__chunk1,4,20pFifthHarmonic,test,71,581632
G4_20pFifthHarmonic_chunk1_00072.png,20pFifthHarmonic,G4_20pFifthHarmonic.wav__chunk1,4,20pFifthHarmonic,test,72,589824
G4_20pFifthHarmonic_chunk1_00073.png,20pFifthHarmonic,G4_20pFifthHarmonic.wav__chunk1,4,20pFifthHarmonic,test,73,598016
G4_20pFifthHarmonic_chunk1_00074.png,20pFifthHarmonic,G4_20pFifthHarmonic.wav__chunk1,4,20pFifthHarmonic,test,74,606208
G4_20pFifthHarmonic_chunk1_00075.png,20pFifthHarmonic,G4_20pFifthHarmonic.wav__chunk1,4,20pFifthHarmonic,test,75,614400
G4_20pFifthHarmonic_chunk1_00076.png,20pFifthHarmonic,G4_20pFifthHarmonic.wav__chunk1,4,20pFifthHarmonic,test,76,622592
G4_20pFifthHarmonic_chunk1_00077.png,20pFifthHarmonic,G4_20pFifthHarmonic.wav__chunk1,4,20pFifthHarmonic,test,77,630784
G4_20pFifthHarmonic_chunk1_00078.png,20pFifthHarmonic,G4_20pFifthHarmonic.wav__chunk1,4,20pFifthHarmonic,test,78,638976
G4_20pFifthHarmonic_chunk1_00079.png,20pFifthHarmonic,G4_20pFifthHarmonic.wav__chunk1,4,20pFifthHarmonic,test,79,647168
G4_20pFifthHarmonic_chunk1_00080.png,20pFifthHarmonic,G4_20pFifthHarmonic.wav__chunk1,4,20pFifthHarmonic,test,80,655360
G4_20pFifthHarmonic_chunk1_00081.png,20pFifthHarmonic,G4_20pFifthHarmonic.wav__chunk1,4,20pFifthHarmonic,test,81,663552
G4_20pFifthHarmonic_chunk1_00082.png,20pFifthHarmonic,G4_20pFifthHarmonic.wav__chunk1,4,20pFifthHarmonic,test,82,671744
G4_20pFifthHarmonic_chunk1_00083.png,20pFifthHarmonic,G4_20pFifthHarmonic.wav__chunk1,4,20pFifthHarmonic,test,83,679936
G4_20pFifthHarmonic_chunk1_00084.png,20pFifthHarmonic,G4_20pFifthHarmonic.wav__chunk1,4,20pFifthHarmonic,test,84,688128
G4_20pFifthHarmonic_chunk1_00085.png,20pFifthHarmonic,G4_20pFifthHarmonic.wav__chunk1,4,20pFifthHarmonic,test,85,696320
G4_20pFifthHarmonic_chunk1_00086.png,20pFifthHarmonic,G4_20pFifthHarmonic.wav__chunk1,4,20pFifthHarmonic,test,86,704512
G4_20pFifthHarmonic_chunk1_00087.png,20pFifthHarmonic,G4_20pFifthHarmonic.wav__chunk1,4,20pFifthHarmonic,test,87,712704
G4_20pFifthHarmonic_chunk1_00088.png,20pFifthHarmonic,G4_20pFifthHarmonic.wav__chunk1,4,20pFifthHarmonic,test,88,720896
G4_20pFifthHarmonic_chunk1_00089.png,20pFifthHarmonic,G4_20pFifthHarmonic.wav__chunk1,4,20pFifthHarmonic,test,89,729088
G4_20pFifthHarmonic_chunk1_00090.png,20pFifthHarmonic,G4_20pFifthHarmonic.wav__chunk1,4,20pFifthHarmonic,test,90,737280
G4_20pFifthHarmonic_chunk1_00091.png,20pFifthHarmonic,G4_20pFifthHarmonic.wav__chunk1,4,20pFifthHarmonic,test,91,745472
G4_20pFifthHarmonic_chunk1_00092.png,20pFifthHarmonic,G4_20pFifthHarmonic.wav__chunk1,4,20pFifthHarmonic,test,92,753664
G4_20pFifthHarmonic_chunk1_00093.png,20pFifthHarmonic,G4_20pFifthHarmonic.wav__chunk1,4,20pFifthHarmonic,test,93,761856
G4_20pFifthHarmonic_chunk1_00094.png,20pFifthHarmonic,G4_20pFifthHarmonic.wav__chunk1,4,20pFifthHarmonic,test,94,770048
G4_20pFifthHarmonic_chunk1_00095.png,20pFifthHarmonic,G4_20pFifthHarmonic.wav__chunk1,4,20pFifthHarmonic,test,95,778240
G4_20pFifthHarmonic_chunk1_00096.png,20pFifthHarmonic,G4_20pFifthHarmonic.wav__chunk1,4,20pFifthHarmonic,test,96,786432
G4_20pFifthHarmonic_chunk1_00097.png,20pFifthHarmonic,G4_20pFifthHarmonic.wav__chunk1,4,20pFifthHarmonic,test,97,794624
G4_20pFifthHarmonic_chunk1_00098.png,20pFifthHarmonic,G4_20pFifthHarmonic.wav__chunk1,4,20pFifthHarmonic,test,98,802816
G4_20pFifthHarmonic_chunk1_00099.png,20pFifthHarmonic,G4_20pFifthHarmonic.wav__chunk1,4,20pFifthHarmonic,test,99,811008
G4_20pFifthHarmonic_chunk1_00100.png,20pFifthHarmonic,G4_20pFifthHarmonic.wav__chunk1,4,20pFifthHarmonic,test,100,819200
G4_20pFifthHarmonic_chunk1_00101.png,20pFifthHarmonic,G4_20pFifthHarmonic.wav__chunk1,4,20pFifthHarmonic,test,101,827392
G4_20pFifthHarmonic_chunk1_00102.png,20pFifthHarmonic,G4_20pFifthHarmonic.wav__chunk1,4,20pFifthHarmonic,test,102,835584
G4_20pFifthHarmonic_chunk1_00103.png,20pFifthHarmonic,G4_20pFifthHarmonic.wav__chunk1,4,20pFifthHarmonic,test,103,843776
G4_20pFifthHarmonic_chunk1_00104.png,20pFifthHarmonic,G4_20pFifthHarmonic.wav__chunk1,4,20pFifthHarmonic,test,104,851968
G4_20pFifthHarmonic_chunk1_00105.png,20pFifthHarmonic,G4_20pFifthHarmonic.wav__chunk1,4,20pFifthHarmonic,test,105,860160
G4_20pFifthHarmonic_chunk1_00106.png,20pFifthHarmonic,G4_20pFifthHarmonic.wav__chunk1,4,20pFifthHarmonic,test,106,868352
G4_20pFifthHarmonic_chunk1_00107.png,20pFifthHarmonic,G4_20pFifthHarmonic.wav__chunk1,4,20pFifthHarmonic,test,107,876544
G4_20pFifthHarmonic_chunk1_00108.png,20pFifthHarmonic,G4_20pFifthHarmonic.wav__chunk1,4,20pFifthHarmonic,test,108,884736
G4_20pFifthHarmonic_chunk1_00109.png,20pFifthHarmonic,G4_20pFifthHarmonic.wav__chunk1,4,20pFifthHarmonic,test,109,892928
G4_20pFifthHarmonic_chunk1_00110.png,20pFifthHarmonic,G4_20pFifthHarmonic.wav__chunk1,4,20pFifthHarmonic,test,110,901120
G4_20pFifthHarmonic_chunk1_00111.png,20pFifthHarmonic,G4_20pFifthHarmonic.wav__chunk1,4,20pFifthHarmonic,test,111,909312
G4_20pFifthHarmonic_chunk1_00112.png,20pFifthHarmonic,G4_20pFifthHarmonic.wav__chunk1,4,20pFifthHarmonic,test,112,917504
G4_20pFifthHarmonic_chunk1_00113.png,20pFifthHarmonic,G4_20pFifthHarmonic.wav__chunk1,4,20pFifthHarmonic,test,113,925696
G4_20pFifthHarmonic_chunk1_00114.png,20pFifthHarmonic,G4_20pFifthHarmonic.wav__chunk1,4,20pFifthHarmonic,test,114,933888
G4_20pFifthHarmonic_chunk1_00115.png,20pFifthHarmonic,G4_20pFifthHarmonic.wav__chunk1,4,20pFifthHarmonic,test,115,942080
G4_20pFifthHarmonic_chunk1_00116.png,20pFifthHarmonic,G4_20pFifthHarmonic.wav__chunk1,4,20pFifthHarmonic,test,116,950272
G4_20pFifthHarmonic_chunk1_00117.png,20pFifthHarmonic,G4_20pFifthHarmonic.wav__chunk1,4,20pFifthHarmonic,test,117,958464
G4_20pFifthHarmonic_chunk1_00118.png,20pFifthHarmonic,G4_20pFifthHarmonic.wav__chunk1,4,20pFifthHarmonic,test,118,966656
G4_20pFifthHarmonic_chunk1_00119.png,20pFifthHarmonic,G4_20pFifthHarmonic.wav__chunk1,4,20pFifthHarmonic,test,119,974848
G4_20pFifthHarmonic_chunk1_00120.png,20pFifthHarmonic,G4_20pFifthHarmonic.wav__chunk1,4,20pFifthHarmonic,test,120,983040
G4_20pFifthHarmonic_chunk1_00121.png,20pFifthHarmonic,G4_20pFifthHarmonic.wav__chunk1,4,20pFifthHarmonic,test,121,991232
G4_20pFifthHarmonic_chunk1_00122.png,20pFifthHarmonic,G4_20pFifthHarmonic.wav__chunk1,4,20pFifthHarmonic,test,122,999424
G4_20pFifthHarmonic_chunk1_00123.png,20pFifthHarmonic,G4_20pFifthHarmonic.wav__chunk1,4,20pFifthHarmonic,test,123,1007616
G4_20pFifthHarmonic_chunk1_00124.png,20pFifthHarmonic,G4_20pFifthHarmonic.wav__chunk1,4,20pFifthHarmonic,test,124,1015808
G4_20pFifthHarmonic_chunk1_00125.png,20pFifthHarmonic,G4_20pFifthHarmonic.wav__chunk1,4,20pFifthHarmonic,test,125,1024000
G4_20pFifthHarmonic_chunk1_00126.png,20pFifthHarmonic,G4_20pFifthHarmonic.wav__chunk1,4,20pFifthHarmonic,test,126,1032192
G4_20pFifthHarmonic_chunk1_00127.png,20pFifthHarmonic,G4_20pFifthHarmonic.wav__chunk1,4,20pFifthHarmonic,test,127,1040384
G4_20pFifthHarmonic_chunk1_00128.png,20pFifthHarmonic,G4_20pFifthHarmonic.wav__chunk1,4,20pFifthHarmonic,test,128,1048576
G4_20pFifthHarmonic_chunk1_00129.png,20pFifthHarmonic,G4_20pFifthHarmonic.wav__chunk1,4,20pFifthHarmonic,test,129,1056768
G4_20pFifthHarmonic_chunk1_00130.png,20pFifthHarmonic,G4_20pFifthHarmonic.wav__chunk1,4,20pFifthHarmonic,test,130,1064960
G4_20pFifthHarmonic_chunk1_00131.png,20pFifthHarmonic,G4_20pFifthHarmonic.wav__chunk1,4,20pFifthHarmonic,test,131,1073152
G4_20pFifthHarmonic_chunk1_00132.png,20pFifthHarmonic,G4_20pFifthHarmonic.wav__chunk1,4,20pFifthHarmonic,test,132,1081344
G4_20pFifthHarmonic_chunk1_00133.png,20pFifthHarmonic,G4_20pFifthHarmonic.wav__chunk1,4,20pFifthHarmonic,test,133,1089536
G4_20pSeventhHarmonic_chunk1_00000.png,20pSeventhHarmonic,G4_20pSeventhHarmonic.wav__chunk1,4,20pSeventhHarmonic,test,0,0
G4_20pSeventhHarmonic_chunk1_00001.png,20pSeventhHarmonic,G4_20pSeventhHarmonic.wav__chunk1,4,20pSeventhHarmonic,test,1,8192
G4_20pSeventhHarmonic_chunk1_00002.png,20pSeventhHarmonic,G4_20pSeventhHarmonic.wav__chunk1,4,20pSeventhHarmonic,test,2,16384
G4_20pSeventhHarmonic_chunk1_00003.png,20pSeventhHarmonic,G4_20pSeventhHarmonic.wav__chunk1,4,20pSeventhHarmonic,test,3,24576
G4_20pSeventhHarmonic_chunk1_00004.png,20pSeventhHarmonic,G4_20pSeventhHarmonic.wav__chunk1,4,20pSeventhHarmonic,test,4,32768
G4_20pSeventhHarmonic_chunk1_00005.png,20pSeventhHarmonic,G4_20pSeventhHarmonic.wav__chunk1,4,20pSeventhHarmonic,test,5,40960
G4_20pSeventhHarmonic_chunk1_00006.png,20pSeventhHarmonic,G4_20pSeventhHarmonic.wav__chunk1,4,20pSeventhHarmonic,test,6,49152
G4_20pSeventhHarmonic_chunk1_00007.png,20pSeventhHarmonic,G4_20pSeventhHarmonic.wav__chunk1,4,20pSeventhHarmonic,test,7,57344
G4_20pSeventhHarmonic_chunk1_00008.png,20pSeventhHarmonic,G4_20pSeventhHarmonic.wav__chunk1,4,20pSeventhHarmonic,test,8,65536
G4_20pSeventhHarmonic_chunk1_00009.png,20pSeventhHarmonic,G4_20pSeventhHarmonic.wav__chunk1,4,20pSeventhHarmonic,test,9,73728
G4_20pSeventhHarmonic_chunk1_00010.png,20pSeventhHarmonic,G4_20pSeventhHarmonic.wav__chunk1,4,20pSeventhHarmonic,test,10,81920
G4_20pSeventhHarmonic_chunk1_00011.png,20pSeventhHarmonic,G4_20pSeventhHarmonic.wav__chunk1,4,20pSeventhHarmonic,test,11,90112
G4_20pSeventhHarmonic_chunk1_00012.png,20pSeventhHarmonic,G4_20pSeventhHarmonic.wav__chunk1,4,20pSeventhHarmonic,test,12,98304
G4_20pSeventhHarmonic_chunk1_00013.png,20pSeventhHarmonic,G4_20pSeventhHarmonic.wav__chunk1,4,20pSeventhHarmonic,test,13,106496
G4_20pSeventhHarmonic_chunk1_00014.png,20pSeventhHarmonic,G4_20pSeventhHarmonic.wav__chunk1,4,20pSeventhHarmonic,test,14,114688
G4_20pSeventhHarmonic_chunk1_00015.png,20pSeventhHarmonic,G4_20pSeventhHarmonic.wav__chunk1,4,20pSeventhHarmonic,test,15,122880
G4_20pSeventhHarmonic_chunk1_00016.png,20pSeventhHarmonic,G4_20pSeventhHarmonic.wav__chunk1,4,20pSeventhHarmonic,test,16,131072
G4_20pSeventhHarmonic_chunk1_00017.png,20pSeventhHarmonic,G4_20pSeventhHarmonic.wav__chunk1,4,20pSeventhHarmonic,test,17,139264
G4_20pSeventhHarmonic_chunk1_00018.png,20pSeventhHarmonic,G4_20pSeventhHarmonic.wav__chunk1,4,20pSeventhHarmonic,test,18,147456
G4_20pSeventhHarmonic_chunk1_00019.png,20pSeventhHarmonic,G4_20pSeventhHarmonic.wav__chunk1,4,20pSeventhHarmonic,test,19,155648
G4_20pSeventhHarmonic_chunk1_00020.png,20pSeventhHarmonic,G4_20pSeventhHarmonic.wav__chunk1,4,20pSeventhHarmonic,test,20,163840
G4_20pSeventhHarmonic_chunk1_00021.png,20pSeventhHarmonic,G4_20pSeventhHarmonic.wav__chunk1,4,20pSeventhHarmonic,test,21,172032
G4_20pSeventhHarmonic_chunk1_00022.png,20pSeventhHarmonic,G4_20pSeventhHarmonic.wav__chunk1,4,20pSeventhHarmonic,test,22,180224
G4_20pSeventhHarmonic_chunk1_00023.png,20pSeventhHarmonic,G4_20pSeventhHarmonic.wav__chunk1,4,20pSeventhHarmonic,test,23,188416
G4_20pSeventhHarmonic_chunk1_00024.png,20pSeventhHarmonic,G4_20pSeventhHarmonic.wav__chunk1,4,20pSeventhHarmonic,test,24,196608
G4_20pSeventhHarmonic_chunk1_00025.png,20pSeventhHarmonic,G4_20pSeventhHarmonic.wav__chunk1,4,20pSeventhHarmonic,test,25,204800
G4_20pSeventhHarmonic_chunk1_00026.png,20pSeventhHarmonic,G4_20pSeventhHarmonic.wav__chunk1,4,20pSeventhHarmonic,test,26,212992
G4_20pSeventhHarmonic_chunk1_00027.png,20pSeventhHarmonic,G4_20pSeventhHarmonic.wav__chunk1,4,20pSeventhHarmonic,test,27,221184
G4_20pSeventhHarmonic_chunk1_00028.png,20pSeventhHarmonic,G4_20pSeventhHarmonic.wav__chunk1,4,20pSeventhHarmonic,test,28,229376
G4_20pSeventhHarmonic_chunk1_00029.png,20pSeventhHarmonic,G4_20pSeventhHarmonic.wav__chunk1,4,20pSeventhHarmonic,test,29,237568
G4_20pSeventhHarmonic_chunk1_00030.png,20pSeventhHarmonic,G4_20pSeventhHarmonic.wav__chunk1,4,20pSeventhHarmonic,test,30,245760
G4_20pSeventhHarmonic_chunk1_00031.png,20pSeventhHarmonic,G4_20pSeventhHarmonic.wav__chunk1,4,20pSeventhHarmonic,test,31,253952
G4_20pSeventhHarmonic_chunk1_00032.png,20pSeventhHarmonic,G4_20pSeventhHarmonic.wav__chunk1,4,20pSeventhHarmonic,test,32,262144
G4_20pSeventhHarmonic_chunk1_00033.png,20pSeventhHarmonic,G4_20pSeventhHarmonic.wav__chunk1,4,20pSeventhHarmonic,test,33,270336
G4_20pSeventhHarmonic_chunk1_00034.png,20pSeventhHarmonic,G4_20pSeventhHarmonic.wav__chunk1,4,20pSeventhHarmonic,test,34,278528
G4_20pSeventhHarmonic_chunk1_00035.png,20pSeventhHarmonic,G4_20pSeventhHarmonic.wav__chunk1,4,20pSeventhHarmonic,test,35,286720
G4_20pSeventhHarmonic_chunk1_00036.png,20pSeventhHarmonic,G4_20pSeventhHarmonic.wav__chunk1,4,20pSeventhHarmonic,test,36,294912
G4_20pSeventhHarmonic_chunk1_00037.png,20pSeventhHarmonic,G4_20pSeventhHarmonic.wav__chunk1,4,20pSeventhHarmonic,test,37,303104
G4_20pSeventhHarmonic_chunk1_00038.png,20pSeventhHarmonic,G4_20pSeventhHarmonic.wav__chunk1,4,20pSeventhHarmonic,test,38,311296
G4_20pSeventhHarmonic_chunk1_00039.png,20pSeventhHarmonic,G4_20pSeventhHarmonic.wav__chunk1,4,20pSeventhHarmonic,test,39,319488
G4_20pSeventhHarmonic_chunk1_00040.png,20pSeventhHarmonic,G4_20pSeventhHarmonic.wav__chunk1,4,20pSeventhHarmonic,test,40,327680
G4_20pSeventhHarmonic_chunk1_00041.png,20pSeventhHarmonic,G4_20pSeventhHarmonic.wav__chunk1,4,20pSeventhHarmonic,test,41,335872
G4_20pSeventhHarmonic_chunk1_00042.png,20pSeventhHarmonic,G4_20pSeventhHarmonic.wav__chunk1,4,20pSeventhHarmonic,test,42,344064
G4_20pSeventhHarmonic_chunk1_00043.png,20pSeventhHarmonic,G4_20pSeventhHarmonic.wav__chunk1,4,20pSeventhHarmonic,test,43,352256
G4_20pSeventhHarmonic_chunk1_00044.png,20pSeventhHarmonic,G4_20pSeventhHarmonic.wav__chunk1,4,20pSeventhHarmonic,test,44,360448
G4_20pSeventhHarmonic_chunk1_00045.png,20pSeventhHarmonic,G4_20pSeventhHarmonic.wav__chunk1,4,20pSeventhHarmonic,test,45,368640
G4_20pSeventhHarmonic_chunk1_00046.png,20pSeventhHarmonic,G4_20pSeventhHarmonic.wav__chunk1,4,20pSeventhHarmonic,test,46,376832
G4_20pSeventhHarmonic_chunk1_00047.png,20pSeventhHarmonic,G4_20pSeventhHarmonic.wav__chunk1,4,20pSeventhHarmonic,test,47,385024
G4_20pSeventhHarmonic_chunk1_00048.png,20pSeventhHarmonic,G4_20pSeventhHarmonic.wav__chunk1,4,20pSeventhHarmonic,test,48,393216
G4_20pSeventhHarmonic_chunk1_00049.png,20pSeventhHarmonic,G4_20pSeventhHarmonic.wav__chunk1,4,20pSeventhHarmonic,test,49,401408
G4_20pSeventhHarmonic_chunk1_00050.png,20pSeventhHarmonic,G4_20pSeventhHarmonic.wav__chunk1,4,20pSeventhHarmonic,test,50,409600
G4_20pSeventhHarmonic_chunk1_00051.png,20pSeventhHarmonic,G4_20pSeventhHarmonic.wav__chunk1,4,20pSeventhHarmonic,test,51,417792
G4_20pSeventhHarmonic_chunk1_00052.png,20pSeventhHarmonic,G4_20pSeventhHarmonic.wav__chunk1,4,20pSeventhHarmonic,test,52,425984
G4_20pSeventhHarmonic_chunk1_00053.png,20pSeventhHarmonic,G4_20pSeventhHarmonic.wav__chunk1,4,20pSeventhHarmonic,test,53,434176
G4_20pSeventhHarmonic_chunk1_00054.png,20pSeventhHarmonic,G4_20pSeventhHarmonic.wav__chunk1,4,20pSeventhHarmonic,test,54,442368
G4_20pSeventhHarmonic_chunk1_00055.png,20pSeventhHarmonic,G4_20pSeventhHarmonic.wav__chunk1,4,20pSeventhHarmonic,test,55,450560
G4_20pSeventhHarmonic_chunk1_00056.png,20pSeventhHarmonic,G4_20pSeventhHarmonic.wav__chunk1,4,20pSeventhHarmonic,test,56,458752
G4_20pSeventhHarmonic_chunk1_00057.png,20pSeventhHarmonic,G4_20pSeventhHarmonic.wav__chunk1,4,20pSeventhHarmonic,test,57,466944
G4_20pSeventhHarmonic_chunk1_00058.png,20pSeventhHarmonic,G4_20pSeventhHarmonic.wav__chunk1,4,20pSeventhHarmonic,test,58,475136
G4_20pSeventhHarmonic_chunk1_00059.png,20pSeventhHarmonic,G4_20pSeventhHarmonic.wav__chunk1,4,20pSeventhHarmonic,test,59,483328
G4_20pSeventhHarmonic_chunk1_00060.png,20pSeventhHarmonic,G4_20pSeventhHarmonic.wav__chunk1,4,20pSeventhHarmonic,test,60,491520
G4_20pSeventhHarmonic_chunk1_00061.png,20pSeventhHarmonic,G4_20pSeventhHarmonic.wav__chunk1,4,20pSeventhHarmonic,test,61,499712
G4_20pSeventhHarmonic_chunk1_00062.png,20pSeventhHarmonic,G4_20pSeventhHarmonic.wav__chunk1,4,20pSeventhHarmonic,test,62,507904
G4_20pSeventhHarmonic_chunk1_00063.png,20pSeventhHarmonic,G4_20pSeventhHarmonic.wav__chunk1,4,20pSeventhHarmonic,test,63,516096
G4_20pSeventhHarmonic_chunk1_00064.png,20pSeventhHarmonic,G4_20pSeventhHarmonic.wav__chunk1,4,20pSeventhHarmonic,test,64,524288
G4_20pSeventhHarmonic_chunk1_00065.png,20pSeventhHarmonic,G4_20pSeventhHarmonic.wav__chunk1,4,20pSeventhHarmonic,test,65,532480
G4_20pSeventhHarmonic_chunk1_00066.png,20pSeventhHarmonic,G4_20pSeventhHarmonic.wav__chunk1,4,20pSeventhHarmonic,test,66,540672
G4_20pSeventhHarmonic_chunk1_00067.png,20pSeventhHarmonic,G4_20pSeventhHarmonic.wav__chunk1,4,20pSeventhHarmonic,test,67,548864
G4_20pSeventhHarmonic_chunk1_00068.png,20pSeventhHarmonic,G4_20pSeventhHarmonic.wav__chunk1,4,20pSeventhHarmonic,test,68,557056
G4_20pSeventhHarmonic_chunk1_00069.png,20pSeventhHarmonic,G4_20pSeventhHarmonic.wav__chunk1,4,20pSeventhHarmonic,test,69,565248
G4_20pSeventhHarmonic_chunk1_00070.png,20pSeventhHarmonic,G4_20pSeventhHarmonic.wav__chunk1,4,20pSeventhHarmonic,test,70,573440
G4_20pSeventhHarmonic_chunk1_00071.png,20pSeventhHarmonic,G4_20pSeventhHarmonic.wav__chunk1,4,20pSeventhHarmonic,test,71,581632
G4_20pSeventhHarmonic_chunk1_00072.png,20pSeventhHarmonic,G4_20pSeventhHarmonic.wav__chunk1,4,20pSeventhHarmonic,test,72,589824
G4_20pSeventhHarmonic_chunk1_00073.png,20pSeventhHarmonic,G4_20pSeventhHarmonic.wav__chunk1,4,20pSeventhHarmonic,test,73,598016
G4_20pSeventhHarmonic_chunk1_00074.png,20pSeventhHarmonic,G4_20pSeventhHarmonic.wav__chunk1,4,20pSeventhHarmonic,test,74,606208
G4_20pSeventhHarmonic_chunk1_00075.png,20pSeventhHarmonic,G4_20pSeventhHarmonic.wav__chunk1,4,20pSeventhHarmonic,test,75,614400
G4_20pSeventhHarmonic_chunk1_00076.png,20pSeventhHarmonic,G4_20pSeventhHarmonic.wav__chunk1,4,20pSeventhHarmonic,test,76,622592
G4_20pSeventhHarmonic_chunk1_00077.png,20pSeventhHarmonic,G4_20pSeventhHarmonic.wav__chunk1,4,20pSeventhHarmonic,test,77,630784
G4_20pSeventhHarmonic_chunk1_00078.png,20pSeventhHarmonic,G4_20pSeventhHarmonic.wav__chunk1,4,20pSeventhHarmonic,test,78,638976
G4_20pSeventhHarmonic_chunk1_00079.png,20pSeventhHarmonic,G4_20pSeventhHarmonic.wav__chunk1,4,20pSeventhHarmonic,test,79,647168
G4_20pSeventhHarmonic_chunk1_00080.png,20pSeventhHarmonic,G4_20pSeventhHarmonic.wav__chunk1,4,20pSeventhHarmonic,test,80,655360
G4_20pSeventhHarmonic_chunk1_00081.png,20pSeventhHarmonic,G4_20pSeventhHarmonic.wav__chunk1,4,20pSeventhHarmonic,test,81,663552
G4_20pSeventhHarmonic_chunk1_00082.png,20pSeventhHarmonic,G4_20pSeventhHarmonic.wav__chunk1,4,20pSeventhHarmonic,test,82,671744
G4_20pSeventhHarmonic_chunk1_00083.png,20pSeventhHarmonic,G4_20pSeventhHarmonic.wav__chunk1,4,20pSeventhHarmonic,test,83,679936
G4_20pSeventhHarmonic_chunk1_00084.png,20pSeventhHarmonic,G4_20pSeventhHarmonic.wav__chunk1,4,20pSeventhHarmonic,test,84,688128
G4_20pSeventhHarmonic_chunk1_00085.png,20pSeventhHarmonic,G4_20pSeventhHarmonic.wav__chunk1,4,20pSeventhHarmonic,test,85,696320
G4_20pSeventhHarmonic_chunk1_00086.png,20pSeventhHarmonic,G4_20pSeventhHarmonic.wav__chunk1,4,20pSeventhHarmonic,test,86,704512
G4_20pSeventhHarmonic_chunk1_00087.png,20pSeventhHarmonic,G4_20pSeventhHarmonic.wav__chunk1,4,20pSeventhHarmonic,test,87,712704
G4_20pSeventhHarmonic_chunk1_00088.png,20pSeventhHarmonic,G4_20pSeventhHarmonic.wav__chunk1,4,20pSeventhHarmonic,test,88,720896
G4_20pSeventhHarmonic_chunk1_00089.png,20pSeventhHarmonic,G4_20pSeventhHarmonic.wav__chunk1,4,20pSeventhHarmonic,test,89,729088
G4_20pSeventhHarmonic_chunk1_00090.png,20pSeventhHarmonic,G4_20pSeventhHarmonic.wav__chunk1,4,20pSeventhHarmonic,test,90,737280
G4_20pSeventhHarmonic_chunk1_00091.png,20pSeventhHarmonic,G4_20pSeventhHarmonic.wav__chunk1,4,20pSeventhHarmonic,test,91,745472
G4_20pSeventhHarmonic_chunk1_00092.png,20pSeventhHarmonic,G4_20pSeventhHarmonic.wav__chunk1,4,20pSeventhHarmonic,test,92,753664
G4_20pSeventhHarmonic_chunk1_00093.png,20pSeventhHarmonic,G4_20pSeventhHarmonic.wav__chunk1,4,20pSeventhHarmonic,test,93,761856
G4_20pSeventhHarmonic_chunk1_00094.png,20pSeventhHarmonic,G4_20pSeventhHarmonic.wav__chunk1,4,20pSeventhHarmonic,test,94,770048
G4_20pSeventhHarmonic_chunk1_00095.png,20pSeventhHarmonic,G4_20pSeventhHarmonic.wav__chunk1,4,20pSeventhHarmonic,test,95,778240
G4_20pSeventhHarmonic_chunk1_00096.png,20pSeventhHarmonic,G4_20pSeventhHarmonic.wav__chunk1,4,20pSeventhHarmonic,test,96,786432
G4_20pSeventhHarmonic_chunk1_00097.png,20pSeventhHarmonic,G4_20pSeventhHarmonic.wav__chunk1,4,20pSeventhHarmonic,test,97,794624
G4_20pSeventhHarmonic_chunk1_00098.png,20pSeventhHarmonic,G4_20pSeventhHarmonic.wav__chunk1,4,20pSeventhHarmonic,test,98,802816
G4_20pSeventhHarmonic_chunk1_00099.png,20pSeventhHarmonic,G4_20pSeventhHarmonic.wav__chunk1,4,20pSeventhHarmonic,test,99,811008
G4_20pSeventhHarmonic_chunk1_00100.png,20pSeventhHarmonic,G4_20pSeventhHarmonic.wav__chunk1,4,20pSeventhHarmonic,test,100,819200
G4_20pSeventhHarmonic_chunk1_00101.png,20pSeventhHarmonic,G4_20pSeventhHarmonic.wav__chunk1,4,20pSeventhHarmonic,test,101,827392
G4_20pSeventhHarmonic_chunk1_00102.png,20pSeventhHarmonic,G4_20pSeventhHarmonic.wav__chunk1,4,20pSeventhHarmonic,test,102,835584
G4_20pSeventhHarmonic_chunk1_00103.png,20pSeventhHarmonic,G4_20pSeventhHarmonic.wav__chunk1,4,20pSeventhHarmonic,test,103,843776
G4_20pSeventhHarmonic_chunk1_00104.png,20pSeventhHarmonic,G4_20pSeventhHarmonic.wav__chunk1,4,20pSeventhHarmonic,test,104,851968
G4_20pSeventhHarmonic_chunk1_00105.png,20pSeventhHarmonic,G4_20pSeventhHarmonic.wav__chunk1,4,20pSeventhHarmonic,test,105,860160
G4_20pSeventhHarmonic_chunk1_00106.png,20pSeventhHarmonic,G4_20pSeventhHarmonic.wav__chunk1,4,20pSeventhHarmonic,test,106,868352
G4_20pSeventhHarmonic_chunk1_00107.png,20pSeventhHarmonic,G4_20pSeventhHarmonic.wav__chunk1,4,20pSeventhHarmonic,test,107,876544
G4_20pSeventhHarmonic_chunk1_00108.png,20pSeventhHarmonic,G4_20pSeventhHarmonic.wav__chunk1,4,20pSeventhHarmonic,test,108,884736
G4_20pSeventhHarmonic_chunk1_00109.png,20pSeventhHarmonic,G4_20pSeventhHarmonic.wav__chunk1,4,20pSeventhHarmonic,test,109,892928
G4_20pSeventhHarmonic_chunk1_00110.png,20pSeventhHarmonic,G4_20pSeventhHarmonic.wav__chunk1,4,20pSeventhHarmonic,test,110,901120
G4_20pSeventhHarmonic_chunk1_00111.png,20pSeventhHarmonic,G4_20pSeventhHarmonic.wav__chunk1,4,20pSeventhHarmonic,test,111,909312
G4_20pSeventhHarmonic_chunk1_00112.png,20pSeventhHarmonic,G4_20pSeventhHarmonic.wav__chunk1,4,20pSeventhHarmonic,test,112,917504
G4_20pSeventhHarmonic_chunk1_00113.png,20pSeventhHarmonic,G4_20pSeventhHarmonic.wav__chunk1,4,20pSeventhHarmonic,test,113,925696
G4_20pSeventhHarmonic_chunk1_00114.png,20pSeventhHarmonic,G4_20pSeventhHarmonic.wav__chunk1,4,20pSeventhHarmonic,test,114,933888
G4_20pSeventhHarmonic_chunk1_00115.png,20pSeventhHarmonic,G4_20pSeventhHarmonic.wav__chunk1,4,20pSeventhHarmonic,test,115,942080
G4_20pSeventhHarmonic_chunk1_00116.png,20pSeventhHarmonic,G4_20pSeventhHarmonic.wav__chunk1,4,20pSeventhHarmonic,test,116,950272
G4_20pSeventhHarmonic_chunk1_00117.png,20pSeventhHarmonic,G4_20pSeventhHarmonic.wav__chunk1,4,20pSeventhHarmonic,test,117,958464
G4_20pSeventhHarmonic_chunk1_00118.png,20pSeventhHarmonic,G4_20pSeventhHarmonic.wav__chunk1,4,20pSeventhHarmonic,test,118,966656
G4_20pSeventhHarmonic_chunk1_00119.png,20pSeventhHarmonic,G4_20pSeventhHarmonic.wav__chunk1,4,20pSeventhHarmonic,test,119,974848
G4_20pSeventhHarmonic_chunk1_00120.png,20pSeventhHarmonic,G4_20pSeventhHarmonic.wav__chunk1,4,20pSeventhHarmonic,test,120,983040
G4_20pSeventhHarmonic_chunk1_00121.png,20pSeventhHarmonic,G4_20pSeventhHarmonic.wav__chunk1,4,20pSeventhHarmonic,test,121,991232
G4_20pSeventhHarmonic_chunk1_00122.png,20pSeventhHarmonic,G4_20pSeventhHarmonic.wav__chunk1,4,20pSeventhHarmonic,test,122,999424
G4_20pSeventhHarmonic_chunk1_00123.png,20pSeventhHarmonic,G4_20pSeventhHarmonic.wav__chunk1,4,20pSeventhHarmonic,test,123,1007616
G4_20pSeventhHarmonic_chunk1_00124.png,20pSeventhHarmonic,G4_20pSeventhHarmonic.wav__chunk1,4,20pSeventhHarmonic,test,124,1015808
G4_20pSeventhHarmonic_chunk1_00125.png,20pSeventhHarmonic,G4_20pSeventhHarmonic.wav__chunk1,4,20pSeventhHarmonic,test,125,1024000
G4_20pSeventhHarmonic_chunk1_00126.png,20pSeventhHarmonic,G4_20pSeventhHarmonic.wav__chunk1,4,20pSeventhHarmonic,test,126,1032192
G4_20pSeventhHarmonic_chunk1_00127.png,20pSeventhHarmonic,G4_20pSeventhHarmonic.wav__chunk1,4,20pSeventhHarmonic,test,127,1040384
G4_20pSeventhHarmonic_chunk1_00128.png,20pSeventhHarmonic,G4_20pSeventhHarmonic.wav__chunk1,4,20pSeventhHarmonic,test,128,1048576
G4_20pSeventhHarmonic_chunk1_00129.png,20pSeventhHarmonic,G4_20pSeventhHarmonic.wav__chunk1,4,20pSeventhHarmonic,test,129,1056768
G4_20pSeventhHarmonic_chunk1_00130.png,20pSeventhHarmonic,G4_20pSeventhHarmonic.wav__chunk1,4,20pSeventhHarmonic,test,130,1064960
G4_20pSeventhHarmonic_chunk1_00131.png,20pSeventhHarmonic,G4_20pSeventhHarmonic.wav__chunk1,4,20pSeventhHarmonic,test,131,1073152
G4_20pSeventhHarmonic_chunk1_00132.png,20pSeventhHarmonic,G4_20pSeventhHarmonic.wav__chunk1,4,20pSeventhHarmonic,test,132,1081344
G4_20pSeventhHarmonic_chunk1_00133.png,20pSeventhHarmonic,G4_20pSeventhHarmonic.wav__chunk1,4,20pSeventhHarmonic,test,133,1089536
G3_20pThirdHarmonic_00000.png,20pThirdHarmonic,G3_20pThirdHarmonic.wav,3,20pThirdHarmonic,test,0,0
G3_20pThirdHarmonic_00001.png,20pThirdHarmonic,G3_20pThirdHarmonic.wav,3,20pThirdHarmonic,test,1,8192
G3_20pThirdHarmonic_00002.png,20pThirdHarmonic,G3_20pThirdHarmonic.wav,3,20pThirdHarmonic,test,2,16384
G3_20pThirdHarmonic_00003.png,20pThirdHarmonic,G3_20pThirdHarmonic.wav,3,20pThirdHarmonic,test,3,24576
G3_20pThirdHarmonic_00004.png,20pThirdHarmonic,G3_20pThirdHarmonic.wav,3,20pThirdHarmonic,test,4,32768
G3_20pThirdHarmonic_00005.png,20pThirdHarmonic,G3_20pThirdHarmonic.wav,3,20pThirdHarmonic,test,5,40960
G3_20pThirdHarmonic_00006.png,20pThirdHarmonic,G3_20pThirdHarmonic.wav,3,20pThirdHarmonic,test,6,49152
G3_20pThirdHarmonic_00007.png,20pThirdHarmonic,G3_20pThirdHarmonic.wav,3,20pThirdHarmonic,test,7,57344
G3_20pThirdHarmonic_00008.png,20pThirdHarmonic,G3_20pThirdHarmonic.wav,3,20pThirdHarmonic,test,8,65536
G3_20pThirdHarmonic_00009.png,20pThirdHarmonic,G3_20pThirdHarmonic.wav,3,20pThirdHarmonic,test,9,73728
G3_20pThirdHarmonic_00010.png,20pThirdHarmonic,G3_20pThirdHarmonic.wav,3,20pThirdHarmonic,test,10,81920
G3_20pThirdHarmonic_00011.png,20pThirdHarmonic,G3_20pThirdHarmonic.wav,3,20pThirdHarmonic,test,11,90112
G3_20pThirdHarmonic_00012.png,20pThirdHarmonic,G3_20pThirdHarmonic.wav,3,20pThirdHarmonic,test,12,98304
G3_20pThirdHarmonic_00013.png,20pThirdHarmonic,G3_20pThirdHarmonic.wav,3,20pThirdHarmonic,test,13,106496
G3_20pThirdHarmonic_00014.png,20pThirdHarmonic,G3_20pThirdHarmonic.wav,3,20pThirdHarmonic,test,14,114688
G3_20pThirdHarmonic_00015.png,20pThirdHarmonic,G3_20pThirdHarmonic.wav,3,20pThirdHarmonic,test,15,122880
G3_20pThirdHarmonic_00016.png,20pThirdHarmonic,G3_20pThirdHarmonic.wav,3,20pThirdHarmonic,test,16,131072
G3_20pThirdHarmonic_00017.png,20pThirdHarmonic,G3_20pThirdHarmonic.wav,3,20pThirdHarmonic,test,17,139264
G3_20pThirdHarmonic_00018.png,20pThirdHarmonic,G3_20pThirdHarmonic.wav,3,20pThirdHarmonic,test,18,147456
G3_20pThirdHarmonic_00019.png,20pThirdHarmonic,G3_20pThirdHarmonic.wav,3,20pThirdHarmonic,test,19,155648
G3_20pThirdHarmonic_00020.png,20pThirdHarmonic,G3_20pThirdHarmonic.wav,3,20pThirdHarmonic,test,20,163840
G3_20pThirdHarmonic_00021.png,20pThirdHarmonic,G3_20pThirdHarmonic.wav,3,20pThirdHarmonic,test,21,172032
G3_20pThirdHarmonic_00022.png,20pThirdHarmonic,G3_20pThirdHarmonic.wav,3,20pThirdHarmonic,test,22,180224
G3_20pThirdHarmonic_00023.png,20pThirdHarmonic,G3_20pThirdHarmonic.wav,3,20pThirdHarmonic,test,23,188416
G3_20pThirdHarmonic_00024.png,20pThirdHarmonic,G3_20pThirdHarmonic.wav,3,20pThirdHarmonic,test,24,196608
G3_20pThirdHarmonic_00025.png,20pThirdHarmonic,G3_20pThirdHarmonic.wav,3,20pThirdHarmonic,test,25,204800
G3_20pThirdHarmonic_00026.png,20pThirdHarmonic,G3_20pThirdHarmonic.wav,3,20pThirdHarmonic,test,26,212992
G3_20pThirdHarmonic_00027.png,20pThirdHarmonic,G3_20pThirdHarmonic.wav,3,20pThirdHarmonic,test,27,221184
G3_20pThirdHarmonic_00028.png,20pThirdHarmonic,G3_20pThirdHarmonic.wav,3,20pThirdHarmonic,test,28,229376
G3_20pThirdHarmonic_00029.png,20pThirdHarmonic,G3_20pThirdHarmonic.wav,3,20pThirdHarmonic,test,29,237568
G3_20pThirdHarmonic_00030.png,20pThirdHarmonic,G3_20pThirdHarmonic.wav,3,20pThirdHarmonic,test,30,245760
G3_20pThirdHarmonic_00031.png,20pThirdHarmonic,G3_20pThirdHarmonic.wav,3,20pThirdHarmonic,test,31,253952
G3_20pThirdHarmonic_00032.png,20pThirdHarmonic,G3_20pThirdHarmonic.wav,3,20pThirdHarmonic,test,32,262144
G3_20pThirdHarmonic_00033.png,20pThirdHarmonic,G3_20pThirdHarmonic.wav,3,20pThirdHarmonic,test,33,270336
G3_20pThirdHarmonic_00034.png,20pThirdHarmonic,G3_20pThirdHarmonic.wav,3,20pThirdHarmonic,test,34,278528
G3_20pThirdHarmonic_00035.png,20pThirdHarmonic,G3_20pThirdHarmonic.wav,3,20pThirdHarmonic,test,35,286720
G3_20pThirdHarmonic_00036.png,20pThirdHarmonic,G3_20pThirdHarmonic.wav,3,20pThirdHarmonic,test,36,294912
G3_20pThirdHarmonic_00037.png,20pThirdHarmonic,G3_20pThirdHarmonic.wav,3,20pThirdHarmonic,test,37,303104
G3_20pThirdHarmonic_00038.png,20pThirdHarmonic,G3_20pThirdHarmonic.wav,3,20pThirdHarmonic,test,38,311296
G3_20pThirdHarmonic_00039.png,20pThirdHarmonic,G3_20pThirdHarmonic.wav,3,20pThirdHarmonic,test,39,319488
G3_20pThirdHarmonic_00040.png,20pThirdHarmonic,G3_20pThirdHarmonic.wav,3,20pThirdHarmonic,test,40,327680
G3_20pThirdHarmonic_00041.png,20pThirdHarmonic,G3_20pThirdHarmonic.wav,3,20pThirdHarmonic,test,41,335872
G3_20pThirdHarmonic_00042.png,20pThirdHarmonic,G3_20pThirdHarmonic.wav,3,20pThirdHarmonic,test,42,344064
G3_20pThirdHarmonic_00043.png,20pThirdHarmonic,G3_20pThirdHarmonic.wav,3,20pThirdHarmonic,test,43,352256
G3_20pThirdHarmonic_00044.png,20pThirdHarmonic,G3_20pThirdHarmonic.wav,3,20pThirdHarmonic,test,44,360448
G3_20pThirdHarmonic_00045.png,20pThirdHarmonic,G3_20pThirdHarmonic.wav,3,20pThirdHarmonic,test,45,368640
G3_20pThirdHarmonic_00046.png,20pThirdHarmonic,G3_20pThirdHarmonic.wav,3,20pThirdHarmonic,test,46,376832
G3_20pThirdHarmonic_00047.png,20pThirdHarmonic,G3_20pThirdHarmonic.wav,3,20pThirdHarmonic,test,47,385024
G3_20pThirdHarmonic_00048.png,20pThirdHarmonic,G3_20pThirdHarmonic.wav,3,20pThirdHarmonic,test,48,393216
G3_20pThirdHarmonic_00049.png,20pThirdHarmonic,G3_20pThirdHarmonic.wav,3,20pThirdHarmonic,test,49,401408
G3_20pThirdHarmonic_00050.png,20pThirdHarmonic,G3_20pThirdHarmonic.wav,3,20pThirdHarmonic,test,50,409600
G3_20pThirdHarmonic_00051.png,20pThirdHarmonic,G3_20pThirdHarmonic.wav,3,20pThirdHarmonic,test,51,417792
G3_20pThirdHarmonic_00052.png,20pThirdHarmonic,G3_20pThirdHarmonic.wav,3,20pThirdHarmonic,test,52,425984
G3_20pThirdHarmonic_00053.png,20pThirdHarmonic,G3_20pThirdHarmonic.wav,3,20pThirdHarmonic,test,53,434176
G3_20pThirdHarmonic_00054.png,20pThirdHarmonic,G3_20pThirdHarmonic.wav,3,20pThirdHarmonic,test,54,442368
G3_20pThirdHarmonic_00055.png,20pThirdHarmonic,G3_20pThirdHarmonic.wav,3,20pThirdHarmonic,test,55,450560
G3_20pThirdHarmonic_00056.png,20pThirdHarmonic,G3_20pThirdHarmonic.wav,3,20pThirdHarmonic,test,56,458752
G3_20pThirdHarmonic_00057.png,20pThirdHarmonic,G3_20pThirdHarmonic.wav,3,20pThirdHarmonic,test,57,466944
G3_20pThirdHarmonic_00058.png,20pThirdHarmonic,G3_20pThirdHarmonic.wav,3,20pThirdHarmonic,test,58,475136
G3_20pThirdHarmonic_00059.png,20pThirdHarmonic,G3_20pThirdHarmonic.wav,3,20pThirdHarmonic,test,59,483328
G3_20pThirdHarmonic_00060.png,20pThirdHarmonic,G3_20pThirdHarmonic.wav,3,20pThirdHarmonic,test,60,491520
G3_20pThirdHarmonic_00061.png,20pThirdHarmonic,G3_20pThirdHarmonic.wav,3,20pThirdHarmonic,test,61,499712
G3_20pThirdHarmonic_00062.png,20pThirdHarmonic,G3_20pThirdHarmonic.wav,3,20pThirdHarmonic,test,62,507904
G3_20pThirdHarmonic_00063.png,20pThirdHarmonic,G3_20pThirdHarmonic.wav,3,20pThirdHarmonic,test,63,516096
G3_20pThirdHarmonic_00064.png,20pThirdHarmonic,G3_20pThirdHarmonic.wav,3,20pThirdHarmonic,test,64,524288
G3_20pThirdHarmonic_00065.png,20pThirdHarmonic,G3_20pThirdHarmonic.wav,3,20pThirdHarmonic,test,65,532480
G3_20pThirdHarmonic_00066.png,20pThirdHarmonic,G3_20pThirdHarmonic.wav,3,20pThirdHarmonic,test,66,540672
G3_20pThirdHarmonic_00067.png,20pThirdHarmonic,G3_20pThirdHarmonic.wav,3,20pThirdHarmonic,test,67,548864
G3_20pThirdHarmonic_00068.png,20pThirdHarmonic,G3_20pThirdHarmonic.wav,3,20pThirdHarmonic,test,68,557056
G3_20pThirdHarmonic_00069.png,20pThirdHarmonic,G3_20pThirdHarmonic.wav,3,20pThirdHarmonic,test,69,565248
G3_20pThirdHarmonic_00070.png,20pThirdHarmonic,G3_20pThirdHarmonic.wav,3,20pThirdHarmonic,test,70,573440
G3_20pThirdHarmonic_00071.png,20pThirdHarmonic,G3_20pThirdHarmonic.wav,3,20pThirdHarmonic,test,71,581632
G3_20pThirdHarmonic_00072.png,20pThirdHarmonic,G3_20pThirdHarmonic.wav,3,20pThirdHarmonic,test,72,589824
G3_20pThirdHarmonic_00073.png,20pThirdHarmonic,G3_20pThirdHarmonic.wav,3,20pThirdHarmonic,test,73,598016
G3_20pThirdHarmonic_00074.png,20pThirdHarmonic,G3_20pThirdHarmonic.wav,3,20pThirdHarmonic,test,74,606208
G3_20pThirdHarmonic_00075.png,20pThirdHarmonic,G3_20pThirdHarmonic.wav,3,20pThirdHarmonic,test,75,614400
G3_20pThirdHarmonic_00076.png,20pThirdHarmonic,G3_20pThirdHarmonic.wav,3,20pThirdHarmonic,test,76,622592
G3_20pThirdHarmonic_00077.png,20pThirdHarmonic,G3_20pThirdHarmonic.wav,3,20pThirdHarmonic,test,77,630784
G3_20pThirdHarmonic_00078.png,20pThirdHarmonic,G3_20pThirdHarmonic.wav,3,20pThirdHarmonic,test,78,638976
G3_20pThirdHarmonic_00079.png,20pThirdHarmonic,G3_20pThirdHarmonic.wav,3,20pThirdHarmonic,test,79,647168
G3_20pThirdHarmonic_00080.png,20pThirdHarmonic,G3_20pThirdHarmonic.wav,3,20pThirdHarmonic,test,80,655360
G3_20pThirdHarmonic_00081.png,20pThirdHarmonic,G3_20pThirdHarmonic.wav,3,20pThirdHarmonic,test,81,663552
G3_20pThirdHarmonic_00082.png,20pThirdHarmonic,G3_20pThirdHarmonic.wav,3,20pThirdHarmonic,test,82,671744
G3_20pThirdHarmonic_00083.png,20pThirdHarmonic,G3_20pThirdHarmonic.wav,3,20pThirdHarmonic,test,83,679936
G3_20pThirdHarmonic_00084.png,20pThirdHarmonic,G3_20pThirdHarmonic.wav,3,20pThirdHarmonic,test,84,688128
G3_20pThirdHarmonic_00085.png,20pThirdHarmonic,G3_20pThirdHarmonic.wav,3,20pThirdHarmonic,test,85,696320
G3_20pThirdHarmonic_00086.png,20pThirdHarmonic,G3_20pThirdHarmonic.wav,3,20pThirdHarmonic,test,86,704512
G3_20pThirdHarmonic_00087.png,20pThirdHarmonic,G3_20pThirdHarmonic.wav,3,20pThirdHarmonic,test,87,712704
G3_20pThirdHarmonic_00088.png,20pThirdHarmonic,G3_20pThirdHarmonic.wav,3,20pThirdHarmonic,test,88,720896
G3_20pThirdHarmonic_00089.png,20pThirdHarmonic,G3_20pThirdHarmonic.wav,3,20pThirdHarmonic,test,89,729088
G3_20pThirdHarmonic_00090.png,20pThirdHarmonic,G3_20pThirdHarmonic.wav,3,20pThirdHarmonic,test,90,737280
G3_20pThirdHarmonic_00091.png,20pThirdHarmonic,G3_20pThirdHarmonic.wav,3,20pThirdHarmonic,test,91,745472
G3_20pThirdHarmonic_00092.png,20pThirdHarmonic,G3_20pThirdHarmonic.wav,3,20pThirdHarmonic,test,92,753664
G3_20pThirdHarmonic_00093.png,20pThirdHarmonic,G3_20pThirdHarmonic.wav,3,20pThirdHarmonic,test,93,761856
G3_20pThirdHarmonic_00094.png,20pThirdHarmonic,G3_20pThirdHarmonic.wav,3,20pThirdHarmonic,test,94,770048
G3_20pThirdHarmonic_00095.png,20pThirdHarmonic,G3_20pThirdHarmonic.wav,3,20pThirdHarmonic,test,95,778240
G3_20pThirdHarmonic_00096.png,20pThirdHarmonic,G3_20pThirdHarmonic.wav,3,20pThirdHarmonic,test,96,786432
G3_20pThirdHarmonic_00097.png,20pThirdHarmonic,G3_20pThirdHarmonic.wav,3,20pThirdHarmonic,test,97,794624
G3_20pThirdHarmonic_00098.png,20pThirdHarmonic,G3_20pThirdHarmonic.wav,3,20pThirdHarmonic,test,98,802816
G3_20pThirdHarmonic_00099.png,20pThirdHarmonic,G3_20pThirdHarmonic.wav,3,20pThirdHarmonic,test,99,811008
G3_20pThirdHarmonic_00100.png,20pThirdHarmonic,G3_20pThirdHarmonic.wav,3,20pThirdHarmonic,test,100,819200
G3_20pThirdHarmonic_00101.png,20pThirdHarmonic,G3_20pThirdHarmonic.wav,3,20pThirdHarmonic,test,101,827392
G3_20pThirdHarmonic_00102.png,20pThirdHarmonic,G3_20pThirdHarmonic.wav,3,20pThirdHarmonic,test,102,835584
G3_20pThirdHarmonic_00103.png,20pThirdHarmonic,G3_20pThirdHarmonic.wav,3,20pThirdHarmonic,test,103,843776
G3_20pThirdHarmonic_00104.png,20pThirdHarmonic,G3_20pThirdHarmonic.wav,3,20pThirdHarmonic,test,104,851968
G3_20pThirdHarmonic_00105.png,20pThirdHarmonic,G3_20pThirdHarmonic.wav,3,20pThirdHarmonic,test,105,860160
G3_20pThirdHarmonic_00106.png,20pThirdHarmonic,G3_20pThirdHarmonic.wav,3,20pThirdHarmonic,test,106,868352
G3_20pThirdHarmonic_00107.png,20pThirdHarmonic,G3_20pThirdHarmonic.wav,3,20pThirdHarmonic,test,107,876544
G3_20pThirdHarmonic_00108.png,20pThirdHarmonic,G3_20pThirdHarmonic.wav,3,20pThirdHarmonic,test,108,884736
G3_20pThirdHarmonic_00109.png,20pThirdHarmonic,G3_20pThirdHarmonic.wav,3,20pThirdHarmonic,test,109,892928
G3_20pThirdHarmonic_00110.png,20pThirdHarmonic,G3_20pThirdHarmonic.wav,3,20pThirdHarmonic,test,110,901120
G3_20pThirdHarmonic_00111.png,20pThirdHarmonic,G3_20pThirdHarmonic.wav,3,20pThirdHarmonic,test,111,909312
G3_20pThirdHarmonic_00112.png,20pThirdHarmonic,G3_20pThirdHarmonic.wav,3,20pThirdHarmonic,test,112,917504
G3_20pThirdHarmonic_00113.png,20pThirdHarmonic,G3_20pThirdHarmonic.wav,3,20pThirdHarmonic,test,113,925696
G3_20pThirdHarmonic_00114.png,20pThirdHarmonic,G3_20pThirdHarmonic.wav,3,20pThirdHarmonic,test,114,933888
G3_20pThirdHarmonic_00115.png,20pThirdHarmonic,G3_20pThirdHarmonic.wav,3,20pThirdHarmonic,test,115,942080
G3_20pThirdHarmonic_00116.png,20pThirdHarmonic,G3_20pThirdHarmonic.wav,3,20pThirdHarmonic,test,116,950272
G3_20pThirdHarmonic_00117.png,20pThirdHarmonic,G3_20pThirdHarmonic.wav,3,20pThirdHarmonic,test,117,958464
G3_20pThirdHarmonic_00118.png,20pThirdHarmonic,G3_20pThirdHarmonic.wav,3,20pThirdHarmonic,test,118,966656
G3_20pThirdHarmonic_00119.png,20pThirdHarmonic,G3_20pThirdHarmonic.wav,3,20pThirdHarmonic,test,119,974848
G3_20pThirdHarmonic_00120.png,20pThirdHarmonic,G3_20pThirdHarmonic.wav,3,20pThirdHarmonic,test,120,983040
G3_20pThirdHarmonic_00121.png,20pThirdHarmonic,G3_20pThirdHarmonic.wav,3,20pThirdHarmonic,test,121,991232
G3_20pThirdHarmonic_00122.png,20pThirdHarmonic,G3_20pThirdHarmonic.wav,3,20pThirdHarmonic,test,122,999424
G3_20pThirdHarmonic_00123.png,20pThirdHarmonic,G3_20pThirdHarmonic.wav,3,20pThirdHarmonic,test,123,1007616
G3_20pThirdHarmonic_00124.png,20pThirdHarmonic,G3_20pThirdHarmonic.wav,3,20pThirdHarmonic,test,124,1015808
G3_20pThirdHarmonic_00125.png,20pThirdHarmonic,G3_20pThirdHarmonic.wav,3,20pThirdHarmonic,test,125,1024000
G3_20pThirdHarmonic_00126.png,20pThirdHarmonic,G3_20pThirdHarmonic.wav,3,20pThirdHarmonic,test,126,1032192
G3_20pThirdHarmonic_00127.png,20pThirdHarmonic,G3_20pThirdHarmonic.wav,3,20pThirdHarmonic,test,127,1040384
G3_20pThirdHarmonic_00128.png,20pThirdHarmonic,G3_20pThirdHarmonic.wav,3,20pThirdHarmonic,test,128,1048576
G3_20pThirdHarmonic_00129.png,20pThirdHarmonic,G3_20pThirdHarmonic.wav,3,20pThirdHarmonic,test,129,1056768
G3_20pThirdHarmonic_00130.png,20pThirdHarmonic,G3_20pThirdHarmonic.wav,3,20pThirdHarmonic,test,130,1064960
G3_20pThirdHarmonic_00131.png,20pThirdHarmonic,G3_20pThirdHarmonic.wav,3,20pThirdHarmonic,test,131,1073152
G3_20pThirdHarmonic_00132.png,20pThirdHarmonic,G3_20pThirdHarmonic.wav,3,20pThirdHarmonic,test,132,1081344
G3_20pThirdHarmonic_00133.png,20pThirdHarmonic,G3_20pThirdHarmonic.wav,3,20pThirdHarmonic,test,133,1089536
G3_20pThirdHarmonic_00134.png,20pThirdHarmonic,G3_20pThirdHarmonic.wav,3,20pThirdHarmonic,test,134,1097728
G3_20pThirdHarmonic_00135.png,20pThirdHarmonic,G3_20pThirdHarmonic.wav,3,20pThirdHarmonic,test,135,1105920
G3_20pThirdHarmonic_00136.png,20pThirdHarmonic,G3_20pThirdHarmonic.wav,3,20pThirdHarmonic,test,136,1114112
G3_20pThirdHarmonic_00137.png,20pThirdHarmonic,G3_20pThirdHarmonic.wav,3,20pThirdHarmonic,test,137,1122304
G3_20pThirdHarmonic_00138.png,20pThirdHarmonic,G3_20pThirdHarmonic.wav,3,20pThirdHarmonic,test,138,1130496
G3_20pThirdHarmonic_00139.png,20pThirdHarmonic,G3_20pThirdHarmonic.wav,3,20pThirdHarmonic,test,139,1138688
G3_20pThirdHarmonic_00140.png,20pThirdHarmonic,G3_20pThirdHarmonic.wav,3,20pThirdHarmonic,test,140,1146880
G3_20pThirdHarmonic_00141.png,20pThirdHarmonic,G3_20pThirdHarmonic.wav,3,20pThirdHarmonic,test,141,1155072
G3_20pThirdHarmonic_00142.png,20pThirdHarmonic,G3_20pThirdHarmonic.wav,3,20pThirdHarmonic,test,142,1163264
G3_20pThirdHarmonic_00143.png,20pThirdHarmonic,G3_20pThirdHarmonic.wav,3,20pThirdHarmonic,test,143,1171456
G3_20pThirdHarmonic_00144.png,20pThirdHarmonic,G3_20pThirdHarmonic.wav,3,20pThirdHarmonic,test,144,1179648
G3_20pThirdHarmonic_00145.png,20pThirdHarmonic,G3_20pThirdHarmonic.wav,3,20pThirdHarmonic,test,145,1187840
G3_20pThirdHarmonic_00146.png,20pThirdHarmonic,G3_20pThirdHarmonic.wav,3,20pThirdHarmonic,test,146,1196032
G3_20pThirdHarmonic_00147.png,20pThirdHarmonic,G3_20pThirdHarmonic.wav,3,20pThirdHarmonic,test,147,1204224
G3_20pThirdHarmonic_00148.png,20pThirdHarmonic,G3_20pThirdHarmonic.wav,3,20pThirdHarmonic,test,148,1212416
G3_20pThirdHarmonic_00149.png,20pThirdHarmonic,G3_20pThirdHarmonic.wav,3,20pThirdHarmonic,test,149,1220608
G3_20pThirdHarmonic_00150.png,20pThirdHarmonic,G3_20pThirdHarmonic.wav,3,20pThirdHarmonic,test,150,1228800
G3_20pThirdHarmonic_00151.png,20pThirdHarmonic,G3_20pThirdHarmonic.wav,3,20pThirdHarmonic,test,151,1236992
G3_20pThirdHarmonic_00152.png,20pThirdHarmonic,G3_20pThirdHarmonic.wav,3,20pThirdHarmonic,test,152,1245184
G3_20pThirdHarmonic_00153.png,20pThirdHarmonic,G3_20pThirdHarmonic.wav,3,20pThirdHarmonic,test,153,1253376
G3_20pThirdHarmonic_00154.png,20pThirdHarmonic,G3_20pThirdHarmonic.wav,3,20pThirdHarmonic,test,154,1261568
G3_20pThirdHarmonic_00155.png,20pThirdHarmonic,G3_20pThirdHarmonic.wav,3,20pThirdHarmonic,test,155,1269760
G3_20pThirdHarmonic_00156.png,20pThirdHarmonic,G3_20pThirdHarmonic.wav,3,20pThirdHarmonic,test,156,1277952
G3_20pThirdHarmonic_00157.png,20pThirdHarmonic,G3_20pThirdHarmonic.wav,3,20pThirdHarmonic,test,157,1286144
G3_20pThirdHarmonic_00158.png,20pThirdHarmonic,G3_20pThirdHarmonic.wav,3,20pThirdHarmonic,test,158,1294336
G3_20pThirdHarmonic_00159.png,20pThirdHarmonic,G3_20pThirdHarmonic.wav,3,20pThirdHarmonic,test,159,1302528
G3_20pThirdHarmonic_00160.png,20pThirdHarmonic,G3_20pThirdHarmonic.wav,3,20pThirdHarmonic,test,160,1310720
G4_30pFifthHarmonic_00000.png,30pFifthHarmonic,G4_30pFifthHarmonic.wav,4,30pFifthHarmonic,test,0,0
G4_30pFifthHarmonic_00001.png,30pFifthHarmonic,G4_30pFifthHarmonic.wav,4,30pFifthHarmonic,test,1,8192
G4_30pFifthHarmonic_00002.png,30pFifthHarmonic,G4_30pFifthHarmonic.wav,4,30pFifthHarmonic,test,2,16384
G4_30pFifthHarmonic_00003.png,30pFifthHarmonic,G4_30pFifthHarmonic.wav,4,30pFifthHarmonic,test,3,24576
G4_30pFifthHarmonic_00004.png,30pFifthHarmonic,G4_30pFifthHarmonic.wav,4,30pFifthHarmonic,test,4,32768
G4_30pFifthHarmonic_00005.png,30pFifthHarmonic,G4_30pFifthHarmonic.wav,4,30pFifthHarmonic,test,5,40960
G4_30pFifthHarmonic_00006.png,30pFifthHarmonic,G4_30pFifthHarmonic.wav,4,30pFifthHarmonic,test,6,49152
G4_30pFifthHarmonic_00007.png,30pFifthHarmonic,G4_30pFifthHarmonic.wav,4,30pFifthHarmonic,test,7,57344
G4_30pFifthHarmonic_00008.png,30pFifthHarmonic,G4_30pFifthHarmonic.wav,4,30pFifthHarmonic,test,8,65536
G4_30pFifthHarmonic_00009.png,30pFifthHarmonic,G4_30pFifthHarmonic.wav,4,30pFifthHarmonic,test,9,73728
G4_30pFifthHarmonic_00010.png,30pFifthHarmonic,G4_30pFifthHarmonic.wav,4,30pFifthHarmonic,test,10,81920
G4_30pFifthHarmonic_00011.png,30pFifthHarmonic,G4_30pFifthHarmonic.wav,4,30pFifthHarmonic,test,11,90112
G4_30pFifthHarmonic_00012.png,30pFifthHarmonic,G4_30pFifthHarmonic.wav,4,30pFifthHarmonic,test,12,98304
G4_30pFifthHarmonic_00013.png,30pFifthHarmonic,G4_30pFifthHarmonic.wav,4,30pFifthHarmonic,test,13,106496
G4_30pFifthHarmonic_00014.png,30pFifthHarmonic,G4_30pFifthHarmonic.wav,4,30pFifthHarmonic,test,14,114688
G4_30pFifthHarmonic_00015.png,30pFifthHarmonic,G4_30pFifthHarmonic.wav,4,30pFifthHarmonic,test,15,122880
G4_30pFifthHarmonic_00016.png,30pFifthHarmonic,G4_30pFifthHarmonic.wav,4,30pFifthHarmonic,test,16,131072
G4_30pFifthHarmonic_00017.png,30pFifthHarmonic,G4_30pFifthHarmonic.wav,4,30pFifthHarmonic,test,17,139264
G4_30pFifthHarmonic_00018.png,30pFifthHarmonic,G4_30pFifthHarmonic.wav,4,30pFifthHarmonic,test,18,147456
G4_30pFifthHarmonic_00019.png,30pFifthHarmonic,G4_30pFifthHarmonic.wav,4,30pFifthHarmonic,test,19,155648
G4_30pFifthHarmonic_00020.png,30pFifthHarmonic,G4_30pFifthHarmonic.wav,4,30pFifthHarmonic,test,20,163840
G4_30pFifthHarmonic_00021.png,30pFifthHarmonic,G4_30pFifthHarmonic.wav,4,30pFifthHarmonic,test,21,172032
G4_30pFifthHarmonic_00022.png,30pFifthHarmonic,G4_30pFifthHarmonic.wav,4,30pFifthHarmonic,test,22,180224
G4_30pFifthHarmonic_00023.png,30pFifthHarmonic,G4_30pFifthHarmonic.wav,4,30pFifthHarmonic,test,23,188416
G4_30pFifthHarmonic_00024.png,30pFifthHarmonic,G4_30pFifthHarmonic.wav,4,30pFifthHarmonic,test,24,196608
G4_30pFifthHarmonic_00025.png,30pFifthHarmonic,G4_30pFifthHarmonic.wav,4,30pFifthHarmonic,test,25,204800
G4_30pFifthHarmonic_00026.png,30pFifthHarmonic,G4_30pFifthHarmonic.wav,4,30pFifthHarmonic,test,26,212992
G4_30pFifthHarmonic_00027.png,30pFifthHarmonic,G4_30pFifthHarmonic.wav,4,30pFifthHarmonic,test,27,221184
G4_30pFifthHarmonic_00028.png,30pFifthHarmonic,G4_30pFifthHarmonic.wav,4,30pFifthHarmonic,test,28,229376
G4_30pFifthHarmonic_00029.png,30pFifthHarmonic,G4_30pFifthHarmonic.wav,4,30pFifthHarmonic,test,29,237568
G4_30pFifthHarmonic_00030.png,30pFifthHarmonic,G4_30pFifthHarmonic.wav,4,30pFifthHarmonic,test,30,245760
G4_30pFifthHarmonic_00031.png,30pFifthHarmonic,G4_30pFifthHarmonic.wav,4,30pFifthHarmonic,test,31,253952
G4_30pFifthHarmonic_00032.png,30pFifthHarmonic,G4_30pFifthHarmonic.wav,4,30pFifthHarmonic,test,32,262144
G4_30pFifthHarmonic_00033.png,30pFifthHarmonic,G4_30pFifthHarmonic.wav,4,30pFifthHarmonic,test,33,270336
G4_30pFifthHarmonic_00034.png,30pFifthHarmonic,G4_30pFifthHarmonic.wav,4,30pFifthHarmonic,test,34,278528
G4_30pFifthHarmonic_00035.png,30pFifthHarmonic,G4_30pFifthHarmonic.wav,4,30pFifthHarmonic,test,35,286720
G4_30pFifthHarmonic_00036.png,30pFifthHarmonic,G4_30pFifthHarmonic.wav,4,30pFifthHarmonic,test,36,294912
G4_30pFifthHarmonic_00037.png,30pFifthHarmonic,G4_30pFifthHarmonic.wav,4,30pFifthHarmonic,test,37,303104
G4_30pFifthHarmonic_00038.png,30pFifthHarmonic,G4_30pFifthHarmonic.wav,4,30pFifthHarmonic,test,38,311296
G4_30pFifthHarmonic_00039.png,30pFifthHarmonic,G4_30pFifthHarmonic.wav,4,30pFifthHarmonic,test,39,319488
G4_30pFifthHarmonic_00040.png,30pFifthHarmonic,G4_30pFifthHarmonic.wav,4,30pFifthHarmonic,test,40,327680
G4_30pFifthHarmonic_00041.png,30pFifthHarmonic,G4_30pFifthHarmonic.wav,4,30pFifthHarmonic,test,41,335872
G4_30pFifthHarmonic_00042.png,30pFifthHarmonic,G4_30pFifthHarmonic.wav,4,30pFifthHarmonic,test,42,344064
G4_30pFifthHarmonic_00043.png,30pFifthHarmonic,G4_30pFifthHarmonic.wav,4,30pFifthHarmonic,test,43,352256
G4_30pFifthHarmonic_00044.png,30pFifthHarmonic,G4_30pFifthHarmonic.wav,4,30pFifthHarmonic,test,44,360448
G4_30pFifthHarmonic_00045.png,30pFifthHarmonic,G4_30pFifthHarmonic.wav,4,30pFifthHarmonic,test,45,368640
G4_30pFifthHarmonic_00046.png,30pFifthHarmonic,G4_30pFifthHarmonic.wav,4,30pFifthHarmonic,test,46,376832
G4_30pFifthHarmonic_00047.png,30pFifthHarmonic,G4_30pFifthHarmonic.wav,4,30pFifthHarmonic,test,47,385024
G4_30pFifthHarmonic_00048.png,30pFifthHarmonic,G4_30pFifthHarmonic.wav,4,30pFifthHarmonic,test,48,393216
G4_30pFifthHarmonic_00049.png,30pFifthHarmonic,G4_30pFifthHarmonic.wav,4,30pFifthHarmonic,test,49,401408
G4_30pFifthHarmonic_00050.png,30pFifthHarmonic,G4_30pFifthHarmonic.wav,4,30pFifthHarmonic,test,50,409600
G4_30pFifthHarmonic_00051.png,30pFifthHarmonic,G4_30pFifthHarmonic.wav,4,30pFifthHarmonic,test,51,417792
G4_30pFifthHarmonic_00052.png,30pFifthHarmonic,G4_30pFifthHarmonic.wav,4,30pFifthHarmonic,test,52,425984
G4_30pFifthHarmonic_00053.png,30pFifthHarmonic,G4_30pFifthHarmonic.wav,4,30pFifthHarmonic,test,53,434176
G4_30pFifthHarmonic_00054.png,30pFifthHarmonic,G4_30pFifthHarmonic.wav,4,30pFifthHarmonic,test,54,442368
G4_30pFifthHarmonic_00055.png,30pFifthHarmonic,G4_30pFifthHarmonic.wav,4,30pFifthHarmonic,test,55,450560
G4_30pFifthHarmonic_00056.png,30pFifthHarmonic,G4_30pFifthHarmonic.wav,4,30pFifthHarmonic,test,56,458752
G4_30pFifthHarmonic_00057.png,30pFifthHarmonic,G4_30pFifthHarmonic.wav,4,30pFifthHarmonic,test,57,466944
G4_30pFifthHarmonic_00058.png,30pFifthHarmonic,G4_30pFifthHarmonic.wav,4,30pFifthHarmonic,test,58,475136
G4_30pFifthHarmonic_00059.png,30pFifthHarmonic,G4_30pFifthHarmonic.wav,4,30pFifthHarmonic,test,59,483328
G4_30pFifthHarmonic_00060.png,30pFifthHarmonic,G4_30pFifthHarmonic.wav,4,30pFifthHarmonic,test,60,491520
G4_30pFifthHarmonic_00061.png,30pFifthHarmonic,G4_30pFifthHarmonic.wav,4,30pFifthHarmonic,test,61,499712
G4_30pFifthHarmonic_00062.png,30pFifthHarmonic,G4_30pFifthHarmonic.wav,4,30pFifthHarmonic,test,62,507904
G4_30pFifthHarmonic_00063.png,30pFifthHarmonic,G4_30pFifthHarmonic.wav,4,30pFifthHarmonic,test,63,516096
G4_30pFifthHarmonic_00064.png,30pFifthHarmonic,G4_30pFifthHarmonic.wav,4,30pFifthHarmonic,test,64,524288
G4_30pFifthHarmonic_00065.png,30pFifthHarmonic,G4_30pFifthHarmonic.wav,4,30pFifthHarmonic,test,65,532480
G4_30pFifthHarmonic_00066.png,30pFifthHarmonic,G4_30pFifthHarmonic.wav,4,30pFifthHarmonic,test,66,540672
G4_30pFifthHarmonic_00067.png,30pFifthHarmonic,G4_30pFifthHarmonic.wav,4,30pFifthHarmonic,test,67,548864
G4_30pFifthHarmonic_00068.png,30pFifthHarmonic,G4_30pFifthHarmonic.wav,4,30pFifthHarmonic,test,68,557056
G4_30pFifthHarmonic_00069.png,30pFifthHarmonic,G4_30pFifthHarmonic.wav,4,30pFifthHarmonic,test,69,565248
G4_30pFifthHarmonic_00070.png,30pFifthHarmonic,G4_30pFifthHarmonic.wav,4,30pFifthHarmonic,test,70,573440
G4_30pFifthHarmonic_00071.png,30pFifthHarmonic,G4_30pFifthHarmonic.wav,4,30pFifthHarmonic,test,71,581632
G4_30pFifthHarmonic_00072.png,30pFifthHarmonic,G4_30pFifthHarmonic.wav,4,30pFifthHarmonic,test,72,589824
G4_30pFifthHarmonic_00073.png,30pFifthHarmonic,G4_30pFifthHarmonic.wav,4,30pFifthHarmonic,test,73,598016
G4_30pFifthHarmonic_00074.png,30pFifthHarmonic,G4_30pFifthHarmonic.wav,4,30pFifthHarmonic,test,74,606208
G4_30pFifthHarmonic_00075.png,30pFifthHarmonic,G4_30pFifthHarmonic.wav,4,30pFifthHarmonic,test,75,614400
G4_30pFifthHarmonic_00076.png,30pFifthHarmonic,G4_30pFifthHarmonic.wav,4,30pFifthHarmonic,test,76,622592
G4_30pFifthHarmonic_00077.png,30pFifthHarmonic,G4_30pFifthHarmonic.wav,4,30pFifthHarmonic,test,77,630784
G4_30pFifthHarmonic_00078.png,30pFifthHarmonic,G4_30pFifthHarmonic.wav,4,30pFifthHarmonic,test,78,638976
G4_30pFifthHarmonic_00079.png,30pFifthHarmonic,G4_30pFifthHarmonic.wav,4,30pFifthHarmonic,test,79,647168
G4_30pFifthHarmonic_00080.png,30pFifthHarmonic,G4_30pFifthHarmonic.wav,4,30pFifthHarmonic,test,80,655360
G4_30pFifthHarmonic_00081.png,30pFifthHarmonic,G4_30pFifthHarmonic.wav,4,30pFifthHarmonic,test,81,663552
G4_30pFifthHarmonic_00082.png,30pFifthHarmonic,G4_30pFifthHarmonic.wav,4,30pFifthHarmonic,test,82,671744
G4_30pFifthHarmonic_00083.png,30pFifthHarmonic,G4_30pFifthHarmonic.wav,4,30pFifthHarmonic,test,83,679936
G4_30pFifthHarmonic_00084.png,30pFifthHarmonic,G4_30pFifthHarmonic.wav,4,30pFifthHarmonic,test,84,688128
G4_30pFifthHarmonic_00085.png,30pFifthHarmonic,G4_30pFifthHarmonic.wav,4,30pFifthHarmonic,test,85,696320
G4_30pFifthHarmonic_00086.png,30pFifthHarmonic,G4_30pFifthHarmonic.wav,4,30pFifthHarmonic,test,86,704512
G4_30pFifthHarmonic_00087.png,30pFifthHarmonic,G4_30pFifthHarmonic.wav,4,30pFifthHarmonic,test,87,712704
G4_30pFifthHarmonic_00088.png,30pFifthHarmonic,G4_30pFifthHarmonic.wav,4,30pFifthHarmonic,test,88,720896
G4_30pFifthHarmonic_00089.png,30pFifthHarmonic,G4_30pFifthHarmonic.wav,4,30pFifthHarmonic,test,89,729088
G4_30pFifthHarmonic_00090.png,30pFifthHarmonic,G4_30pFifthHarmonic.wav,4,30pFifthHarmonic,test,90,737280
G4_30pFifthHarmonic_00091.png,30pFifthHarmonic,G4_30pFifthHarmonic.wav,4,30pFifthHarmonic,test,91,745472
G4_30pFifthHarmonic_00092.png,30pFifthHarmonic,G4_30pFifthHarmonic.wav,4,30pFifthHarmonic,test,92,753664
G4_30pFifthHarmonic_00093.png,30pFifthHarmonic,G4_30pFifthHarmonic.wav,4,30pFifthHarmonic,test,93,761856
G4_30pFifthHarmonic_00094.png,30pFifthHarmonic,G4_30pFifthHarmonic.wav,4,30pFifthHarmonic,test,94,770048
G4_30pFifthHarmonic_00095.png,30pFifthHarmonic,G4_30pFifthHarmonic.wav,4,30pFifthHarmonic,test,95,778240
G4_30pFifthHarmonic_00096.png,30pFifthHarmonic,G4_30pFifthHarmonic.wav,4,30pFifthHarmonic,test,96,786432
G4_30pFifthHarmonic_00097.png,30pFifthHarmonic,G4_30pFifthHarmonic.wav,4,30pFifthHarmonic,test,97,794624
G4_30pFifthHarmonic_00098.png,30pFifthHarmonic,G4_30pFifthHarmonic.wav,4,30pFifthHarmonic,test,98,802816
G4_30pFifthHarmonic_00099.png,30pFifthHarmonic,G4_30pFifthHarmonic.wav,4,30pFifthHarmonic,test,99,811008
G4_30pFifthHarmonic_00100.png,30pFifthHarmonic,G4_30pFifthHarmonic.wav,4,30pFifthHarmonic,test,100,819200
G4_30pFifthHarmonic_00101.png,30pFifthHarmonic,G4_30pFifthHarmonic.wav,4,30pFifthHarmonic,test,101,827392
G4_30pFifthHarmonic_00102.png,30pFifthHarmonic,G4_30pFifthHarmonic.wav,4,30pFifthHarmonic,test,102,835584
G4_30pFifthHarmonic_00103.png,30pFifthHarmonic,G4_30pFifthHarmonic.wav,4,30pFifthHarmonic,test,103,843776
G4_30pFifthHarmonic_00104.png,30pFifthHarmonic,G4_30pFifthHarmonic.wav,4,30pFifthHarmonic,test,104,851968
G4_30pFifthHarmonic_00105.png,30pFifthHarmonic,G4_30pFifthHarmonic.wav,4,30pFifthHarmonic,test,105,860160
G4_30pFifthHarmonic_00106.png,30pFifthHarmonic,G4_30pFifthHarmonic.wav,4,30pFifthHarmonic,test,106,868352
G4_30pFifthHarmonic_00107.png,30pFifthHarmonic,G4_30pFifthHarmonic.wav,4,30pFifthHarmonic,test,107,876544
G4_30pFifthHarmonic_00108.png,30pFifthHarmonic,G4_30pFifthHarmonic.wav,4,30pFifthHarmonic,test,108,884736
G4_30pFifthHarmonic_00109.png,30pFifthHarmonic,G4_30pFifthHarmonic.wav,4,30pFifthHarmonic,test,109,892928
G4_30pFifthHarmonic_00110.png,30pFifthHarmonic,G4_30pFifthHarmonic.wav,4,30pFifthHarmonic,test,110,901120
G4_30pFifthHarmonic_00111.png,30pFifthHarmonic,G4_30pFifthHarmonic.wav,4,30pFifthHarmonic,test,111,909312
G4_30pFifthHarmonic_00112.png,30pFifthHarmonic,G4_30pFifthHarmonic.wav,4,30pFifthHarmonic,test,112,917504
G4_30pFifthHarmonic_00113.png,30pFifthHarmonic,G4_30pFifthHarmonic.wav,4,30pFifthHarmonic,test,113,925696
G4_30pFifthHarmonic_00114.png,30pFifthHarmonic,G4_30pFifthHarmonic.wav,4,30pFifthHarmonic,test,114,933888
G4_30pFifthHarmonic_00115.png,30pFifthHarmonic,G4_30pFifthHarmonic.wav,4,30pFifthHarmonic,test,115,942080
G4_30pFifthHarmonic_00116.png,30pFifthHarmonic,G4_30pFifthHarmonic.wav,4,30pFifthHarmonic,test,116,950272
G4_30pFifthHarmonic_00117.png,30pFifthHarmonic,G4_30pFifthHarmonic.wav,4,30pFifthHarmonic,test,117,958464
G4_30pFifthHarmonic_00118.png,30pFifthHarmonic,G4_30pFifthHarmonic.wav,4,30pFifthHarmonic,test,118,966656
G4_30pFifthHarmonic_00119.png,30pFifthHarmonic,G4_30pFifthHarmonic.wav,4,30pFifthHarmonic,test,119,974848
G4_30pFifthHarmonic_00120.png,30pFifthHarmonic,G4_30pFifthHarmonic.wav,4,30pFifthHarmonic,test,120,983040
G4_30pFifthHarmonic_00121.png,30pFifthHarmonic,G4_30pFifthHarmonic.wav,4,30pFifthHarmonic,test,121,991232
G4_30pFifthHarmonic_00122.png,30pFifthHarmonic,G4_30pFifthHarmonic.wav,4,30pFifthHarmonic,test,122,999424
G4_30pFifthHarmonic_00123.png,30pFifthHarmonic,G4_30pFifthHarmonic.wav,4,30pFifthHarmonic,test,123,1007616
G4_30pFifthHarmonic_00124.png,30pFifthHarmonic,G4_30pFifthHarmonic.wav,4,30pFifthHarmonic,test,124,1015808
G4_30pFifthHarmonic_00125.png,30pFifthHarmonic,G4_30pFifthHarmonic.wav,4,30pFifthHarmonic,test,125,1024000
G4_30pFifthHarmonic_00126.png,30pFifthHarmonic,G4_30pFifthHarmonic.wav,4,30pFifthHarmonic,test,126,1032192
G4_30pFifthHarmonic_00127.png,30pFifthHarmonic,G4_30pFifthHarmonic.wav,4,30pFifthHarmonic,test,127,1040384
G4_30pFifthHarmonic_00128.png,30pFifthHarmonic,G4_30pFifthHarmonic.wav,4,30pFifthHarmonic,test,128,1048576
G4_30pFifthHarmonic_00129.png,30pFifthHarmonic,G4_30pFifthHarmonic.wav,4,30pFifthHarmonic,test,129,1056768
G4_30pFifthHarmonic_00130.png,30pFifthHarmonic,G4_30pFifthHarmonic.wav,4,30pFifthHarmonic,test,130,1064960
G4_30pFifthHarmonic_00131.png,30pFifthHarmonic,G4_30pFifthHarmonic.wav,4,30pFifthHarmonic,test,131,1073152
G4_30pFifthHarmonic_00132.png,30pFifthHarmonic,G4_30pFifthHarmonic.wav,4,30pFifthHarmonic,test,132,1081344
G4_30pFifthHarmonic_00133.png,30pFifthHarmonic,G4_30pFifthHarmonic.wav,4,30pFifthHarmonic,test,133,1089536
G4_30pFifthHarmonic_00134.png,30pFifthHarmonic,G4_30pFifthHarmonic.wav,4,30pFifthHarmonic,test,134,1097728
G4_30pFifthHarmonic_00135.png,30pFifthHarmonic,G4_30pFifthHarmonic.wav,4,30pFifthHarmonic,test,135,1105920
G4_30pFifthHarmonic_00136.png,30pFifthHarmonic,G4_30pFifthHarmonic.wav,4,30pFifthHarmonic,test,136,1114112
G4_30pFifthHarmonic_00137.png,30pFifthHarmonic,G4_30pFifthHarmonic.wav,4,30pFifthHarmonic,test,137,1122304
G4_30pFifthHarmonic_00138.png,30pFifthHarmonic,G4_30pFifthHarmonic.wav,4,30pFifthHarmonic,test,138,1130496
G4_30pFifthHarmonic_00139.png,30pFifthHarmonic,G4_30pFifthHarmonic.wav,4,30pFifthHarmonic,test,139,1138688
G4_30pFifthHarmonic_00140.png,30pFifthHarmonic,G4_30pFifthHarmonic.wav,4,30pFifthHarmonic,test,140,1146880
G4_30pFifthHarmonic_00141.png,30pFifthHarmonic,G4_30pFifthHarmonic.wav,4,30pFifthHarmonic,test,141,1155072
G4_30pFifthHarmonic_00142.png,30pFifthHarmonic,G4_30pFifthHarmonic.wav,4,30pFifthHarmonic,test,142,1163264
G4_30pFifthHarmonic_00143.png,30pFifthHarmonic,G4_30pFifthHarmonic.wav,4,30pFifthHarmonic,test,143,1171456
G4_30pFifthHarmonic_00144.png,30pFifthHarmonic,G4_30pFifthHarmonic.wav,4,30pFifthHarmonic,test,144,1179648
G4_30pFifthHarmonic_00145.png,30pFifthHarmonic,G4_30pFifthHarmonic.wav,4,30pFifthHarmonic,test,145,1187840
G4_30pFifthHarmonic_00146.png,30pFifthHarmonic,G4_30pFifthHarmonic.wav,4,30pFifthHarmonic,test,146,1196032
G4_30pFifthHarmonic_00147.png,30pFifthHarmonic,G4_30pFifthHarmonic.wav,4,30pFifthHarmonic,test,147,1204224
G4_30pFifthHarmonic_00148.png,30pFifthHarmonic,G4_30pFifthHarmonic.wav,4,30pFifthHarmonic,test,148,1212416
G4_30pFifthHarmonic_00149.png,30pFifthHarmonic,G4_30pFifthHarmonic.wav,4,30pFifthHarmonic,test,149,1220608
G4_30pFifthHarmonic_00150.png,30pFifthHarmonic,G4_30pFifthHarmonic.wav,4,30pFifthHarmonic,test,150,1228800
G4_30pFifthHarmonic_00151.png,30pFifthHarmonic,G4_30pFifthHarmonic.wav,4,30pFifthHarmonic,test,151,1236992
G4_30pFifthHarmonic_00152.png,30pFifthHarmonic,G4_30pFifthHarmonic.wav,4,30pFifthHarmonic,test,152,1245184
G4_30pFifthHarmonic_00153.png,30pFifthHarmonic,G4_30pFifthHarmonic.wav,4,30pFifthHarmonic,test,153,1253376
G4_30pFifthHarmonic_00154.png,30pFifthHarmonic,G4_30pFifthHarmonic.wav,4,30pFifthHarmonic,test,154,1261568
G4_30pFifthHarmonic_00155.png,30pFifthHarmonic,G4_30pFifthHarmonic.wav,4,30pFifthHarmonic,test,155,1269760
G4_30pFifthHarmonic_00156.png,30pFifthHarmonic,G4_30pFifthHarmonic.wav,4,30pFifthHarmonic,test,156,1277952
G4_30pFifthHarmonic_00157.png,30pFifthHarmonic,G4_30pFifthHarmonic.wav,4,30pFifthHarmonic,test,157,1286144
G4_30pFifthHarmonic_00158.png,30pFifthHarmonic,G4_30pFifthHarmonic.wav,4,30pFifthHarmonic,test,158,1294336
G4_30pFifthHarmonic_00159.png,30pFifthHarmonic,G4_30pFifthHarmonic.wav,4,30pFifthHarmonic,test,159,1302528
G4_30pFifthHarmonic_00160.png,30pFifthHarmonic,G4_30pFifthHarmonic.wav,4,30pFifthHarmonic,test,160,1310720
G4_30pFifthHarmonic_00161.png,30pFifthHarmonic,G4_30pFifthHarmonic.wav,4,30pFifthHarmonic,test,161,1318912
G4_30pFifthHarmonic_00162.png,30pFifthHarmonic,G4_30pFifthHarmonic.wav,4,30pFifthHarmonic,test,162,1327104
G4_30pFifthHarmonic_00163.png,30pFifthHarmonic,G4_30pFifthHarmonic.wav,4,30pFifthHarmonic,test,163,1335296
G4_30pFifthHarmonic_00164.png,30pFifthHarmonic,G4_30pFifthHarmonic.wav,4,30pFifthHarmonic,test,164,1343488
G4_30pFifthHarmonic_00165.png,30pFifthHarmonic,G4_30pFifthHarmonic.wav,4,30pFifthHarmonic,test,165,1351680
G4_30pFifthHarmonic_00166.png,30pFifthHarmonic,G4_30pFifthHarmonic.wav,4,30pFifthHarmonic,test,166,1359872
G4_30pFifthHarmonic_00167.png,30pFifthHarmonic,G4_30pFifthHarmonic.wav,4,30pFifthHarmonic,test,167,1368064
G4_30pFifthHarmonic_00168.png,30pFifthHarmonic,G4_30pFifthHarmonic.wav,4,30pFifthHarmonic,test,168,1376256
G4_30pFifthHarmonic_00169.png,30pFifthHarmonic,G4_30pFifthHarmonic.wav,4,30pFifthHarmonic,test,169,1384448
G4_30pFifthHarmonic_00170.png,30pFifthHarmonic,G4_30pFifthHarmonic.wav,4,30pFifthHarmonic,test,170,1392640
G4_30pFifthHarmonic_00171.png,30pFifthHarmonic,G4_30pFifthHarmonic.wav,4,30pFifthHarmonic,test,171,1400832
G4_30pFifthHarmonic_00172.png,30pFifthHarmonic,G4_30pFifthHarmonic.wav,4,30pFifthHarmonic,test,172,1409024
G4_30pFifthHarmonic_00173.png,30pFifthHarmonic,G4_30pFifthHarmonic.wav,4,30pFifthHarmonic,test,173,1417216
G4_30pFifthHarmonic_00174.png,30pFifthHarmonic,G4_30pFifthHarmonic.wav,4,30pFifthHarmonic,test,174,1425408
G4_30pFifthHarmonic_00175.png,30pFifthHarmonic,G4_30pFifthHarmonic.wav,4,30pFifthHarmonic,test,175,1433600
G4_30pFifthHarmonic_00176.png,30pFifthHarmonic,G4_30pFifthHarmonic.wav,4,30pFifthHarmonic,test,176,1441792
G4_30pFifthHarmonic_00177.png,30pFifthHarmonic,G4_30pFifthHarmonic.wav,4,30pFifthHarmonic,test,177,1449984
G4_30pFifthHarmonic_00178.png,30pFifthHarmonic,G4_30pFifthHarmonic.wav,4,30pFifthHarmonic,test,178,1458176
G4_30pFifthHarmonic_00179.png,30pFifthHarmonic,G4_30pFifthHarmonic.wav,4,30pFifthHarmonic,test,179,1466368
G4_30pFifthHarmonic_00180.png,30pFifthHarmonic,G4_30pFifthHarmonic.wav,4,30pFifthHarmonic,test,180,1474560
G4_30pFifthHarmonic_00181.png,30pFifthHarmonic,G4_30pFifthHarmonic.wav,4,30pFifthHarmonic,test,181,1482752
G4_30pFifthHarmonic_00182.png,30pFifthHarmonic,G4_30pFifthHarmonic.wav,4,30pFifthHarmonic,test,182,1490944
G4_30pFifthHarmonic_00183.png,30pFifthHarmonic,G4_30pFifthHarmonic.wav,4,30pFifthHarmonic,test,183,1499136
G4_30pFifthHarmonic_00184.png,30pFifthHarmonic,G4_30pFifthHarmonic.wav,4,30pFifthHarmonic,test,184,1507328
G4_30pFifthHarmonic_00185.png,30pFifthHarmonic,G4_30pFifthHarmonic.wav,4,30pFifthHarmonic,test,185,1515520
G4_30pFifthHarmonic_00186.png,30pFifthHarmonic,G4_30pFifthHarmonic.wav,4,30pFifthHarmonic,test,186,1523712
G4_30pFifthHarmonic_00187.png,30pFifthHarmonic,G4_30pFifthHarmonic.wav,4,30pFifthHarmonic,test,187,1531904
G4_30pSeventhHarmonic_00000.png,30pSeventhHarmonic,G4_30pSeventhHarmonic.wav,4,30pSeventhHarmonic,test,0,0
G4_30pSeventhHarmonic_00001.png,30pSeventhHarmonic,G4_30pSeventhHarmonic.wav,4,30pSeventhHarmonic,test,1,8192
G4_30pSeventhHarmonic_00002.png,30pSeventhHarmonic,G4_30pSeventhHarmonic.wav,4,30pSeventhHarmonic,test,2,16384
G4_30pSeventhHarmonic_00003.png,30pSeventhHarmonic,G4_30pSeventhHarmonic.wav,4,30pSeventhHarmonic,test,3,24576
G4_30pSeventhHarmonic_00004.png,30pSeventhHarmonic,G4_30pSeventhHarmonic.wav,4,30pSeventhHarmonic,test,4,32768
G4_30pSeventhHarmonic_00005.png,30pSeventhHarmonic,G4_30pSeventhHarmonic.wav,4,30pSeventhHarmonic,test,5,40960
G4_30pSeventhHarmonic_00006.png,30pSeventhHarmonic,G4_30pSeventhHarmonic.wav,4,30pSeventhHarmonic,test,6,49152
G4_30pSeventhHarmonic_00007.png,30pSeventhHarmonic,G4_30pSeventhHarmonic.wav,4,30pSeventhHarmonic,test,7,57344
G4_30pSeventhHarmonic_00008.png,30pSeventhHarmonic,G4_30pSeventhHarmonic.wav,4,30pSeventhHarmonic,test,8,65536
G4_30pSeventhHarmonic_00009.png,30pSeventhHarmonic,G4_30pSeventhHarmonic.wav,4,30pSeventhHarmonic,test,9,73728
G4_30pSeventhHarmonic_00010.png,30pSeventhHarmonic,G4_30pSeventhHarmonic.wav,4,30pSeventhHarmonic,test,10,81920
G4_30pSeventhHarmonic_00011.png,30pSeventhHarmonic,G4_30pSeventhHarmonic.wav,4,30pSeventhHarmonic,test,11,90112
G4_30pSeventhHarmonic_00012.png,30pSeventhHarmonic,G4_30pSeventhHarmonic.wav,4,30pSeventhHarmonic,test,12,98304
G4_30pSeventhHarmonic_00013.png,30pSeventhHarmonic,G4_30pSeventhHarmonic.wav,4,30pSeventhHarmonic,test,13,106496
G4_30pSeventhHarmonic_00014.png,30pSeventhHarmonic,G4_30pSeventhHarmonic.wav,4,30pSeventhHarmonic,test,14,114688
G4_30pSeventhHarmonic_00015.png,30pSeventhHarmonic,G4_30pSeventhHarmonic.wav,4,30pSeventhHarmonic,test,15,122880
G4_30pSeventhHarmonic_00016.png,30pSeventhHarmonic,G4_30pSeventhHarmonic.wav,4,30pSeventhHarmonic,test,16,131072
G4_30pSeventhHarmonic_00017.png,30pSeventhHarmonic,G4_30pSeventhHarmonic.wav,4,30pSeventhHarmonic,test,17,139264
G4_30pSeventhHarmonic_00018.png,30pSeventhHarmonic,G4_30pSeventhHarmonic.wav,4,30pSeventhHarmonic,test,18,147456
G4_30pSeventhHarmonic_00019.png,30pSeventhHarmonic,G4_30pSeventhHarmonic.wav,4,30pSeventhHarmonic,test,19,155648
G4_30pSeventhHarmonic_00020.png,30pSeventhHarmonic,G4_30pSeventhHarmonic.wav,4,30pSeventhHarmonic,test,20,163840
G4_30pSeventhHarmonic_00021.png,30pSeventhHarmonic,G4_30pSeventhHarmonic.wav,4,30pSeventhHarmonic,test,21,172032
G4_30pSeventhHarmonic_00022.png,30pSeventhHarmonic,G4_30pSeventhHarmonic.wav,4,30pSeventhHarmonic,test,22,180224
G4_30pSeventhHarmonic_00023.png,30pSeventhHarmonic,G4_30pSeventhHarmonic.wav,4,30pSeventhHarmonic,test,23,188416
G4_30pSeventhHarmonic_00024.png,30pSeventhHarmonic,G4_30pSeventhHarmonic.wav,4,30pSeventhHarmonic,test,24,196608
G4_30pSeventhHarmonic_00025.png,30pSeventhHarmonic,G4_30pSeventhHarmonic.wav,4,30pSeventhHarmonic,test,25,204800
G4_30pSeventhHarmonic_00026.png,30pSeventhHarmonic,G4_30pSeventhHarmonic.wav,4,30pSeventhHarmonic,test,26,212992
G4_30pSeventhHarmonic_00027.png,30pSeventhHarmonic,G4_30pSeventhHarmonic.wav,4,30pSeventhHarmonic,test,27,221184
G4_30pSeventhHarmonic_00028.png,30pSeventhHarmonic,G4_30pSeventhHarmonic.wav,4,30pSeventhHarmonic,test,28,229376
G4_30pSeventhHarmonic_00029.png,30pSeventhHarmonic,G4_30pSeventhHarmonic.wav,4,30pSeventhHarmonic,test,29,237568
G4_30pSeventhHarmonic_00030.png,30pSeventhHarmonic,G4_30pSeventhHarmonic.wav,4,30pSeventhHarmonic,test,30,245760
G4_30pSeventhHarmonic_00031.png,30pSeventhHarmonic,G4_30pSeventhHarmonic.wav,4,30pSeventhHarmonic,test,31,253952
G4_30pSeventhHarmonic_00032.png,30pSeventhHarmonic,G4_30pSeventhHarmonic.wav,4,30pSeventhHarmonic,test,32,262144
G4_30pSeventhHarmonic_00033.png,30pSeventhHarmonic,G4_30pSeventhHarmonic.wav,4,30pSeventhHarmonic,test,33,270336
G4_30pSeventhHarmonic_00034.png,30pSeventhHarmonic,G4_30pSeventhHarmonic.wav,4,30pSeventhHarmonic,test,34,278528
G4_30pSeventhHarmonic_00035.png,30pSeventhHarmonic,G4_30pSeventhHarmonic.wav,4,30pSeventhHarmonic,test,35,286720
G4_30pSeventhHarmonic_00036.png,30pSeventhHarmonic,G4_30pSeventhHarmonic.wav,4,30pSeventhHarmonic,test,36,294912
G4_30pSeventhHarmonic_00037.png,30pSeventhHarmonic,G4_30pSeventhHarmonic.wav,4,30pSeventhHarmonic,test,37,303104
G4_30pSeventhHarmonic_00038.png,30pSeventhHarmonic,G4_30pSeventhHarmonic.wav,4,30pSeventhHarmonic,test,38,311296
G4_30pSeventhHarmonic_00039.png,30pSeventhHarmonic,G4_30pSeventhHarmonic.wav,4,30pSeventhHarmonic,test,39,319488
G4_30pSeventhHarmonic_00040.png,30pSeventhHarmonic,G4_30pSeventhHarmonic.wav,4,30pSeventhHarmonic,test,40,327680
G4_30pSeventhHarmonic_00041.png,30pSeventhHarmonic,G4_30pSeventhHarmonic.wav,4,30pSeventhHarmonic,test,41,335872
G4_30pSeventhHarmonic_00042.png,30pSeventhHarmonic,G4_30pSeventhHarmonic.wav,4,30pSeventhHarmonic,test,42,344064
G4_30pSeventhHarmonic_00043.png,30pSeventhHarmonic,G4_30pSeventhHarmonic.wav,4,30pSeventhHarmonic,test,43,352256
G4_30pSeventhHarmonic_00044.png,30pSeventhHarmonic,G4_30pSeventhHarmonic.wav,4,30pSeventhHarmonic,test,44,360448
G4_30pSeventhHarmonic_00045.png,30pSeventhHarmonic,G4_30pSeventhHarmonic.wav,4,30pSeventhHarmonic,test,45,368640
G4_30pSeventhHarmonic_00046.png,30pSeventhHarmonic,G4_30pSeventhHarmonic.wav,4,30pSeventhHarmonic,test,46,376832
G4_30pSeventhHarmonic_00047.png,30pSeventhHarmonic,G4_30pSeventhHarmonic.wav,4,30pSeventhHarmonic,test,47,385024
G4_30pSeventhHarmonic_00048.png,30pSeventhHarmonic,G4_30pSeventhHarmonic.wav,4,30pSeventhHarmonic,test,48,393216
G4_30pSeventhHarmonic_00049.png,30pSeventhHarmonic,G4_30pSeventhHarmonic.wav,4,30pSeventhHarmonic,test,49,401408
G4_30pSeventhHarmonic_00050.png,30pSeventhHarmonic,G4_30pSeventhHarmonic.wav,4,30pSeventhHarmonic,test,50,409600
G4_30pSeventhHarmonic_00051.png,30pSeventhHarmonic,G4_30pSeventhHarmonic.wav,4,30pSeventhHarmonic,test,51,417792
G4_30pSeventhHarmonic_00052.png,30pSeventhHarmonic,G4_30pSeventhHarmonic.wav,4,30pSeventhHarmonic,test,52,425984
G4_30pSeventhHarmonic_00053.png,30pSeventhHarmonic,G4_30pSeventhHarmonic.wav,4,30pSeventhHarmonic,test,53,434176
G4_30pSeventhHarmonic_00054.png,30pSeventhHarmonic,G4_30pSeventhHarmonic.wav,4,30pSeventhHarmonic,test,54,442368
G4_30pSeventhHarmonic_00055.png,30pSeventhHarmonic,G4_30pSeventhHarmonic.wav,4,30pSeventhHarmonic,test,55,450560
G4_30pSeventhHarmonic_00056.png,30pSeventhHarmonic,G4_30pSeventhHarmonic.wav,4,30pSeventhHarmonic,test,56,458752
G4_30pSeventhHarmonic_00057.png,30pSeventhHarmonic,G4_30pSeventhHarmonic.wav,4,30pSeventhHarmonic,test,57,466944
G4_30pSeventhHarmonic_00058.png,30pSeventhHarmonic,G4_30pSeventhHarmonic.wav,4,30pSeventhHarmonic,test,58,475136
G4_30pSeventhHarmonic_00059.png,30pSeventhHarmonic,G4_30pSeventhHarmonic.wav,4,30pSeventhHarmonic,test,59,483328
G4_30pSeventhHarmonic_00060.png,30pSeventhHarmonic,G4_30pSeventhHarmonic.wav,4,30pSeventhHarmonic,test,60,491520
G4_30pSeventhHarmonic_00061.png,30pSeventhHarmonic,G4_30pSeventhHarmonic.wav,4,30pSeventhHarmonic,test,61,499712
G4_30pSeventhHarmonic_00062.png,30pSeventhHarmonic,G4_30pSeventhHarmonic.wav,4,30pSeventhHarmonic,test,62,507904
G4_30pSeventhHarmonic_00063.png,30pSeventhHarmonic,G4_30pSeventhHarmonic.wav,4,30pSeventhHarmonic,test,63,516096
G4_30pSeventhHarmonic_00064.png,30pSeventhHarmonic,G4_30pSeventhHarmonic.wav,4,30pSeventhHarmonic,test,64,524288
G4_30pSeventhHarmonic_00065.png,30pSeventhHarmonic,G4_30pSeventhHarmonic.wav,4,30pSeventhHarmonic,test,65,532480
G4_30pSeventhHarmonic_00066.png,30pSeventhHarmonic,G4_30pSeventhHarmonic.wav,4,30pSeventhHarmonic,test,66,540672
G4_30pSeventhHarmonic_00067.png,30pSeventhHarmonic,G4_30pSeventhHarmonic.wav,4,30pSeventhHarmonic,test,67,548864
G4_30pSeventhHarmonic_00068.png,30pSeventhHarmonic,G4_30pSeventhHarmonic.wav,4,30pSeventhHarmonic,test,68,557056
G4_30pSeventhHarmonic_00069.png,30pSeventhHarmonic,G4_30pSeventhHarmonic.wav,4,30pSeventhHarmonic,test,69,565248
G4_30pSeventhHarmonic_00070.png,30pSeventhHarmonic,G4_30pSeventhHarmonic.wav,4,30pSeventhHarmonic,test,70,573440
G4_30pSeventhHarmonic_00071.png,30pSeventhHarmonic,G4_30pSeventhHarmonic.wav,4,30pSeventhHarmonic,test,71,581632
G4_30pSeventhHarmonic_00072.png,30pSeventhHarmonic,G4_30pSeventhHarmonic.wav,4,30pSeventhHarmonic,test,72,589824
G4_30pSeventhHarmonic_00073.png,30pSeventhHarmonic,G4_30pSeventhHarmonic.wav,4,30pSeventhHarmonic,test,73,598016
G4_30pSeventhHarmonic_00074.png,30pSeventhHarmonic,G4_30pSeventhHarmonic.wav,4,30pSeventhHarmonic,test,74,606208
G4_30pSeventhHarmonic_00075.png,30pSeventhHarmonic,G4_30pSeventhHarmonic.wav,4,30pSeventhHarmonic,test,75,614400
G4_30pSeventhHarmonic_00076.png,30pSeventhHarmonic,G4_30pSeventhHarmonic.wav,4,30pSeventhHarmonic,test,76,622592
G4_30pSeventhHarmonic_00077.png,30pSeventhHarmonic,G4_30pSeventhHarmonic.wav,4,30pSeventhHarmonic,test,77,630784
G4_30pSeventhHarmonic_00078.png,30pSeventhHarmonic,G4_30pSeventhHarmonic.wav,4,30pSeventhHarmonic,test,78,638976
G4_30pSeventhHarmonic_00079.png,30pSeventhHarmonic,G4_30pSeventhHarmonic.wav,4,30pSeventhHarmonic,test,79,647168
G4_30pThirdHarmonic_00000.png,30pThirdHarmonic,G4_30pThirdHarmonic.wav,4,30pThirdHarmonic,test,0,0
G4_30pThirdHarmonic_00001.png,30pThirdHarmonic,G4_30pThirdHarmonic.wav,4,30pThirdHarmonic,test,1,8192
G4_30pThirdHarmonic_00002.png,30pThirdHarmonic,G4_30pThirdHarmonic.wav,4,30pThirdHarmonic,test,2,16384
G4_30pThirdHarmonic_00003.png,30pThirdHarmonic,G4_30pThirdHarmonic.wav,4,30pThirdHarmonic,test,3,24576
G4_30pThirdHarmonic_00004.png,30pThirdHarmonic,G4_30pThirdHarmonic.wav,4,30pThirdHarmonic,test,4,32768
G4_30pThirdHarmonic_00005.png,30pThirdHarmonic,G4_30pThirdHarmonic.wav,4,30pThirdHarmonic,test,5,40960
G4_30pThirdHarmonic_00006.png,30pThirdHarmonic,G4_30pThirdHarmonic.wav,4,30pThirdHarmonic,test,6,49152
G4_30pThirdHarmonic_00007.png,30pThirdHarmonic,G4_30pThirdHarmonic.wav,4,30pThirdHarmonic,test,7,57344
G4_30pThirdHarmonic_00008.png,30pThirdHarmonic,G4_30pThirdHarmonic.wav,4,30pThirdHarmonic,test,8,65536
G4_30pThirdHarmonic_00009.png,30pThirdHarmonic,G4_30pThirdHarmonic.wav,4,30pThirdHarmonic,test,9,73728
G4_30pThirdHarmonic_00010.png,30pThirdHarmonic,G4_30pThirdHarmonic.wav,4,30pThirdHarmonic,test,10,81920
G4_30pThirdHarmonic_00011.png,30pThirdHarmonic,G4_30pThirdHarmonic.wav,4,30pThirdHarmonic,test,11,90112
G4_30pThirdHarmonic_00012.png,30pThirdHarmonic,G4_30pThirdHarmonic.wav,4,30pThirdHarmonic,test,12,98304
G4_30pThirdHarmonic_00013.png,30pThirdHarmonic,G4_30pThirdHarmonic.wav,4,30pThirdHarmonic,test,13,106496
G4_30pThirdHarmonic_00014.png,30pThirdHarmonic,G4_30pThirdHarmonic.wav,4,30pThirdHarmonic,test,14,114688
G4_30pThirdHarmonic_00015.png,30pThirdHarmonic,G4_30pThirdHarmonic.wav,4,30pThirdHarmonic,test,15,122880
G4_30pThirdHarmonic_00016.png,30pThirdHarmonic,G4_30pThirdHarmonic.wav,4,30pThirdHarmonic,test,16,131072
G4_30pThirdHarmonic_00017.png,30pThirdHarmonic,G4_30pThirdHarmonic.wav,4,30pThirdHarmonic,test,17,139264
G4_30pThirdHarmonic_00018.png,30pThirdHarmonic,G4_30pThirdHarmonic.wav,4,30pThirdHarmonic,test,18,147456
G4_30pThirdHarmonic_00019.png,30pThirdHarmonic,G4_30pThirdHarmonic.wav,4,30pThirdHarmonic,test,19,155648
G4_30pThirdHarmonic_00020.png,30pThirdHarmonic,G4_30pThirdHarmonic.wav,4,30pThirdHarmonic,test,20,163840
G4_30pThirdHarmonic_00021.png,30pThirdHarmonic,G4_30pThirdHarmonic.wav,4,30pThirdHarmonic,test,21,172032
G4_30pThirdHarmonic_00022.png,30pThirdHarmonic,G4_30pThirdHarmonic.wav,4,30pThirdHarmonic,test,22,180224
G4_30pThirdHarmonic_00023.png,30pThirdHarmonic,G4_30pThirdHarmonic.wav,4,30pThirdHarmonic,test,23,188416
G4_30pThirdHarmonic_00024.png,30pThirdHarmonic,G4_30pThirdHarmonic.wav,4,30pThirdHarmonic,test,24,196608
G4_30pThirdHarmonic_00025.png,30pThirdHarmonic,G4_30pThirdHarmonic.wav,4,30pThirdHarmonic,test,25,204800
G4_30pThirdHarmonic_00026.png,30pThirdHarmonic,G4_30pThirdHarmonic.wav,4,30pThirdHarmonic,test,26,212992
G4_30pThirdHarmonic_00027.png,30pThirdHarmonic,G4_30pThirdHarmonic.wav,4,30pThirdHarmonic,test,27,221184
G4_30pThirdHarmonic_00028.png,30pThirdHarmonic,G4_30pThirdHarmonic.wav,4,30pThirdHarmonic,test,28,229376
G4_30pThirdHarmonic_00029.png,30pThirdHarmonic,G4_30pThirdHarmonic.wav,4,30pThirdHarmonic,test,29,237568
G4_30pThirdHarmonic_00030.png,30pThirdHarmonic,G4_30pThirdHarmonic.wav,4,30pThirdHarmonic,test,30,245760
G4_30pThirdHarmonic_00031.png,30pThirdHarmonic,G4_30pThirdHarmonic.wav,4,30pThirdHarmonic,test,31,253952
G4_30pThirdHarmonic_00032.png,30pThirdHarmonic,G4_30pThirdHarmonic.wav,4,30pThirdHarmonic,test,32,262144
G4_30pThirdHarmonic_00033.png,30pThirdHarmonic,G4_30pThirdHarmonic.wav,4,30pThirdHarmonic,test,33,270336
G4_30pThirdHarmonic_00034.png,30pThirdHarmonic,G4_30pThirdHarmonic.wav,4,30pThirdHarmonic,test,34,278528
G4_30pThirdHarmonic_00035.png,30pThirdHarmonic,G4_30pThirdHarmonic.wav,4,30pThirdHarmonic,test,35,286720
G4_30pThirdHarmonic_00036.png,30pThirdHarmonic,G4_30pThirdHarmonic.wav,4,30pThirdHarmonic,test,36,294912
G4_30pThirdHarmonic_00037.png,30pThirdHarmonic,G4_30pThirdHarmonic.wav,4,30pThirdHarmonic,test,37,303104
G4_30pThirdHarmonic_00038.png,30pThirdHarmonic,G4_30pThirdHarmonic.wav,4,30pThirdHarmonic,test,38,311296
G4_30pThirdHarmonic_00039.png,30pThirdHarmonic,G4_30pThirdHarmonic.wav,4,30pThirdHarmonic,test,39,319488
G4_30pThirdHarmonic_00040.png,30pThirdHarmonic,G4_30pThirdHarmonic.wav,4,30pThirdHarmonic,test,40,327680
G4_30pThirdHarmonic_00041.png,30pThirdHarmonic,G4_30pThirdHarmonic.wav,4,30pThirdHarmonic,test,41,335872
G4_30pThirdHarmonic_00042.png,30pThirdHarmonic,G4_30pThirdHarmonic.wav,4,30pThirdHarmonic,test,42,344064
G4_30pThirdHarmonic_00043.png,30pThirdHarmonic,G4_30pThirdHarmonic.wav,4,30pThirdHarmonic,test,43,352256
G4_30pThirdHarmonic_00044.png,30pThirdHarmonic,G4_30pThirdHarmonic.wav,4,30pThirdHarmonic,test,44,360448
G4_30pThirdHarmonic_00045.png,30pThirdHarmonic,G4_30pThirdHarmonic.wav,4,30pThirdHarmonic,test,45,368640
G4_30pThirdHarmonic_00046.png,30pThirdHarmonic,G4_30pThirdHarmonic.wav,4,30pThirdHarmonic,test,46,376832
G4_30pThirdHarmonic_00047.png,30pThirdHarmonic,G4_30pThirdHarmonic.wav,4,30pThirdHarmonic,test,47,385024
G4_30pThirdHarmonic_00048.png,30pThirdHarmonic,G4_30pThirdHarmonic.wav,4,30pThirdHarmonic,test,48,393216
G4_30pThirdHarmonic_00049.png,30pThirdHarmonic,G4_30pThirdHarmonic.wav,4,30pThirdHarmonic,test,49,401408
G4_30pThirdHarmonic_00050.png,30pThirdHarmonic,G4_30pThirdHarmonic.wav,4,30pThirdHarmonic,test,50,409600
G4_30pThirdHarmonic_00051.png,30pThirdHarmonic,G4_30pThirdHarmonic.wav,4,30pThirdHarmonic,test,51,417792
G4_30pThirdHarmonic_00052.png,30pThirdHarmonic,G4_30pThirdHarmonic.wav,4,30pThirdHarmonic,test,52,425984
G4_30pThirdHarmonic_00053.png,30pThirdHarmonic,G4_30pThirdHarmonic.wav,4,30pThirdHarmonic,test,53,434176
G4_30pThirdHarmonic_00054.png,30pThirdHarmonic,G4_30pThirdHarmonic.wav,4,30pThirdHarmonic,test,54,442368
G4_30pThirdHarmonic_00055.png,30pThirdHarmonic,G4_30pThirdHarmonic.wav,4,30pThirdHarmonic,test,55,450560
G4_30pThirdHarmonic_00056.png,30pThirdHarmonic,G4_30pThirdHarmonic.wav,4,30pThirdHarmonic,test,56,458752
G4_30pThirdHarmonic_00057.png,30pThirdHarmonic,G4_30pThirdHarmonic.wav,4,30pThirdHarmonic,test,57,466944
G4_30pThirdHarmonic_00058.png,30pThirdHarmonic,G4_30pThirdHarmonic.wav,4,30pThirdHarmonic,test,58,475136
G4_30pThirdHarmonic_00059.png,30pThirdHarmonic,G4_30pThirdHarmonic.wav,4,30pThirdHarmonic,test,59,483328
G4_30pThirdHarmonic_00060.png,30pThirdHarmonic,G4_30pThirdHarmonic.wav,4,30pThirdHarmonic,test,60,491520
G4_30pThirdHarmonic_00061.png,30pThirdHarmonic,G4_30pThirdHarmonic.wav,4,30pThirdHarmonic,test,61,499712
G4_30pThirdHarmonic_00062.png,30pThirdHarmonic,G4_30pThirdHarmonic.wav,4,30pThirdHarmonic,test,62,507904
G4_30pThirdHarmonic_00063.png,30pThirdHarmonic,G4_30pThirdHarmonic.wav,4,30pThirdHarmonic,test,63,516096
G4_30pThirdHarmonic_00064.png,30pThirdHarmonic,G4_30pThirdHarmonic.wav,4,30pThirdHarmonic,test,64,524288
G4_30pThirdHarmonic_00065.png,30pThirdHarmonic,G4_30pThirdHarmonic.wav,4,30pThirdHarmonic,test,65,532480
G4_30pThirdHarmonic_00066.png,30pThirdHarmonic,G4_30pThirdHarmonic.wav,4,30pThirdHarmonic,test,66,540672
G4_30pThirdHarmonic_00067.png,30pThirdHarmonic,G4_30pThirdHarmonic.wav,4,30pThirdHarmonic,test,67,548864
G4_30pThirdHarmonic_00068.png,30pThirdHarmonic,G4_30pThirdHarmonic.wav,4,30pThirdHarmonic,test,68,557056
G4_30pThirdHarmonic_00069.png,30pThirdHarmonic,G4_30pThirdHarmonic.wav,4,30pThirdHarmonic,test,69,565248
G4_30pThirdHarmonic_00070.png,30pThirdHarmonic,G4_30pThirdHarmonic.wav,4,30pThirdHarmonic,test,70,573440
G4_30pThirdHarmonic_00071.png,30pThirdHarmonic,G4_30pThirdHarmonic.wav,4,30pThirdHarmonic,test,71,581632
G4_30pThirdHarmonic_00072.png,30pThirdHarmonic,G4_30pThirdHarmonic.wav,4,30pThirdHarmonic,test,72,589824
G4_30pThirdHarmonic_00073.png,30pThirdHarmonic,G4_30pThirdHarmonic.wav,4,30pThirdHarmonic,test,73,598016
G4_30pThirdHarmonic_00074.png,30pThirdHarmonic,G4_30pThirdHarmonic.wav,4,30pThirdHarmonic,test,74,606208
G4_30pThirdHarmonic_00075.png,30pThirdHarmonic,G4_30pThirdHarmonic.wav,4,30pThirdHarmonic,test,75,614400
G4_30pThirdHarmonic_00076.png,30pThirdHarmonic,G4_30pThirdHarmonic.wav,4,30pThirdHarmonic,test,76,622592
G4_30pThirdHarmonic_00077.png,30pThirdHarmonic,G4_30pThirdHarmonic.wav,4,30pThirdHarmonic,test,77,630784
G4_30pThirdHarmonic_00078.png,30pThirdHarmonic,G4_30pThirdHarmonic.wav,4,30pThirdHarmonic,test,78,638976
G4_30pThirdHarmonic_00079.png,30pThirdHarmonic,G4_30pThirdHarmonic.wav,4,30pThirdHarmonic,test,79,647168
G4_30pThirdHarmonic_00080.png,30pThirdHarmonic,G4_30pThirdHarmonic.wav,4,30pThirdHarmonic,test,80,655360
G4_30pThirdHarmonic_00081.png,30pThirdHarmonic,G4_30pThirdHarmonic.wav,4,30pThirdHarmonic,test,81,663552
G4_30pThirdHarmonic_00082.png,30pThirdHarmonic,G4_30pThirdHarmonic.wav,4,30pThirdHarmonic,test,82,671744
G4_30pThirdHarmonic_00083.png,30pThirdHarmonic,G4_30pThirdHarmonic.wav,4,30pThirdHarmonic,test,83,679936
G4_30pThirdHarmonic_00084.png,30pThirdHarmonic,G4_30pThirdHarmonic.wav,4,30pThirdHarmonic,test,84,688128
G4_30pThirdHarmonic_00085.png,30pThirdHarmonic,G4_30pThirdHarmonic.wav,4,30pThirdHarmonic,test,85,696320
G4_30pThirdHarmonic_00086.png,30pThirdHarmonic,G4_30pThirdHarmonic.wav,4,30pThirdHarmonic,test,86,704512
G4_30pThirdHarmonic_00087.png,30pThirdHarmonic,G4_30pThirdHarmonic.wav,4,30pThirdHarmonic,test,87,712704
G4_30pThirdHarmonic_00088.png,30pThirdHarmonic,G4_30pThirdHarmonic.wav,4,30pThirdHarmonic,test,88,720896
G4_30pThirdHarmonic_00089.png,30pThirdHarmonic,G4_30pThirdHarmonic.wav,4,30pThirdHarmonic,test,89,729088
G4_30pThirdHarmonic_00090.png,30pThirdHarmonic,G4_30pThirdHarmonic.wav,4,30pThirdHarmonic,test,90,737280
G4_30pThirdHarmonic_00091.png,30pThirdHarmonic,G4_30pThirdHarmonic.wav,4,30pThirdHarmonic,test,91,745472
G4_30pThirdHarmonic_00092.png,30pThirdHarmonic,G4_30pThirdHarmonic.wav,4,30pThirdHarmonic,test,92,753664
G4_30pThirdHarmonic_00093.png,30pThirdHarmonic,G4_30pThirdHarmonic.wav,4,30pThirdHarmonic,test,93,761856
G4_30pThirdHarmonic_00094.png,30pThirdHarmonic,G4_30pThirdHarmonic.wav,4,30pThirdHarmonic,test,94,770048
G4_30pThirdHarmonic_00095.png,30pThirdHarmonic,G4_30pThirdHarmonic.wav,4,30pThirdHarmonic,test,95,778240
G4_30pThirdHarmonic_00096.png,30pThirdHarmonic,G4_30pThirdHarmonic.wav,4,30pThirdHarmonic,test,96,786432
G4_30pThirdHarmonic_00097.png,30pThirdHarmonic,G4_30pThirdHarmonic.wav,4,30pThirdHarmonic,test,97,794624
G4_30pThirdHarmonic_00098.png,30pThirdHarmonic,G4_30pThirdHarmonic.wav,4,30pThirdHarmonic,test,98,802816
G4_30pThirdHarmonic_00099.png,30pThirdHarmonic,G4_30pThirdHarmonic.wav,4,30pThirdHarmonic,test,99,811008
G4_30pThirdHarmonic_00100.png,30pThirdHarmonic,G4_30pThirdHarmonic.wav,4,30pThirdHarmonic,test,100,819200
G4_30pThirdHarmonic_00101.png,30pThirdHarmonic,G4_30pThirdHarmonic.wav,4,30pThirdHarmonic,test,101,827392
G4_30pThirdHarmonic_00102.png,30pThirdHarmonic,G4_30pThirdHarmonic.wav,4,30pThirdHarmonic,test,102,835584
G4_30pThirdHarmonic_00103.png,30pThirdHarmonic,G4_30pThirdHarmonic.wav,4,30pThirdHarmonic,test,103,843776
G4_30pThirdHarmonic_00104.png,30pThirdHarmonic,G4_30pThirdHarmonic.wav,4,30pThirdHarmonic,test,104,851968
G4_30pThirdHarmonic_00105.png,30pThirdHarmonic,G4_30pThirdHarmonic.wav,4,30pThirdHarmonic,test,105,860160
G4_30pThirdHarmonic_00106.png,30pThirdHarmonic,G4_30pThirdHarmonic.wav,4,30pThirdHarmonic,test,106,868352
G4_30pThirdHarmonic_00107.png,30pThirdHarmonic,G4_30pThirdHarmonic.wav,4,30pThirdHarmonic,test,107,876544
G4_30pThirdHarmonic_00108.png,30pThirdHarmonic,G4_30pThirdHarmonic.wav,4,30pThirdHarmonic,test,108,884736
G4_30pThirdHarmonic_00109.png,30pThirdHarmonic,G4_30pThirdHarmonic.wav,4,30pThirdHarmonic,test,109,892928
G4_30pThirdHarmonic_00110.png,30pThirdHarmonic,G4_30pThirdHarmonic.wav,4,30pThirdHarmonic,test,110,901120
G4_30pThirdHarmonic_00111.png,30pThirdHarmonic,G4_30pThirdHarmonic.wav,4,30pThirdHarmonic,test,111,909312
G4_30pThirdHarmonic_00112.png,30pThirdHarmonic,G4_30pThirdHarmonic.wav,4,30pThirdHarmonic,test,112,917504
G4_30pThirdHarmonic_00113.png,30pThirdHarmonic,G4_30pThirdHarmonic.wav,4,30pThirdHarmonic,test,113,925696
G4_30pThirdHarmonic_00114.png,30pThirdHarmonic,G4_30pThirdHarmonic.wav,4,30pThirdHarmonic,test,114,933888
G4_30pThirdHarmonic_00115.png,30pThirdHarmonic,G4_30pThirdHarmonic.wav,4,30pThirdHarmonic,test,115,942080
G4_30pThirdHarmonic_00116.png,30pThirdHarmonic,G4_30pThirdHarmonic.wav,4,30pThirdHarmonic,test,116,950272
G4_30pThirdHarmonic_00117.png,30pThirdHarmonic,G4_30pThirdHarmonic.wav,4,30pThirdHarmonic,test,117,958464
G4_30pThirdHarmonic_00118.png,30pThirdHarmonic,G4_30pThirdHarmonic.wav,4,30pThirdHarmonic,test,118,966656
G4_30pThirdHarmonic_00119.png,30pThirdHarmonic,G4_30pThirdHarmonic.wav,4,30pThirdHarmonic,test,119,974848
G4_30pThirdHarmonic_00120.png,30pThirdHarmonic,G4_30pThirdHarmonic.wav,4,30pThirdHarmonic,test,120,983040
G4_30pThirdHarmonic_00121.png,30pThirdHarmonic,G4_30pThirdHarmonic.wav,4,30pThirdHarmonic,test,121,991232
G4_30pThirdHarmonic_00122.png,30pThirdHarmonic,G4_30pThirdHarmonic.wav,4,30pThirdHarmonic,test,122,999424
G4_30pThirdHarmonic_00123.png,30pThirdHarmonic,G4_30pThirdHarmonic.wav,4,30pThirdHarmonic,test,123,1007616
G4_30pThirdHarmonic_00124.png,30pThirdHarmonic,G4_30pThirdHarmonic.wav,4,30pThirdHarmonic,test,124,1015808
G4_30pThirdHarmonic_00125.png,30pThirdHarmonic,G4_30pThirdHarmonic.wav,4,30pThirdHarmonic,test,125,1024000
G4_30pThirdHarmonic_00126.png,30pThirdHarmonic,G4_30pThirdHarmonic.wav,4,30pThirdHarmonic,test,126,1032192
G4_30pThirdHarmonic_00127.png,30pThirdHarmonic,G4_30pThirdHarmonic.wav,4,30pThirdHarmonic,test,127,1040384
G4_30pThirdHarmonic_00128.png,30pThirdHarmonic,G4_30pThirdHarmonic.wav,4,30pThirdHarmonic,test,128,1048576
G4_30pThirdHarmonic_00129.png,30pThirdHarmonic,G4_30pThirdHarmonic.wav,4,30pThirdHarmonic,test,129,1056768
G4_30pThirdHarmonic_00130.png,30pThirdHarmonic,G4_30pThirdHarmonic.wav,4,30pThirdHarmonic,test,130,1064960
G4_30pThirdHarmonic_00131.png,30pThirdHarmonic,G4_30pThirdHarmonic.wav,4,30pThirdHarmonic,test,131,1073152
G4_30pThirdHarmonic_00132.png,30pThirdHarmonic,G4_30pThirdHarmonic.wav,4,30pThirdHarmonic,test,132,1081344
G4_30pThirdHarmonic_00133.png,30pThirdHarmonic,G4_30pThirdHarmonic.wav,4,30pThirdHarmonic,test,133,1089536
G4_30pThirdHarmonic_00134.png,30pThirdHarmonic,G4_30pThirdHarmonic.wav,4,30pThirdHarmonic,test,134,1097728
G4_30pThirdHarmonic_00135.png,30pThirdHarmonic,G4_30pThirdHarmonic.wav,4,30pThirdHarmonic,test,135,1105920
G4_30pThirdHarmonic_00136.png,30pThirdHarmonic,G4_30pThirdHarmonic.wav,4,30pThirdHarmonic,test,136,1114112
G4_30pThirdHarmonic_00137.png,30pThirdHarmonic,G4_30pThirdHarmonic.wav,4,30pThirdHarmonic,test,137,1122304
G4_30pThirdHarmonic_00138.png,30pThirdHarmonic,G4_30pThirdHarmonic.wav,4,30pThirdHarmonic,test,138,1130496
G4_30pThirdHarmonic_00139.png,30pThirdHarmonic,G4_30pThirdHarmonic.wav,4,30pThirdHarmonic,test,139,1138688
G4_30pThirdHarmonic_00140.png,30pThirdHarmonic,G4_30pThirdHarmonic.wav,4,30pThirdHarmonic,test,140,1146880
G4_30pThirdHarmonic_00141.png,30pThirdHarmonic,G4_30pThirdHarmonic.wav,4,30pThirdHarmonic,test,141,1155072
G4_30pThirdHarmonic_00142.png,30pThirdHarmonic,G4_30pThirdHarmonic.wav,4,30pThirdHarmonic,test,142,1163264
G4_30pThirdHarmonic_00143.png,30pThirdHarmonic,G4_30pThirdHarmonic.wav,4,30pThirdHarmonic,test,143,1171456
G4_30pThirdHarmonic_00144.png,30pThirdHarmonic,G4_30pThirdHarmonic.wav,4,30pThirdHarmonic,test,144,1179648
G4_30pThirdHarmonic_00145.png,30pThirdHarmonic,G4_30pThirdHarmonic.wav,4,30pThirdHarmonic,test,145,1187840
G4_30pThirdHarmonic_00146.png,30pThirdHarmonic,G4_30pThirdHarmonic.wav,4,30pThirdHarmonic,test,146,1196032
G4_30pThirdHarmonic_00147.png,30pThirdHarmonic,G4_30pThirdHarmonic.wav,4,30pThirdHarmonic,test,147,1204224
G4_30pThirdHarmonic_00148.png,30pThirdHarmonic,G4_30pThirdHarmonic.wav,4,30pThirdHarmonic,test,148,1212416
G4_30pThirdHarmonic_00149.png,30pThirdHarmonic,G4_30pThirdHarmonic.wav,4,30pThirdHarmonic,test,149,1220608
G4_30pThirdHarmonic_00150.png,30pThirdHarmonic,G4_30pThirdHarmonic.wav,4,30pThirdHarmonic,test,150,1228800
G4_30pThirdHarmonic_00151.png,30pThirdHarmonic,G4_30pThirdHarmonic.wav,4,30pThirdHarmonic,test,151,1236992
G4_30pThirdHarmonic_00152.png,30pThirdHarmonic,G4_30pThirdHarmonic.wav,4,30pThirdHarmonic,test,152,1245184
G4_30pThirdHarmonic_00153.png,30pThirdHarmonic,G4_30pThirdHarmonic.wav,4,30pThirdHarmonic,test,153,1253376
G4_30pThirdHarmonic_00154.png,30pThirdHarmonic,G4_30pThirdHarmonic.wav,4,30pThirdHarmonic,test,154,1261568
G4_30pThirdHarmonic_00155.png,30pThirdHarmonic,G4_30pThirdHarmonic.wav,4,30pThirdHarmonic,test,155,1269760
G4_30pThirdHarmonic_00156.png,30pThirdHarmonic,G4_30pThirdHarmonic.wav,4,30pThirdHarmonic,test,156,1277952
G4_30pThirdHarmonic_00157.png,30pThirdHarmonic,G4_30pThirdHarmonic.wav,4,30pThirdHarmonic,test,157,1286144
G4_30pThirdHarmonic_00158.png,30pThirdHarmonic,G4_30pThirdHarmonic.wav,4,30pThirdHarmonic,test,158,1294336
G4_30pThirdHarmonic_00159.png,30pThirdHarmonic,G4_30pThirdHarmonic.wav,4,30pThirdHarmonic,test,159,1302528
G4_30pThirdHarmonic_00160.png,30pThirdHarmonic,G4_30pThirdHarmonic.wav,4,30pThirdHarmonic,test,160,1310720
G4_30pThirdHarmonic_00161.png,30pThirdHarmonic,G4_30pThirdHarmonic.wav,4,30pThirdHarmonic,test,161,1318912
G4_30pThirdHarmonic_00162.png,30pThirdHarmonic,G4_30pThirdHarmonic.wav,4,30pThirdHarmonic,test,162,1327104
G4_30pThirdHarmonic_00163.png,30pThirdHarmonic,G4_30pThirdHarmonic.wav,4,30pThirdHarmonic,test,163,1335296
G4_30pThirdHarmonic_00164.png,30pThirdHarmonic,G4_30pThirdHarmonic.wav,4,30pThirdHarmonic,test,164,1343488
G4_30pThirdHarmonic_00165.png,30pThirdHarmonic,G4_30pThirdHarmonic.wav,4,30pThirdHarmonic,test,165,1351680
G4_30pThirdHarmonic_00166.png,30pThirdHarmonic,G4_30pThirdHarmonic.wav,4,30pThirdHarmonic,test,166,1359872
G4_30pThirdHarmonic_00167.png,30pThirdHarmonic,G4_30pThirdHarmonic.wav,4,30pThirdHarmonic,test,167,1368064
G4_30pThirdHarmonic_00168.png,30pThirdHarmonic,G4_30pThirdHarmonic.wav,4,30pThirdHarmonic,test,168,1376256
G4_30pThirdHarmonic_00169.png,30pThirdHarmonic,G4_30pThirdHarmonic.wav,4,30pThirdHarmonic,test,169,1384448
G4_30pThirdHarmonic_00170.png,30pThirdHarmonic,G4_30pThirdHarmonic.wav,4,30pThirdHarmonic,test,170,1392640
G4_30pThirdHarmonic_00171.png,30pThirdHarmonic,G4_30pThirdHarmonic.wav,4,30pThirdHarmonic,test,171,1400832
G4_30pThirdHarmonic_00172.png,30pThirdHarmonic,G4_30pThirdHarmonic.wav,4,30pThirdHarmonic,test,172,1409024
G4_30pThirdHarmonic_00173.png,30pThirdHarmonic,G4_30pThirdHarmonic.wav,4,30pThirdHarmonic,test,173,1417216
G4_30pThirdHarmonic_00174.png,30pThirdHarmonic,G4_30pThirdHarmonic.wav,4,30pThirdHarmonic,test,174,1425408
G4_30pThirdHarmonic_00175.png,30pThirdHarmonic,G4_30pThirdHarmonic.wav,4,30pThirdHarmonic,test,175,1433600
G4_30pThirdHarmonic_00176.png,30pThirdHarmonic,G4_30pThirdHarmonic.wav,4,30pThirdHarmonic,test,176,1441792
G4_30pThirdHarmonic_00177.png,30pThirdHarmonic,G4_30pThirdHarmonic.wav,4,30pThirdHarmonic,test,177,1449984
G4_30pThirdHarmonic_00178.png,30pThirdHarmonic,G4_30pThirdHarmonic.wav,4,30pThirdHarmonic,test,178,1458176
G4_30pThirdHarmonic_00179.png,30pThirdHarmonic,G4_30pThirdHarmonic.wav,4,30pThirdHarmonic,test,179,1466368
G4_30pThirdHarmonic_00180.png,30pThirdHarmonic,G4_30pThirdHarmonic.wav,4,30pThirdHarmonic,test,180,1474560
G4_30pThirdHarmonic_00181.png,30pThirdHarmonic,G4_30pThirdHarmonic.wav,4,30pThirdHarmonic,test,181,1482752
G4_30pThirdHarmonic_00182.png,30pThirdHarmonic,G4_30pThirdHarmonic.wav,4,30pThirdHarmonic,test,182,1490944
G4_30pThirdHarmonic_00183.png,30pThirdHarmonic,G4_30pThirdHarmonic.wav,4,30pThirdHarmonic,test,183,1499136
G4_30pThirdHarmonic_00184.png,30pThirdHarmonic,G4_30pThirdHarmonic.wav,4,30pThirdHarmonic,test,184,1507328
G4_30pThirdHarmonic_00185.png,30pThirdHarmonic,G4_30pThirdHarmonic.wav,4,30pThirdHarmonic,test,185,1515520
G4_30pThirdHarmonic_00186.png,30pThirdHarmonic,G4_30pThirdHarmonic.wav,4,30pThirdHarmonic,test,186,1523712
G4_30pThirdHarmonic_00187.png,30pThirdHarmonic,G4_30pThirdHarmonic.wav,4,30pThirdHarmonic,test,187,1531904
