filename,class_label,source_file,split,tf_method,temporal_method
DCBias2_75_00000.png,DCBias,DCBias2_75.wav,train,stft,mtf
DCBias2_75_00001.png,DCBias,DCBias2_75.wav,train,stft,mtf
DCBias2_75_00002.png,DCBias,DCBias2_75.wav,train,stft,mtf
DCBias2_75_00003.png,DCBias,DCBias2_75.wav,train,stft,mtf
DCBias2_75_00004.png,DCBias,DCBias2_75.wav,train,stft,mtf
DCBias2_75_00005.png,DCBias,DCBias2_75.wav,train,stft,mtf
DCBias2_75_00006.png,DCBias,DCBias2_75.wav,train,stft,mtf
DCBias2_75_00007.png,DCBias,DCBias2_75.wav,train,stft,mtf
DCBias2_75_00008.png,DCBias,DCBias2_75.wav,train,stft,mtf
DCBias2_50_00000.png,DCBias,DCBias2_50.wav,train,stft,mtf
DCBias2_50_00001.png,DCBias,DCBias2_50.wav,train,stft,mtf
DCBias2_50_00002.png,DCBias,DCBias2_50.wav,train,stft,mtf
DCBias2_50_00003.png,DCBias,DCBias2_50.wav,train,stft,mtf
DCBias2_50_00004.png,DCBias,DCBias2_50.wav,train,stft,mtf
DCBias2_50_00005.png,DCBias,DCBias2_50.wav,train,stft,mtf
DCBias2_50_00006.png,DCBias,DCBias2_50.wav,train,stft,mtf
DCBias2_50_00007.png,DCBias,DCBias2_50.wav,train,stft,mtf
DCBias2_50_00008.png,DCBias,DCBias2_50.wav,train,stft,mtf
DCBias2_76_00000.png,DCBias,DCBias2_76.wav,train,stft,mtf
DCBias2_76_00001.png,DCBias,DCBias2_76.wav,train,stft,mtf
DCBias2_76_00002.png,DCBias,DCBias2_76.wav,train,stft,mtf
DCBias2_76_00003.png,DCBias,DCBias2_76.wav,train,stft,mtf
DCBias2_76_00004.png,DCBias,DCBias2_76.wav,train,stft,mtf
DCBias2_76_00005.png,DCBias,DCBias2_76.wav,train,stft,mtf
DCBias2_76_00006.png,DCBias,DCBias2_76.wav,train,stft,mtf
DCBias2_76_00007.png,DCBias,DCBias2_76.wav,train,stft,mtf
DCBias2_76_00008.png,DCBias,DCBias2_76.wav,train,stft,mtf
DCBias2_22_00000.png,DCBias,DCBias2_22.wav,train,stft,mtf
DCBias2_22_00001.png,DCBias,DCBias2_22.wav,train,stft,mtf
DCBias2_22_00002.png,DCBias,DCBias2_22.wav,train,stft,mtf
DCBias2_22_00003.png,DCBias,DCBias2_22.wav,train,stft,mtf
DCBias2_22_00004.png,DCBias,DCBias2_22.wav,train,stft,mtf
DCBias2_22_00005.png,DCBias,DCBias2_22.wav,train,stft,mtf
DCBias2_22_00006.png,DCBias,DCBias2_22.wav,train,stft,mtf
DCBias2_22_00007.png,DCBias,DCBias2_22.wav,train,stft,mtf
DCBias2_22_00008.png,DCBias,DCBias2_22.wav,train,stft,mtf
DCBias2_113_00000.png,DCBias,DCBias2_113.wav,train,stft,mtf
DCBias2_113_00001.png,DCBias,DCBias2_113.wav,train,stft,mtf
DCBias2_113_00002.png,DCBias,DCBias2_113.wav,train,stft,mtf
DCBias2_113_00003.png,DCBias,DCBias2_113.wav,train,stft,mtf
DCBias2_113_00004.png,DCBias,DCBias2_113.wav,train,stft,mtf
DCBias2_113_00005.png,DCBias,DCBias2_113.wav,train,stft,mtf
DCBias2_113_00006.png,DCBias,DCBias2_113.wav,train,stft,mtf
DCBias2_113_00007.png,DCBias,DCBias2_113.wav,train,stft,mtf
DCBias2_113_00008.png,DCBias,DCBias2_113.wav,train,stft,mtf
DCBias2_20_00000.png,DCBias,DCBias2_20.wav,train,stft,mtf
DCBias2_20_00001.png,DCBias,DCBias2_20.wav,train,stft,mtf
DCBias2_20_00002.png,DCBias,DCBias2_20.wav,train,stft,mtf
DCBias2_20_00003.png,DCBias,DCBias2_20.wav,train,stft,mtf
DCBias2_20_00004.png,DCBias,DCBias2_20.wav,train,stft,mtf
DCBias2_20_00005.png,DCBias,DCBias2_20.wav,train,stft,mtf
DCBias2_20_00006.png,DCBias,DCBias2_20.wav,train,stft,mtf
DCBias2_20_00007.png,DCBias,DCBias2_20.wav,train,stft,mtf
DCBias2_20_00008.png,DCBias,DCBias2_20.wav,train,stft,mtf
DCBias2_62_00000.png,DCBias,DCBias2_62.wav,train,stft,mtf
DCBias2_62_00001.png,DCBias,DCBias2_62.wav,train,stft,mtf
DCBias2_62_00002.png,DCBias,DCBias2_62.wav,train,stft,mtf
DCBias2_62_00003.png,DCBias,DCBias2_62.wav,train,stft,mtf
DCBias2_62_00004.png,DCBias,DCBias2_62.wav,train,stft,mtf
DCBias2_62_00005.png,DCBias,DCBias2_62.wav,train,stft,mtf
DCBias2_62_00006.png,DCBias,DCBias2_62.wav,train,stft,mtf
DCBias2_62_00007.png,DCBias,DCBias2_62.wav,train,stft,mtf
DCBias2_62_00008.png,DCBias,DCBias2_62.wav,train,stft,mtf
DCBias2_45_00000.png,DCBias,DCBias2_45.wav,train,stft,mtf
DCBias2_45_00001.png,DCBias,DCBias2_45.wav,train,stft,mtf
DCBias2_45_00002.png,DCBias,DCBias2_45.wav,train,stft,mtf
DCBias2_45_00003.png,DCBias,DCBias2_45.wav,train,stft,mtf
DCBias2_45_00004.png,DCBias,DCBias2_45.wav,train,stft,mtf
DCBias2_45_00005.png,DCBias,DCBias2_45.wav,train,stft,mtf
DCBias2_45_00006.png,DCBias,DCBias2_45.wav,train,stft,mtf
DCBias2_45_00007.png,DCBias,DCBias2_45.wav,train,stft,mtf
DCBias2_45_00008.png,DCBias,DCBias2_45.wav,train,stft,mtf
DCBias2_99_00000.png,DCBias,DCBias2_99.wav,train,stft,mtf
DCBias2_99_00001.png,DCBias,DCBias2_99.wav,train,stft,mtf
DCBias2_99_00002.png,DCBias,DCBias2_99.wav,train,stft,mtf
DCBias2_99_00003.png,DCBias,DCBias2_99.wav,train,stft,mtf
DCBias2_99_00004.png,DCBias,DCBias2_99.wav,train,stft,mtf
DCBias2_99_00005.png,DCBias,DCBias2_99.wav,train,stft,mtf
DCBias2_99_00006.png,DCBias,DCBias2_99.wav,train,stft,mtf
DCBias2_99_00007.png,DCBias,DCBias2_99.wav,train,stft,mtf
DCBias2_99_00008.png,DCBias,DCBias2_99.wav,train,stft,mtf
DCBias2_79_00000.png,DCBias,DCBias2_79.wav,train,stft,mtf
DCBias2_79_00001.png,DCBias,DCBias2_79.wav,train,stft,mtf
DCBias2_79_00002.png,DCBias,DCBias2_79.wav,train,stft,mtf
DCBias2_79_00003.png,DCBias,DCBias2_79.wav,train,stft,mtf
DCBias2_79_00004.png,DCBias,DCBias2_79.wav,train,stft,mtf
DCBias2_79_00005.png,DCBias,DCBias2_79.wav,train,stft,mtf
DCBias2_79_00006.png,DCBias,DCBias2_79.wav,train,stft,mtf
DCBias2_79_00007.png,DCBias,DCBias2_79.wav,train,stft,mtf
DCBias2_79_00008.png,DCBias,DCBias2_79.wav,train,stft,mtf
DCBias2_19_00000.png,DCBias,DCBias2_19.wav,train,stft,mtf
DCBias2_19_00001.png,DCBias,DCBias2_19.wav,train,stft,mtf
DCBias2_19_00002.png,DCBias,DCBias2_19.wav,train,stft,mtf
DCBias2_19_00003.png,DCBias,DCBias2_19.wav,train,stft,mtf
DCBias2_19_00004.png,DCBias,DCBias2_19.wav,train,stft,mtf
DCBias2_19_00005.png,DCBias,DCBias2_19.wav,train,stft,mtf
DCBias2_19_00006.png,DCBias,DCBias2_19.wav,train,stft,mtf
DCBias2_19_00007.png,DCBias,DCBias2_19.wav,train,stft,mtf
DCBias2_19_00008.png,DCBias,DCBias2_19.wav,train,stft,mtf
DCBias2_34_00000.png,DCBias,DCBias2_34.wav,train,stft,mtf
DCBias2_34_00001.png,DCBias,DCBias2_34.wav,train,stft,mtf
DCBias2_34_00002.png,DCBias,DCBias2_34.wav,train,stft,mtf
DCBias2_34_00003.png,DCBias,DCBias2_34.wav,train,stft,mtf
DCBias2_34_00004.png,DCBias,DCBias2_34.wav,train,stft,mtf
DCBias2_34_00005.png,DCBias,DCBias2_34.wav,train,stft,mtf
DCBias2_34_00006.png,DCBias,DCBias2_34.wav,train,stft,mtf
DCBias2_34_00007.png,DCBias,DCBias2_34.wav,train,stft,mtf
DCBias2_34_00008.png,DCBias,DCBias2_34.wav,train,stft,mtf
DCBias2_59_00000.png,DCBias,DCBias2_59.wav,train,stft,mtf
DCBias2_59_00001.png,DCBias,DCBias2_59.wav,train,stft,mtf
DCBias2_59_00002.png,DCBias,DCBias2_59.wav,train,stft,mtf
DCBias2_59_00003.png,DCBias,DCBias2_59.wav,train,stft,mtf
DCBias2_59_00004.png,DCBias,DCBias2_59.wav,train,stft,mtf
DCBias2_59_00005.png,DCBias,DCBias2_59.wav,train,stft,mtf
DCBias2_59_00006.png,DCBias,DCBias2_59.wav,train,stft,mtf
DCBias2_59_00007.png,DCBias,DCBias2_59.wav,train,stft,mtf
DCBias2_59_00008.png,DCBias,DCBias2_59.wav,train,stft,mtf
DCBias2_107_00000.png,DCBias,DCBias2_107.wav,train,stft,mtf
DCBias2_107_00001.png,DCBias,DCBias2_107.wav,train,stft,mtf
DCBias2_107_00002.png,DCBias,DCBias2_107.wav,train,stft,mtf
DCBias2_107_00003.png,DCBias,DCBias2_107.wav,train,stft,mtf
DCBias2_107_00004.png,DCBias,DCBias2_107.wav,train,stft,mtf
DCBias2_107_00005.png,DCBias,DCBias2_107.wav,train,stft,mtf
DCBias2_107_00006.png,DCBias,DCBias2_107.wav,train,stft,mtf
DCBias2_107_00007.png,DCBias,DCBias2_107.wav,train,stft,mtf
DCBias2_107_00008.png,DCBias,DCBias2_107.wav,train,stft,mtf
DCBias2_78_00000.png,DCBias,DCBias2_78.wav,train,stft,mtf
DCBias2_78_00001.png,DCBias,DCBias2_78.wav,train,stft,mtf
DCBias2_78_00002.png,DCBias,DCBias2_78.wav,train,stft,mtf
DCBias2_78_00003.png,DCBias,DCBias2_78.wav,train,stft,mtf
DCBias2_78_00004.png,DCBias,DCBias2_78.wav,train,stft,mtf
DCBias2_78_00005.png,DCBias,DCBias2_78.wav,train,stft,mtf
DCBias2_78_00006.png,DCBias,DCBias2_78.wav,train,stft,mtf
DCBias2_78_00007.png,DCBias,DCBias2_78.wav,train,stft,mtf
DCBias2_78_00008.png,DCBias,DCBias2_78.wav,train,stft,mtf
DCBias2_39_00000.png,DCBias,DCBias2_39.wav,train,stft,mtf
DCBias2_39_00001.png,DCBias,DCBias2_39.wav,train,stft,mtf
DCBias2_39_00002.png,DCBias,DCBias2_39.wav,train,stft,mtf
DCBias2_39_00003.png,DCBias,DCBias2_39.wav,train,stft,mtf
DCBias2_39_00004.png,DCBias,DCBias2_39.wav,train,stft,mtf
DCBias2_39_00005.png,DCBias,DCBias2_39.wav,train,stft,mtf
DCBias2_39_00006.png,DCBias,DCBias2_39.wav,train,stft,mtf
DCBias2_39_00007.png,DCBias,DCBias2_39.wav,train,stft,mtf
DCBias2_39_00008.png,DCBias,DCBias2_39.wav,train,stft,mtf
DCBias2_70_00000.png,DCBias,DCBias2_70.wav,train,stft,mtf
DCBias2_70_00001.png,DCBias,DCBias2_70.wav,train,stft,mtf
DCBias2_70_00002.png,DCBias,DCBias2_70.wav,train,stft,mtf
DCBias2_70_00003.png,DCBias,DCBias2_70.wav,train,stft,mtf
DCBias2_70_00004.png,DCBias,DCBias2_70.wav,train,stft,mtf
DCBias2_70_00005.png,DCBias,DCBias2_70.wav,train,stft,mtf
DCBias2_70_00006.png,DCBias,DCBias2_70.wav,train,stft,mtf
DCBias2_70_00007.png,DCBias,DCBias2_70.wav,train,stft,mtf
DCBias2_70_00008.png,DCBias,DCBias2_70.wav,train,stft,mtf
DCBias2_38_00000.png,DCBias,DCBias2_38.wav,train,stft,mtf
DCBias2_38_00001.png,DCBias,DCBias2_38.wav,train,stft,mtf
DCBias2_38_00002.png,DCBias,DCBias2_38.wav,train,stft,mtf
DCBias2_38_00003.png,DCBias,DCBias2_38.wav,train,stft,mtf
DCBias2_38_00004.png,DCBias,DCBias2_38.wav,train,stft,mtf
DCBias2_38_00005.png,DCBias,DCBias2_38.wav,train,stft,mtf
DCBias2_38_00006.png,DCBias,DCBias2_38.wav,train,stft,mtf
DCBias2_38_00007.png,DCBias,DCBias2_38.wav,train,stft,mtf
DCBias2_38_00008.png,DCBias,DCBias2_38.wav,train,stft,mtf
DCBias2_15_00000.png,DCBias,DCBias2_15.wav,train,stft,mtf
DCBias2_15_00001.png,DCBias,DCBias2_15.wav,train,stft,mtf
DCBias2_15_00002.png,DCBias,DCBias2_15.wav,train,stft,mtf
DCBias2_15_00003.png,DCBias,DCBias2_15.wav,train,stft,mtf
DCBias2_15_00004.png,DCBias,DCBias2_15.wav,train,stft,mtf
DCBias2_15_00005.png,DCBias,DCBias2_15.wav,train,stft,mtf
DCBias2_15_00006.png,DCBias,DCBias2_15.wav,train,stft,mtf
DCBias2_15_00007.png,DCBias,DCBias2_15.wav,train,stft,mtf
DCBias2_15_00008.png,DCBias,DCBias2_15.wav,train,stft,mtf
DCBias2_26_00000.png,DCBias,DCBias2_26.wav,train,stft,mtf
DCBias2_26_00001.png,DCBias,DCBias2_26.wav,train,stft,mtf
DCBias2_26_00002.png,DCBias,DCBias2_26.wav,train,stft,mtf
DCBias2_26_00003.png,DCBias,DCBias2_26.wav,train,stft,mtf
DCBias2_26_00004.png,DCBias,DCBias2_26.wav,train,stft,mtf
DCBias2_26_00005.png,DCBias,DCBias2_26.wav,train,stft,mtf
DCBias2_26_00006.png,DCBias,DCBias2_26.wav,train,stft,mtf
DCBias2_26_00007.png,DCBias,DCBias2_26.wav,train,stft,mtf
DCBias2_26_00008.png,DCBias,DCBias2_26.wav,train,stft,mtf
DCBias2_55_00000.png,DCBias,DCBias2_55.wav,train,stft,mtf
DCBias2_55_00001.png,DCBias,DCBias2_55.wav,train,stft,mtf
DCBias2_55_00002.png,DCBias,DCBias2_55.wav,train,stft,mtf
DCBias2_55_00003.png,DCBias,DCBias2_55.wav,train,stft,mtf
DCBias2_55_00004.png,DCBias,DCBias2_55.wav,train,stft,mtf
DCBias2_55_00005.png,DCBias,DCBias2_55.wav,train,stft,mtf
DCBias2_55_00006.png,DCBias,DCBias2_55.wav,train,stft,mtf
DCBias2_55_00007.png,DCBias,DCBias2_55.wav,train,stft,mtf
DCBias2_55_00008.png,DCBias,DCBias2_55.wav,train,stft,mtf
DCBias2_10_00000.png,DCBias,DCBias2_10.wav,train,stft,mtf
DCBias2_10_00001.png,DCBias,DCBias2_10.wav,train,stft,mtf
DCBias2_10_00002.png,DCBias,DCBias2_10.wav,train,stft,mtf
DCBias2_10_00003.png,DCBias,DCBias2_10.wav,train,stft,mtf
DCBias2_10_00004.png,DCBias,DCBias2_10.wav,train,stft,mtf
DCBias2_10_00005.png,DCBias,DCBias2_10.wav,train,stft,mtf
DCBias2_10_00006.png,DCBias,DCBias2_10.wav,train,stft,mtf
DCBias2_10_00007.png,DCBias,DCBias2_10.wav,train,stft,mtf
DCBias2_10_00008.png,DCBias,DCBias2_10.wav,train,stft,mtf
DCBias2_94_00000.png,DCBias,DCBias2_94.wav,train,stft,mtf
DCBias2_94_00001.png,DCBias,DCBias2_94.wav,train,stft,mtf
DCBias2_94_00002.png,DCBias,DCBias2_94.wav,train,stft,mtf
DCBias2_94_00003.png,DCBias,DCBias2_94.wav,train,stft,mtf
DCBias2_94_00004.png,DCBias,DCBias2_94.wav,train,stft,mtf
DCBias2_94_00005.png,DCBias,DCBias2_94.wav,train,stft,mtf
DCBias2_94_00006.png,DCBias,DCBias2_94.wav,train,stft,mtf
DCBias2_94_00007.png,DCBias,DCBias2_94.wav,train,stft,mtf
DCBias2_94_00008.png,DCBias,DCBias2_94.wav,train,stft,mtf
DCBias2_118_00000.png,DCBias,DCBias2_118.wav,train,stft,mtf
DCBias2_118_00001.png,DCBias,DCBias2_118.wav,train,stft,mtf
DCBias2_118_00002.png,DCBias,DCBias2_118.wav,train,stft,mtf
DCBias2_118_00003.png,DCBias,DCBias2_118.wav,train,stft,mtf
DCBias2_118_00004.png,DCBias,DCBias2_118.wav,train,stft,mtf
DCBias2_118_00005.png,DCBias,DCBias2_118.wav,train,stft,mtf
DCBias2_118_00006.png,DCBias,DCBias2_118.wav,train,stft,mtf
DCBias2_118_00007.png,DCBias,DCBias2_118.wav,train,stft,mtf
DCBias2_118_00008.png,DCBias,DCBias2_118.wav,train,stft,mtf
DCBias2_105_00000.png,DCBias,DCBias2_105.wav,train,stft,mtf
DCBias2_105_00001.png,DCBias,DCBias2_105.wav,train,stft,mtf
DCBias2_105_00002.png,DCBias,DCBias2_105.wav,train,stft,mtf
DCBias2_105_00003.png,DCBias,DCBias2_105.wav,train,stft,mtf
DCBias2_105_00004.png,DCBias,DCBias2_105.wav,train,stft,mtf
DCBias2_105_00005.png,DCBias,DCBias2_105.wav,train,stft,mtf
DCBias2_105_00006.png,DCBias,DCBias2_105.wav,train,stft,mtf
DCBias2_105_00007.png,DCBias,DCBias2_105.wav,train,stft,mtf
DCBias2_105_00008.png,DCBias,DCBias2_105.wav,train,stft,mtf
DCBias2_63_00000.png,DCBias,DCBias2_63.wav,train,stft,mtf
DCBias2_63_00001.png,DCBias,DCBias2_63.wav,train,stft,mtf
DCBias2_63_00002.png,DCBias,DCBias2_63.wav,train,stft,mtf
DCBias2_63_00003.png,DCBias,DCBias2_63.wav,train,stft,mtf
DCBias2_63_00004.png,DCBias,DCBias2_63.wav,train,stft,mtf
DCBias2_63_00005.png,DCBias,DCBias2_63.wav,train,stft,mtf
DCBias2_63_00006.png,DCBias,DCBias2_63.wav,train,stft,mtf
DCBias2_63_00007.png,DCBias,DCBias2_63.wav,train,stft,mtf
DCBias2_63_00008.png,DCBias,DCBias2_63.wav,train,stft,mtf
DCBias2_49_00000.png,DCBias,DCBias2_49.wav,train,stft,mtf
DCBias2_49_00001.png,DCBias,DCBias2_49.wav,train,stft,mtf
DCBias2_49_00002.png,DCBias,DCBias2_49.wav,train,stft,mtf
DCBias2_49_00003.png,DCBias,DCBias2_49.wav,train,stft,mtf
DCBias2_49_00004.png,DCBias,DCBias2_49.wav,train,stft,mtf
DCBias2_49_00005.png,DCBias,DCBias2_49.wav,train,stft,mtf
DCBias2_49_00006.png,DCBias,DCBias2_49.wav,train,stft,mtf
DCBias2_49_00007.png,DCBias,DCBias2_49.wav,train,stft,mtf
DCBias2_49_00008.png,DCBias,DCBias2_49.wav,train,stft,mtf
DCBias2_66_00000.png,DCBias,DCBias2_66.wav,train,stft,mtf
DCBias2_66_00001.png,DCBias,DCBias2_66.wav,train,stft,mtf
DCBias2_66_00002.png,DCBias,DCBias2_66.wav,train,stft,mtf
DCBias2_66_00003.png,DCBias,DCBias2_66.wav,train,stft,mtf
DCBias2_66_00004.png,DCBias,DCBias2_66.wav,train,stft,mtf
DCBias2_66_00005.png,DCBias,DCBias2_66.wav,train,stft,mtf
DCBias2_66_00006.png,DCBias,DCBias2_66.wav,train,stft,mtf
DCBias2_66_00007.png,DCBias,DCBias2_66.wav,train,stft,mtf
DCBias2_66_00008.png,DCBias,DCBias2_66.wav,train,stft,mtf
DCBias2_106_00000.png,DCBias,DCBias2_106.wav,train,stft,mtf
DCBias2_106_00001.png,DCBias,DCBias2_106.wav,train,stft,mtf
DCBias2_106_00002.png,DCBias,DCBias2_106.wav,train,stft,mtf
DCBias2_106_00003.png,DCBias,DCBias2_106.wav,train,stft,mtf
DCBias2_106_00004.png,DCBias,DCBias2_106.wav,train,stft,mtf
DCBias2_106_00005.png,DCBias,DCBias2_106.wav,train,stft,mtf
DCBias2_106_00006.png,DCBias,DCBias2_106.wav,train,stft,mtf
DCBias2_106_00007.png,DCBias,DCBias2_106.wav,train,stft,mtf
DCBias2_106_00008.png,DCBias,DCBias2_106.wav,train,stft,mtf
DCBias2_52_00000.png,DCBias,DCBias2_52.wav,train,stft,mtf
DCBias2_52_00001.png,DCBias,DCBias2_52.wav,train,stft,mtf
DCBias2_52_00002.png,DCBias,DCBias2_52.wav,train,stft,mtf
DCBias2_52_00003.png,DCBias,DCBias2_52.wav,train,stft,mtf
DCBias2_52_00004.png,DCBias,DCBias2_52.wav,train,stft,mtf
DCBias2_52_00005.png,DCBias,DCBias2_52.wav,train,stft,mtf
DCBias2_52_00006.png,DCBias,DCBias2_52.wav,train,stft,mtf
DCBias2_52_00007.png,DCBias,DCBias2_52.wav,train,stft,mtf
DCBias2_52_00008.png,DCBias,DCBias2_52.wav,train,stft,mtf
DCBias2_33_00000.png,DCBias,DCBias2_33.wav,train,stft,mtf
DCBias2_33_00001.png,DCBias,DCBias2_33.wav,train,stft,mtf
DCBias2_33_00002.png,DCBias,DCBias2_33.wav,train,stft,mtf
DCBias2_33_00003.png,DCBias,DCBias2_33.wav,train,stft,mtf
DCBias2_33_00004.png,DCBias,DCBias2_33.wav,train,stft,mtf
DCBias2_33_00005.png,DCBias,DCBias2_33.wav,train,stft,mtf
DCBias2_33_00006.png,DCBias,DCBias2_33.wav,train,stft,mtf
DCBias2_33_00007.png,DCBias,DCBias2_33.wav,train,stft,mtf
DCBias2_33_00008.png,DCBias,DCBias2_33.wav,train,stft,mtf
DCBias2_73_00000.png,DCBias,DCBias2_73.wav,train,stft,mtf
DCBias2_73_00001.png,DCBias,DCBias2_73.wav,train,stft,mtf
DCBias2_73_00002.png,DCBias,DCBias2_73.wav,train,stft,mtf
DCBias2_73_00003.png,DCBias,DCBias2_73.wav,train,stft,mtf
DCBias2_73_00004.png,DCBias,DCBias2_73.wav,train,stft,mtf
DCBias2_73_00005.png,DCBias,DCBias2_73.wav,train,stft,mtf
DCBias2_73_00006.png,DCBias,DCBias2_73.wav,train,stft,mtf
DCBias2_73_00007.png,DCBias,DCBias2_73.wav,train,stft,mtf
DCBias2_73_00008.png,DCBias,DCBias2_73.wav,train,stft,mtf
DCBias2_51_00000.png,DCBias,DCBias2_51.wav,train,stft,mtf
DCBias2_51_00001.png,DCBias,DCBias2_51.wav,train,stft,mtf
DCBias2_51_00002.png,DCBias,DCBias2_51.wav,train,stft,mtf
DCBias2_51_00003.png,DCBias,DCBias2_51.wav,train,stft,mtf
DCBias2_51_00004.png,DCBias,DCBias2_51.wav,train,stft,mtf
DCBias2_51_00005.png,DCBias,DCBias2_51.wav,train,stft,mtf
DCBias2_51_00006.png,DCBias,DCBias2_51.wav,train,stft,mtf
DCBias2_51_00007.png,DCBias,DCBias2_51.wav,train,stft,mtf
DCBias2_51_00008.png,DCBias,DCBias2_51.wav,train,stft,mtf
DCBias2_46_00000.png,DCBias,DCBias2_46.wav,train,stft,mtf
DCBias2_46_00001.png,DCBias,DCBias2_46.wav,train,stft,mtf
DCBias2_46_00002.png,DCBias,DCBias2_46.wav,train,stft,mtf
DCBias2_46_00003.png,DCBias,DCBias2_46.wav,train,stft,mtf
DCBias2_46_00004.png,DCBias,DCBias2_46.wav,train,stft,mtf
DCBias2_46_00005.png,DCBias,DCBias2_46.wav,train,stft,mtf
DCBias2_46_00006.png,DCBias,DCBias2_46.wav,train,stft,mtf
DCBias2_46_00007.png,DCBias,DCBias2_46.wav,train,stft,mtf
DCBias2_46_00008.png,DCBias,DCBias2_46.wav,train,stft,mtf
DCBias2_48_00000.png,DCBias,DCBias2_48.wav,train,stft,mtf
DCBias2_48_00001.png,DCBias,DCBias2_48.wav,train,stft,mtf
DCBias2_48_00002.png,DCBias,DCBias2_48.wav,train,stft,mtf
DCBias2_48_00003.png,DCBias,DCBias2_48.wav,train,stft,mtf
DCBias2_48_00004.png,DCBias,DCBias2_48.wav,train,stft,mtf
DCBias2_48_00005.png,DCBias,DCBias2_48.wav,train,stft,mtf
DCBias2_48_00006.png,DCBias,DCBias2_48.wav,train,stft,mtf
DCBias2_48_00007.png,DCBias,DCBias2_48.wav,train,stft,mtf
DCBias2_48_00008.png,DCBias,DCBias2_48.wav,train,stft,mtf
DCBias2_60_00000.png,DCBias,DCBias2_60.wav,train,stft,mtf
DCBias2_60_00001.png,DCBias,DCBias2_60.wav,train,stft,mtf
DCBias2_60_00002.png,DCBias,DCBias2_60.wav,train,stft,mtf
DCBias2_60_00003.png,DCBias,DCBias2_60.wav,train,stft,mtf
DCBias2_60_00004.png,DCBias,DCBias2_60.wav,train,stft,mtf
DCBias2_60_00005.png,DCBias,DCBias2_60.wav,train,stft,mtf
DCBias2_60_00006.png,DCBias,DCBias2_60.wav,train,stft,mtf
DCBias2_60_00007.png,DCBias,DCBias2_60.wav,train,stft,mtf
DCBias2_60_00008.png,DCBias,DCBias2_60.wav,train,stft,mtf
DCBias2_69_00000.png,DCBias,DCBias2_69.wav,train,stft,mtf
DCBias2_69_00001.png,DCBias,DCBias2_69.wav,train,stft,mtf
DCBias2_69_00002.png,DCBias,DCBias2_69.wav,train,stft,mtf
DCBias2_69_00003.png,DCBias,DCBias2_69.wav,train,stft,mtf
DCBias2_69_00004.png,DCBias,DCBias2_69.wav,train,stft,mtf
DCBias2_69_00005.png,DCBias,DCBias2_69.wav,train,stft,mtf
DCBias2_69_00006.png,DCBias,DCBias2_69.wav,train,stft,mtf
DCBias2_69_00007.png,DCBias,DCBias2_69.wav,train,stft,mtf
DCBias2_69_00008.png,DCBias,DCBias2_69.wav,train,stft,mtf
DCBias2_119_00000.png,DCBias,DCBias2_119.wav,train,stft,mtf
DCBias2_119_00001.png,DCBias,DCBias2_119.wav,train,stft,mtf
DCBias2_119_00002.png,DCBias,DCBias2_119.wav,train,stft,mtf
DCBias2_119_00003.png,DCBias,DCBias2_119.wav,train,stft,mtf
DCBias2_119_00004.png,DCBias,DCBias2_119.wav,train,stft,mtf
DCBias2_119_00005.png,DCBias,DCBias2_119.wav,train,stft,mtf
DCBias2_119_00006.png,DCBias,DCBias2_119.wav,train,stft,mtf
DCBias2_119_00007.png,DCBias,DCBias2_119.wav,train,stft,mtf
DCBias2_119_00008.png,DCBias,DCBias2_119.wav,train,stft,mtf
DCBias2_29_00000.png,DCBias,DCBias2_29.wav,train,stft,mtf
DCBias2_29_00001.png,DCBias,DCBias2_29.wav,train,stft,mtf
DCBias2_29_00002.png,DCBias,DCBias2_29.wav,train,stft,mtf
DCBias2_29_00003.png,DCBias,DCBias2_29.wav,train,stft,mtf
DCBias2_29_00004.png,DCBias,DCBias2_29.wav,train,stft,mtf
DCBias2_29_00005.png,DCBias,DCBias2_29.wav,train,stft,mtf
DCBias2_29_00006.png,DCBias,DCBias2_29.wav,train,stft,mtf
DCBias2_29_00007.png,DCBias,DCBias2_29.wav,train,stft,mtf
DCBias2_29_00008.png,DCBias,DCBias2_29.wav,train,stft,mtf
DCBias2_8_00000.png,DCBias,DCBias2_8.wav,train,stft,mtf
DCBias2_8_00001.png,DCBias,DCBias2_8.wav,train,stft,mtf
DCBias2_8_00002.png,DCBias,DCBias2_8.wav,train,stft,mtf
DCBias2_8_00003.png,DCBias,DCBias2_8.wav,train,stft,mtf
DCBias2_8_00004.png,DCBias,DCBias2_8.wav,train,stft,mtf
DCBias2_8_00005.png,DCBias,DCBias2_8.wav,train,stft,mtf
DCBias2_8_00006.png,DCBias,DCBias2_8.wav,train,stft,mtf
DCBias2_8_00007.png,DCBias,DCBias2_8.wav,train,stft,mtf
DCBias2_8_00008.png,DCBias,DCBias2_8.wav,train,stft,mtf
DCBias2_9_00000.png,DCBias,DCBias2_9.wav,train,stft,mtf
DCBias2_9_00001.png,DCBias,DCBias2_9.wav,train,stft,mtf
DCBias2_9_00002.png,DCBias,DCBias2_9.wav,train,stft,mtf
DCBias2_9_00003.png,DCBias,DCBias2_9.wav,train,stft,mtf
DCBias2_9_00004.png,DCBias,DCBias2_9.wav,train,stft,mtf
DCBias2_9_00005.png,DCBias,DCBias2_9.wav,train,stft,mtf
DCBias2_9_00006.png,DCBias,DCBias2_9.wav,train,stft,mtf
DCBias2_9_00007.png,DCBias,DCBias2_9.wav,train,stft,mtf
DCBias2_9_00008.png,DCBias,DCBias2_9.wav,train,stft,mtf
DCBias2_47_00000.png,DCBias,DCBias2_47.wav,train,stft,mtf
DCBias2_47_00001.png,DCBias,DCBias2_47.wav,train,stft,mtf
DCBias2_47_00002.png,DCBias,DCBias2_47.wav,train,stft,mtf
DCBias2_47_00003.png,DCBias,DCBias2_47.wav,train,stft,mtf
DCBias2_47_00004.png,DCBias,DCBias2_47.wav,train,stft,mtf
DCBias2_47_00005.png,DCBias,DCBias2_47.wav,train,stft,mtf
DCBias2_47_00006.png,DCBias,DCBias2_47.wav,train,stft,mtf
DCBias2_47_00007.png,DCBias,DCBias2_47.wav,train,stft,mtf
DCBias2_47_00008.png,DCBias,DCBias2_47.wav,train,stft,mtf
DCBias2_80_00000.png,DCBias,DCBias2_80.wav,train,stft,mtf
DCBias2_80_00001.png,DCBias,DCBias2_80.wav,train,stft,mtf
DCBias2_80_00002.png,DCBias,DCBias2_80.wav,train,stft,mtf
DCBias2_80_00003.png,DCBias,DCBias2_80.wav,train,stft,mtf
DCBias2_80_00004.png,DCBias,DCBias2_80.wav,train,stft,mtf
DCBias2_80_00005.png,DCBias,DCBias2_80.wav,train,stft,mtf
DCBias2_80_00006.png,DCBias,DCBias2_80.wav,train,stft,mtf
DCBias2_80_00007.png,DCBias,DCBias2_80.wav,train,stft,mtf
DCBias2_80_00008.png,DCBias,DCBias2_80.wav,train,stft,mtf
DCBias2_92_00000.png,DCBias,DCBias2_92.wav,train,stft,mtf
DCBias2_92_00001.png,DCBias,DCBias2_92.wav,train,stft,mtf
DCBias2_92_00002.png,DCBias,DCBias2_92.wav,train,stft,mtf
DCBias2_92_00003.png,DCBias,DCBias2_92.wav,train,stft,mtf
DCBias2_92_00004.png,DCBias,DCBias2_92.wav,train,stft,mtf
DCBias2_92_00005.png,DCBias,DCBias2_92.wav,train,stft,mtf
DCBias2_92_00006.png,DCBias,DCBias2_92.wav,train,stft,mtf
DCBias2_92_00007.png,DCBias,DCBias2_92.wav,train,stft,mtf
DCBias2_92_00008.png,DCBias,DCBias2_92.wav,train,stft,mtf
DCBias2_13_00000.png,DCBias,DCBias2_13.wav,train,stft,mtf
DCBias2_13_00001.png,DCBias,DCBias2_13.wav,train,stft,mtf
DCBias2_13_00002.png,DCBias,DCBias2_13.wav,train,stft,mtf
DCBias2_13_00003.png,DCBias,DCBias2_13.wav,train,stft,mtf
DCBias2_13_00004.png,DCBias,DCBias2_13.wav,train,stft,mtf
DCBias2_13_00005.png,DCBias,DCBias2_13.wav,train,stft,mtf
DCBias2_13_00006.png,DCBias,DCBias2_13.wav,train,stft,mtf
DCBias2_13_00007.png,DCBias,DCBias2_13.wav,train,stft,mtf
DCBias2_13_00008.png,DCBias,DCBias2_13.wav,train,stft,mtf
DCBias2_104_00000.png,DCBias,DCBias2_104.wav,train,stft,mtf
DCBias2_104_00001.png,DCBias,DCBias2_104.wav,train,stft,mtf
DCBias2_104_00002.png,DCBias,DCBias2_104.wav,train,stft,mtf
DCBias2_104_00003.png,DCBias,DCBias2_104.wav,train,stft,mtf
DCBias2_104_00004.png,DCBias,DCBias2_104.wav,train,stft,mtf
DCBias2_104_00005.png,DCBias,DCBias2_104.wav,train,stft,mtf
DCBias2_104_00006.png,DCBias,DCBias2_104.wav,train,stft,mtf
DCBias2_104_00007.png,DCBias,DCBias2_104.wav,train,stft,mtf
DCBias2_104_00008.png,DCBias,DCBias2_104.wav,train,stft,mtf
DCBias2_37_00000.png,DCBias,DCBias2_37.wav,train,stft,mtf
DCBias2_37_00001.png,DCBias,DCBias2_37.wav,train,stft,mtf
DCBias2_37_00002.png,DCBias,DCBias2_37.wav,train,stft,mtf
DCBias2_37_00003.png,DCBias,DCBias2_37.wav,train,stft,mtf
DCBias2_37_00004.png,DCBias,DCBias2_37.wav,train,stft,mtf
DCBias2_37_00005.png,DCBias,DCBias2_37.wav,train,stft,mtf
DCBias2_37_00006.png,DCBias,DCBias2_37.wav,train,stft,mtf
DCBias2_37_00007.png,DCBias,DCBias2_37.wav,train,stft,mtf
DCBias2_37_00008.png,DCBias,DCBias2_37.wav,train,stft,mtf
DCBias2_53_00000.png,DCBias,DCBias2_53.wav,train,stft,mtf
DCBias2_53_00001.png,DCBias,DCBias2_53.wav,train,stft,mtf
DCBias2_53_00002.png,DCBias,DCBias2_53.wav,train,stft,mtf
DCBias2_53_00003.png,DCBias,DCBias2_53.wav,train,stft,mtf
DCBias2_53_00004.png,DCBias,DCBias2_53.wav,train,stft,mtf
DCBias2_53_00005.png,DCBias,DCBias2_53.wav,train,stft,mtf
DCBias2_53_00006.png,DCBias,DCBias2_53.wav,train,stft,mtf
DCBias2_53_00007.png,DCBias,DCBias2_53.wav,train,stft,mtf
DCBias2_53_00008.png,DCBias,DCBias2_53.wav,train,stft,mtf
DCBias2_115_00000.png,DCBias,DCBias2_115.wav,train,stft,mtf
DCBias2_115_00001.png,DCBias,DCBias2_115.wav,train,stft,mtf
DCBias2_115_00002.png,DCBias,DCBias2_115.wav,train,stft,mtf
DCBias2_115_00003.png,DCBias,DCBias2_115.wav,train,stft,mtf
DCBias2_115_00004.png,DCBias,DCBias2_115.wav,train,stft,mtf
DCBias2_115_00005.png,DCBias,DCBias2_115.wav,train,stft,mtf
DCBias2_115_00006.png,DCBias,DCBias2_115.wav,train,stft,mtf
DCBias2_115_00007.png,DCBias,DCBias2_115.wav,train,stft,mtf
DCBias2_115_00008.png,DCBias,DCBias2_115.wav,train,stft,mtf
DCBias2_36_00000.png,DCBias,DCBias2_36.wav,train,stft,mtf
DCBias2_36_00001.png,DCBias,DCBias2_36.wav,train,stft,mtf
DCBias2_36_00002.png,DCBias,DCBias2_36.wav,train,stft,mtf
DCBias2_36_00003.png,DCBias,DCBias2_36.wav,train,stft,mtf
DCBias2_36_00004.png,DCBias,DCBias2_36.wav,train,stft,mtf
DCBias2_36_00005.png,DCBias,DCBias2_36.wav,train,stft,mtf
DCBias2_36_00006.png,DCBias,DCBias2_36.wav,train,stft,mtf
DCBias2_36_00007.png,DCBias,DCBias2_36.wav,train,stft,mtf
DCBias2_36_00008.png,DCBias,DCBias2_36.wav,train,stft,mtf
DCBias2_98_00000.png,DCBias,DCBias2_98.wav,train,stft,mtf
DCBias2_98_00001.png,DCBias,DCBias2_98.wav,train,stft,mtf
DCBias2_98_00002.png,DCBias,DCBias2_98.wav,train,stft,mtf
DCBias2_98_00003.png,DCBias,DCBias2_98.wav,train,stft,mtf
DCBias2_98_00004.png,DCBias,DCBias2_98.wav,train,stft,mtf
DCBias2_98_00005.png,DCBias,DCBias2_98.wav,train,stft,mtf
DCBias2_98_00006.png,DCBias,DCBias2_98.wav,train,stft,mtf
DCBias2_98_00007.png,DCBias,DCBias2_98.wav,train,stft,mtf
DCBias2_98_00008.png,DCBias,DCBias2_98.wav,train,stft,mtf
DCBias2_3_00000.png,DCBias,DCBias2_3.wav,train,stft,mtf
DCBias2_3_00001.png,DCBias,DCBias2_3.wav,train,stft,mtf
DCBias2_3_00002.png,DCBias,DCBias2_3.wav,train,stft,mtf
DCBias2_3_00003.png,DCBias,DCBias2_3.wav,train,stft,mtf
DCBias2_3_00004.png,DCBias,DCBias2_3.wav,train,stft,mtf
DCBias2_3_00005.png,DCBias,DCBias2_3.wav,train,stft,mtf
DCBias2_3_00006.png,DCBias,DCBias2_3.wav,train,stft,mtf
DCBias2_3_00007.png,DCBias,DCBias2_3.wav,train,stft,mtf
DCBias2_3_00008.png,DCBias,DCBias2_3.wav,train,stft,mtf
DCBias2_100_00000.png,DCBias,DCBias2_100.wav,train,stft,mtf
DCBias2_100_00001.png,DCBias,DCBias2_100.wav,train,stft,mtf
DCBias2_100_00002.png,DCBias,DCBias2_100.wav,train,stft,mtf
DCBias2_100_00003.png,DCBias,DCBias2_100.wav,train,stft,mtf
DCBias2_100_00004.png,DCBias,DCBias2_100.wav,train,stft,mtf
DCBias2_100_00005.png,DCBias,DCBias2_100.wav,train,stft,mtf
DCBias2_100_00006.png,DCBias,DCBias2_100.wav,train,stft,mtf
DCBias2_100_00007.png,DCBias,DCBias2_100.wav,train,stft,mtf
DCBias2_100_00008.png,DCBias,DCBias2_100.wav,train,stft,mtf
DCBias2_84_00000.png,DCBias,DCBias2_84.wav,train,stft,mtf
DCBias2_84_00001.png,DCBias,DCBias2_84.wav,train,stft,mtf
DCBias2_84_00002.png,DCBias,DCBias2_84.wav,train,stft,mtf
DCBias2_84_00003.png,DCBias,DCBias2_84.wav,train,stft,mtf
DCBias2_84_00004.png,DCBias,DCBias2_84.wav,train,stft,mtf
DCBias2_84_00005.png,DCBias,DCBias2_84.wav,train,stft,mtf
DCBias2_84_00006.png,DCBias,DCBias2_84.wav,train,stft,mtf
DCBias2_84_00007.png,DCBias,DCBias2_84.wav,train,stft,mtf
DCBias2_84_00008.png,DCBias,DCBias2_84.wav,train,stft,mtf
DCBias2_89_00000.png,DCBias,DCBias2_89.wav,train,stft,mtf
DCBias2_89_00001.png,DCBias,DCBias2_89.wav,train,stft,mtf
DCBias2_89_00002.png,DCBias,DCBias2_89.wav,train,stft,mtf
DCBias2_89_00003.png,DCBias,DCBias2_89.wav,train,stft,mtf
DCBias2_89_00004.png,DCBias,DCBias2_89.wav,train,stft,mtf
DCBias2_89_00005.png,DCBias,DCBias2_89.wav,train,stft,mtf
DCBias2_89_00006.png,DCBias,DCBias2_89.wav,train,stft,mtf
DCBias2_89_00007.png,DCBias,DCBias2_89.wav,train,stft,mtf
DCBias2_89_00008.png,DCBias,DCBias2_89.wav,train,stft,mtf
DCBias2_57_00000.png,DCBias,DCBias2_57.wav,train,stft,mtf
DCBias2_57_00001.png,DCBias,DCBias2_57.wav,train,stft,mtf
DCBias2_57_00002.png,DCBias,DCBias2_57.wav,train,stft,mtf
DCBias2_57_00003.png,DCBias,DCBias2_57.wav,train,stft,mtf
DCBias2_57_00004.png,DCBias,DCBias2_57.wav,train,stft,mtf
DCBias2_57_00005.png,DCBias,DCBias2_57.wav,train,stft,mtf
DCBias2_57_00006.png,DCBias,DCBias2_57.wav,train,stft,mtf
DCBias2_57_00007.png,DCBias,DCBias2_57.wav,train,stft,mtf
DCBias2_57_00008.png,DCBias,DCBias2_57.wav,train,stft,mtf
DCBias2_24_00000.png,DCBias,DCBias2_24.wav,train,stft,mtf
DCBias2_24_00001.png,DCBias,DCBias2_24.wav,train,stft,mtf
DCBias2_24_00002.png,DCBias,DCBias2_24.wav,train,stft,mtf
DCBias2_24_00003.png,DCBias,DCBias2_24.wav,train,stft,mtf
DCBias2_24_00004.png,DCBias,DCBias2_24.wav,train,stft,mtf
DCBias2_24_00005.png,DCBias,DCBias2_24.wav,train,stft,mtf
DCBias2_24_00006.png,DCBias,DCBias2_24.wav,train,stft,mtf
DCBias2_24_00007.png,DCBias,DCBias2_24.wav,train,stft,mtf
DCBias2_24_00008.png,DCBias,DCBias2_24.wav,train,stft,mtf
DCBias2_12_00000.png,DCBias,DCBias2_12.wav,train,stft,mtf
DCBias2_12_00001.png,DCBias,DCBias2_12.wav,train,stft,mtf
DCBias2_12_00002.png,DCBias,DCBias2_12.wav,train,stft,mtf
DCBias2_12_00003.png,DCBias,DCBias2_12.wav,train,stft,mtf
DCBias2_12_00004.png,DCBias,DCBias2_12.wav,train,stft,mtf
DCBias2_12_00005.png,DCBias,DCBias2_12.wav,train,stft,mtf
DCBias2_12_00006.png,DCBias,DCBias2_12.wav,train,stft,mtf
DCBias2_12_00007.png,DCBias,DCBias2_12.wav,train,stft,mtf
DCBias2_12_00008.png,DCBias,DCBias2_12.wav,train,stft,mtf
DCBias2_41_00000.png,DCBias,DCBias2_41.wav,train,stft,mtf
DCBias2_41_00001.png,DCBias,DCBias2_41.wav,train,stft,mtf
DCBias2_41_00002.png,DCBias,DCBias2_41.wav,train,stft,mtf
DCBias2_41_00003.png,DCBias,DCBias2_41.wav,train,stft,mtf
DCBias2_41_00004.png,DCBias,DCBias2_41.wav,train,stft,mtf
DCBias2_41_00005.png,DCBias,DCBias2_41.wav,train,stft,mtf
DCBias2_41_00006.png,DCBias,DCBias2_41.wav,train,stft,mtf
DCBias2_41_00007.png,DCBias,DCBias2_41.wav,train,stft,mtf
DCBias2_41_00008.png,DCBias,DCBias2_41.wav,train,stft,mtf
DCBias2_42_00000.png,DCBias,DCBias2_42.wav,train,stft,mtf
DCBias2_42_00001.png,DCBias,DCBias2_42.wav,train,stft,mtf
DCBias2_42_00002.png,DCBias,DCBias2_42.wav,train,stft,mtf
DCBias2_42_00003.png,DCBias,DCBias2_42.wav,train,stft,mtf
DCBias2_42_00004.png,DCBias,DCBias2_42.wav,train,stft,mtf
DCBias2_42_00005.png,DCBias,DCBias2_42.wav,train,stft,mtf
DCBias2_42_00006.png,DCBias,DCBias2_42.wav,train,stft,mtf
DCBias2_42_00007.png,DCBias,DCBias2_42.wav,train,stft,mtf
DCBias2_42_00008.png,DCBias,DCBias2_42.wav,train,stft,mtf
DCBias2_27_00000.png,DCBias,DCBias2_27.wav,train,stft,mtf
DCBias2_27_00001.png,DCBias,DCBias2_27.wav,train,stft,mtf
DCBias2_27_00002.png,DCBias,DCBias2_27.wav,train,stft,mtf
DCBias2_27_00003.png,DCBias,DCBias2_27.wav,train,stft,mtf
DCBias2_27_00004.png,DCBias,DCBias2_27.wav,train,stft,mtf
DCBias2_27_00005.png,DCBias,DCBias2_27.wav,train,stft,mtf
DCBias2_27_00006.png,DCBias,DCBias2_27.wav,train,stft,mtf
DCBias2_27_00007.png,DCBias,DCBias2_27.wav,train,stft,mtf
DCBias2_27_00008.png,DCBias,DCBias2_27.wav,train,stft,mtf
DCBias2_28_00000.png,DCBias,DCBias2_28.wav,train,stft,mtf
DCBias2_28_00001.png,DCBias,DCBias2_28.wav,train,stft,mtf
DCBias2_28_00002.png,DCBias,DCBias2_28.wav,train,stft,mtf
DCBias2_28_00003.png,DCBias,DCBias2_28.wav,train,stft,mtf
DCBias2_28_00004.png,DCBias,DCBias2_28.wav,train,stft,mtf
DCBias2_28_00005.png,DCBias,DCBias2_28.wav,train,stft,mtf
DCBias2_28_00006.png,DCBias,DCBias2_28.wav,train,stft,mtf
DCBias2_28_00007.png,DCBias,DCBias2_28.wav,train,stft,mtf
DCBias2_28_00008.png,DCBias,DCBias2_28.wav,train,stft,mtf
DCBias2_71_00000.png,DCBias,DCBias2_71.wav,train,stft,mtf
DCBias2_71_00001.png,DCBias,DCBias2_71.wav,train,stft,mtf
DCBias2_71_00002.png,DCBias,DCBias2_71.wav,train,stft,mtf
DCBias2_71_00003.png,DCBias,DCBias2_71.wav,train,stft,mtf
DCBias2_71_00004.png,DCBias,DCBias2_71.wav,train,stft,mtf
DCBias2_71_00005.png,DCBias,DCBias2_71.wav,train,stft,mtf
DCBias2_71_00006.png,DCBias,DCBias2_71.wav,train,stft,mtf
DCBias2_71_00007.png,DCBias,DCBias2_71.wav,train,stft,mtf
DCBias2_71_00008.png,DCBias,DCBias2_71.wav,train,stft,mtf
DCBias2_25_00000.png,DCBias,DCBias2_25.wav,train,stft,mtf
DCBias2_25_00001.png,DCBias,DCBias2_25.wav,train,stft,mtf
DCBias2_25_00002.png,DCBias,DCBias2_25.wav,train,stft,mtf
DCBias2_25_00003.png,DCBias,DCBias2_25.wav,train,stft,mtf
DCBias2_25_00004.png,DCBias,DCBias2_25.wav,train,stft,mtf
DCBias2_25_00005.png,DCBias,DCBias2_25.wav,train,stft,mtf
DCBias2_25_00006.png,DCBias,DCBias2_25.wav,train,stft,mtf
DCBias2_25_00007.png,DCBias,DCBias2_25.wav,train,stft,mtf
DCBias2_25_00008.png,DCBias,DCBias2_25.wav,train,stft,mtf
DCBias2_108_00000.png,DCBias,DCBias2_108.wav,train,stft,mtf
DCBias2_108_00001.png,DCBias,DCBias2_108.wav,train,stft,mtf
DCBias2_108_00002.png,DCBias,DCBias2_108.wav,train,stft,mtf
DCBias2_108_00003.png,DCBias,DCBias2_108.wav,train,stft,mtf
DCBias2_108_00004.png,DCBias,DCBias2_108.wav,train,stft,mtf
DCBias2_108_00005.png,DCBias,DCBias2_108.wav,train,stft,mtf
DCBias2_108_00006.png,DCBias,DCBias2_108.wav,train,stft,mtf
DCBias2_108_00007.png,DCBias,DCBias2_108.wav,train,stft,mtf
DCBias2_108_00008.png,DCBias,DCBias2_108.wav,train,stft,mtf
DCBias2_58_00000.png,DCBias,DCBias2_58.wav,train,stft,mtf
DCBias2_58_00001.png,DCBias,DCBias2_58.wav,train,stft,mtf
DCBias2_58_00002.png,DCBias,DCBias2_58.wav,train,stft,mtf
DCBias2_58_00003.png,DCBias,DCBias2_58.wav,train,stft,mtf
DCBias2_58_00004.png,DCBias,DCBias2_58.wav,train,stft,mtf
DCBias2_58_00005.png,DCBias,DCBias2_58.wav,train,stft,mtf
DCBias2_58_00006.png,DCBias,DCBias2_58.wav,train,stft,mtf
DCBias2_58_00007.png,DCBias,DCBias2_58.wav,train,stft,mtf
DCBias2_58_00008.png,DCBias,DCBias2_58.wav,train,stft,mtf
DCBias2_112_00000.png,DCBias,DCBias2_112.wav,train,stft,mtf
DCBias2_112_00001.png,DCBias,DCBias2_112.wav,train,stft,mtf
DCBias2_112_00002.png,DCBias,DCBias2_112.wav,train,stft,mtf
DCBias2_112_00003.png,DCBias,DCBias2_112.wav,train,stft,mtf
DCBias2_112_00004.png,DCBias,DCBias2_112.wav,train,stft,mtf
DCBias2_112_00005.png,DCBias,DCBias2_112.wav,train,stft,mtf
DCBias2_112_00006.png,DCBias,DCBias2_112.wav,train,stft,mtf
DCBias2_112_00007.png,DCBias,DCBias2_112.wav,train,stft,mtf
DCBias2_112_00008.png,DCBias,DCBias2_112.wav,train,stft,mtf
DCBias2_44_00000.png,DCBias,DCBias2_44.wav,train,stft,mtf
DCBias2_44_00001.png,DCBias,DCBias2_44.wav,train,stft,mtf
DCBias2_44_00002.png,DCBias,DCBias2_44.wav,train,stft,mtf
DCBias2_44_00003.png,DCBias,DCBias2_44.wav,train,stft,mtf
DCBias2_44_00004.png,DCBias,DCBias2_44.wav,train,stft,mtf
DCBias2_44_00005.png,DCBias,DCBias2_44.wav,train,stft,mtf
DCBias2_44_00006.png,DCBias,DCBias2_44.wav,train,stft,mtf
DCBias2_44_00007.png,DCBias,DCBias2_44.wav,train,stft,mtf
DCBias2_44_00008.png,DCBias,DCBias2_44.wav,train,stft,mtf
DCBias2_103_00000.png,DCBias,DCBias2_103.wav,train,stft,mtf
DCBias2_103_00001.png,DCBias,DCBias2_103.wav,train,stft,mtf
DCBias2_103_00002.png,DCBias,DCBias2_103.wav,train,stft,mtf
DCBias2_103_00003.png,DCBias,DCBias2_103.wav,train,stft,mtf
DCBias2_103_00004.png,DCBias,DCBias2_103.wav,train,stft,mtf
DCBias2_103_00005.png,DCBias,DCBias2_103.wav,train,stft,mtf
DCBias2_103_00006.png,DCBias,DCBias2_103.wav,train,stft,mtf
DCBias2_103_00007.png,DCBias,DCBias2_103.wav,train,stft,mtf
DCBias2_103_00008.png,DCBias,DCBias2_103.wav,train,stft,mtf
DCBias2_21_00000.png,DCBias,DCBias2_21.wav,train,stft,mtf
DCBias2_21_00001.png,DCBias,DCBias2_21.wav,train,stft,mtf
DCBias2_21_00002.png,DCBias,DCBias2_21.wav,train,stft,mtf
DCBias2_21_00003.png,DCBias,DCBias2_21.wav,train,stft,mtf
DCBias2_21_00004.png,DCBias,DCBias2_21.wav,train,stft,mtf
DCBias2_21_00005.png,DCBias,DCBias2_21.wav,train,stft,mtf
DCBias2_21_00006.png,DCBias,DCBias2_21.wav,train,stft,mtf
DCBias2_21_00007.png,DCBias,DCBias2_21.wav,train,stft,mtf
DCBias2_21_00008.png,DCBias,DCBias2_21.wav,train,stft,mtf
DCBias2_31_00000.png,DCBias,DCBias2_31.wav,train,stft,mtf
DCBias2_31_00001.png,DCBias,DCBias2_31.wav,train,stft,mtf
DCBias2_31_00002.png,DCBias,DCBias2_31.wav,train,stft,mtf
DCBias2_31_00003.png,DCBias,DCBias2_31.wav,train,stft,mtf
DCBias2_31_00004.png,DCBias,DCBias2_31.wav,train,stft,mtf
DCBias2_31_00005.png,DCBias,DCBias2_31.wav,train,stft,mtf
DCBias2_31_00006.png,DCBias,DCBias2_31.wav,train,stft,mtf
DCBias2_31_00007.png,DCBias,DCBias2_31.wav,train,stft,mtf
DCBias2_31_00008.png,DCBias,DCBias2_31.wav,train,stft,mtf
G4_10pSeventhHarmonic_55_00000.png,Harmonic,G4_10pSeventhHarmonic_55.wav,train,stft,mtf
G4_10pSeventhHarmonic_55_00001.png,Harmonic,G4_10pSeventhHarmonic_55.wav,train,stft,mtf
G4_10pSeventhHarmonic_55_00002.png,Harmonic,G4_10pSeventhHarmonic_55.wav,train,stft,mtf
G4_10pSeventhHarmonic_55_00003.png,Harmonic,G4_10pSeventhHarmonic_55.wav,train,stft,mtf
G4_10pSeventhHarmonic_55_00004.png,Harmonic,G4_10pSeventhHarmonic_55.wav,train,stft,mtf
G4_10pSeventhHarmonic_55_00005.png,Harmonic,G4_10pSeventhHarmonic_55.wav,train,stft,mtf
G4_10pSeventhHarmonic_55_00006.png,Harmonic,G4_10pSeventhHarmonic_55.wav,train,stft,mtf
G4_10pSeventhHarmonic_55_00007.png,Harmonic,G4_10pSeventhHarmonic_55.wav,train,stft,mtf
G4_10pSeventhHarmonic_55_00008.png,Harmonic,G4_10pSeventhHarmonic_55.wav,train,stft,mtf
G4_10pSeventhHarmonic_46_00000.png,Harmonic,G4_10pSeventhHarmonic_46.wav,train,stft,mtf
G4_10pSeventhHarmonic_46_00001.png,Harmonic,G4_10pSeventhHarmonic_46.wav,train,stft,mtf
G4_10pSeventhHarmonic_46_00002.png,Harmonic,G4_10pSeventhHarmonic_46.wav,train,stft,mtf
G4_10pSeventhHarmonic_46_00003.png,Harmonic,G4_10pSeventhHarmonic_46.wav,train,stft,mtf
G4_10pSeventhHarmonic_46_00004.png,Harmonic,G4_10pSeventhHarmonic_46.wav,train,stft,mtf
G4_10pSeventhHarmonic_46_00005.png,Harmonic,G4_10pSeventhHarmonic_46.wav,train,stft,mtf
G4_10pSeventhHarmonic_46_00006.png,Harmonic,G4_10pSeventhHarmonic_46.wav,train,stft,mtf
G4_10pSeventhHarmonic_46_00007.png,Harmonic,G4_10pSeventhHarmonic_46.wav,train,stft,mtf
G4_10pSeventhHarmonic_46_00008.png,Harmonic,G4_10pSeventhHarmonic_46.wav,train,stft,mtf
G4_10pSeventhHarmonic_100_00000.png,Harmonic,G4_10pSeventhHarmonic_100.wav,train,stft,mtf
G4_10pSeventhHarmonic_100_00001.png,Harmonic,G4_10pSeventhHarmonic_100.wav,train,stft,mtf
G4_10pSeventhHarmonic_100_00002.png,Harmonic,G4_10pSeventhHarmonic_100.wav,train,stft,mtf
G4_10pSeventhHarmonic_100_00003.png,Harmonic,G4_10pSeventhHarmonic_100.wav,train,stft,mtf
G4_10pSeventhHarmonic_100_00004.png,Harmonic,G4_10pSeventhHarmonic_100.wav,train,stft,mtf
G4_10pSeventhHarmonic_100_00005.png,Harmonic,G4_10pSeventhHarmonic_100.wav,train,stft,mtf
G4_10pSeventhHarmonic_100_00006.png,Harmonic,G4_10pSeventhHarmonic_100.wav,train,stft,mtf
G4_10pSeventhHarmonic_100_00007.png,Harmonic,G4_10pSeventhHarmonic_100.wav,train,stft,mtf
G4_10pSeventhHarmonic_100_00008.png,Harmonic,G4_10pSeventhHarmonic_100.wav,train,stft,mtf
G4_10pSeventhHarmonic_90_00000.png,Harmonic,G4_10pSeventhHarmonic_90.wav,train,stft,mtf
G4_10pSeventhHarmonic_90_00001.png,Harmonic,G4_10pSeventhHarmonic_90.wav,train,stft,mtf
G4_10pSeventhHarmonic_90_00002.png,Harmonic,G4_10pSeventhHarmonic_90.wav,train,stft,mtf
G4_10pSeventhHarmonic_90_00003.png,Harmonic,G4_10pSeventhHarmonic_90.wav,train,stft,mtf
G4_10pSeventhHarmonic_90_00004.png,Harmonic,G4_10pSeventhHarmonic_90.wav,train,stft,mtf
G4_10pSeventhHarmonic_90_00005.png,Harmonic,G4_10pSeventhHarmonic_90.wav,train,stft,mtf
G4_10pSeventhHarmonic_90_00006.png,Harmonic,G4_10pSeventhHarmonic_90.wav,train,stft,mtf
G4_10pSeventhHarmonic_90_00007.png,Harmonic,G4_10pSeventhHarmonic_90.wav,train,stft,mtf
G4_10pSeventhHarmonic_90_00008.png,Harmonic,G4_10pSeventhHarmonic_90.wav,train,stft,mtf
G4_10pSeventhHarmonic_36_00000.png,Harmonic,G4_10pSeventhHarmonic_36.wav,train,stft,mtf
G4_10pSeventhHarmonic_36_00001.png,Harmonic,G4_10pSeventhHarmonic_36.wav,train,stft,mtf
G4_10pSeventhHarmonic_36_00002.png,Harmonic,G4_10pSeventhHarmonic_36.wav,train,stft,mtf
G4_10pSeventhHarmonic_36_00003.png,Harmonic,G4_10pSeventhHarmonic_36.wav,train,stft,mtf
G4_10pSeventhHarmonic_36_00004.png,Harmonic,G4_10pSeventhHarmonic_36.wav,train,stft,mtf
G4_10pSeventhHarmonic_36_00005.png,Harmonic,G4_10pSeventhHarmonic_36.wav,train,stft,mtf
G4_10pSeventhHarmonic_36_00006.png,Harmonic,G4_10pSeventhHarmonic_36.wav,train,stft,mtf
G4_10pSeventhHarmonic_36_00007.png,Harmonic,G4_10pSeventhHarmonic_36.wav,train,stft,mtf
G4_10pSeventhHarmonic_36_00008.png,Harmonic,G4_10pSeventhHarmonic_36.wav,train,stft,mtf
G4_10pSeventhHarmonic_93_00000.png,Harmonic,G4_10pSeventhHarmonic_93.wav,train,stft,mtf
G4_10pSeventhHarmonic_93_00001.png,Harmonic,G4_10pSeventhHarmonic_93.wav,train,stft,mtf
G4_10pSeventhHarmonic_93_00002.png,Harmonic,G4_10pSeventhHarmonic_93.wav,train,stft,mtf
G4_10pSeventhHarmonic_93_00003.png,Harmonic,G4_10pSeventhHarmonic_93.wav,train,stft,mtf
G4_10pSeventhHarmonic_93_00004.png,Harmonic,G4_10pSeventhHarmonic_93.wav,train,stft,mtf
G4_10pSeventhHarmonic_93_00005.png,Harmonic,G4_10pSeventhHarmonic_93.wav,train,stft,mtf
G4_10pSeventhHarmonic_93_00006.png,Harmonic,G4_10pSeventhHarmonic_93.wav,train,stft,mtf
G4_10pSeventhHarmonic_93_00007.png,Harmonic,G4_10pSeventhHarmonic_93.wav,train,stft,mtf
G4_10pSeventhHarmonic_93_00008.png,Harmonic,G4_10pSeventhHarmonic_93.wav,train,stft,mtf
G4_10pSeventhHarmonic_37_00000.png,Harmonic,G4_10pSeventhHarmonic_37.wav,train,stft,mtf
G4_10pSeventhHarmonic_37_00001.png,Harmonic,G4_10pSeventhHarmonic_37.wav,train,stft,mtf
G4_10pSeventhHarmonic_37_00002.png,Harmonic,G4_10pSeventhHarmonic_37.wav,train,stft,mtf
G4_10pSeventhHarmonic_37_00003.png,Harmonic,G4_10pSeventhHarmonic_37.wav,train,stft,mtf
G4_10pSeventhHarmonic_37_00004.png,Harmonic,G4_10pSeventhHarmonic_37.wav,train,stft,mtf
G4_10pSeventhHarmonic_37_00005.png,Harmonic,G4_10pSeventhHarmonic_37.wav,train,stft,mtf
G4_10pSeventhHarmonic_37_00006.png,Harmonic,G4_10pSeventhHarmonic_37.wav,train,stft,mtf
G4_10pSeventhHarmonic_37_00007.png,Harmonic,G4_10pSeventhHarmonic_37.wav,train,stft,mtf
G4_10pSeventhHarmonic_37_00008.png,Harmonic,G4_10pSeventhHarmonic_37.wav,train,stft,mtf
G4_10pSeventhHarmonic_38_00000.png,Harmonic,G4_10pSeventhHarmonic_38.wav,train,stft,mtf
G4_10pSeventhHarmonic_38_00001.png,Harmonic,G4_10pSeventhHarmonic_38.wav,train,stft,mtf
G4_10pSeventhHarmonic_38_00002.png,Harmonic,G4_10pSeventhHarmonic_38.wav,train,stft,mtf
G4_10pSeventhHarmonic_38_00003.png,Harmonic,G4_10pSeventhHarmonic_38.wav,train,stft,mtf
G4_10pSeventhHarmonic_38_00004.png,Harmonic,G4_10pSeventhHarmonic_38.wav,train,stft,mtf
G4_10pSeventhHarmonic_38_00005.png,Harmonic,G4_10pSeventhHarmonic_38.wav,train,stft,mtf
G4_10pSeventhHarmonic_38_00006.png,Harmonic,G4_10pSeventhHarmonic_38.wav,train,stft,mtf
G4_10pSeventhHarmonic_38_00007.png,Harmonic,G4_10pSeventhHarmonic_38.wav,train,stft,mtf
G4_10pSeventhHarmonic_38_00008.png,Harmonic,G4_10pSeventhHarmonic_38.wav,train,stft,mtf
G4_10pSeventhHarmonic_96_00000.png,Harmonic,G4_10pSeventhHarmonic_96.wav,train,stft,mtf
G4_10pSeventhHarmonic_96_00001.png,Harmonic,G4_10pSeventhHarmonic_96.wav,train,stft,mtf
G4_10pSeventhHarmonic_96_00002.png,Harmonic,G4_10pSeventhHarmonic_96.wav,train,stft,mtf
G4_10pSeventhHarmonic_96_00003.png,Harmonic,G4_10pSeventhHarmonic_96.wav,train,stft,mtf
G4_10pSeventhHarmonic_96_00004.png,Harmonic,G4_10pSeventhHarmonic_96.wav,train,stft,mtf
G4_10pSeventhHarmonic_96_00005.png,Harmonic,G4_10pSeventhHarmonic_96.wav,train,stft,mtf
G4_10pSeventhHarmonic_96_00006.png,Harmonic,G4_10pSeventhHarmonic_96.wav,train,stft,mtf
G4_10pSeventhHarmonic_96_00007.png,Harmonic,G4_10pSeventhHarmonic_96.wav,train,stft,mtf
G4_10pSeventhHarmonic_96_00008.png,Harmonic,G4_10pSeventhHarmonic_96.wav,train,stft,mtf
G4_10pSeventhHarmonic_75_00000.png,Harmonic,G4_10pSeventhHarmonic_75.wav,train,stft,mtf
G4_10pSeventhHarmonic_75_00001.png,Harmonic,G4_10pSeventhHarmonic_75.wav,train,stft,mtf
G4_10pSeventhHarmonic_75_00002.png,Harmonic,G4_10pSeventhHarmonic_75.wav,train,stft,mtf
G4_10pSeventhHarmonic_75_00003.png,Harmonic,G4_10pSeventhHarmonic_75.wav,train,stft,mtf
G4_10pSeventhHarmonic_75_00004.png,Harmonic,G4_10pSeventhHarmonic_75.wav,train,stft,mtf
G4_10pSeventhHarmonic_75_00005.png,Harmonic,G4_10pSeventhHarmonic_75.wav,train,stft,mtf
G4_10pSeventhHarmonic_75_00006.png,Harmonic,G4_10pSeventhHarmonic_75.wav,train,stft,mtf
G4_10pSeventhHarmonic_75_00007.png,Harmonic,G4_10pSeventhHarmonic_75.wav,train,stft,mtf
G4_10pSeventhHarmonic_75_00008.png,Harmonic,G4_10pSeventhHarmonic_75.wav,train,stft,mtf
G4_10pSeventhHarmonic_67_00000.png,Harmonic,G4_10pSeventhHarmonic_67.wav,train,stft,mtf
G4_10pSeventhHarmonic_67_00001.png,Harmonic,G4_10pSeventhHarmonic_67.wav,train,stft,mtf
G4_10pSeventhHarmonic_67_00002.png,Harmonic,G4_10pSeventhHarmonic_67.wav,train,stft,mtf
G4_10pSeventhHarmonic_67_00003.png,Harmonic,G4_10pSeventhHarmonic_67.wav,train,stft,mtf
G4_10pSeventhHarmonic_67_00004.png,Harmonic,G4_10pSeventhHarmonic_67.wav,train,stft,mtf
G4_10pSeventhHarmonic_67_00005.png,Harmonic,G4_10pSeventhHarmonic_67.wav,train,stft,mtf
G4_10pSeventhHarmonic_67_00006.png,Harmonic,G4_10pSeventhHarmonic_67.wav,train,stft,mtf
G4_10pSeventhHarmonic_67_00007.png,Harmonic,G4_10pSeventhHarmonic_67.wav,train,stft,mtf
G4_10pSeventhHarmonic_67_00008.png,Harmonic,G4_10pSeventhHarmonic_67.wav,train,stft,mtf
G4_10pSeventhHarmonic_39_00000.png,Harmonic,G4_10pSeventhHarmonic_39.wav,train,stft,mtf
G4_10pSeventhHarmonic_39_00001.png,Harmonic,G4_10pSeventhHarmonic_39.wav,train,stft,mtf
G4_10pSeventhHarmonic_39_00002.png,Harmonic,G4_10pSeventhHarmonic_39.wav,train,stft,mtf
G4_10pSeventhHarmonic_39_00003.png,Harmonic,G4_10pSeventhHarmonic_39.wav,train,stft,mtf
G4_10pSeventhHarmonic_39_00004.png,Harmonic,G4_10pSeventhHarmonic_39.wav,train,stft,mtf
G4_10pSeventhHarmonic_39_00005.png,Harmonic,G4_10pSeventhHarmonic_39.wav,train,stft,mtf
G4_10pSeventhHarmonic_39_00006.png,Harmonic,G4_10pSeventhHarmonic_39.wav,train,stft,mtf
G4_10pSeventhHarmonic_39_00007.png,Harmonic,G4_10pSeventhHarmonic_39.wav,train,stft,mtf
G4_10pSeventhHarmonic_39_00008.png,Harmonic,G4_10pSeventhHarmonic_39.wav,train,stft,mtf
G4_10pSeventhHarmonic_95_00000.png,Harmonic,G4_10pSeventhHarmonic_95.wav,train,stft,mtf
G4_10pSeventhHarmonic_95_00001.png,Harmonic,G4_10pSeventhHarmonic_95.wav,train,stft,mtf
G4_10pSeventhHarmonic_95_00002.png,Harmonic,G4_10pSeventhHarmonic_95.wav,train,stft,mtf
G4_10pSeventhHarmonic_95_00003.png,Harmonic,G4_10pSeventhHarmonic_95.wav,train,stft,mtf
G4_10pSeventhHarmonic_95_00004.png,Harmonic,G4_10pSeventhHarmonic_95.wav,train,stft,mtf
G4_10pSeventhHarmonic_95_00005.png,Harmonic,G4_10pSeventhHarmonic_95.wav,train,stft,mtf
G4_10pSeventhHarmonic_95_00006.png,Harmonic,G4_10pSeventhHarmonic_95.wav,train,stft,mtf
G4_10pSeventhHarmonic_95_00007.png,Harmonic,G4_10pSeventhHarmonic_95.wav,train,stft,mtf
G4_10pSeventhHarmonic_95_00008.png,Harmonic,G4_10pSeventhHarmonic_95.wav,train,stft,mtf
G4_10pSeventhHarmonic_40_00000.png,Harmonic,G4_10pSeventhHarmonic_40.wav,train,stft,mtf
G4_10pSeventhHarmonic_40_00001.png,Harmonic,G4_10pSeventhHarmonic_40.wav,train,stft,mtf
G4_10pSeventhHarmonic_40_00002.png,Harmonic,G4_10pSeventhHarmonic_40.wav,train,stft,mtf
G4_10pSeventhHarmonic_40_00003.png,Harmonic,G4_10pSeventhHarmonic_40.wav,train,stft,mtf
G4_10pSeventhHarmonic_40_00004.png,Harmonic,G4_10pSeventhHarmonic_40.wav,train,stft,mtf
G4_10pSeventhHarmonic_40_00005.png,Harmonic,G4_10pSeventhHarmonic_40.wav,train,stft,mtf
G4_10pSeventhHarmonic_40_00006.png,Harmonic,G4_10pSeventhHarmonic_40.wav,train,stft,mtf
G4_10pSeventhHarmonic_40_00007.png,Harmonic,G4_10pSeventhHarmonic_40.wav,train,stft,mtf
G4_10pSeventhHarmonic_40_00008.png,Harmonic,G4_10pSeventhHarmonic_40.wav,train,stft,mtf
G4_10pSeventhHarmonic_41_00000.png,Harmonic,G4_10pSeventhHarmonic_41.wav,train,stft,mtf
G4_10pSeventhHarmonic_41_00001.png,Harmonic,G4_10pSeventhHarmonic_41.wav,train,stft,mtf
G4_10pSeventhHarmonic_41_00002.png,Harmonic,G4_10pSeventhHarmonic_41.wav,train,stft,mtf
G4_10pSeventhHarmonic_41_00003.png,Harmonic,G4_10pSeventhHarmonic_41.wav,train,stft,mtf
G4_10pSeventhHarmonic_41_00004.png,Harmonic,G4_10pSeventhHarmonic_41.wav,train,stft,mtf
G4_10pSeventhHarmonic_41_00005.png,Harmonic,G4_10pSeventhHarmonic_41.wav,train,stft,mtf
G4_10pSeventhHarmonic_41_00006.png,Harmonic,G4_10pSeventhHarmonic_41.wav,train,stft,mtf
G4_10pSeventhHarmonic_41_00007.png,Harmonic,G4_10pSeventhHarmonic_41.wav,train,stft,mtf
G4_10pSeventhHarmonic_41_00008.png,Harmonic,G4_10pSeventhHarmonic_41.wav,train,stft,mtf
G4_10pSeventhHarmonic_94_00000.png,Harmonic,G4_10pSeventhHarmonic_94.wav,train,stft,mtf
G4_10pSeventhHarmonic_94_00001.png,Harmonic,G4_10pSeventhHarmonic_94.wav,train,stft,mtf
G4_10pSeventhHarmonic_94_00002.png,Harmonic,G4_10pSeventhHarmonic_94.wav,train,stft,mtf
G4_10pSeventhHarmonic_94_00003.png,Harmonic,G4_10pSeventhHarmonic_94.wav,train,stft,mtf
G4_10pSeventhHarmonic_94_00004.png,Harmonic,G4_10pSeventhHarmonic_94.wav,train,stft,mtf
G4_10pSeventhHarmonic_94_00005.png,Harmonic,G4_10pSeventhHarmonic_94.wav,train,stft,mtf
G4_10pSeventhHarmonic_94_00006.png,Harmonic,G4_10pSeventhHarmonic_94.wav,train,stft,mtf
G4_10pSeventhHarmonic_94_00007.png,Harmonic,G4_10pSeventhHarmonic_94.wav,train,stft,mtf
G4_10pSeventhHarmonic_94_00008.png,Harmonic,G4_10pSeventhHarmonic_94.wav,train,stft,mtf
G4_10pSeventhHarmonic_17_00000.png,Harmonic,G4_10pSeventhHarmonic_17.wav,train,stft,mtf
G4_10pSeventhHarmonic_17_00001.png,Harmonic,G4_10pSeventhHarmonic_17.wav,train,stft,mtf
G4_10pSeventhHarmonic_17_00002.png,Harmonic,G4_10pSeventhHarmonic_17.wav,train,stft,mtf
G4_10pSeventhHarmonic_17_00003.png,Harmonic,G4_10pSeventhHarmonic_17.wav,train,stft,mtf
G4_10pSeventhHarmonic_17_00004.png,Harmonic,G4_10pSeventhHarmonic_17.wav,train,stft,mtf
G4_10pSeventhHarmonic_17_00005.png,Harmonic,G4_10pSeventhHarmonic_17.wav,train,stft,mtf
G4_10pSeventhHarmonic_17_00006.png,Harmonic,G4_10pSeventhHarmonic_17.wav,train,stft,mtf
G4_10pSeventhHarmonic_17_00007.png,Harmonic,G4_10pSeventhHarmonic_17.wav,train,stft,mtf
G4_10pSeventhHarmonic_17_00008.png,Harmonic,G4_10pSeventhHarmonic_17.wav,train,stft,mtf
G4_10pSeventhHarmonic_51_00000.png,Harmonic,G4_10pSeventhHarmonic_51.wav,train,stft,mtf
G4_10pSeventhHarmonic_51_00001.png,Harmonic,G4_10pSeventhHarmonic_51.wav,train,stft,mtf
G4_10pSeventhHarmonic_51_00002.png,Harmonic,G4_10pSeventhHarmonic_51.wav,train,stft,mtf
G4_10pSeventhHarmonic_51_00003.png,Harmonic,G4_10pSeventhHarmonic_51.wav,train,stft,mtf
G4_10pSeventhHarmonic_51_00004.png,Harmonic,G4_10pSeventhHarmonic_51.wav,train,stft,mtf
G4_10pSeventhHarmonic_51_00005.png,Harmonic,G4_10pSeventhHarmonic_51.wav,train,stft,mtf
G4_10pSeventhHarmonic_51_00006.png,Harmonic,G4_10pSeventhHarmonic_51.wav,train,stft,mtf
G4_10pSeventhHarmonic_51_00007.png,Harmonic,G4_10pSeventhHarmonic_51.wav,train,stft,mtf
G4_10pSeventhHarmonic_51_00008.png,Harmonic,G4_10pSeventhHarmonic_51.wav,train,stft,mtf
G4_10pSeventhHarmonic_69_00000.png,Harmonic,G4_10pSeventhHarmonic_69.wav,train,stft,mtf
G4_10pSeventhHarmonic_69_00001.png,Harmonic,G4_10pSeventhHarmonic_69.wav,train,stft,mtf
G4_10pSeventhHarmonic_69_00002.png,Harmonic,G4_10pSeventhHarmonic_69.wav,train,stft,mtf
G4_10pSeventhHarmonic_69_00003.png,Harmonic,G4_10pSeventhHarmonic_69.wav,train,stft,mtf
G4_10pSeventhHarmonic_69_00004.png,Harmonic,G4_10pSeventhHarmonic_69.wav,train,stft,mtf
G4_10pSeventhHarmonic_69_00005.png,Harmonic,G4_10pSeventhHarmonic_69.wav,train,stft,mtf
G4_10pSeventhHarmonic_69_00006.png,Harmonic,G4_10pSeventhHarmonic_69.wav,train,stft,mtf
G4_10pSeventhHarmonic_69_00007.png,Harmonic,G4_10pSeventhHarmonic_69.wav,train,stft,mtf
G4_10pSeventhHarmonic_69_00008.png,Harmonic,G4_10pSeventhHarmonic_69.wav,train,stft,mtf
G4_10pSeventhHarmonic_9_00000.png,Harmonic,G4_10pSeventhHarmonic_9.wav,train,stft,mtf
G4_10pSeventhHarmonic_9_00001.png,Harmonic,G4_10pSeventhHarmonic_9.wav,train,stft,mtf
G4_10pSeventhHarmonic_9_00002.png,Harmonic,G4_10pSeventhHarmonic_9.wav,train,stft,mtf
G4_10pSeventhHarmonic_9_00003.png,Harmonic,G4_10pSeventhHarmonic_9.wav,train,stft,mtf
G4_10pSeventhHarmonic_9_00004.png,Harmonic,G4_10pSeventhHarmonic_9.wav,train,stft,mtf
G4_10pSeventhHarmonic_9_00005.png,Harmonic,G4_10pSeventhHarmonic_9.wav,train,stft,mtf
G4_10pSeventhHarmonic_9_00006.png,Harmonic,G4_10pSeventhHarmonic_9.wav,train,stft,mtf
G4_10pSeventhHarmonic_9_00007.png,Harmonic,G4_10pSeventhHarmonic_9.wav,train,stft,mtf
G4_10pSeventhHarmonic_9_00008.png,Harmonic,G4_10pSeventhHarmonic_9.wav,train,stft,mtf
G4_10pSeventhHarmonic_49_00000.png,Harmonic,G4_10pSeventhHarmonic_49.wav,train,stft,mtf
G4_10pSeventhHarmonic_49_00001.png,Harmonic,G4_10pSeventhHarmonic_49.wav,train,stft,mtf
G4_10pSeventhHarmonic_49_00002.png,Harmonic,G4_10pSeventhHarmonic_49.wav,train,stft,mtf
G4_10pSeventhHarmonic_49_00003.png,Harmonic,G4_10pSeventhHarmonic_49.wav,train,stft,mtf
G4_10pSeventhHarmonic_49_00004.png,Harmonic,G4_10pSeventhHarmonic_49.wav,train,stft,mtf
G4_10pSeventhHarmonic_49_00005.png,Harmonic,G4_10pSeventhHarmonic_49.wav,train,stft,mtf
G4_10pSeventhHarmonic_49_00006.png,Harmonic,G4_10pSeventhHarmonic_49.wav,train,stft,mtf
G4_10pSeventhHarmonic_49_00007.png,Harmonic,G4_10pSeventhHarmonic_49.wav,train,stft,mtf
G4_10pSeventhHarmonic_49_00008.png,Harmonic,G4_10pSeventhHarmonic_49.wav,train,stft,mtf
G4_10pSeventhHarmonic_2_00000.png,Harmonic,G4_10pSeventhHarmonic_2.wav,train,stft,mtf
G4_10pSeventhHarmonic_2_00001.png,Harmonic,G4_10pSeventhHarmonic_2.wav,train,stft,mtf
G4_10pSeventhHarmonic_2_00002.png,Harmonic,G4_10pSeventhHarmonic_2.wav,train,stft,mtf
G4_10pSeventhHarmonic_2_00003.png,Harmonic,G4_10pSeventhHarmonic_2.wav,train,stft,mtf
G4_10pSeventhHarmonic_2_00004.png,Harmonic,G4_10pSeventhHarmonic_2.wav,train,stft,mtf
G4_10pSeventhHarmonic_2_00005.png,Harmonic,G4_10pSeventhHarmonic_2.wav,train,stft,mtf
G4_10pSeventhHarmonic_2_00006.png,Harmonic,G4_10pSeventhHarmonic_2.wav,train,stft,mtf
G4_10pSeventhHarmonic_2_00007.png,Harmonic,G4_10pSeventhHarmonic_2.wav,train,stft,mtf
G4_10pSeventhHarmonic_2_00008.png,Harmonic,G4_10pSeventhHarmonic_2.wav,train,stft,mtf
G4_10pSeventhHarmonic_11_00000.png,Harmonic,G4_10pSeventhHarmonic_11.wav,train,stft,mtf
G4_10pSeventhHarmonic_11_00001.png,Harmonic,G4_10pSeventhHarmonic_11.wav,train,stft,mtf
G4_10pSeventhHarmonic_11_00002.png,Harmonic,G4_10pSeventhHarmonic_11.wav,train,stft,mtf
G4_10pSeventhHarmonic_11_00003.png,Harmonic,G4_10pSeventhHarmonic_11.wav,train,stft,mtf
G4_10pSeventhHarmonic_11_00004.png,Harmonic,G4_10pSeventhHarmonic_11.wav,train,stft,mtf
G4_10pSeventhHarmonic_11_00005.png,Harmonic,G4_10pSeventhHarmonic_11.wav,train,stft,mtf
G4_10pSeventhHarmonic_11_00006.png,Harmonic,G4_10pSeventhHarmonic_11.wav,train,stft,mtf
G4_10pSeventhHarmonic_11_00007.png,Harmonic,G4_10pSeventhHarmonic_11.wav,train,stft,mtf
G4_10pSeventhHarmonic_11_00008.png,Harmonic,G4_10pSeventhHarmonic_11.wav,train,stft,mtf
G4_10pSeventhHarmonic_57_00000.png,Harmonic,G4_10pSeventhHarmonic_57.wav,train,stft,mtf
G4_10pSeventhHarmonic_57_00001.png,Harmonic,G4_10pSeventhHarmonic_57.wav,train,stft,mtf
G4_10pSeventhHarmonic_57_00002.png,Harmonic,G4_10pSeventhHarmonic_57.wav,train,stft,mtf
G4_10pSeventhHarmonic_57_00003.png,Harmonic,G4_10pSeventhHarmonic_57.wav,train,stft,mtf
G4_10pSeventhHarmonic_57_00004.png,Harmonic,G4_10pSeventhHarmonic_57.wav,train,stft,mtf
G4_10pSeventhHarmonic_57_00005.png,Harmonic,G4_10pSeventhHarmonic_57.wav,train,stft,mtf
G4_10pSeventhHarmonic_57_00006.png,Harmonic,G4_10pSeventhHarmonic_57.wav,train,stft,mtf
G4_10pSeventhHarmonic_57_00007.png,Harmonic,G4_10pSeventhHarmonic_57.wav,train,stft,mtf
G4_10pSeventhHarmonic_57_00008.png,Harmonic,G4_10pSeventhHarmonic_57.wav,train,stft,mtf
G4_10pSeventhHarmonic_24_00000.png,Harmonic,G4_10pSeventhHarmonic_24.wav,train,stft,mtf
G4_10pSeventhHarmonic_24_00001.png,Harmonic,G4_10pSeventhHarmonic_24.wav,train,stft,mtf
G4_10pSeventhHarmonic_24_00002.png,Harmonic,G4_10pSeventhHarmonic_24.wav,train,stft,mtf
G4_10pSeventhHarmonic_24_00003.png,Harmonic,G4_10pSeventhHarmonic_24.wav,train,stft,mtf
G4_10pSeventhHarmonic_24_00004.png,Harmonic,G4_10pSeventhHarmonic_24.wav,train,stft,mtf
G4_10pSeventhHarmonic_24_00005.png,Harmonic,G4_10pSeventhHarmonic_24.wav,train,stft,mtf
G4_10pSeventhHarmonic_24_00006.png,Harmonic,G4_10pSeventhHarmonic_24.wav,train,stft,mtf
G4_10pSeventhHarmonic_24_00007.png,Harmonic,G4_10pSeventhHarmonic_24.wav,train,stft,mtf
G4_10pSeventhHarmonic_24_00008.png,Harmonic,G4_10pSeventhHarmonic_24.wav,train,stft,mtf
G4_10pSeventhHarmonic_89_00000.png,Harmonic,G4_10pSeventhHarmonic_89.wav,train,stft,mtf
G4_10pSeventhHarmonic_89_00001.png,Harmonic,G4_10pSeventhHarmonic_89.wav,train,stft,mtf
G4_10pSeventhHarmonic_89_00002.png,Harmonic,G4_10pSeventhHarmonic_89.wav,train,stft,mtf
G4_10pSeventhHarmonic_89_00003.png,Harmonic,G4_10pSeventhHarmonic_89.wav,train,stft,mtf
G4_10pSeventhHarmonic_89_00004.png,Harmonic,G4_10pSeventhHarmonic_89.wav,train,stft,mtf
G4_10pSeventhHarmonic_89_00005.png,Harmonic,G4_10pSeventhHarmonic_89.wav,train,stft,mtf
G4_10pSeventhHarmonic_89_00006.png,Harmonic,G4_10pSeventhHarmonic_89.wav,train,stft,mtf
G4_10pSeventhHarmonic_89_00007.png,Harmonic,G4_10pSeventhHarmonic_89.wav,train,stft,mtf
G4_10pSeventhHarmonic_89_00008.png,Harmonic,G4_10pSeventhHarmonic_89.wav,train,stft,mtf
G4_10pSeventhHarmonic_76_00000.png,Harmonic,G4_10pSeventhHarmonic_76.wav,train,stft,mtf
G4_10pSeventhHarmonic_76_00001.png,Harmonic,G4_10pSeventhHarmonic_76.wav,train,stft,mtf
G4_10pSeventhHarmonic_76_00002.png,Harmonic,G4_10pSeventhHarmonic_76.wav,train,stft,mtf
G4_10pSeventhHarmonic_76_00003.png,Harmonic,G4_10pSeventhHarmonic_76.wav,train,stft,mtf
G4_10pSeventhHarmonic_76_00004.png,Harmonic,G4_10pSeventhHarmonic_76.wav,train,stft,mtf
G4_10pSeventhHarmonic_76_00005.png,Harmonic,G4_10pSeventhHarmonic_76.wav,train,stft,mtf
G4_10pSeventhHarmonic_76_00006.png,Harmonic,G4_10pSeventhHarmonic_76.wav,train,stft,mtf
G4_10pSeventhHarmonic_76_00007.png,Harmonic,G4_10pSeventhHarmonic_76.wav,train,stft,mtf
G4_10pSeventhHarmonic_76_00008.png,Harmonic,G4_10pSeventhHarmonic_76.wav,train,stft,mtf
G4_10pSeventhHarmonic_52_00000.png,Harmonic,G4_10pSeventhHarmonic_52.wav,train,stft,mtf
G4_10pSeventhHarmonic_52_00001.png,Harmonic,G4_10pSeventhHarmonic_52.wav,train,stft,mtf
G4_10pSeventhHarmonic_52_00002.png,Harmonic,G4_10pSeventhHarmonic_52.wav,train,stft,mtf
G4_10pSeventhHarmonic_52_00003.png,Harmonic,G4_10pSeventhHarmonic_52.wav,train,stft,mtf
G4_10pSeventhHarmonic_52_00004.png,Harmonic,G4_10pSeventhHarmonic_52.wav,train,stft,mtf
G4_10pSeventhHarmonic_52_00005.png,Harmonic,G4_10pSeventhHarmonic_52.wav,train,stft,mtf
G4_10pSeventhHarmonic_52_00006.png,Harmonic,G4_10pSeventhHarmonic_52.wav,train,stft,mtf
G4_10pSeventhHarmonic_52_00007.png,Harmonic,G4_10pSeventhHarmonic_52.wav,train,stft,mtf
G4_10pSeventhHarmonic_52_00008.png,Harmonic,G4_10pSeventhHarmonic_52.wav,train,stft,mtf
G4_10pSeventhHarmonic_22_00000.png,Harmonic,G4_10pSeventhHarmonic_22.wav,train,stft,mtf
G4_10pSeventhHarmonic_22_00001.png,Harmonic,G4_10pSeventhHarmonic_22.wav,train,stft,mtf
G4_10pSeventhHarmonic_22_00002.png,Harmonic,G4_10pSeventhHarmonic_22.wav,train,stft,mtf
G4_10pSeventhHarmonic_22_00003.png,Harmonic,G4_10pSeventhHarmonic_22.wav,train,stft,mtf
G4_10pSeventhHarmonic_22_00004.png,Harmonic,G4_10pSeventhHarmonic_22.wav,train,stft,mtf
G4_10pSeventhHarmonic_22_00005.png,Harmonic,G4_10pSeventhHarmonic_22.wav,train,stft,mtf
G4_10pSeventhHarmonic_22_00006.png,Harmonic,G4_10pSeventhHarmonic_22.wav,train,stft,mtf
G4_10pSeventhHarmonic_22_00007.png,Harmonic,G4_10pSeventhHarmonic_22.wav,train,stft,mtf
G4_10pSeventhHarmonic_22_00008.png,Harmonic,G4_10pSeventhHarmonic_22.wav,train,stft,mtf
G4_10pSeventhHarmonic_92_00000.png,Harmonic,G4_10pSeventhHarmonic_92.wav,train,stft,mtf
G4_10pSeventhHarmonic_92_00001.png,Harmonic,G4_10pSeventhHarmonic_92.wav,train,stft,mtf
G4_10pSeventhHarmonic_92_00002.png,Harmonic,G4_10pSeventhHarmonic_92.wav,train,stft,mtf
G4_10pSeventhHarmonic_92_00003.png,Harmonic,G4_10pSeventhHarmonic_92.wav,train,stft,mtf
G4_10pSeventhHarmonic_92_00004.png,Harmonic,G4_10pSeventhHarmonic_92.wav,train,stft,mtf
G4_10pSeventhHarmonic_92_00005.png,Harmonic,G4_10pSeventhHarmonic_92.wav,train,stft,mtf
G4_10pSeventhHarmonic_92_00006.png,Harmonic,G4_10pSeventhHarmonic_92.wav,train,stft,mtf
G4_10pSeventhHarmonic_92_00007.png,Harmonic,G4_10pSeventhHarmonic_92.wav,train,stft,mtf
G4_10pSeventhHarmonic_92_00008.png,Harmonic,G4_10pSeventhHarmonic_92.wav,train,stft,mtf
G4_10pSeventhHarmonic_27_00000.png,Harmonic,G4_10pSeventhHarmonic_27.wav,train,stft,mtf
G4_10pSeventhHarmonic_27_00001.png,Harmonic,G4_10pSeventhHarmonic_27.wav,train,stft,mtf
G4_10pSeventhHarmonic_27_00002.png,Harmonic,G4_10pSeventhHarmonic_27.wav,train,stft,mtf
G4_10pSeventhHarmonic_27_00003.png,Harmonic,G4_10pSeventhHarmonic_27.wav,train,stft,mtf
G4_10pSeventhHarmonic_27_00004.png,Harmonic,G4_10pSeventhHarmonic_27.wav,train,stft,mtf
G4_10pSeventhHarmonic_27_00005.png,Harmonic,G4_10pSeventhHarmonic_27.wav,train,stft,mtf
G4_10pSeventhHarmonic_27_00006.png,Harmonic,G4_10pSeventhHarmonic_27.wav,train,stft,mtf
G4_10pSeventhHarmonic_27_00007.png,Harmonic,G4_10pSeventhHarmonic_27.wav,train,stft,mtf
G4_10pSeventhHarmonic_27_00008.png,Harmonic,G4_10pSeventhHarmonic_27.wav,train,stft,mtf
G4_10pSeventhHarmonic_91_00000.png,Harmonic,G4_10pSeventhHarmonic_91.wav,train,stft,mtf
G4_10pSeventhHarmonic_91_00001.png,Harmonic,G4_10pSeventhHarmonic_91.wav,train,stft,mtf
G4_10pSeventhHarmonic_91_00002.png,Harmonic,G4_10pSeventhHarmonic_91.wav,train,stft,mtf
G4_10pSeventhHarmonic_91_00003.png,Harmonic,G4_10pSeventhHarmonic_91.wav,train,stft,mtf
G4_10pSeventhHarmonic_91_00004.png,Harmonic,G4_10pSeventhHarmonic_91.wav,train,stft,mtf
G4_10pSeventhHarmonic_91_00005.png,Harmonic,G4_10pSeventhHarmonic_91.wav,train,stft,mtf
G4_10pSeventhHarmonic_91_00006.png,Harmonic,G4_10pSeventhHarmonic_91.wav,train,stft,mtf
G4_10pSeventhHarmonic_91_00007.png,Harmonic,G4_10pSeventhHarmonic_91.wav,train,stft,mtf
G4_10pSeventhHarmonic_91_00008.png,Harmonic,G4_10pSeventhHarmonic_91.wav,train,stft,mtf
G4_10pSeventhHarmonic_25_00000.png,Harmonic,G4_10pSeventhHarmonic_25.wav,train,stft,mtf
G4_10pSeventhHarmonic_25_00001.png,Harmonic,G4_10pSeventhHarmonic_25.wav,train,stft,mtf
G4_10pSeventhHarmonic_25_00002.png,Harmonic,G4_10pSeventhHarmonic_25.wav,train,stft,mtf
G4_10pSeventhHarmonic_25_00003.png,Harmonic,G4_10pSeventhHarmonic_25.wav,train,stft,mtf
G4_10pSeventhHarmonic_25_00004.png,Harmonic,G4_10pSeventhHarmonic_25.wav,train,stft,mtf
G4_10pSeventhHarmonic_25_00005.png,Harmonic,G4_10pSeventhHarmonic_25.wav,train,stft,mtf
G4_10pSeventhHarmonic_25_00006.png,Harmonic,G4_10pSeventhHarmonic_25.wav,train,stft,mtf
G4_10pSeventhHarmonic_25_00007.png,Harmonic,G4_10pSeventhHarmonic_25.wav,train,stft,mtf
G4_10pSeventhHarmonic_25_00008.png,Harmonic,G4_10pSeventhHarmonic_25.wav,train,stft,mtf
G4_10pSeventhHarmonic_15_00000.png,Harmonic,G4_10pSeventhHarmonic_15.wav,train,stft,mtf
G4_10pSeventhHarmonic_15_00001.png,Harmonic,G4_10pSeventhHarmonic_15.wav,train,stft,mtf
G4_10pSeventhHarmonic_15_00002.png,Harmonic,G4_10pSeventhHarmonic_15.wav,train,stft,mtf
G4_10pSeventhHarmonic_15_00003.png,Harmonic,G4_10pSeventhHarmonic_15.wav,train,stft,mtf
G4_10pSeventhHarmonic_15_00004.png,Harmonic,G4_10pSeventhHarmonic_15.wav,train,stft,mtf
G4_10pSeventhHarmonic_15_00005.png,Harmonic,G4_10pSeventhHarmonic_15.wav,train,stft,mtf
G4_10pSeventhHarmonic_15_00006.png,Harmonic,G4_10pSeventhHarmonic_15.wav,train,stft,mtf
G4_10pSeventhHarmonic_15_00007.png,Harmonic,G4_10pSeventhHarmonic_15.wav,train,stft,mtf
G4_10pSeventhHarmonic_15_00008.png,Harmonic,G4_10pSeventhHarmonic_15.wav,train,stft,mtf
G4_10pSeventhHarmonic_77_00000.png,Harmonic,G4_10pSeventhHarmonic_77.wav,train,stft,mtf
G4_10pSeventhHarmonic_77_00001.png,Harmonic,G4_10pSeventhHarmonic_77.wav,train,stft,mtf
G4_10pSeventhHarmonic_77_00002.png,Harmonic,G4_10pSeventhHarmonic_77.wav,train,stft,mtf
G4_10pSeventhHarmonic_77_00003.png,Harmonic,G4_10pSeventhHarmonic_77.wav,train,stft,mtf
G4_10pSeventhHarmonic_77_00004.png,Harmonic,G4_10pSeventhHarmonic_77.wav,train,stft,mtf
G4_10pSeventhHarmonic_77_00005.png,Harmonic,G4_10pSeventhHarmonic_77.wav,train,stft,mtf
G4_10pSeventhHarmonic_77_00006.png,Harmonic,G4_10pSeventhHarmonic_77.wav,train,stft,mtf
G4_10pSeventhHarmonic_77_00007.png,Harmonic,G4_10pSeventhHarmonic_77.wav,train,stft,mtf
G4_10pSeventhHarmonic_77_00008.png,Harmonic,G4_10pSeventhHarmonic_77.wav,train,stft,mtf
G4_10pSeventhHarmonic_32_00000.png,Harmonic,G4_10pSeventhHarmonic_32.wav,train,stft,mtf
G4_10pSeventhHarmonic_32_00001.png,Harmonic,G4_10pSeventhHarmonic_32.wav,train,stft,mtf
G4_10pSeventhHarmonic_32_00002.png,Harmonic,G4_10pSeventhHarmonic_32.wav,train,stft,mtf
G4_10pSeventhHarmonic_32_00003.png,Harmonic,G4_10pSeventhHarmonic_32.wav,train,stft,mtf
G4_10pSeventhHarmonic_32_00004.png,Harmonic,G4_10pSeventhHarmonic_32.wav,train,stft,mtf
G4_10pSeventhHarmonic_32_00005.png,Harmonic,G4_10pSeventhHarmonic_32.wav,train,stft,mtf
G4_10pSeventhHarmonic_32_00006.png,Harmonic,G4_10pSeventhHarmonic_32.wav,train,stft,mtf
G4_10pSeventhHarmonic_32_00007.png,Harmonic,G4_10pSeventhHarmonic_32.wav,train,stft,mtf
G4_10pSeventhHarmonic_32_00008.png,Harmonic,G4_10pSeventhHarmonic_32.wav,train,stft,mtf
G4_10pSeventhHarmonic_28_00000.png,Harmonic,G4_10pSeventhHarmonic_28.wav,train,stft,mtf
G4_10pSeventhHarmonic_28_00001.png,Harmonic,G4_10pSeventhHarmonic_28.wav,train,stft,mtf
G4_10pSeventhHarmonic_28_00002.png,Harmonic,G4_10pSeventhHarmonic_28.wav,train,stft,mtf
G4_10pSeventhHarmonic_28_00003.png,Harmonic,G4_10pSeventhHarmonic_28.wav,train,stft,mtf
G4_10pSeventhHarmonic_28_00004.png,Harmonic,G4_10pSeventhHarmonic_28.wav,train,stft,mtf
G4_10pSeventhHarmonic_28_00005.png,Harmonic,G4_10pSeventhHarmonic_28.wav,train,stft,mtf
G4_10pSeventhHarmonic_28_00006.png,Harmonic,G4_10pSeventhHarmonic_28.wav,train,stft,mtf
G4_10pSeventhHarmonic_28_00007.png,Harmonic,G4_10pSeventhHarmonic_28.wav,train,stft,mtf
G4_10pSeventhHarmonic_28_00008.png,Harmonic,G4_10pSeventhHarmonic_28.wav,train,stft,mtf
G4_10pSeventhHarmonic_82_00000.png,Harmonic,G4_10pSeventhHarmonic_82.wav,train,stft,mtf
G4_10pSeventhHarmonic_82_00001.png,Harmonic,G4_10pSeventhHarmonic_82.wav,train,stft,mtf
G4_10pSeventhHarmonic_82_00002.png,Harmonic,G4_10pSeventhHarmonic_82.wav,train,stft,mtf
G4_10pSeventhHarmonic_82_00003.png,Harmonic,G4_10pSeventhHarmonic_82.wav,train,stft,mtf
G4_10pSeventhHarmonic_82_00004.png,Harmonic,G4_10pSeventhHarmonic_82.wav,train,stft,mtf
G4_10pSeventhHarmonic_82_00005.png,Harmonic,G4_10pSeventhHarmonic_82.wav,train,stft,mtf
G4_10pSeventhHarmonic_82_00006.png,Harmonic,G4_10pSeventhHarmonic_82.wav,train,stft,mtf
G4_10pSeventhHarmonic_82_00007.png,Harmonic,G4_10pSeventhHarmonic_82.wav,train,stft,mtf
G4_10pSeventhHarmonic_82_00008.png,Harmonic,G4_10pSeventhHarmonic_82.wav,train,stft,mtf
G4_10pSeventhHarmonic_80_00000.png,Harmonic,G4_10pSeventhHarmonic_80.wav,train,stft,mtf
G4_10pSeventhHarmonic_80_00001.png,Harmonic,G4_10pSeventhHarmonic_80.wav,train,stft,mtf
G4_10pSeventhHarmonic_80_00002.png,Harmonic,G4_10pSeventhHarmonic_80.wav,train,stft,mtf
G4_10pSeventhHarmonic_80_00003.png,Harmonic,G4_10pSeventhHarmonic_80.wav,train,stft,mtf
G4_10pSeventhHarmonic_80_00004.png,Harmonic,G4_10pSeventhHarmonic_80.wav,train,stft,mtf
G4_10pSeventhHarmonic_80_00005.png,Harmonic,G4_10pSeventhHarmonic_80.wav,train,stft,mtf
G4_10pSeventhHarmonic_80_00006.png,Harmonic,G4_10pSeventhHarmonic_80.wav,train,stft,mtf
G4_10pSeventhHarmonic_80_00007.png,Harmonic,G4_10pSeventhHarmonic_80.wav,train,stft,mtf
G4_10pSeventhHarmonic_80_00008.png,Harmonic,G4_10pSeventhHarmonic_80.wav,train,stft,mtf
G4_10pSeventhHarmonic_65_00000.png,Harmonic,G4_10pSeventhHarmonic_65.wav,train,stft,mtf
G4_10pSeventhHarmonic_65_00001.png,Harmonic,G4_10pSeventhHarmonic_65.wav,train,stft,mtf
G4_10pSeventhHarmonic_65_00002.png,Harmonic,G4_10pSeventhHarmonic_65.wav,train,stft,mtf
G4_10pSeventhHarmonic_65_00003.png,Harmonic,G4_10pSeventhHarmonic_65.wav,train,stft,mtf
G4_10pSeventhHarmonic_65_00004.png,Harmonic,G4_10pSeventhHarmonic_65.wav,train,stft,mtf
G4_10pSeventhHarmonic_65_00005.png,Harmonic,G4_10pSeventhHarmonic_65.wav,train,stft,mtf
G4_10pSeventhHarmonic_65_00006.png,Harmonic,G4_10pSeventhHarmonic_65.wav,train,stft,mtf
G4_10pSeventhHarmonic_65_00007.png,Harmonic,G4_10pSeventhHarmonic_65.wav,train,stft,mtf
G4_10pSeventhHarmonic_65_00008.png,Harmonic,G4_10pSeventhHarmonic_65.wav,train,stft,mtf
G4_10pSeventhHarmonic_102_00000.png,Harmonic,G4_10pSeventhHarmonic_102.wav,train,stft,mtf
G4_10pSeventhHarmonic_102_00001.png,Harmonic,G4_10pSeventhHarmonic_102.wav,train,stft,mtf
G4_10pSeventhHarmonic_102_00002.png,Harmonic,G4_10pSeventhHarmonic_102.wav,train,stft,mtf
G4_10pSeventhHarmonic_102_00003.png,Harmonic,G4_10pSeventhHarmonic_102.wav,train,stft,mtf
G4_10pSeventhHarmonic_102_00004.png,Harmonic,G4_10pSeventhHarmonic_102.wav,train,stft,mtf
G4_10pSeventhHarmonic_102_00005.png,Harmonic,G4_10pSeventhHarmonic_102.wav,train,stft,mtf
G4_10pSeventhHarmonic_102_00006.png,Harmonic,G4_10pSeventhHarmonic_102.wav,train,stft,mtf
G4_10pSeventhHarmonic_102_00007.png,Harmonic,G4_10pSeventhHarmonic_102.wav,train,stft,mtf
G4_10pSeventhHarmonic_102_00008.png,Harmonic,G4_10pSeventhHarmonic_102.wav,train,stft,mtf
G4_10pSeventhHarmonic_48_00000.png,Harmonic,G4_10pSeventhHarmonic_48.wav,train,stft,mtf
G4_10pSeventhHarmonic_48_00001.png,Harmonic,G4_10pSeventhHarmonic_48.wav,train,stft,mtf
G4_10pSeventhHarmonic_48_00002.png,Harmonic,G4_10pSeventhHarmonic_48.wav,train,stft,mtf
G4_10pSeventhHarmonic_48_00003.png,Harmonic,G4_10pSeventhHarmonic_48.wav,train,stft,mtf
G4_10pSeventhHarmonic_48_00004.png,Harmonic,G4_10pSeventhHarmonic_48.wav,train,stft,mtf
G4_10pSeventhHarmonic_48_00005.png,Harmonic,G4_10pSeventhHarmonic_48.wav,train,stft,mtf
G4_10pSeventhHarmonic_48_00006.png,Harmonic,G4_10pSeventhHarmonic_48.wav,train,stft,mtf
G4_10pSeventhHarmonic_48_00007.png,Harmonic,G4_10pSeventhHarmonic_48.wav,train,stft,mtf
G4_10pSeventhHarmonic_48_00008.png,Harmonic,G4_10pSeventhHarmonic_48.wav,train,stft,mtf
G4_10pSeventhHarmonic_78_00000.png,Harmonic,G4_10pSeventhHarmonic_78.wav,train,stft,mtf
G4_10pSeventhHarmonic_78_00001.png,Harmonic,G4_10pSeventhHarmonic_78.wav,train,stft,mtf
G4_10pSeventhHarmonic_78_00002.png,Harmonic,G4_10pSeventhHarmonic_78.wav,train,stft,mtf
G4_10pSeventhHarmonic_78_00003.png,Harmonic,G4_10pSeventhHarmonic_78.wav,train,stft,mtf
G4_10pSeventhHarmonic_78_00004.png,Harmonic,G4_10pSeventhHarmonic_78.wav,train,stft,mtf
G4_10pSeventhHarmonic_78_00005.png,Harmonic,G4_10pSeventhHarmonic_78.wav,train,stft,mtf
G4_10pSeventhHarmonic_78_00006.png,Harmonic,G4_10pSeventhHarmonic_78.wav,train,stft,mtf
G4_10pSeventhHarmonic_78_00007.png,Harmonic,G4_10pSeventhHarmonic_78.wav,train,stft,mtf
G4_10pSeventhHarmonic_78_00008.png,Harmonic,G4_10pSeventhHarmonic_78.wav,train,stft,mtf
G4_10pSeventhHarmonic_103_00000.png,Harmonic,G4_10pSeventhHarmonic_103.wav,train,stft,mtf
G4_10pSeventhHarmonic_103_00001.png,Harmonic,G4_10pSeventhHarmonic_103.wav,train,stft,mtf
G4_10pSeventhHarmonic_103_00002.png,Harmonic,G4_10pSeventhHarmonic_103.wav,train,stft,mtf
G4_10pSeventhHarmonic_103_00003.png,Harmonic,G4_10pSeventhHarmonic_103.wav,train,stft,mtf
G4_10pSeventhHarmonic_103_00004.png,Harmonic,G4_10pSeventhHarmonic_103.wav,train,stft,mtf
G4_10pSeventhHarmonic_103_00005.png,Harmonic,G4_10pSeventhHarmonic_103.wav,train,stft,mtf
G4_10pSeventhHarmonic_103_00006.png,Harmonic,G4_10pSeventhHarmonic_103.wav,train,stft,mtf
G4_10pSeventhHarmonic_103_00007.png,Harmonic,G4_10pSeventhHarmonic_103.wav,train,stft,mtf
G4_10pSeventhHarmonic_103_00008.png,Harmonic,G4_10pSeventhHarmonic_103.wav,train,stft,mtf
G4_10pSeventhHarmonic_33_00000.png,Harmonic,G4_10pSeventhHarmonic_33.wav,train,stft,mtf
G4_10pSeventhHarmonic_33_00001.png,Harmonic,G4_10pSeventhHarmonic_33.wav,train,stft,mtf
G4_10pSeventhHarmonic_33_00002.png,Harmonic,G4_10pSeventhHarmonic_33.wav,train,stft,mtf
G4_10pSeventhHarmonic_33_00003.png,Harmonic,G4_10pSeventhHarmonic_33.wav,train,stft,mtf
G4_10pSeventhHarmonic_33_00004.png,Harmonic,G4_10pSeventhHarmonic_33.wav,train,stft,mtf
G4_10pSeventhHarmonic_33_00005.png,Harmonic,G4_10pSeventhHarmonic_33.wav,train,stft,mtf
G4_10pSeventhHarmonic_33_00006.png,Harmonic,G4_10pSeventhHarmonic_33.wav,train,stft,mtf
G4_10pSeventhHarmonic_33_00007.png,Harmonic,G4_10pSeventhHarmonic_33.wav,train,stft,mtf
G4_10pSeventhHarmonic_33_00008.png,Harmonic,G4_10pSeventhHarmonic_33.wav,train,stft,mtf
G4_10pSeventhHarmonic_43_00000.png,Harmonic,G4_10pSeventhHarmonic_43.wav,train,stft,mtf
G4_10pSeventhHarmonic_43_00001.png,Harmonic,G4_10pSeventhHarmonic_43.wav,train,stft,mtf
G4_10pSeventhHarmonic_43_00002.png,Harmonic,G4_10pSeventhHarmonic_43.wav,train,stft,mtf
G4_10pSeventhHarmonic_43_00003.png,Harmonic,G4_10pSeventhHarmonic_43.wav,train,stft,mtf
G4_10pSeventhHarmonic_43_00004.png,Harmonic,G4_10pSeventhHarmonic_43.wav,train,stft,mtf
G4_10pSeventhHarmonic_43_00005.png,Harmonic,G4_10pSeventhHarmonic_43.wav,train,stft,mtf
G4_10pSeventhHarmonic_43_00006.png,Harmonic,G4_10pSeventhHarmonic_43.wav,train,stft,mtf
G4_10pSeventhHarmonic_43_00007.png,Harmonic,G4_10pSeventhHarmonic_43.wav,train,stft,mtf
G4_10pSeventhHarmonic_43_00008.png,Harmonic,G4_10pSeventhHarmonic_43.wav,train,stft,mtf
G4_10pSeventhHarmonic_101_00000.png,Harmonic,G4_10pSeventhHarmonic_101.wav,train,stft,mtf
G4_10pSeventhHarmonic_101_00001.png,Harmonic,G4_10pSeventhHarmonic_101.wav,train,stft,mtf
G4_10pSeventhHarmonic_101_00002.png,Harmonic,G4_10pSeventhHarmonic_101.wav,train,stft,mtf
G4_10pSeventhHarmonic_101_00003.png,Harmonic,G4_10pSeventhHarmonic_101.wav,train,stft,mtf
G4_10pSeventhHarmonic_101_00004.png,Harmonic,G4_10pSeventhHarmonic_101.wav,train,stft,mtf
G4_10pSeventhHarmonic_101_00005.png,Harmonic,G4_10pSeventhHarmonic_101.wav,train,stft,mtf
G4_10pSeventhHarmonic_101_00006.png,Harmonic,G4_10pSeventhHarmonic_101.wav,train,stft,mtf
G4_10pSeventhHarmonic_101_00007.png,Harmonic,G4_10pSeventhHarmonic_101.wav,train,stft,mtf
G4_10pSeventhHarmonic_101_00008.png,Harmonic,G4_10pSeventhHarmonic_101.wav,train,stft,mtf
G4_10pSeventhHarmonic_14_00000.png,Harmonic,G4_10pSeventhHarmonic_14.wav,train,stft,mtf
G4_10pSeventhHarmonic_14_00001.png,Harmonic,G4_10pSeventhHarmonic_14.wav,train,stft,mtf
G4_10pSeventhHarmonic_14_00002.png,Harmonic,G4_10pSeventhHarmonic_14.wav,train,stft,mtf
G4_10pSeventhHarmonic_14_00003.png,Harmonic,G4_10pSeventhHarmonic_14.wav,train,stft,mtf
G4_10pSeventhHarmonic_14_00004.png,Harmonic,G4_10pSeventhHarmonic_14.wav,train,stft,mtf
G4_10pSeventhHarmonic_14_00005.png,Harmonic,G4_10pSeventhHarmonic_14.wav,train,stft,mtf
G4_10pSeventhHarmonic_14_00006.png,Harmonic,G4_10pSeventhHarmonic_14.wav,train,stft,mtf
G4_10pSeventhHarmonic_14_00007.png,Harmonic,G4_10pSeventhHarmonic_14.wav,train,stft,mtf
G4_10pSeventhHarmonic_14_00008.png,Harmonic,G4_10pSeventhHarmonic_14.wav,train,stft,mtf
G4_10pSeventhHarmonic_86_00000.png,Harmonic,G4_10pSeventhHarmonic_86.wav,train,stft,mtf
G4_10pSeventhHarmonic_86_00001.png,Harmonic,G4_10pSeventhHarmonic_86.wav,train,stft,mtf
G4_10pSeventhHarmonic_86_00002.png,Harmonic,G4_10pSeventhHarmonic_86.wav,train,stft,mtf
G4_10pSeventhHarmonic_86_00003.png,Harmonic,G4_10pSeventhHarmonic_86.wav,train,stft,mtf
G4_10pSeventhHarmonic_86_00004.png,Harmonic,G4_10pSeventhHarmonic_86.wav,train,stft,mtf
G4_10pSeventhHarmonic_86_00005.png,Harmonic,G4_10pSeventhHarmonic_86.wav,train,stft,mtf
G4_10pSeventhHarmonic_86_00006.png,Harmonic,G4_10pSeventhHarmonic_86.wav,train,stft,mtf
G4_10pSeventhHarmonic_86_00007.png,Harmonic,G4_10pSeventhHarmonic_86.wav,train,stft,mtf
G4_10pSeventhHarmonic_86_00008.png,Harmonic,G4_10pSeventhHarmonic_86.wav,train,stft,mtf
G4_10pSeventhHarmonic_56_00000.png,Harmonic,G4_10pSeventhHarmonic_56.wav,train,stft,mtf
G4_10pSeventhHarmonic_56_00001.png,Harmonic,G4_10pSeventhHarmonic_56.wav,train,stft,mtf
G4_10pSeventhHarmonic_56_00002.png,Harmonic,G4_10pSeventhHarmonic_56.wav,train,stft,mtf
G4_10pSeventhHarmonic_56_00003.png,Harmonic,G4_10pSeventhHarmonic_56.wav,train,stft,mtf
G4_10pSeventhHarmonic_56_00004.png,Harmonic,G4_10pSeventhHarmonic_56.wav,train,stft,mtf
G4_10pSeventhHarmonic_56_00005.png,Harmonic,G4_10pSeventhHarmonic_56.wav,train,stft,mtf
G4_10pSeventhHarmonic_56_00006.png,Harmonic,G4_10pSeventhHarmonic_56.wav,train,stft,mtf
G4_10pSeventhHarmonic_56_00007.png,Harmonic,G4_10pSeventhHarmonic_56.wav,train,stft,mtf
G4_10pSeventhHarmonic_56_00008.png,Harmonic,G4_10pSeventhHarmonic_56.wav,train,stft,mtf
G4_10pSeventhHarmonic_105_00000.png,Harmonic,G4_10pSeventhHarmonic_105.wav,train,stft,mtf
G4_10pSeventhHarmonic_105_00001.png,Harmonic,G4_10pSeventhHarmonic_105.wav,train,stft,mtf
G4_10pSeventhHarmonic_105_00002.png,Harmonic,G4_10pSeventhHarmonic_105.wav,train,stft,mtf
G4_10pSeventhHarmonic_105_00003.png,Harmonic,G4_10pSeventhHarmonic_105.wav,train,stft,mtf
G4_10pSeventhHarmonic_105_00004.png,Harmonic,G4_10pSeventhHarmonic_105.wav,train,stft,mtf
G4_10pSeventhHarmonic_105_00005.png,Harmonic,G4_10pSeventhHarmonic_105.wav,train,stft,mtf
G4_10pSeventhHarmonic_105_00006.png,Harmonic,G4_10pSeventhHarmonic_105.wav,train,stft,mtf
G4_10pSeventhHarmonic_105_00007.png,Harmonic,G4_10pSeventhHarmonic_105.wav,train,stft,mtf
G4_10pSeventhHarmonic_105_00008.png,Harmonic,G4_10pSeventhHarmonic_105.wav,train,stft,mtf
G4_10pSeventhHarmonic_85_00000.png,Harmonic,G4_10pSeventhHarmonic_85.wav,train,stft,mtf
G4_10pSeventhHarmonic_85_00001.png,Harmonic,G4_10pSeventhHarmonic_85.wav,train,stft,mtf
G4_10pSeventhHarmonic_85_00002.png,Harmonic,G4_10pSeventhHarmonic_85.wav,train,stft,mtf
G4_10pSeventhHarmonic_85_00003.png,Harmonic,G4_10pSeventhHarmonic_85.wav,train,stft,mtf
G4_10pSeventhHarmonic_85_00004.png,Harmonic,G4_10pSeventhHarmonic_85.wav,train,stft,mtf
G4_10pSeventhHarmonic_85_00005.png,Harmonic,G4_10pSeventhHarmonic_85.wav,train,stft,mtf
G4_10pSeventhHarmonic_85_00006.png,Harmonic,G4_10pSeventhHarmonic_85.wav,train,stft,mtf
G4_10pSeventhHarmonic_85_00007.png,Harmonic,G4_10pSeventhHarmonic_85.wav,train,stft,mtf
G4_10pSeventhHarmonic_85_00008.png,Harmonic,G4_10pSeventhHarmonic_85.wav,train,stft,mtf
G4_10pSeventhHarmonic_29_00000.png,Harmonic,G4_10pSeventhHarmonic_29.wav,train,stft,mtf
G4_10pSeventhHarmonic_29_00001.png,Harmonic,G4_10pSeventhHarmonic_29.wav,train,stft,mtf
G4_10pSeventhHarmonic_29_00002.png,Harmonic,G4_10pSeventhHarmonic_29.wav,train,stft,mtf
G4_10pSeventhHarmonic_29_00003.png,Harmonic,G4_10pSeventhHarmonic_29.wav,train,stft,mtf
G4_10pSeventhHarmonic_29_00004.png,Harmonic,G4_10pSeventhHarmonic_29.wav,train,stft,mtf
G4_10pSeventhHarmonic_29_00005.png,Harmonic,G4_10pSeventhHarmonic_29.wav,train,stft,mtf
G4_10pSeventhHarmonic_29_00006.png,Harmonic,G4_10pSeventhHarmonic_29.wav,train,stft,mtf
G4_10pSeventhHarmonic_29_00007.png,Harmonic,G4_10pSeventhHarmonic_29.wav,train,stft,mtf
G4_10pSeventhHarmonic_29_00008.png,Harmonic,G4_10pSeventhHarmonic_29.wav,train,stft,mtf
G4_10pSeventhHarmonic_66_00000.png,Harmonic,G4_10pSeventhHarmonic_66.wav,train,stft,mtf
G4_10pSeventhHarmonic_66_00001.png,Harmonic,G4_10pSeventhHarmonic_66.wav,train,stft,mtf
G4_10pSeventhHarmonic_66_00002.png,Harmonic,G4_10pSeventhHarmonic_66.wav,train,stft,mtf
G4_10pSeventhHarmonic_66_00003.png,Harmonic,G4_10pSeventhHarmonic_66.wav,train,stft,mtf
G4_10pSeventhHarmonic_66_00004.png,Harmonic,G4_10pSeventhHarmonic_66.wav,train,stft,mtf
G4_10pSeventhHarmonic_66_00005.png,Harmonic,G4_10pSeventhHarmonic_66.wav,train,stft,mtf
G4_10pSeventhHarmonic_66_00006.png,Harmonic,G4_10pSeventhHarmonic_66.wav,train,stft,mtf
G4_10pSeventhHarmonic_66_00007.png,Harmonic,G4_10pSeventhHarmonic_66.wav,train,stft,mtf
G4_10pSeventhHarmonic_66_00008.png,Harmonic,G4_10pSeventhHarmonic_66.wav,train,stft,mtf
G4_10pSeventhHarmonic_60_00000.png,Harmonic,G4_10pSeventhHarmonic_60.wav,train,stft,mtf
G4_10pSeventhHarmonic_60_00001.png,Harmonic,G4_10pSeventhHarmonic_60.wav,train,stft,mtf
G4_10pSeventhHarmonic_60_00002.png,Harmonic,G4_10pSeventhHarmonic_60.wav,train,stft,mtf
G4_10pSeventhHarmonic_60_00003.png,Harmonic,G4_10pSeventhHarmonic_60.wav,train,stft,mtf
G4_10pSeventhHarmonic_60_00004.png,Harmonic,G4_10pSeventhHarmonic_60.wav,train,stft,mtf
G4_10pSeventhHarmonic_60_00005.png,Harmonic,G4_10pSeventhHarmonic_60.wav,train,stft,mtf
G4_10pSeventhHarmonic_60_00006.png,Harmonic,G4_10pSeventhHarmonic_60.wav,train,stft,mtf
G4_10pSeventhHarmonic_60_00007.png,Harmonic,G4_10pSeventhHarmonic_60.wav,train,stft,mtf
G4_10pSeventhHarmonic_60_00008.png,Harmonic,G4_10pSeventhHarmonic_60.wav,train,stft,mtf
G4_10pSeventhHarmonic_74_00000.png,Harmonic,G4_10pSeventhHarmonic_74.wav,train,stft,mtf
G4_10pSeventhHarmonic_74_00001.png,Harmonic,G4_10pSeventhHarmonic_74.wav,train,stft,mtf
G4_10pSeventhHarmonic_74_00002.png,Harmonic,G4_10pSeventhHarmonic_74.wav,train,stft,mtf
G4_10pSeventhHarmonic_74_00003.png,Harmonic,G4_10pSeventhHarmonic_74.wav,train,stft,mtf
G4_10pSeventhHarmonic_74_00004.png,Harmonic,G4_10pSeventhHarmonic_74.wav,train,stft,mtf
G4_10pSeventhHarmonic_74_00005.png,Harmonic,G4_10pSeventhHarmonic_74.wav,train,stft,mtf
G4_10pSeventhHarmonic_74_00006.png,Harmonic,G4_10pSeventhHarmonic_74.wav,train,stft,mtf
G4_10pSeventhHarmonic_74_00007.png,Harmonic,G4_10pSeventhHarmonic_74.wav,train,stft,mtf
G4_10pSeventhHarmonic_74_00008.png,Harmonic,G4_10pSeventhHarmonic_74.wav,train,stft,mtf
G4_10pSeventhHarmonic_63_00000.png,Harmonic,G4_10pSeventhHarmonic_63.wav,train,stft,mtf
G4_10pSeventhHarmonic_63_00001.png,Harmonic,G4_10pSeventhHarmonic_63.wav,train,stft,mtf
G4_10pSeventhHarmonic_63_00002.png,Harmonic,G4_10pSeventhHarmonic_63.wav,train,stft,mtf
G4_10pSeventhHarmonic_63_00003.png,Harmonic,G4_10pSeventhHarmonic_63.wav,train,stft,mtf
G4_10pSeventhHarmonic_63_00004.png,Harmonic,G4_10pSeventhHarmonic_63.wav,train,stft,mtf
G4_10pSeventhHarmonic_63_00005.png,Harmonic,G4_10pSeventhHarmonic_63.wav,train,stft,mtf
G4_10pSeventhHarmonic_63_00006.png,Harmonic,G4_10pSeventhHarmonic_63.wav,train,stft,mtf
G4_10pSeventhHarmonic_63_00007.png,Harmonic,G4_10pSeventhHarmonic_63.wav,train,stft,mtf
G4_10pSeventhHarmonic_63_00008.png,Harmonic,G4_10pSeventhHarmonic_63.wav,train,stft,mtf
G4_10pSeventhHarmonic_83_00000.png,Harmonic,G4_10pSeventhHarmonic_83.wav,train,stft,mtf
G4_10pSeventhHarmonic_83_00001.png,Harmonic,G4_10pSeventhHarmonic_83.wav,train,stft,mtf
G4_10pSeventhHarmonic_83_00002.png,Harmonic,G4_10pSeventhHarmonic_83.wav,train,stft,mtf
G4_10pSeventhHarmonic_83_00003.png,Harmonic,G4_10pSeventhHarmonic_83.wav,train,stft,mtf
G4_10pSeventhHarmonic_83_00004.png,Harmonic,G4_10pSeventhHarmonic_83.wav,train,stft,mtf
G4_10pSeventhHarmonic_83_00005.png,Harmonic,G4_10pSeventhHarmonic_83.wav,train,stft,mtf
G4_10pSeventhHarmonic_83_00006.png,Harmonic,G4_10pSeventhHarmonic_83.wav,train,stft,mtf
G4_10pSeventhHarmonic_83_00007.png,Harmonic,G4_10pSeventhHarmonic_83.wav,train,stft,mtf
G4_10pSeventhHarmonic_83_00008.png,Harmonic,G4_10pSeventhHarmonic_83.wav,train,stft,mtf
G4_10pSeventhHarmonic_70_00000.png,Harmonic,G4_10pSeventhHarmonic_70.wav,train,stft,mtf
G4_10pSeventhHarmonic_70_00001.png,Harmonic,G4_10pSeventhHarmonic_70.wav,train,stft,mtf
G4_10pSeventhHarmonic_70_00002.png,Harmonic,G4_10pSeventhHarmonic_70.wav,train,stft,mtf
G4_10pSeventhHarmonic_70_00003.png,Harmonic,G4_10pSeventhHarmonic_70.wav,train,stft,mtf
G4_10pSeventhHarmonic_70_00004.png,Harmonic,G4_10pSeventhHarmonic_70.wav,train,stft,mtf
G4_10pSeventhHarmonic_70_00005.png,Harmonic,G4_10pSeventhHarmonic_70.wav,train,stft,mtf
G4_10pSeventhHarmonic_70_00006.png,Harmonic,G4_10pSeventhHarmonic_70.wav,train,stft,mtf
G4_10pSeventhHarmonic_70_00007.png,Harmonic,G4_10pSeventhHarmonic_70.wav,train,stft,mtf
G4_10pSeventhHarmonic_70_00008.png,Harmonic,G4_10pSeventhHarmonic_70.wav,train,stft,mtf
G4_10pSeventhHarmonic_108_00000.png,Harmonic,G4_10pSeventhHarmonic_108.wav,train,stft,mtf
G4_10pSeventhHarmonic_108_00001.png,Harmonic,G4_10pSeventhHarmonic_108.wav,train,stft,mtf
G4_10pSeventhHarmonic_108_00002.png,Harmonic,G4_10pSeventhHarmonic_108.wav,train,stft,mtf
G4_10pSeventhHarmonic_108_00003.png,Harmonic,G4_10pSeventhHarmonic_108.wav,train,stft,mtf
G4_10pSeventhHarmonic_108_00004.png,Harmonic,G4_10pSeventhHarmonic_108.wav,train,stft,mtf
G4_10pSeventhHarmonic_108_00005.png,Harmonic,G4_10pSeventhHarmonic_108.wav,train,stft,mtf
G4_10pSeventhHarmonic_108_00006.png,Harmonic,G4_10pSeventhHarmonic_108.wav,train,stft,mtf
G4_10pSeventhHarmonic_108_00007.png,Harmonic,G4_10pSeventhHarmonic_108.wav,train,stft,mtf
G4_10pSeventhHarmonic_108_00008.png,Harmonic,G4_10pSeventhHarmonic_108.wav,train,stft,mtf
G4_10pSeventhHarmonic_79_00000.png,Harmonic,G4_10pSeventhHarmonic_79.wav,train,stft,mtf
G4_10pSeventhHarmonic_79_00001.png,Harmonic,G4_10pSeventhHarmonic_79.wav,train,stft,mtf
G4_10pSeventhHarmonic_79_00002.png,Harmonic,G4_10pSeventhHarmonic_79.wav,train,stft,mtf
G4_10pSeventhHarmonic_79_00003.png,Harmonic,G4_10pSeventhHarmonic_79.wav,train,stft,mtf
G4_10pSeventhHarmonic_79_00004.png,Harmonic,G4_10pSeventhHarmonic_79.wav,train,stft,mtf
G4_10pSeventhHarmonic_79_00005.png,Harmonic,G4_10pSeventhHarmonic_79.wav,train,stft,mtf
G4_10pSeventhHarmonic_79_00006.png,Harmonic,G4_10pSeventhHarmonic_79.wav,train,stft,mtf
G4_10pSeventhHarmonic_79_00007.png,Harmonic,G4_10pSeventhHarmonic_79.wav,train,stft,mtf
G4_10pSeventhHarmonic_79_00008.png,Harmonic,G4_10pSeventhHarmonic_79.wav,train,stft,mtf
G4_10pSeventhHarmonic_21_00000.png,Harmonic,G4_10pSeventhHarmonic_21.wav,train,stft,mtf
G4_10pSeventhHarmonic_21_00001.png,Harmonic,G4_10pSeventhHarmonic_21.wav,train,stft,mtf
G4_10pSeventhHarmonic_21_00002.png,Harmonic,G4_10pSeventhHarmonic_21.wav,train,stft,mtf
G4_10pSeventhHarmonic_21_00003.png,Harmonic,G4_10pSeventhHarmonic_21.wav,train,stft,mtf
G4_10pSeventhHarmonic_21_00004.png,Harmonic,G4_10pSeventhHarmonic_21.wav,train,stft,mtf
G4_10pSeventhHarmonic_21_00005.png,Harmonic,G4_10pSeventhHarmonic_21.wav,train,stft,mtf
G4_10pSeventhHarmonic_21_00006.png,Harmonic,G4_10pSeventhHarmonic_21.wav,train,stft,mtf
G4_10pSeventhHarmonic_21_00007.png,Harmonic,G4_10pSeventhHarmonic_21.wav,train,stft,mtf
G4_10pSeventhHarmonic_21_00008.png,Harmonic,G4_10pSeventhHarmonic_21.wav,train,stft,mtf
G4_10pSeventhHarmonic_107_00000.png,Harmonic,G4_10pSeventhHarmonic_107.wav,train,stft,mtf
G4_10pSeventhHarmonic_107_00001.png,Harmonic,G4_10pSeventhHarmonic_107.wav,train,stft,mtf
G4_10pSeventhHarmonic_107_00002.png,Harmonic,G4_10pSeventhHarmonic_107.wav,train,stft,mtf
G4_10pSeventhHarmonic_107_00003.png,Harmonic,G4_10pSeventhHarmonic_107.wav,train,stft,mtf
G4_10pSeventhHarmonic_107_00004.png,Harmonic,G4_10pSeventhHarmonic_107.wav,train,stft,mtf
G4_10pSeventhHarmonic_107_00005.png,Harmonic,G4_10pSeventhHarmonic_107.wav,train,stft,mtf
G4_10pSeventhHarmonic_107_00006.png,Harmonic,G4_10pSeventhHarmonic_107.wav,train,stft,mtf
G4_10pSeventhHarmonic_107_00007.png,Harmonic,G4_10pSeventhHarmonic_107.wav,train,stft,mtf
G4_10pSeventhHarmonic_107_00008.png,Harmonic,G4_10pSeventhHarmonic_107.wav,train,stft,mtf
G4_10pSeventhHarmonic_23_00000.png,Harmonic,G4_10pSeventhHarmonic_23.wav,train,stft,mtf
G4_10pSeventhHarmonic_23_00001.png,Harmonic,G4_10pSeventhHarmonic_23.wav,train,stft,mtf
G4_10pSeventhHarmonic_23_00002.png,Harmonic,G4_10pSeventhHarmonic_23.wav,train,stft,mtf
G4_10pSeventhHarmonic_23_00003.png,Harmonic,G4_10pSeventhHarmonic_23.wav,train,stft,mtf
G4_10pSeventhHarmonic_23_00004.png,Harmonic,G4_10pSeventhHarmonic_23.wav,train,stft,mtf
G4_10pSeventhHarmonic_23_00005.png,Harmonic,G4_10pSeventhHarmonic_23.wav,train,stft,mtf
G4_10pSeventhHarmonic_23_00006.png,Harmonic,G4_10pSeventhHarmonic_23.wav,train,stft,mtf
G4_10pSeventhHarmonic_23_00007.png,Harmonic,G4_10pSeventhHarmonic_23.wav,train,stft,mtf
G4_10pSeventhHarmonic_23_00008.png,Harmonic,G4_10pSeventhHarmonic_23.wav,train,stft,mtf
G4_10pSeventhHarmonic_35_00000.png,Harmonic,G4_10pSeventhHarmonic_35.wav,train,stft,mtf
G4_10pSeventhHarmonic_35_00001.png,Harmonic,G4_10pSeventhHarmonic_35.wav,train,stft,mtf
G4_10pSeventhHarmonic_35_00002.png,Harmonic,G4_10pSeventhHarmonic_35.wav,train,stft,mtf
G4_10pSeventhHarmonic_35_00003.png,Harmonic,G4_10pSeventhHarmonic_35.wav,train,stft,mtf
G4_10pSeventhHarmonic_35_00004.png,Harmonic,G4_10pSeventhHarmonic_35.wav,train,stft,mtf
G4_10pSeventhHarmonic_35_00005.png,Harmonic,G4_10pSeventhHarmonic_35.wav,train,stft,mtf
G4_10pSeventhHarmonic_35_00006.png,Harmonic,G4_10pSeventhHarmonic_35.wav,train,stft,mtf
G4_10pSeventhHarmonic_35_00007.png,Harmonic,G4_10pSeventhHarmonic_35.wav,train,stft,mtf
G4_10pSeventhHarmonic_35_00008.png,Harmonic,G4_10pSeventhHarmonic_35.wav,train,stft,mtf
Loosen1_56_00000.png,Loosen,Loosen1_56.wav,train,stft,mtf
Loosen1_56_00001.png,Loosen,Loosen1_56.wav,train,stft,mtf
Loosen1_56_00002.png,Loosen,Loosen1_56.wav,train,stft,mtf
Loosen1_56_00003.png,Loosen,Loosen1_56.wav,train,stft,mtf
Loosen1_56_00004.png,Loosen,Loosen1_56.wav,train,stft,mtf
Loosen1_56_00005.png,Loosen,Loosen1_56.wav,train,stft,mtf
Loosen1_56_00006.png,Loosen,Loosen1_56.wav,train,stft,mtf
Loosen1_56_00007.png,Loosen,Loosen1_56.wav,train,stft,mtf
Loosen1_56_00008.png,Loosen,Loosen1_56.wav,train,stft,mtf
Loosen1_36_00000.png,Loosen,Loosen1_36.wav,train,stft,mtf
Loosen1_36_00001.png,Loosen,Loosen1_36.wav,train,stft,mtf
Loosen1_36_00002.png,Loosen,Loosen1_36.wav,train,stft,mtf
Loosen1_36_00003.png,Loosen,Loosen1_36.wav,train,stft,mtf
Loosen1_36_00004.png,Loosen,Loosen1_36.wav,train,stft,mtf
Loosen1_36_00005.png,Loosen,Loosen1_36.wav,train,stft,mtf
Loosen1_36_00006.png,Loosen,Loosen1_36.wav,train,stft,mtf
Loosen1_36_00007.png,Loosen,Loosen1_36.wav,train,stft,mtf
Loosen1_36_00008.png,Loosen,Loosen1_36.wav,train,stft,mtf
Loosen1_98_00000.png,Loosen,Loosen1_98.wav,train,stft,mtf
Loosen1_98_00001.png,Loosen,Loosen1_98.wav,train,stft,mtf
Loosen1_98_00002.png,Loosen,Loosen1_98.wav,train,stft,mtf
Loosen1_98_00003.png,Loosen,Loosen1_98.wav,train,stft,mtf
Loosen1_98_00004.png,Loosen,Loosen1_98.wav,train,stft,mtf
Loosen1_98_00005.png,Loosen,Loosen1_98.wav,train,stft,mtf
Loosen1_98_00006.png,Loosen,Loosen1_98.wav,train,stft,mtf
Loosen1_98_00007.png,Loosen,Loosen1_98.wav,train,stft,mtf
Loosen1_98_00008.png,Loosen,Loosen1_98.wav,train,stft,mtf
Loosen1_31_00000.png,Loosen,Loosen1_31.wav,train,stft,mtf
Loosen1_31_00001.png,Loosen,Loosen1_31.wav,train,stft,mtf
Loosen1_31_00002.png,Loosen,Loosen1_31.wav,train,stft,mtf
Loosen1_31_00003.png,Loosen,Loosen1_31.wav,train,stft,mtf
Loosen1_31_00004.png,Loosen,Loosen1_31.wav,train,stft,mtf
Loosen1_31_00005.png,Loosen,Loosen1_31.wav,train,stft,mtf
Loosen1_31_00006.png,Loosen,Loosen1_31.wav,train,stft,mtf
Loosen1_31_00007.png,Loosen,Loosen1_31.wav,train,stft,mtf
Loosen1_31_00008.png,Loosen,Loosen1_31.wav,train,stft,mtf
Loosen1_83_00000.png,Loosen,Loosen1_83.wav,train,stft,mtf
Loosen1_83_00001.png,Loosen,Loosen1_83.wav,train,stft,mtf
Loosen1_83_00002.png,Loosen,Loosen1_83.wav,train,stft,mtf
Loosen1_83_00003.png,Loosen,Loosen1_83.wav,train,stft,mtf
Loosen1_83_00004.png,Loosen,Loosen1_83.wav,train,stft,mtf
Loosen1_83_00005.png,Loosen,Loosen1_83.wav,train,stft,mtf
Loosen1_83_00006.png,Loosen,Loosen1_83.wav,train,stft,mtf
Loosen1_83_00007.png,Loosen,Loosen1_83.wav,train,stft,mtf
Loosen1_83_00008.png,Loosen,Loosen1_83.wav,train,stft,mtf
Loosen1_97_00000.png,Loosen,Loosen1_97.wav,train,stft,mtf
Loosen1_97_00001.png,Loosen,Loosen1_97.wav,train,stft,mtf
Loosen1_97_00002.png,Loosen,Loosen1_97.wav,train,stft,mtf
Loosen1_97_00003.png,Loosen,Loosen1_97.wav,train,stft,mtf
Loosen1_97_00004.png,Loosen,Loosen1_97.wav,train,stft,mtf
Loosen1_97_00005.png,Loosen,Loosen1_97.wav,train,stft,mtf
Loosen1_97_00006.png,Loosen,Loosen1_97.wav,train,stft,mtf
Loosen1_97_00007.png,Loosen,Loosen1_97.wav,train,stft,mtf
Loosen1_97_00008.png,Loosen,Loosen1_97.wav,train,stft,mtf
Loosen1_118_00000.png,Loosen,Loosen1_118.wav,train,stft,mtf
Loosen1_118_00001.png,Loosen,Loosen1_118.wav,train,stft,mtf
Loosen1_118_00002.png,Loosen,Loosen1_118.wav,train,stft,mtf
Loosen1_118_00003.png,Loosen,Loosen1_118.wav,train,stft,mtf
Loosen1_118_00004.png,Loosen,Loosen1_118.wav,train,stft,mtf
Loosen1_118_00005.png,Loosen,Loosen1_118.wav,train,stft,mtf
Loosen1_118_00006.png,Loosen,Loosen1_118.wav,train,stft,mtf
Loosen1_118_00007.png,Loosen,Loosen1_118.wav,train,stft,mtf
Loosen1_118_00008.png,Loosen,Loosen1_118.wav,train,stft,mtf
Loosen1_5_00000.png,Loosen,Loosen1_5.wav,train,stft,mtf
Loosen1_5_00001.png,Loosen,Loosen1_5.wav,train,stft,mtf
Loosen1_5_00002.png,Loosen,Loosen1_5.wav,train,stft,mtf
Loosen1_5_00003.png,Loosen,Loosen1_5.wav,train,stft,mtf
Loosen1_5_00004.png,Loosen,Loosen1_5.wav,train,stft,mtf
Loosen1_5_00005.png,Loosen,Loosen1_5.wav,train,stft,mtf
Loosen1_5_00006.png,Loosen,Loosen1_5.wav,train,stft,mtf
Loosen1_5_00007.png,Loosen,Loosen1_5.wav,train,stft,mtf
Loosen1_5_00008.png,Loosen,Loosen1_5.wav,train,stft,mtf
Loosen1_33_00000.png,Loosen,Loosen1_33.wav,train,stft,mtf
Loosen1_33_00001.png,Loosen,Loosen1_33.wav,train,stft,mtf
Loosen1_33_00002.png,Loosen,Loosen1_33.wav,train,stft,mtf
Loosen1_33_00003.png,Loosen,Loosen1_33.wav,train,stft,mtf
Loosen1_33_00004.png,Loosen,Loosen1_33.wav,train,stft,mtf
Loosen1_33_00005.png,Loosen,Loosen1_33.wav,train,stft,mtf
Loosen1_33_00006.png,Loosen,Loosen1_33.wav,train,stft,mtf
Loosen1_33_00007.png,Loosen,Loosen1_33.wav,train,stft,mtf
Loosen1_33_00008.png,Loosen,Loosen1_33.wav,train,stft,mtf
Loosen1_34_00000.png,Loosen,Loosen1_34.wav,train,stft,mtf
Loosen1_34_00001.png,Loosen,Loosen1_34.wav,train,stft,mtf
Loosen1_34_00002.png,Loosen,Loosen1_34.wav,train,stft,mtf
Loosen1_34_00003.png,Loosen,Loosen1_34.wav,train,stft,mtf
Loosen1_34_00004.png,Loosen,Loosen1_34.wav,train,stft,mtf
Loosen1_34_00005.png,Loosen,Loosen1_34.wav,train,stft,mtf
Loosen1_34_00006.png,Loosen,Loosen1_34.wav,train,stft,mtf
Loosen1_34_00007.png,Loosen,Loosen1_34.wav,train,stft,mtf
Loosen1_34_00008.png,Loosen,Loosen1_34.wav,train,stft,mtf
Loosen1_109_00000.png,Loosen,Loosen1_109.wav,train,stft,mtf
Loosen1_109_00001.png,Loosen,Loosen1_109.wav,train,stft,mtf
Loosen1_109_00002.png,Loosen,Loosen1_109.wav,train,stft,mtf
Loosen1_109_00003.png,Loosen,Loosen1_109.wav,train,stft,mtf
Loosen1_109_00004.png,Loosen,Loosen1_109.wav,train,stft,mtf
Loosen1_109_00005.png,Loosen,Loosen1_109.wav,train,stft,mtf
Loosen1_109_00006.png,Loosen,Loosen1_109.wav,train,stft,mtf
Loosen1_109_00007.png,Loosen,Loosen1_109.wav,train,stft,mtf
Loosen1_109_00008.png,Loosen,Loosen1_109.wav,train,stft,mtf
Loosen1_24_00000.png,Loosen,Loosen1_24.wav,train,stft,mtf
Loosen1_24_00001.png,Loosen,Loosen1_24.wav,train,stft,mtf
Loosen1_24_00002.png,Loosen,Loosen1_24.wav,train,stft,mtf
Loosen1_24_00003.png,Loosen,Loosen1_24.wav,train,stft,mtf
Loosen1_24_00004.png,Loosen,Loosen1_24.wav,train,stft,mtf
Loosen1_24_00005.png,Loosen,Loosen1_24.wav,train,stft,mtf
Loosen1_24_00006.png,Loosen,Loosen1_24.wav,train,stft,mtf
Loosen1_24_00007.png,Loosen,Loosen1_24.wav,train,stft,mtf
Loosen1_24_00008.png,Loosen,Loosen1_24.wav,train,stft,mtf
Loosen1_17_00000.png,Loosen,Loosen1_17.wav,train,stft,mtf
Loosen1_17_00001.png,Loosen,Loosen1_17.wav,train,stft,mtf
Loosen1_17_00002.png,Loosen,Loosen1_17.wav,train,stft,mtf
Loosen1_17_00003.png,Loosen,Loosen1_17.wav,train,stft,mtf
Loosen1_17_00004.png,Loosen,Loosen1_17.wav,train,stft,mtf
Loosen1_17_00005.png,Loosen,Loosen1_17.wav,train,stft,mtf
Loosen1_17_00006.png,Loosen,Loosen1_17.wav,train,stft,mtf
Loosen1_17_00007.png,Loosen,Loosen1_17.wav,train,stft,mtf
Loosen1_17_00008.png,Loosen,Loosen1_17.wav,train,stft,mtf
Loosen1_27_00000.png,Loosen,Loosen1_27.wav,train,stft,mtf
Loosen1_27_00001.png,Loosen,Loosen1_27.wav,train,stft,mtf
Loosen1_27_00002.png,Loosen,Loosen1_27.wav,train,stft,mtf
Loosen1_27_00003.png,Loosen,Loosen1_27.wav,train,stft,mtf
Loosen1_27_00004.png,Loosen,Loosen1_27.wav,train,stft,mtf
Loosen1_27_00005.png,Loosen,Loosen1_27.wav,train,stft,mtf
Loosen1_27_00006.png,Loosen,Loosen1_27.wav,train,stft,mtf
Loosen1_27_00007.png,Loosen,Loosen1_27.wav,train,stft,mtf
Loosen1_27_00008.png,Loosen,Loosen1_27.wav,train,stft,mtf
Loosen1_111_00000.png,Loosen,Loosen1_111.wav,train,stft,mtf
Loosen1_111_00001.png,Loosen,Loosen1_111.wav,train,stft,mtf
Loosen1_111_00002.png,Loosen,Loosen1_111.wav,train,stft,mtf
Loosen1_111_00003.png,Loosen,Loosen1_111.wav,train,stft,mtf
Loosen1_111_00004.png,Loosen,Loosen1_111.wav,train,stft,mtf
Loosen1_111_00005.png,Loosen,Loosen1_111.wav,train,stft,mtf
Loosen1_111_00006.png,Loosen,Loosen1_111.wav,train,stft,mtf
Loosen1_111_00007.png,Loosen,Loosen1_111.wav,train,stft,mtf
Loosen1_111_00008.png,Loosen,Loosen1_111.wav,train,stft,mtf
Loosen1_28_00000.png,Loosen,Loosen1_28.wav,train,stft,mtf
Loosen1_28_00001.png,Loosen,Loosen1_28.wav,train,stft,mtf
Loosen1_28_00002.png,Loosen,Loosen1_28.wav,train,stft,mtf
Loosen1_28_00003.png,Loosen,Loosen1_28.wav,train,stft,mtf
Loosen1_28_00004.png,Loosen,Loosen1_28.wav,train,stft,mtf
Loosen1_28_00005.png,Loosen,Loosen1_28.wav,train,stft,mtf
Loosen1_28_00006.png,Loosen,Loosen1_28.wav,train,stft,mtf
Loosen1_28_00007.png,Loosen,Loosen1_28.wav,train,stft,mtf
Loosen1_28_00008.png,Loosen,Loosen1_28.wav,train,stft,mtf
Loosen1_26_00000.png,Loosen,Loosen1_26.wav,train,stft,mtf
Loosen1_26_00001.png,Loosen,Loosen1_26.wav,train,stft,mtf
Loosen1_26_00002.png,Loosen,Loosen1_26.wav,train,stft,mtf
Loosen1_26_00003.png,Loosen,Loosen1_26.wav,train,stft,mtf
Loosen1_26_00004.png,Loosen,Loosen1_26.wav,train,stft,mtf
Loosen1_26_00005.png,Loosen,Loosen1_26.wav,train,stft,mtf
Loosen1_26_00006.png,Loosen,Loosen1_26.wav,train,stft,mtf
Loosen1_26_00007.png,Loosen,Loosen1_26.wav,train,stft,mtf
Loosen1_26_00008.png,Loosen,Loosen1_26.wav,train,stft,mtf
Loosen1_76_00000.png,Loosen,Loosen1_76.wav,train,stft,mtf
Loosen1_76_00001.png,Loosen,Loosen1_76.wav,train,stft,mtf
Loosen1_76_00002.png,Loosen,Loosen1_76.wav,train,stft,mtf
Loosen1_76_00003.png,Loosen,Loosen1_76.wav,train,stft,mtf
Loosen1_76_00004.png,Loosen,Loosen1_76.wav,train,stft,mtf
Loosen1_76_00005.png,Loosen,Loosen1_76.wav,train,stft,mtf
Loosen1_76_00006.png,Loosen,Loosen1_76.wav,train,stft,mtf
Loosen1_76_00007.png,Loosen,Loosen1_76.wav,train,stft,mtf
Loosen1_76_00008.png,Loosen,Loosen1_76.wav,train,stft,mtf
Loosen1_20_00000.png,Loosen,Loosen1_20.wav,train,stft,mtf
Loosen1_20_00001.png,Loosen,Loosen1_20.wav,train,stft,mtf
Loosen1_20_00002.png,Loosen,Loosen1_20.wav,train,stft,mtf
Loosen1_20_00003.png,Loosen,Loosen1_20.wav,train,stft,mtf
Loosen1_20_00004.png,Loosen,Loosen1_20.wav,train,stft,mtf
Loosen1_20_00005.png,Loosen,Loosen1_20.wav,train,stft,mtf
Loosen1_20_00006.png,Loosen,Loosen1_20.wav,train,stft,mtf
Loosen1_20_00007.png,Loosen,Loosen1_20.wav,train,stft,mtf
Loosen1_20_00008.png,Loosen,Loosen1_20.wav,train,stft,mtf
Loosen1_116_00000.png,Loosen,Loosen1_116.wav,train,stft,mtf
Loosen1_116_00001.png,Loosen,Loosen1_116.wav,train,stft,mtf
Loosen1_116_00002.png,Loosen,Loosen1_116.wav,train,stft,mtf
Loosen1_116_00003.png,Loosen,Loosen1_116.wav,train,stft,mtf
Loosen1_116_00004.png,Loosen,Loosen1_116.wav,train,stft,mtf
Loosen1_116_00005.png,Loosen,Loosen1_116.wav,train,stft,mtf
Loosen1_116_00006.png,Loosen,Loosen1_116.wav,train,stft,mtf
Loosen1_116_00007.png,Loosen,Loosen1_116.wav,train,stft,mtf
Loosen1_116_00008.png,Loosen,Loosen1_116.wav,train,stft,mtf
Loosen1_119_00000.png,Loosen,Loosen1_119.wav,train,stft,mtf
Loosen1_119_00001.png,Loosen,Loosen1_119.wav,train,stft,mtf
Loosen1_119_00002.png,Loosen,Loosen1_119.wav,train,stft,mtf
Loosen1_119_00003.png,Loosen,Loosen1_119.wav,train,stft,mtf
Loosen1_119_00004.png,Loosen,Loosen1_119.wav,train,stft,mtf
Loosen1_119_00005.png,Loosen,Loosen1_119.wav,train,stft,mtf
Loosen1_119_00006.png,Loosen,Loosen1_119.wav,train,stft,mtf
Loosen1_119_00007.png,Loosen,Loosen1_119.wav,train,stft,mtf
Loosen1_119_00008.png,Loosen,Loosen1_119.wav,train,stft,mtf
Loosen1_65_00000.png,Loosen,Loosen1_65.wav,train,stft,mtf
Loosen1_65_00001.png,Loosen,Loosen1_65.wav,train,stft,mtf
Loosen1_65_00002.png,Loosen,Loosen1_65.wav,train,stft,mtf
Loosen1_65_00003.png,Loosen,Loosen1_65.wav,train,stft,mtf
Loosen1_65_00004.png,Loosen,Loosen1_65.wav,train,stft,mtf
Loosen1_65_00005.png,Loosen,Loosen1_65.wav,train,stft,mtf
Loosen1_65_00006.png,Loosen,Loosen1_65.wav,train,stft,mtf
Loosen1_65_00007.png,Loosen,Loosen1_65.wav,train,stft,mtf
Loosen1_65_00008.png,Loosen,Loosen1_65.wav,train,stft,mtf
Loosen1_100_00000.png,Loosen,Loosen1_100.wav,train,stft,mtf
Loosen1_100_00001.png,Loosen,Loosen1_100.wav,train,stft,mtf
Loosen1_100_00002.png,Loosen,Loosen1_100.wav,train,stft,mtf
Loosen1_100_00003.png,Loosen,Loosen1_100.wav,train,stft,mtf
Loosen1_100_00004.png,Loosen,Loosen1_100.wav,train,stft,mtf
Loosen1_100_00005.png,Loosen,Loosen1_100.wav,train,stft,mtf
Loosen1_100_00006.png,Loosen,Loosen1_100.wav,train,stft,mtf
Loosen1_100_00007.png,Loosen,Loosen1_100.wav,train,stft,mtf
Loosen1_100_00008.png,Loosen,Loosen1_100.wav,train,stft,mtf
Loosen1_85_00000.png,Loosen,Loosen1_85.wav,train,stft,mtf
Loosen1_85_00001.png,Loosen,Loosen1_85.wav,train,stft,mtf
Loosen1_85_00002.png,Loosen,Loosen1_85.wav,train,stft,mtf
Loosen1_85_00003.png,Loosen,Loosen1_85.wav,train,stft,mtf
Loosen1_85_00004.png,Loosen,Loosen1_85.wav,train,stft,mtf
Loosen1_85_00005.png,Loosen,Loosen1_85.wav,train,stft,mtf
Loosen1_85_00006.png,Loosen,Loosen1_85.wav,train,stft,mtf
Loosen1_85_00007.png,Loosen,Loosen1_85.wav,train,stft,mtf
Loosen1_85_00008.png,Loosen,Loosen1_85.wav,train,stft,mtf
Loosen1_4_00000.png,Loosen,Loosen1_4.wav,train,stft,mtf
Loosen1_4_00001.png,Loosen,Loosen1_4.wav,train,stft,mtf
Loosen1_4_00002.png,Loosen,Loosen1_4.wav,train,stft,mtf
Loosen1_4_00003.png,Loosen,Loosen1_4.wav,train,stft,mtf
Loosen1_4_00004.png,Loosen,Loosen1_4.wav,train,stft,mtf
Loosen1_4_00005.png,Loosen,Loosen1_4.wav,train,stft,mtf
Loosen1_4_00006.png,Loosen,Loosen1_4.wav,train,stft,mtf
Loosen1_4_00007.png,Loosen,Loosen1_4.wav,train,stft,mtf
Loosen1_4_00008.png,Loosen,Loosen1_4.wav,train,stft,mtf
Loosen1_47_00000.png,Loosen,Loosen1_47.wav,train,stft,mtf
Loosen1_47_00001.png,Loosen,Loosen1_47.wav,train,stft,mtf
Loosen1_47_00002.png,Loosen,Loosen1_47.wav,train,stft,mtf
Loosen1_47_00003.png,Loosen,Loosen1_47.wav,train,stft,mtf
Loosen1_47_00004.png,Loosen,Loosen1_47.wav,train,stft,mtf
Loosen1_47_00005.png,Loosen,Loosen1_47.wav,train,stft,mtf
Loosen1_47_00006.png,Loosen,Loosen1_47.wav,train,stft,mtf
Loosen1_47_00007.png,Loosen,Loosen1_47.wav,train,stft,mtf
Loosen1_47_00008.png,Loosen,Loosen1_47.wav,train,stft,mtf
Loosen1_94_00000.png,Loosen,Loosen1_94.wav,train,stft,mtf
Loosen1_94_00001.png,Loosen,Loosen1_94.wav,train,stft,mtf
Loosen1_94_00002.png,Loosen,Loosen1_94.wav,train,stft,mtf
Loosen1_94_00003.png,Loosen,Loosen1_94.wav,train,stft,mtf
Loosen1_94_00004.png,Loosen,Loosen1_94.wav,train,stft,mtf
Loosen1_94_00005.png,Loosen,Loosen1_94.wav,train,stft,mtf
Loosen1_94_00006.png,Loosen,Loosen1_94.wav,train,stft,mtf
Loosen1_94_00007.png,Loosen,Loosen1_94.wav,train,stft,mtf
Loosen1_94_00008.png,Loosen,Loosen1_94.wav,train,stft,mtf
Loosen1_74_00000.png,Loosen,Loosen1_74.wav,train,stft,mtf
Loosen1_74_00001.png,Loosen,Loosen1_74.wav,train,stft,mtf
Loosen1_74_00002.png,Loosen,Loosen1_74.wav,train,stft,mtf
Loosen1_74_00003.png,Loosen,Loosen1_74.wav,train,stft,mtf
Loosen1_74_00004.png,Loosen,Loosen1_74.wav,train,stft,mtf
Loosen1_74_00005.png,Loosen,Loosen1_74.wav,train,stft,mtf
Loosen1_74_00006.png,Loosen,Loosen1_74.wav,train,stft,mtf
Loosen1_74_00007.png,Loosen,Loosen1_74.wav,train,stft,mtf
Loosen1_74_00008.png,Loosen,Loosen1_74.wav,train,stft,mtf
Loosen1_59_00000.png,Loosen,Loosen1_59.wav,train,stft,mtf
Loosen1_59_00001.png,Loosen,Loosen1_59.wav,train,stft,mtf
Loosen1_59_00002.png,Loosen,Loosen1_59.wav,train,stft,mtf
Loosen1_59_00003.png,Loosen,Loosen1_59.wav,train,stft,mtf
Loosen1_59_00004.png,Loosen,Loosen1_59.wav,train,stft,mtf
Loosen1_59_00005.png,Loosen,Loosen1_59.wav,train,stft,mtf
Loosen1_59_00006.png,Loosen,Loosen1_59.wav,train,stft,mtf
Loosen1_59_00007.png,Loosen,Loosen1_59.wav,train,stft,mtf
Loosen1_59_00008.png,Loosen,Loosen1_59.wav,train,stft,mtf
Loosen1_25_00000.png,Loosen,Loosen1_25.wav,train,stft,mtf
Loosen1_25_00001.png,Loosen,Loosen1_25.wav,train,stft,mtf
Loosen1_25_00002.png,Loosen,Loosen1_25.wav,train,stft,mtf
Loosen1_25_00003.png,Loosen,Loosen1_25.wav,train,stft,mtf
Loosen1_25_00004.png,Loosen,Loosen1_25.wav,train,stft,mtf
Loosen1_25_00005.png,Loosen,Loosen1_25.wav,train,stft,mtf
Loosen1_25_00006.png,Loosen,Loosen1_25.wav,train,stft,mtf
Loosen1_25_00007.png,Loosen,Loosen1_25.wav,train,stft,mtf
Loosen1_25_00008.png,Loosen,Loosen1_25.wav,train,stft,mtf
Loosen1_49_00000.png,Loosen,Loosen1_49.wav,train,stft,mtf
Loosen1_49_00001.png,Loosen,Loosen1_49.wav,train,stft,mtf
Loosen1_49_00002.png,Loosen,Loosen1_49.wav,train,stft,mtf
Loosen1_49_00003.png,Loosen,Loosen1_49.wav,train,stft,mtf
Loosen1_49_00004.png,Loosen,Loosen1_49.wav,train,stft,mtf
Loosen1_49_00005.png,Loosen,Loosen1_49.wav,train,stft,mtf
Loosen1_49_00006.png,Loosen,Loosen1_49.wav,train,stft,mtf
Loosen1_49_00007.png,Loosen,Loosen1_49.wav,train,stft,mtf
Loosen1_49_00008.png,Loosen,Loosen1_49.wav,train,stft,mtf
Loosen1_21_00000.png,Loosen,Loosen1_21.wav,train,stft,mtf
Loosen1_21_00001.png,Loosen,Loosen1_21.wav,train,stft,mtf
Loosen1_21_00002.png,Loosen,Loosen1_21.wav,train,stft,mtf
Loosen1_21_00003.png,Loosen,Loosen1_21.wav,train,stft,mtf
Loosen1_21_00004.png,Loosen,Loosen1_21.wav,train,stft,mtf
Loosen1_21_00005.png,Loosen,Loosen1_21.wav,train,stft,mtf
Loosen1_21_00006.png,Loosen,Loosen1_21.wav,train,stft,mtf
Loosen1_21_00007.png,Loosen,Loosen1_21.wav,train,stft,mtf
Loosen1_21_00008.png,Loosen,Loosen1_21.wav,train,stft,mtf
Loosen1_117_00000.png,Loosen,Loosen1_117.wav,train,stft,mtf
Loosen1_117_00001.png,Loosen,Loosen1_117.wav,train,stft,mtf
Loosen1_117_00002.png,Loosen,Loosen1_117.wav,train,stft,mtf
Loosen1_117_00003.png,Loosen,Loosen1_117.wav,train,stft,mtf
Loosen1_117_00004.png,Loosen,Loosen1_117.wav,train,stft,mtf
Loosen1_117_00005.png,Loosen,Loosen1_117.wav,train,stft,mtf
Loosen1_117_00006.png,Loosen,Loosen1_117.wav,train,stft,mtf
Loosen1_117_00007.png,Loosen,Loosen1_117.wav,train,stft,mtf
Loosen1_117_00008.png,Loosen,Loosen1_117.wav,train,stft,mtf
Loosen1_29_00000.png,Loosen,Loosen1_29.wav,train,stft,mtf
Loosen1_29_00001.png,Loosen,Loosen1_29.wav,train,stft,mtf
Loosen1_29_00002.png,Loosen,Loosen1_29.wav,train,stft,mtf
Loosen1_29_00003.png,Loosen,Loosen1_29.wav,train,stft,mtf
Loosen1_29_00004.png,Loosen,Loosen1_29.wav,train,stft,mtf
Loosen1_29_00005.png,Loosen,Loosen1_29.wav,train,stft,mtf
Loosen1_29_00006.png,Loosen,Loosen1_29.wav,train,stft,mtf
Loosen1_29_00007.png,Loosen,Loosen1_29.wav,train,stft,mtf
Loosen1_29_00008.png,Loosen,Loosen1_29.wav,train,stft,mtf
Loosen1_22_00000.png,Loosen,Loosen1_22.wav,train,stft,mtf
Loosen1_22_00001.png,Loosen,Loosen1_22.wav,train,stft,mtf
Loosen1_22_00002.png,Loosen,Loosen1_22.wav,train,stft,mtf
Loosen1_22_00003.png,Loosen,Loosen1_22.wav,train,stft,mtf
Loosen1_22_00004.png,Loosen,Loosen1_22.wav,train,stft,mtf
Loosen1_22_00005.png,Loosen,Loosen1_22.wav,train,stft,mtf
Loosen1_22_00006.png,Loosen,Loosen1_22.wav,train,stft,mtf
Loosen1_22_00007.png,Loosen,Loosen1_22.wav,train,stft,mtf
Loosen1_22_00008.png,Loosen,Loosen1_22.wav,train,stft,mtf
Loosen1_37_00000.png,Loosen,Loosen1_37.wav,train,stft,mtf
Loosen1_37_00001.png,Loosen,Loosen1_37.wav,train,stft,mtf
Loosen1_37_00002.png,Loosen,Loosen1_37.wav,train,stft,mtf
Loosen1_37_00003.png,Loosen,Loosen1_37.wav,train,stft,mtf
Loosen1_37_00004.png,Loosen,Loosen1_37.wav,train,stft,mtf
Loosen1_37_00005.png,Loosen,Loosen1_37.wav,train,stft,mtf
Loosen1_37_00006.png,Loosen,Loosen1_37.wav,train,stft,mtf
Loosen1_37_00007.png,Loosen,Loosen1_37.wav,train,stft,mtf
Loosen1_37_00008.png,Loosen,Loosen1_37.wav,train,stft,mtf
Loosen1_72_00000.png,Loosen,Loosen1_72.wav,train,stft,mtf
Loosen1_72_00001.png,Loosen,Loosen1_72.wav,train,stft,mtf
Loosen1_72_00002.png,Loosen,Loosen1_72.wav,train,stft,mtf
Loosen1_72_00003.png,Loosen,Loosen1_72.wav,train,stft,mtf
Loosen1_72_00004.png,Loosen,Loosen1_72.wav,train,stft,mtf
Loosen1_72_00005.png,Loosen,Loosen1_72.wav,train,stft,mtf
Loosen1_72_00006.png,Loosen,Loosen1_72.wav,train,stft,mtf
Loosen1_72_00007.png,Loosen,Loosen1_72.wav,train,stft,mtf
Loosen1_72_00008.png,Loosen,Loosen1_72.wav,train,stft,mtf
Loosen1_64_00000.png,Loosen,Loosen1_64.wav,train,stft,mtf
Loosen1_64_00001.png,Loosen,Loosen1_64.wav,train,stft,mtf
Loosen1_64_00002.png,Loosen,Loosen1_64.wav,train,stft,mtf
Loosen1_64_00003.png,Loosen,Loosen1_64.wav,train,stft,mtf
Loosen1_64_00004.png,Loosen,Loosen1_64.wav,train,stft,mtf
Loosen1_64_00005.png,Loosen,Loosen1_64.wav,train,stft,mtf
Loosen1_64_00006.png,Loosen,Loosen1_64.wav,train,stft,mtf
Loosen1_64_00007.png,Loosen,Loosen1_64.wav,train,stft,mtf
Loosen1_64_00008.png,Loosen,Loosen1_64.wav,train,stft,mtf
Loosen1_92_00000.png,Loosen,Loosen1_92.wav,train,stft,mtf
Loosen1_92_00001.png,Loosen,Loosen1_92.wav,train,stft,mtf
Loosen1_92_00002.png,Loosen,Loosen1_92.wav,train,stft,mtf
Loosen1_92_00003.png,Loosen,Loosen1_92.wav,train,stft,mtf
Loosen1_92_00004.png,Loosen,Loosen1_92.wav,train,stft,mtf
Loosen1_92_00005.png,Loosen,Loosen1_92.wav,train,stft,mtf
Loosen1_92_00006.png,Loosen,Loosen1_92.wav,train,stft,mtf
Loosen1_92_00007.png,Loosen,Loosen1_92.wav,train,stft,mtf
Loosen1_92_00008.png,Loosen,Loosen1_92.wav,train,stft,mtf
Loosen1_52_00000.png,Loosen,Loosen1_52.wav,train,stft,mtf
Loosen1_52_00001.png,Loosen,Loosen1_52.wav,train,stft,mtf
Loosen1_52_00002.png,Loosen,Loosen1_52.wav,train,stft,mtf
Loosen1_52_00003.png,Loosen,Loosen1_52.wav,train,stft,mtf
Loosen1_52_00004.png,Loosen,Loosen1_52.wav,train,stft,mtf
Loosen1_52_00005.png,Loosen,Loosen1_52.wav,train,stft,mtf
Loosen1_52_00006.png,Loosen,Loosen1_52.wav,train,stft,mtf
Loosen1_52_00007.png,Loosen,Loosen1_52.wav,train,stft,mtf
Loosen1_52_00008.png,Loosen,Loosen1_52.wav,train,stft,mtf
Loosen1_44_00000.png,Loosen,Loosen1_44.wav,train,stft,mtf
Loosen1_44_00001.png,Loosen,Loosen1_44.wav,train,stft,mtf
Loosen1_44_00002.png,Loosen,Loosen1_44.wav,train,stft,mtf
Loosen1_44_00003.png,Loosen,Loosen1_44.wav,train,stft,mtf
Loosen1_44_00004.png,Loosen,Loosen1_44.wav,train,stft,mtf
Loosen1_44_00005.png,Loosen,Loosen1_44.wav,train,stft,mtf
Loosen1_44_00006.png,Loosen,Loosen1_44.wav,train,stft,mtf
Loosen1_44_00007.png,Loosen,Loosen1_44.wav,train,stft,mtf
Loosen1_44_00008.png,Loosen,Loosen1_44.wav,train,stft,mtf
Loosen1_55_00000.png,Loosen,Loosen1_55.wav,train,stft,mtf
Loosen1_55_00001.png,Loosen,Loosen1_55.wav,train,stft,mtf
Loosen1_55_00002.png,Loosen,Loosen1_55.wav,train,stft,mtf
Loosen1_55_00003.png,Loosen,Loosen1_55.wav,train,stft,mtf
Loosen1_55_00004.png,Loosen,Loosen1_55.wav,train,stft,mtf
Loosen1_55_00005.png,Loosen,Loosen1_55.wav,train,stft,mtf
Loosen1_55_00006.png,Loosen,Loosen1_55.wav,train,stft,mtf
Loosen1_55_00007.png,Loosen,Loosen1_55.wav,train,stft,mtf
Loosen1_55_00008.png,Loosen,Loosen1_55.wav,train,stft,mtf
Loosen1_88_00000.png,Loosen,Loosen1_88.wav,train,stft,mtf
Loosen1_88_00001.png,Loosen,Loosen1_88.wav,train,stft,mtf
Loosen1_88_00002.png,Loosen,Loosen1_88.wav,train,stft,mtf
Loosen1_88_00003.png,Loosen,Loosen1_88.wav,train,stft,mtf
Loosen1_88_00004.png,Loosen,Loosen1_88.wav,train,stft,mtf
Loosen1_88_00005.png,Loosen,Loosen1_88.wav,train,stft,mtf
Loosen1_88_00006.png,Loosen,Loosen1_88.wav,train,stft,mtf
Loosen1_88_00007.png,Loosen,Loosen1_88.wav,train,stft,mtf
Loosen1_88_00008.png,Loosen,Loosen1_88.wav,train,stft,mtf
Loosen1_115_00000.png,Loosen,Loosen1_115.wav,train,stft,mtf
Loosen1_115_00001.png,Loosen,Loosen1_115.wav,train,stft,mtf
Loosen1_115_00002.png,Loosen,Loosen1_115.wav,train,stft,mtf
Loosen1_115_00003.png,Loosen,Loosen1_115.wav,train,stft,mtf
Loosen1_115_00004.png,Loosen,Loosen1_115.wav,train,stft,mtf
Loosen1_115_00005.png,Loosen,Loosen1_115.wav,train,stft,mtf
Loosen1_115_00006.png,Loosen,Loosen1_115.wav,train,stft,mtf
Loosen1_115_00007.png,Loosen,Loosen1_115.wav,train,stft,mtf
Loosen1_115_00008.png,Loosen,Loosen1_115.wav,train,stft,mtf
Loosen1_99_00000.png,Loosen,Loosen1_99.wav,train,stft,mtf
Loosen1_99_00001.png,Loosen,Loosen1_99.wav,train,stft,mtf
Loosen1_99_00002.png,Loosen,Loosen1_99.wav,train,stft,mtf
Loosen1_99_00003.png,Loosen,Loosen1_99.wav,train,stft,mtf
Loosen1_99_00004.png,Loosen,Loosen1_99.wav,train,stft,mtf
Loosen1_99_00005.png,Loosen,Loosen1_99.wav,train,stft,mtf
Loosen1_99_00006.png,Loosen,Loosen1_99.wav,train,stft,mtf
Loosen1_99_00007.png,Loosen,Loosen1_99.wav,train,stft,mtf
Loosen1_99_00008.png,Loosen,Loosen1_99.wav,train,stft,mtf
Loosen1_86_00000.png,Loosen,Loosen1_86.wav,train,stft,mtf
Loosen1_86_00001.png,Loosen,Loosen1_86.wav,train,stft,mtf
Loosen1_86_00002.png,Loosen,Loosen1_86.wav,train,stft,mtf
Loosen1_86_00003.png,Loosen,Loosen1_86.wav,train,stft,mtf
Loosen1_86_00004.png,Loosen,Loosen1_86.wav,train,stft,mtf
Loosen1_86_00005.png,Loosen,Loosen1_86.wav,train,stft,mtf
Loosen1_86_00006.png,Loosen,Loosen1_86.wav,train,stft,mtf
Loosen1_86_00007.png,Loosen,Loosen1_86.wav,train,stft,mtf
Loosen1_86_00008.png,Loosen,Loosen1_86.wav,train,stft,mtf
Loosen1_80_00000.png,Loosen,Loosen1_80.wav,train,stft,mtf
Loosen1_80_00001.png,Loosen,Loosen1_80.wav,train,stft,mtf
Loosen1_80_00002.png,Loosen,Loosen1_80.wav,train,stft,mtf
Loosen1_80_00003.png,Loosen,Loosen1_80.wav,train,stft,mtf
Loosen1_80_00004.png,Loosen,Loosen1_80.wav,train,stft,mtf
Loosen1_80_00005.png,Loosen,Loosen1_80.wav,train,stft,mtf
Loosen1_80_00006.png,Loosen,Loosen1_80.wav,train,stft,mtf
Loosen1_80_00007.png,Loosen,Loosen1_80.wav,train,stft,mtf
Loosen1_80_00008.png,Loosen,Loosen1_80.wav,train,stft,mtf
Loosen1_1_00000.png,Loosen,Loosen1_1.wav,train,stft,mtf
Loosen1_1_00001.png,Loosen,Loosen1_1.wav,train,stft,mtf
Loosen1_1_00002.png,Loosen,Loosen1_1.wav,train,stft,mtf
Loosen1_1_00003.png,Loosen,Loosen1_1.wav,train,stft,mtf
Loosen1_1_00004.png,Loosen,Loosen1_1.wav,train,stft,mtf
Loosen1_1_00005.png,Loosen,Loosen1_1.wav,train,stft,mtf
Loosen1_1_00006.png,Loosen,Loosen1_1.wav,train,stft,mtf
Loosen1_1_00007.png,Loosen,Loosen1_1.wav,train,stft,mtf
Loosen1_1_00008.png,Loosen,Loosen1_1.wav,train,stft,mtf
Loosen1_60_00000.png,Loosen,Loosen1_60.wav,train,stft,mtf
Loosen1_60_00001.png,Loosen,Loosen1_60.wav,train,stft,mtf
Loosen1_60_00002.png,Loosen,Loosen1_60.wav,train,stft,mtf
Loosen1_60_00003.png,Loosen,Loosen1_60.wav,train,stft,mtf
Loosen1_60_00004.png,Loosen,Loosen1_60.wav,train,stft,mtf
Loosen1_60_00005.png,Loosen,Loosen1_60.wav,train,stft,mtf
Loosen1_60_00006.png,Loosen,Loosen1_60.wav,train,stft,mtf
Loosen1_60_00007.png,Loosen,Loosen1_60.wav,train,stft,mtf
Loosen1_60_00008.png,Loosen,Loosen1_60.wav,train,stft,mtf
Loosen1_51_00000.png,Loosen,Loosen1_51.wav,train,stft,mtf
Loosen1_51_00001.png,Loosen,Loosen1_51.wav,train,stft,mtf
Loosen1_51_00002.png,Loosen,Loosen1_51.wav,train,stft,mtf
Loosen1_51_00003.png,Loosen,Loosen1_51.wav,train,stft,mtf
Loosen1_51_00004.png,Loosen,Loosen1_51.wav,train,stft,mtf
Loosen1_51_00005.png,Loosen,Loosen1_51.wav,train,stft,mtf
Loosen1_51_00006.png,Loosen,Loosen1_51.wav,train,stft,mtf
Loosen1_51_00007.png,Loosen,Loosen1_51.wav,train,stft,mtf
Loosen1_51_00008.png,Loosen,Loosen1_51.wav,train,stft,mtf
Loosen1_101_00000.png,Loosen,Loosen1_101.wav,train,stft,mtf
Loosen1_101_00001.png,Loosen,Loosen1_101.wav,train,stft,mtf
Loosen1_101_00002.png,Loosen,Loosen1_101.wav,train,stft,mtf
Loosen1_101_00003.png,Loosen,Loosen1_101.wav,train,stft,mtf
Loosen1_101_00004.png,Loosen,Loosen1_101.wav,train,stft,mtf
Loosen1_101_00005.png,Loosen,Loosen1_101.wav,train,stft,mtf
Loosen1_101_00006.png,Loosen,Loosen1_101.wav,train,stft,mtf
Loosen1_101_00007.png,Loosen,Loosen1_101.wav,train,stft,mtf
Loosen1_101_00008.png,Loosen,Loosen1_101.wav,train,stft,mtf
Loosen1_14_00000.png,Loosen,Loosen1_14.wav,train,stft,mtf
Loosen1_14_00001.png,Loosen,Loosen1_14.wav,train,stft,mtf
Loosen1_14_00002.png,Loosen,Loosen1_14.wav,train,stft,mtf
Loosen1_14_00003.png,Loosen,Loosen1_14.wav,train,stft,mtf
Loosen1_14_00004.png,Loosen,Loosen1_14.wav,train,stft,mtf
Loosen1_14_00005.png,Loosen,Loosen1_14.wav,train,stft,mtf
Loosen1_14_00006.png,Loosen,Loosen1_14.wav,train,stft,mtf
Loosen1_14_00007.png,Loosen,Loosen1_14.wav,train,stft,mtf
Loosen1_14_00008.png,Loosen,Loosen1_14.wav,train,stft,mtf
Loosen1_63_00000.png,Loosen,Loosen1_63.wav,train,stft,mtf
Loosen1_63_00001.png,Loosen,Loosen1_63.wav,train,stft,mtf
Loosen1_63_00002.png,Loosen,Loosen1_63.wav,train,stft,mtf
Loosen1_63_00003.png,Loosen,Loosen1_63.wav,train,stft,mtf
Loosen1_63_00004.png,Loosen,Loosen1_63.wav,train,stft,mtf
Loosen1_63_00005.png,Loosen,Loosen1_63.wav,train,stft,mtf
Loosen1_63_00006.png,Loosen,Loosen1_63.wav,train,stft,mtf
Loosen1_63_00007.png,Loosen,Loosen1_63.wav,train,stft,mtf
Loosen1_63_00008.png,Loosen,Loosen1_63.wav,train,stft,mtf
Loosen1_95_00000.png,Loosen,Loosen1_95.wav,train,stft,mtf
Loosen1_95_00001.png,Loosen,Loosen1_95.wav,train,stft,mtf
Loosen1_95_00002.png,Loosen,Loosen1_95.wav,train,stft,mtf
Loosen1_95_00003.png,Loosen,Loosen1_95.wav,train,stft,mtf
Loosen1_95_00004.png,Loosen,Loosen1_95.wav,train,stft,mtf
Loosen1_95_00005.png,Loosen,Loosen1_95.wav,train,stft,mtf
Loosen1_95_00006.png,Loosen,Loosen1_95.wav,train,stft,mtf
Loosen1_95_00007.png,Loosen,Loosen1_95.wav,train,stft,mtf
Loosen1_95_00008.png,Loosen,Loosen1_95.wav,train,stft,mtf
Loosen1_6_00000.png,Loosen,Loosen1_6.wav,train,stft,mtf
Loosen1_6_00001.png,Loosen,Loosen1_6.wav,train,stft,mtf
Loosen1_6_00002.png,Loosen,Loosen1_6.wav,train,stft,mtf
Loosen1_6_00003.png,Loosen,Loosen1_6.wav,train,stft,mtf
Loosen1_6_00004.png,Loosen,Loosen1_6.wav,train,stft,mtf
Loosen1_6_00005.png,Loosen,Loosen1_6.wav,train,stft,mtf
Loosen1_6_00006.png,Loosen,Loosen1_6.wav,train,stft,mtf
Loosen1_6_00007.png,Loosen,Loosen1_6.wav,train,stft,mtf
Loosen1_6_00008.png,Loosen,Loosen1_6.wav,train,stft,mtf
Loosen1_15_00000.png,Loosen,Loosen1_15.wav,train,stft,mtf
Loosen1_15_00001.png,Loosen,Loosen1_15.wav,train,stft,mtf
Loosen1_15_00002.png,Loosen,Loosen1_15.wav,train,stft,mtf
Loosen1_15_00003.png,Loosen,Loosen1_15.wav,train,stft,mtf
Loosen1_15_00004.png,Loosen,Loosen1_15.wav,train,stft,mtf
Loosen1_15_00005.png,Loosen,Loosen1_15.wav,train,stft,mtf
Loosen1_15_00006.png,Loosen,Loosen1_15.wav,train,stft,mtf
Loosen1_15_00007.png,Loosen,Loosen1_15.wav,train,stft,mtf
Loosen1_15_00008.png,Loosen,Loosen1_15.wav,train,stft,mtf
Loosen1_108_00000.png,Loosen,Loosen1_108.wav,train,stft,mtf
Loosen1_108_00001.png,Loosen,Loosen1_108.wav,train,stft,mtf
Loosen1_108_00002.png,Loosen,Loosen1_108.wav,train,stft,mtf
Loosen1_108_00003.png,Loosen,Loosen1_108.wav,train,stft,mtf
Loosen1_108_00004.png,Loosen,Loosen1_108.wav,train,stft,mtf
Loosen1_108_00005.png,Loosen,Loosen1_108.wav,train,stft,mtf
Loosen1_108_00006.png,Loosen,Loosen1_108.wav,train,stft,mtf
Loosen1_108_00007.png,Loosen,Loosen1_108.wav,train,stft,mtf
Loosen1_108_00008.png,Loosen,Loosen1_108.wav,train,stft,mtf
Loosen1_112_00000.png,Loosen,Loosen1_112.wav,train,stft,mtf
Loosen1_112_00001.png,Loosen,Loosen1_112.wav,train,stft,mtf
Loosen1_112_00002.png,Loosen,Loosen1_112.wav,train,stft,mtf
Loosen1_112_00003.png,Loosen,Loosen1_112.wav,train,stft,mtf
Loosen1_112_00004.png,Loosen,Loosen1_112.wav,train,stft,mtf
Loosen1_112_00005.png,Loosen,Loosen1_112.wav,train,stft,mtf
Loosen1_112_00006.png,Loosen,Loosen1_112.wav,train,stft,mtf
Loosen1_112_00007.png,Loosen,Loosen1_112.wav,train,stft,mtf
Loosen1_112_00008.png,Loosen,Loosen1_112.wav,train,stft,mtf
Loosen1_57_00000.png,Loosen,Loosen1_57.wav,train,stft,mtf
Loosen1_57_00001.png,Loosen,Loosen1_57.wav,train,stft,mtf
Loosen1_57_00002.png,Loosen,Loosen1_57.wav,train,stft,mtf
Loosen1_57_00003.png,Loosen,Loosen1_57.wav,train,stft,mtf
Loosen1_57_00004.png,Loosen,Loosen1_57.wav,train,stft,mtf
Loosen1_57_00005.png,Loosen,Loosen1_57.wav,train,stft,mtf
Loosen1_57_00006.png,Loosen,Loosen1_57.wav,train,stft,mtf
Loosen1_57_00007.png,Loosen,Loosen1_57.wav,train,stft,mtf
Loosen1_57_00008.png,Loosen,Loosen1_57.wav,train,stft,mtf
Loosen1_35_00000.png,Loosen,Loosen1_35.wav,train,stft,mtf
Loosen1_35_00001.png,Loosen,Loosen1_35.wav,train,stft,mtf
Loosen1_35_00002.png,Loosen,Loosen1_35.wav,train,stft,mtf
Loosen1_35_00003.png,Loosen,Loosen1_35.wav,train,stft,mtf
Loosen1_35_00004.png,Loosen,Loosen1_35.wav,train,stft,mtf
Loosen1_35_00005.png,Loosen,Loosen1_35.wav,train,stft,mtf
Loosen1_35_00006.png,Loosen,Loosen1_35.wav,train,stft,mtf
Loosen1_35_00007.png,Loosen,Loosen1_35.wav,train,stft,mtf
Loosen1_35_00008.png,Loosen,Loosen1_35.wav,train,stft,mtf
Loosen1_87_00000.png,Loosen,Loosen1_87.wav,train,stft,mtf
Loosen1_87_00001.png,Loosen,Loosen1_87.wav,train,stft,mtf
Loosen1_87_00002.png,Loosen,Loosen1_87.wav,train,stft,mtf
Loosen1_87_00003.png,Loosen,Loosen1_87.wav,train,stft,mtf
Loosen1_87_00004.png,Loosen,Loosen1_87.wav,train,stft,mtf
Loosen1_87_00005.png,Loosen,Loosen1_87.wav,train,stft,mtf
Loosen1_87_00006.png,Loosen,Loosen1_87.wav,train,stft,mtf
Loosen1_87_00007.png,Loosen,Loosen1_87.wav,train,stft,mtf
Loosen1_87_00008.png,Loosen,Loosen1_87.wav,train,stft,mtf
Loosen1_103_00000.png,Loosen,Loosen1_103.wav,train,stft,mtf
Loosen1_103_00001.png,Loosen,Loosen1_103.wav,train,stft,mtf
Loosen1_103_00002.png,Loosen,Loosen1_103.wav,train,stft,mtf
Loosen1_103_00003.png,Loosen,Loosen1_103.wav,train,stft,mtf
Loosen1_103_00004.png,Loosen,Loosen1_103.wav,train,stft,mtf
Loosen1_103_00005.png,Loosen,Loosen1_103.wav,train,stft,mtf
Loosen1_103_00006.png,Loosen,Loosen1_103.wav,train,stft,mtf
Loosen1_103_00007.png,Loosen,Loosen1_103.wav,train,stft,mtf
Loosen1_103_00008.png,Loosen,Loosen1_103.wav,train,stft,mtf
Loosen1_89_00000.png,Loosen,Loosen1_89.wav,train,stft,mtf
Loosen1_89_00001.png,Loosen,Loosen1_89.wav,train,stft,mtf
Loosen1_89_00002.png,Loosen,Loosen1_89.wav,train,stft,mtf
Loosen1_89_00003.png,Loosen,Loosen1_89.wav,train,stft,mtf
Loosen1_89_00004.png,Loosen,Loosen1_89.wav,train,stft,mtf
Loosen1_89_00005.png,Loosen,Loosen1_89.wav,train,stft,mtf
Loosen1_89_00006.png,Loosen,Loosen1_89.wav,train,stft,mtf
Loosen1_89_00007.png,Loosen,Loosen1_89.wav,train,stft,mtf
Loosen1_89_00008.png,Loosen,Loosen1_89.wav,train,stft,mtf
Loosen1_10_00000.png,Loosen,Loosen1_10.wav,train,stft,mtf
Loosen1_10_00001.png,Loosen,Loosen1_10.wav,train,stft,mtf
Loosen1_10_00002.png,Loosen,Loosen1_10.wav,train,stft,mtf
Loosen1_10_00003.png,Loosen,Loosen1_10.wav,train,stft,mtf
Loosen1_10_00004.png,Loosen,Loosen1_10.wav,train,stft,mtf
Loosen1_10_00005.png,Loosen,Loosen1_10.wav,train,stft,mtf
Loosen1_10_00006.png,Loosen,Loosen1_10.wav,train,stft,mtf
Loosen1_10_00007.png,Loosen,Loosen1_10.wav,train,stft,mtf
Loosen1_10_00008.png,Loosen,Loosen1_10.wav,train,stft,mtf
Loosen1_70_00000.png,Loosen,Loosen1_70.wav,train,stft,mtf
Loosen1_70_00001.png,Loosen,Loosen1_70.wav,train,stft,mtf
Loosen1_70_00002.png,Loosen,Loosen1_70.wav,train,stft,mtf
Loosen1_70_00003.png,Loosen,Loosen1_70.wav,train,stft,mtf
Loosen1_70_00004.png,Loosen,Loosen1_70.wav,train,stft,mtf
Loosen1_70_00005.png,Loosen,Loosen1_70.wav,train,stft,mtf
Loosen1_70_00006.png,Loosen,Loosen1_70.wav,train,stft,mtf
Loosen1_70_00007.png,Loosen,Loosen1_70.wav,train,stft,mtf
Loosen1_70_00008.png,Loosen,Loosen1_70.wav,train,stft,mtf
Loosen1_9_00000.png,Loosen,Loosen1_9.wav,train,stft,mtf
Loosen1_9_00001.png,Loosen,Loosen1_9.wav,train,stft,mtf
Loosen1_9_00002.png,Loosen,Loosen1_9.wav,train,stft,mtf
Loosen1_9_00003.png,Loosen,Loosen1_9.wav,train,stft,mtf
Loosen1_9_00004.png,Loosen,Loosen1_9.wav,train,stft,mtf
Loosen1_9_00005.png,Loosen,Loosen1_9.wav,train,stft,mtf
Loosen1_9_00006.png,Loosen,Loosen1_9.wav,train,stft,mtf
Loosen1_9_00007.png,Loosen,Loosen1_9.wav,train,stft,mtf
Loosen1_9_00008.png,Loosen,Loosen1_9.wav,train,stft,mtf
Loosen1_42_00000.png,Loosen,Loosen1_42.wav,train,stft,mtf
Loosen1_42_00001.png,Loosen,Loosen1_42.wav,train,stft,mtf
Loosen1_42_00002.png,Loosen,Loosen1_42.wav,train,stft,mtf
Loosen1_42_00003.png,Loosen,Loosen1_42.wav,train,stft,mtf
Loosen1_42_00004.png,Loosen,Loosen1_42.wav,train,stft,mtf
Loosen1_42_00005.png,Loosen,Loosen1_42.wav,train,stft,mtf
Loosen1_42_00006.png,Loosen,Loosen1_42.wav,train,stft,mtf
Loosen1_42_00007.png,Loosen,Loosen1_42.wav,train,stft,mtf
Loosen1_42_00008.png,Loosen,Loosen1_42.wav,train,stft,mtf
Loosen1_93_00000.png,Loosen,Loosen1_93.wav,train,stft,mtf
Loosen1_93_00001.png,Loosen,Loosen1_93.wav,train,stft,mtf
Loosen1_93_00002.png,Loosen,Loosen1_93.wav,train,stft,mtf
Loosen1_93_00003.png,Loosen,Loosen1_93.wav,train,stft,mtf
Loosen1_93_00004.png,Loosen,Loosen1_93.wav,train,stft,mtf
Loosen1_93_00005.png,Loosen,Loosen1_93.wav,train,stft,mtf
Loosen1_93_00006.png,Loosen,Loosen1_93.wav,train,stft,mtf
Loosen1_93_00007.png,Loosen,Loosen1_93.wav,train,stft,mtf
Loosen1_93_00008.png,Loosen,Loosen1_93.wav,train,stft,mtf
Loosen1_62_00000.png,Loosen,Loosen1_62.wav,train,stft,mtf
Loosen1_62_00001.png,Loosen,Loosen1_62.wav,train,stft,mtf
Loosen1_62_00002.png,Loosen,Loosen1_62.wav,train,stft,mtf
Loosen1_62_00003.png,Loosen,Loosen1_62.wav,train,stft,mtf
Loosen1_62_00004.png,Loosen,Loosen1_62.wav,train,stft,mtf
Loosen1_62_00005.png,Loosen,Loosen1_62.wav,train,stft,mtf
Loosen1_62_00006.png,Loosen,Loosen1_62.wav,train,stft,mtf
Loosen1_62_00007.png,Loosen,Loosen1_62.wav,train,stft,mtf
Loosen1_62_00008.png,Loosen,Loosen1_62.wav,train,stft,mtf
Loosen1_71_00000.png,Loosen,Loosen1_71.wav,train,stft,mtf
Loosen1_71_00001.png,Loosen,Loosen1_71.wav,train,stft,mtf
Loosen1_71_00002.png,Loosen,Loosen1_71.wav,train,stft,mtf
Loosen1_71_00003.png,Loosen,Loosen1_71.wav,train,stft,mtf
Loosen1_71_00004.png,Loosen,Loosen1_71.wav,train,stft,mtf
Loosen1_71_00005.png,Loosen,Loosen1_71.wav,train,stft,mtf
Loosen1_71_00006.png,Loosen,Loosen1_71.wav,train,stft,mtf
Loosen1_71_00007.png,Loosen,Loosen1_71.wav,train,stft,mtf
Loosen1_71_00008.png,Loosen,Loosen1_71.wav,train,stft,mtf
Loosen1_90_00000.png,Loosen,Loosen1_90.wav,train,stft,mtf
Loosen1_90_00001.png,Loosen,Loosen1_90.wav,train,stft,mtf
Loosen1_90_00002.png,Loosen,Loosen1_90.wav,train,stft,mtf
Loosen1_90_00003.png,Loosen,Loosen1_90.wav,train,stft,mtf
Loosen1_90_00004.png,Loosen,Loosen1_90.wav,train,stft,mtf
Loosen1_90_00005.png,Loosen,Loosen1_90.wav,train,stft,mtf
Loosen1_90_00006.png,Loosen,Loosen1_90.wav,train,stft,mtf
Loosen1_90_00007.png,Loosen,Loosen1_90.wav,train,stft,mtf
Loosen1_90_00008.png,Loosen,Loosen1_90.wav,train,stft,mtf
Normal_part32_00000.png,Normal,Normal_part32.wav,train,stft,mtf
Normal_part32_00001.png,Normal,Normal_part32.wav,train,stft,mtf
Normal_part32_00002.png,Normal,Normal_part32.wav,train,stft,mtf
Normal_part32_00003.png,Normal,Normal_part32.wav,train,stft,mtf
Normal_part32_00004.png,Normal,Normal_part32.wav,train,stft,mtf
Normal_part32_00005.png,Normal,Normal_part32.wav,train,stft,mtf
Normal_part32_00006.png,Normal,Normal_part32.wav,train,stft,mtf
Normal_part32_00007.png,Normal,Normal_part32.wav,train,stft,mtf
Normal_part32_00008.png,Normal,Normal_part32.wav,train,stft,mtf
Normal_part19_00000.png,Normal,Normal_part19.wav,train,stft,mtf
Normal_part19_00001.png,Normal,Normal_part19.wav,train,stft,mtf
Normal_part19_00002.png,Normal,Normal_part19.wav,train,stft,mtf
Normal_part19_00003.png,Normal,Normal_part19.wav,train,stft,mtf
Normal_part19_00004.png,Normal,Normal_part19.wav,train,stft,mtf
Normal_part19_00005.png,Normal,Normal_part19.wav,train,stft,mtf
Normal_part19_00006.png,Normal,Normal_part19.wav,train,stft,mtf
Normal_part19_00007.png,Normal,Normal_part19.wav,train,stft,mtf
Normal_part19_00008.png,Normal,Normal_part19.wav,train,stft,mtf
Normal_part5_00000.png,Normal,Normal_part5.wav,train,stft,mtf
Normal_part5_00001.png,Normal,Normal_part5.wav,train,stft,mtf
Normal_part5_00002.png,Normal,Normal_part5.wav,train,stft,mtf
Normal_part5_00003.png,Normal,Normal_part5.wav,train,stft,mtf
Normal_part5_00004.png,Normal,Normal_part5.wav,train,stft,mtf
Normal_part5_00005.png,Normal,Normal_part5.wav,train,stft,mtf
Normal_part5_00006.png,Normal,Normal_part5.wav,train,stft,mtf
Normal_part5_00007.png,Normal,Normal_part5.wav,train,stft,mtf
Normal_part5_00008.png,Normal,Normal_part5.wav,train,stft,mtf
Normal_part25_00000.png,Normal,Normal_part25.wav,train,stft,mtf
Normal_part25_00001.png,Normal,Normal_part25.wav,train,stft,mtf
Normal_part25_00002.png,Normal,Normal_part25.wav,train,stft,mtf
Normal_part25_00003.png,Normal,Normal_part25.wav,train,stft,mtf
Normal_part25_00004.png,Normal,Normal_part25.wav,train,stft,mtf
Normal_part25_00005.png,Normal,Normal_part25.wav,train,stft,mtf
Normal_part25_00006.png,Normal,Normal_part25.wav,train,stft,mtf
Normal_part25_00007.png,Normal,Normal_part25.wav,train,stft,mtf
Normal_part25_00008.png,Normal,Normal_part25.wav,train,stft,mtf
Normal_part41_00000.png,Normal,Normal_part41.wav,train,stft,mtf
Normal_part41_00001.png,Normal,Normal_part41.wav,train,stft,mtf
Normal_part41_00002.png,Normal,Normal_part41.wav,train,stft,mtf
Normal_part41_00003.png,Normal,Normal_part41.wav,train,stft,mtf
Normal_part41_00004.png,Normal,Normal_part41.wav,train,stft,mtf
Normal_part41_00005.png,Normal,Normal_part41.wav,train,stft,mtf
Normal_part41_00006.png,Normal,Normal_part41.wav,train,stft,mtf
Normal_part41_00007.png,Normal,Normal_part41.wav,train,stft,mtf
Normal_part41_00008.png,Normal,Normal_part41.wav,train,stft,mtf
Normal_part89_00000.png,Normal,Normal_part89.wav,train,stft,mtf
Normal_part89_00001.png,Normal,Normal_part89.wav,train,stft,mtf
Normal_part89_00002.png,Normal,Normal_part89.wav,train,stft,mtf
Normal_part89_00003.png,Normal,Normal_part89.wav,train,stft,mtf
Normal_part89_00004.png,Normal,Normal_part89.wav,train,stft,mtf
Normal_part89_00005.png,Normal,Normal_part89.wav,train,stft,mtf
Normal_part89_00006.png,Normal,Normal_part89.wav,train,stft,mtf
Normal_part89_00007.png,Normal,Normal_part89.wav,train,stft,mtf
Normal_part89_00008.png,Normal,Normal_part89.wav,train,stft,mtf
Normal_part2_00000.png,Normal,Normal_part2.wav,train,stft,mtf
Normal_part2_00001.png,Normal,Normal_part2.wav,train,stft,mtf
Normal_part2_00002.png,Normal,Normal_part2.wav,train,stft,mtf
Normal_part2_00003.png,Normal,Normal_part2.wav,train,stft,mtf
Normal_part2_00004.png,Normal,Normal_part2.wav,train,stft,mtf
Normal_part2_00005.png,Normal,Normal_part2.wav,train,stft,mtf
Normal_part2_00006.png,Normal,Normal_part2.wav,train,stft,mtf
Normal_part2_00007.png,Normal,Normal_part2.wav,train,stft,mtf
Normal_part2_00008.png,Normal,Normal_part2.wav,train,stft,mtf
Normal_part13_00000.png,Normal,Normal_part13.wav,train,stft,mtf
Normal_part13_00001.png,Normal,Normal_part13.wav,train,stft,mtf
Normal_part13_00002.png,Normal,Normal_part13.wav,train,stft,mtf
Normal_part13_00003.png,Normal,Normal_part13.wav,train,stft,mtf
Normal_part13_00004.png,Normal,Normal_part13.wav,train,stft,mtf
Normal_part13_00005.png,Normal,Normal_part13.wav,train,stft,mtf
Normal_part13_00006.png,Normal,Normal_part13.wav,train,stft,mtf
Normal_part13_00007.png,Normal,Normal_part13.wav,train,stft,mtf
Normal_part13_00008.png,Normal,Normal_part13.wav,train,stft,mtf
Normal_part71_00000.png,Normal,Normal_part71.wav,train,stft,mtf
Normal_part71_00001.png,Normal,Normal_part71.wav,train,stft,mtf
Normal_part71_00002.png,Normal,Normal_part71.wav,train,stft,mtf
Normal_part71_00003.png,Normal,Normal_part71.wav,train,stft,mtf
Normal_part71_00004.png,Normal,Normal_part71.wav,train,stft,mtf
Normal_part71_00005.png,Normal,Normal_part71.wav,train,stft,mtf
Normal_part71_00006.png,Normal,Normal_part71.wav,train,stft,mtf
Normal_part71_00007.png,Normal,Normal_part71.wav,train,stft,mtf
Normal_part71_00008.png,Normal,Normal_part71.wav,train,stft,mtf
Normal_part27_00000.png,Normal,Normal_part27.wav,train,stft,mtf
Normal_part27_00001.png,Normal,Normal_part27.wav,train,stft,mtf
Normal_part27_00002.png,Normal,Normal_part27.wav,train,stft,mtf
Normal_part27_00003.png,Normal,Normal_part27.wav,train,stft,mtf
Normal_part27_00004.png,Normal,Normal_part27.wav,train,stft,mtf
Normal_part27_00005.png,Normal,Normal_part27.wav,train,stft,mtf
Normal_part27_00006.png,Normal,Normal_part27.wav,train,stft,mtf
Normal_part27_00007.png,Normal,Normal_part27.wav,train,stft,mtf
Normal_part27_00008.png,Normal,Normal_part27.wav,train,stft,mtf
Normal_part39_00000.png,Normal,Normal_part39.wav,train,stft,mtf
Normal_part39_00001.png,Normal,Normal_part39.wav,train,stft,mtf
Normal_part39_00002.png,Normal,Normal_part39.wav,train,stft,mtf
Normal_part39_00003.png,Normal,Normal_part39.wav,train,stft,mtf
Normal_part39_00004.png,Normal,Normal_part39.wav,train,stft,mtf
Normal_part39_00005.png,Normal,Normal_part39.wav,train,stft,mtf
Normal_part39_00006.png,Normal,Normal_part39.wav,train,stft,mtf
Normal_part39_00007.png,Normal,Normal_part39.wav,train,stft,mtf
Normal_part39_00008.png,Normal,Normal_part39.wav,train,stft,mtf
Normal_part180_00000.png,Normal,Normal_part180.wav,train,stft,mtf
Normal_part180_00001.png,Normal,Normal_part180.wav,train,stft,mtf
Normal_part180_00002.png,Normal,Normal_part180.wav,train,stft,mtf
Normal_part180_00003.png,Normal,Normal_part180.wav,train,stft,mtf
Normal_part180_00004.png,Normal,Normal_part180.wav,train,stft,mtf
Normal_part180_00005.png,Normal,Normal_part180.wav,train,stft,mtf
Normal_part180_00006.png,Normal,Normal_part180.wav,train,stft,mtf
Normal_part180_00007.png,Normal,Normal_part180.wav,train,stft,mtf
Normal_part180_00008.png,Normal,Normal_part180.wav,train,stft,mtf
Normal_part4_00000.png,Normal,Normal_part4.wav,train,stft,mtf
Normal_part4_00001.png,Normal,Normal_part4.wav,train,stft,mtf
Normal_part4_00002.png,Normal,Normal_part4.wav,train,stft,mtf
Normal_part4_00003.png,Normal,Normal_part4.wav,train,stft,mtf
Normal_part4_00004.png,Normal,Normal_part4.wav,train,stft,mtf
Normal_part4_00005.png,Normal,Normal_part4.wav,train,stft,mtf
Normal_part4_00006.png,Normal,Normal_part4.wav,train,stft,mtf
Normal_part4_00007.png,Normal,Normal_part4.wav,train,stft,mtf
Normal_part4_00008.png,Normal,Normal_part4.wav,train,stft,mtf
Normal_part51_00000.png,Normal,Normal_part51.wav,train,stft,mtf
Normal_part51_00001.png,Normal,Normal_part51.wav,train,stft,mtf
Normal_part51_00002.png,Normal,Normal_part51.wav,train,stft,mtf
Normal_part51_00003.png,Normal,Normal_part51.wav,train,stft,mtf
Normal_part51_00004.png,Normal,Normal_part51.wav,train,stft,mtf
Normal_part51_00005.png,Normal,Normal_part51.wav,train,stft,mtf
Normal_part51_00006.png,Normal,Normal_part51.wav,train,stft,mtf
Normal_part51_00007.png,Normal,Normal_part51.wav,train,stft,mtf
Normal_part51_00008.png,Normal,Normal_part51.wav,train,stft,mtf
Normal_part111_00000.png,Normal,Normal_part111.wav,train,stft,mtf
Normal_part111_00001.png,Normal,Normal_part111.wav,train,stft,mtf
Normal_part111_00002.png,Normal,Normal_part111.wav,train,stft,mtf
Normal_part111_00003.png,Normal,Normal_part111.wav,train,stft,mtf
Normal_part111_00004.png,Normal,Normal_part111.wav,train,stft,mtf
Normal_part111_00005.png,Normal,Normal_part111.wav,train,stft,mtf
Normal_part111_00006.png,Normal,Normal_part111.wav,train,stft,mtf
Normal_part111_00007.png,Normal,Normal_part111.wav,train,stft,mtf
Normal_part111_00008.png,Normal,Normal_part111.wav,train,stft,mtf
Normal_part36_00000.png,Normal,Normal_part36.wav,train,stft,mtf
Normal_part36_00001.png,Normal,Normal_part36.wav,train,stft,mtf
Normal_part36_00002.png,Normal,Normal_part36.wav,train,stft,mtf
Normal_part36_00003.png,Normal,Normal_part36.wav,train,stft,mtf
Normal_part36_00004.png,Normal,Normal_part36.wav,train,stft,mtf
Normal_part36_00005.png,Normal,Normal_part36.wav,train,stft,mtf
Normal_part36_00006.png,Normal,Normal_part36.wav,train,stft,mtf
Normal_part36_00007.png,Normal,Normal_part36.wav,train,stft,mtf
Normal_part36_00008.png,Normal,Normal_part36.wav,train,stft,mtf
Normal_part107_00000.png,Normal,Normal_part107.wav,train,stft,mtf
Normal_part107_00001.png,Normal,Normal_part107.wav,train,stft,mtf
Normal_part107_00002.png,Normal,Normal_part107.wav,train,stft,mtf
Normal_part107_00003.png,Normal,Normal_part107.wav,train,stft,mtf
Normal_part107_00004.png,Normal,Normal_part107.wav,train,stft,mtf
Normal_part107_00005.png,Normal,Normal_part107.wav,train,stft,mtf
Normal_part107_00006.png,Normal,Normal_part107.wav,train,stft,mtf
Normal_part107_00007.png,Normal,Normal_part107.wav,train,stft,mtf
Normal_part107_00008.png,Normal,Normal_part107.wav,train,stft,mtf
Normal_part157_00000.png,Normal,Normal_part157.wav,train,stft,mtf
Normal_part157_00001.png,Normal,Normal_part157.wav,train,stft,mtf
Normal_part157_00002.png,Normal,Normal_part157.wav,train,stft,mtf
Normal_part157_00003.png,Normal,Normal_part157.wav,train,stft,mtf
Normal_part157_00004.png,Normal,Normal_part157.wav,train,stft,mtf
Normal_part157_00005.png,Normal,Normal_part157.wav,train,stft,mtf
Normal_part157_00006.png,Normal,Normal_part157.wav,train,stft,mtf
Normal_part157_00007.png,Normal,Normal_part157.wav,train,stft,mtf
Normal_part157_00008.png,Normal,Normal_part157.wav,train,stft,mtf
Normal_part66_00000.png,Normal,Normal_part66.wav,train,stft,mtf
Normal_part66_00001.png,Normal,Normal_part66.wav,train,stft,mtf
Normal_part66_00002.png,Normal,Normal_part66.wav,train,stft,mtf
Normal_part66_00003.png,Normal,Normal_part66.wav,train,stft,mtf
Normal_part66_00004.png,Normal,Normal_part66.wav,train,stft,mtf
Normal_part66_00005.png,Normal,Normal_part66.wav,train,stft,mtf
Normal_part66_00006.png,Normal,Normal_part66.wav,train,stft,mtf
Normal_part66_00007.png,Normal,Normal_part66.wav,train,stft,mtf
Normal_part66_00008.png,Normal,Normal_part66.wav,train,stft,mtf
Normal_part96_00000.png,Normal,Normal_part96.wav,train,stft,mtf
Normal_part96_00001.png,Normal,Normal_part96.wav,train,stft,mtf
Normal_part96_00002.png,Normal,Normal_part96.wav,train,stft,mtf
Normal_part96_00003.png,Normal,Normal_part96.wav,train,stft,mtf
Normal_part96_00004.png,Normal,Normal_part96.wav,train,stft,mtf
Normal_part96_00005.png,Normal,Normal_part96.wav,train,stft,mtf
Normal_part96_00006.png,Normal,Normal_part96.wav,train,stft,mtf
Normal_part96_00007.png,Normal,Normal_part96.wav,train,stft,mtf
Normal_part96_00008.png,Normal,Normal_part96.wav,train,stft,mtf
Normal_part174_00000.png,Normal,Normal_part174.wav,train,stft,mtf
Normal_part174_00001.png,Normal,Normal_part174.wav,train,stft,mtf
Normal_part174_00002.png,Normal,Normal_part174.wav,train,stft,mtf
Normal_part174_00003.png,Normal,Normal_part174.wav,train,stft,mtf
Normal_part174_00004.png,Normal,Normal_part174.wav,train,stft,mtf
Normal_part174_00005.png,Normal,Normal_part174.wav,train,stft,mtf
Normal_part174_00006.png,Normal,Normal_part174.wav,train,stft,mtf
Normal_part174_00007.png,Normal,Normal_part174.wav,train,stft,mtf
Normal_part174_00008.png,Normal,Normal_part174.wav,train,stft,mtf
Normal_part57_00000.png,Normal,Normal_part57.wav,train,stft,mtf
Normal_part57_00001.png,Normal,Normal_part57.wav,train,stft,mtf
Normal_part57_00002.png,Normal,Normal_part57.wav,train,stft,mtf
Normal_part57_00003.png,Normal,Normal_part57.wav,train,stft,mtf
Normal_part57_00004.png,Normal,Normal_part57.wav,train,stft,mtf
Normal_part57_00005.png,Normal,Normal_part57.wav,train,stft,mtf
Normal_part57_00006.png,Normal,Normal_part57.wav,train,stft,mtf
Normal_part57_00007.png,Normal,Normal_part57.wav,train,stft,mtf
Normal_part57_00008.png,Normal,Normal_part57.wav,train,stft,mtf
Normal_part72_00000.png,Normal,Normal_part72.wav,train,stft,mtf
Normal_part72_00001.png,Normal,Normal_part72.wav,train,stft,mtf
Normal_part72_00002.png,Normal,Normal_part72.wav,train,stft,mtf
Normal_part72_00003.png,Normal,Normal_part72.wav,train,stft,mtf
Normal_part72_00004.png,Normal,Normal_part72.wav,train,stft,mtf
Normal_part72_00005.png,Normal,Normal_part72.wav,train,stft,mtf
Normal_part72_00006.png,Normal,Normal_part72.wav,train,stft,mtf
Normal_part72_00007.png,Normal,Normal_part72.wav,train,stft,mtf
Normal_part72_00008.png,Normal,Normal_part72.wav,train,stft,mtf
Normal_part46_00000.png,Normal,Normal_part46.wav,train,stft,mtf
Normal_part46_00001.png,Normal,Normal_part46.wav,train,stft,mtf
Normal_part46_00002.png,Normal,Normal_part46.wav,train,stft,mtf
Normal_part46_00003.png,Normal,Normal_part46.wav,train,stft,mtf
Normal_part46_00004.png,Normal,Normal_part46.wav,train,stft,mtf
Normal_part46_00005.png,Normal,Normal_part46.wav,train,stft,mtf
Normal_part46_00006.png,Normal,Normal_part46.wav,train,stft,mtf
Normal_part46_00007.png,Normal,Normal_part46.wav,train,stft,mtf
Normal_part46_00008.png,Normal,Normal_part46.wav,train,stft,mtf
Normal_part164_00000.png,Normal,Normal_part164.wav,train,stft,mtf
Normal_part164_00001.png,Normal,Normal_part164.wav,train,stft,mtf
Normal_part164_00002.png,Normal,Normal_part164.wav,train,stft,mtf
Normal_part164_00003.png,Normal,Normal_part164.wav,train,stft,mtf
Normal_part164_00004.png,Normal,Normal_part164.wav,train,stft,mtf
Normal_part164_00005.png,Normal,Normal_part164.wav,train,stft,mtf
Normal_part164_00006.png,Normal,Normal_part164.wav,train,stft,mtf
Normal_part164_00007.png,Normal,Normal_part164.wav,train,stft,mtf
Normal_part164_00008.png,Normal,Normal_part164.wav,train,stft,mtf
Normal_part130_00000.png,Normal,Normal_part130.wav,train,stft,mtf
Normal_part130_00001.png,Normal,Normal_part130.wav,train,stft,mtf
Normal_part130_00002.png,Normal,Normal_part130.wav,train,stft,mtf
Normal_part130_00003.png,Normal,Normal_part130.wav,train,stft,mtf
Normal_part130_00004.png,Normal,Normal_part130.wav,train,stft,mtf
Normal_part130_00005.png,Normal,Normal_part130.wav,train,stft,mtf
Normal_part130_00006.png,Normal,Normal_part130.wav,train,stft,mtf
Normal_part130_00007.png,Normal,Normal_part130.wav,train,stft,mtf
Normal_part130_00008.png,Normal,Normal_part130.wav,train,stft,mtf
Normal_part77_00000.png,Normal,Normal_part77.wav,train,stft,mtf
Normal_part77_00001.png,Normal,Normal_part77.wav,train,stft,mtf
Normal_part77_00002.png,Normal,Normal_part77.wav,train,stft,mtf
Normal_part77_00003.png,Normal,Normal_part77.wav,train,stft,mtf
Normal_part77_00004.png,Normal,Normal_part77.wav,train,stft,mtf
Normal_part77_00005.png,Normal,Normal_part77.wav,train,stft,mtf
Normal_part77_00006.png,Normal,Normal_part77.wav,train,stft,mtf
Normal_part77_00007.png,Normal,Normal_part77.wav,train,stft,mtf
Normal_part77_00008.png,Normal,Normal_part77.wav,train,stft,mtf
Normal_part105_00000.png,Normal,Normal_part105.wav,train,stft,mtf
Normal_part105_00001.png,Normal,Normal_part105.wav,train,stft,mtf
Normal_part105_00002.png,Normal,Normal_part105.wav,train,stft,mtf
Normal_part105_00003.png,Normal,Normal_part105.wav,train,stft,mtf
Normal_part105_00004.png,Normal,Normal_part105.wav,train,stft,mtf
Normal_part105_00005.png,Normal,Normal_part105.wav,train,stft,mtf
Normal_part105_00006.png,Normal,Normal_part105.wav,train,stft,mtf
Normal_part105_00007.png,Normal,Normal_part105.wav,train,stft,mtf
Normal_part105_00008.png,Normal,Normal_part105.wav,train,stft,mtf
Normal_part132_00000.png,Normal,Normal_part132.wav,train,stft,mtf
Normal_part132_00001.png,Normal,Normal_part132.wav,train,stft,mtf
Normal_part132_00002.png,Normal,Normal_part132.wav,train,stft,mtf
Normal_part132_00003.png,Normal,Normal_part132.wav,train,stft,mtf
Normal_part132_00004.png,Normal,Normal_part132.wav,train,stft,mtf
Normal_part132_00005.png,Normal,Normal_part132.wav,train,stft,mtf
Normal_part132_00006.png,Normal,Normal_part132.wav,train,stft,mtf
Normal_part132_00007.png,Normal,Normal_part132.wav,train,stft,mtf
Normal_part132_00008.png,Normal,Normal_part132.wav,train,stft,mtf
Normal_part24_00000.png,Normal,Normal_part24.wav,train,stft,mtf
Normal_part24_00001.png,Normal,Normal_part24.wav,train,stft,mtf
Normal_part24_00002.png,Normal,Normal_part24.wav,train,stft,mtf
Normal_part24_00003.png,Normal,Normal_part24.wav,train,stft,mtf
Normal_part24_00004.png,Normal,Normal_part24.wav,train,stft,mtf
Normal_part24_00005.png,Normal,Normal_part24.wav,train,stft,mtf
Normal_part24_00006.png,Normal,Normal_part24.wav,train,stft,mtf
Normal_part24_00007.png,Normal,Normal_part24.wav,train,stft,mtf
Normal_part24_00008.png,Normal,Normal_part24.wav,train,stft,mtf
Normal_part155_00000.png,Normal,Normal_part155.wav,train,stft,mtf
Normal_part155_00001.png,Normal,Normal_part155.wav,train,stft,mtf
Normal_part155_00002.png,Normal,Normal_part155.wav,train,stft,mtf
Normal_part155_00003.png,Normal,Normal_part155.wav,train,stft,mtf
Normal_part155_00004.png,Normal,Normal_part155.wav,train,stft,mtf
Normal_part155_00005.png,Normal,Normal_part155.wav,train,stft,mtf
Normal_part155_00006.png,Normal,Normal_part155.wav,train,stft,mtf
Normal_part155_00007.png,Normal,Normal_part155.wav,train,stft,mtf
Normal_part155_00008.png,Normal,Normal_part155.wav,train,stft,mtf
Normal_part12_00000.png,Normal,Normal_part12.wav,train,stft,mtf
Normal_part12_00001.png,Normal,Normal_part12.wav,train,stft,mtf
Normal_part12_00002.png,Normal,Normal_part12.wav,train,stft,mtf
Normal_part12_00003.png,Normal,Normal_part12.wav,train,stft,mtf
Normal_part12_00004.png,Normal,Normal_part12.wav,train,stft,mtf
Normal_part12_00005.png,Normal,Normal_part12.wav,train,stft,mtf
Normal_part12_00006.png,Normal,Normal_part12.wav,train,stft,mtf
Normal_part12_00007.png,Normal,Normal_part12.wav,train,stft,mtf
Normal_part12_00008.png,Normal,Normal_part12.wav,train,stft,mtf
Normal_part158_00000.png,Normal,Normal_part158.wav,train,stft,mtf
Normal_part158_00001.png,Normal,Normal_part158.wav,train,stft,mtf
Normal_part158_00002.png,Normal,Normal_part158.wav,train,stft,mtf
Normal_part158_00003.png,Normal,Normal_part158.wav,train,stft,mtf
Normal_part158_00004.png,Normal,Normal_part158.wav,train,stft,mtf
Normal_part158_00005.png,Normal,Normal_part158.wav,train,stft,mtf
Normal_part158_00006.png,Normal,Normal_part158.wav,train,stft,mtf
Normal_part158_00007.png,Normal,Normal_part158.wav,train,stft,mtf
Normal_part158_00008.png,Normal,Normal_part158.wav,train,stft,mtf
Normal_part143_00000.png,Normal,Normal_part143.wav,train,stft,mtf
Normal_part143_00001.png,Normal,Normal_part143.wav,train,stft,mtf
Normal_part143_00002.png,Normal,Normal_part143.wav,train,stft,mtf
Normal_part143_00003.png,Normal,Normal_part143.wav,train,stft,mtf
Normal_part143_00004.png,Normal,Normal_part143.wav,train,stft,mtf
Normal_part143_00005.png,Normal,Normal_part143.wav,train,stft,mtf
Normal_part143_00006.png,Normal,Normal_part143.wav,train,stft,mtf
Normal_part143_00007.png,Normal,Normal_part143.wav,train,stft,mtf
Normal_part143_00008.png,Normal,Normal_part143.wav,train,stft,mtf
Normal_part144_00000.png,Normal,Normal_part144.wav,train,stft,mtf
Normal_part144_00001.png,Normal,Normal_part144.wav,train,stft,mtf
Normal_part144_00002.png,Normal,Normal_part144.wav,train,stft,mtf
Normal_part144_00003.png,Normal,Normal_part144.wav,train,stft,mtf
Normal_part144_00004.png,Normal,Normal_part144.wav,train,stft,mtf
Normal_part144_00005.png,Normal,Normal_part144.wav,train,stft,mtf
Normal_part144_00006.png,Normal,Normal_part144.wav,train,stft,mtf
Normal_part144_00007.png,Normal,Normal_part144.wav,train,stft,mtf
Normal_part144_00008.png,Normal,Normal_part144.wav,train,stft,mtf
Normal_part26_00000.png,Normal,Normal_part26.wav,train,stft,mtf
Normal_part26_00001.png,Normal,Normal_part26.wav,train,stft,mtf
Normal_part26_00002.png,Normal,Normal_part26.wav,train,stft,mtf
Normal_part26_00003.png,Normal,Normal_part26.wav,train,stft,mtf
Normal_part26_00004.png,Normal,Normal_part26.wav,train,stft,mtf
Normal_part26_00005.png,Normal,Normal_part26.wav,train,stft,mtf
Normal_part26_00006.png,Normal,Normal_part26.wav,train,stft,mtf
Normal_part26_00007.png,Normal,Normal_part26.wav,train,stft,mtf
Normal_part26_00008.png,Normal,Normal_part26.wav,train,stft,mtf
Normal_part7_00000.png,Normal,Normal_part7.wav,train,stft,mtf
Normal_part7_00001.png,Normal,Normal_part7.wav,train,stft,mtf
Normal_part7_00002.png,Normal,Normal_part7.wav,train,stft,mtf
Normal_part7_00003.png,Normal,Normal_part7.wav,train,stft,mtf
Normal_part7_00004.png,Normal,Normal_part7.wav,train,stft,mtf
Normal_part7_00005.png,Normal,Normal_part7.wav,train,stft,mtf
Normal_part7_00006.png,Normal,Normal_part7.wav,train,stft,mtf
Normal_part7_00007.png,Normal,Normal_part7.wav,train,stft,mtf
Normal_part7_00008.png,Normal,Normal_part7.wav,train,stft,mtf
Normal_part61_00000.png,Normal,Normal_part61.wav,train,stft,mtf
Normal_part61_00001.png,Normal,Normal_part61.wav,train,stft,mtf
Normal_part61_00002.png,Normal,Normal_part61.wav,train,stft,mtf
Normal_part61_00003.png,Normal,Normal_part61.wav,train,stft,mtf
Normal_part61_00004.png,Normal,Normal_part61.wav,train,stft,mtf
Normal_part61_00005.png,Normal,Normal_part61.wav,train,stft,mtf
Normal_part61_00006.png,Normal,Normal_part61.wav,train,stft,mtf
Normal_part61_00007.png,Normal,Normal_part61.wav,train,stft,mtf
Normal_part61_00008.png,Normal,Normal_part61.wav,train,stft,mtf
Normal_part103_00000.png,Normal,Normal_part103.wav,train,stft,mtf
Normal_part103_00001.png,Normal,Normal_part103.wav,train,stft,mtf
Normal_part103_00002.png,Normal,Normal_part103.wav,train,stft,mtf
Normal_part103_00003.png,Normal,Normal_part103.wav,train,stft,mtf
Normal_part103_00004.png,Normal,Normal_part103.wav,train,stft,mtf
Normal_part103_00005.png,Normal,Normal_part103.wav,train,stft,mtf
Normal_part103_00006.png,Normal,Normal_part103.wav,train,stft,mtf
Normal_part103_00007.png,Normal,Normal_part103.wav,train,stft,mtf
Normal_part103_00008.png,Normal,Normal_part103.wav,train,stft,mtf
Normal_part68_00000.png,Normal,Normal_part68.wav,train,stft,mtf
Normal_part68_00001.png,Normal,Normal_part68.wav,train,stft,mtf
Normal_part68_00002.png,Normal,Normal_part68.wav,train,stft,mtf
Normal_part68_00003.png,Normal,Normal_part68.wav,train,stft,mtf
Normal_part68_00004.png,Normal,Normal_part68.wav,train,stft,mtf
Normal_part68_00005.png,Normal,Normal_part68.wav,train,stft,mtf
Normal_part68_00006.png,Normal,Normal_part68.wav,train,stft,mtf
Normal_part68_00007.png,Normal,Normal_part68.wav,train,stft,mtf
Normal_part68_00008.png,Normal,Normal_part68.wav,train,stft,mtf
Normal_part70_00000.png,Normal,Normal_part70.wav,train,stft,mtf
Normal_part70_00001.png,Normal,Normal_part70.wav,train,stft,mtf
Normal_part70_00002.png,Normal,Normal_part70.wav,train,stft,mtf
Normal_part70_00003.png,Normal,Normal_part70.wav,train,stft,mtf
Normal_part70_00004.png,Normal,Normal_part70.wav,train,stft,mtf
Normal_part70_00005.png,Normal,Normal_part70.wav,train,stft,mtf
Normal_part70_00006.png,Normal,Normal_part70.wav,train,stft,mtf
Normal_part70_00007.png,Normal,Normal_part70.wav,train,stft,mtf
Normal_part70_00008.png,Normal,Normal_part70.wav,train,stft,mtf
Normal_part131_00000.png,Normal,Normal_part131.wav,train,stft,mtf
Normal_part131_00001.png,Normal,Normal_part131.wav,train,stft,mtf
Normal_part131_00002.png,Normal,Normal_part131.wav,train,stft,mtf
Normal_part131_00003.png,Normal,Normal_part131.wav,train,stft,mtf
Normal_part131_00004.png,Normal,Normal_part131.wav,train,stft,mtf
Normal_part131_00005.png,Normal,Normal_part131.wav,train,stft,mtf
Normal_part131_00006.png,Normal,Normal_part131.wav,train,stft,mtf
Normal_part131_00007.png,Normal,Normal_part131.wav,train,stft,mtf
Normal_part131_00008.png,Normal,Normal_part131.wav,train,stft,mtf
Normal_part47_00000.png,Normal,Normal_part47.wav,train,stft,mtf
Normal_part47_00001.png,Normal,Normal_part47.wav,train,stft,mtf
Normal_part47_00002.png,Normal,Normal_part47.wav,train,stft,mtf
Normal_part47_00003.png,Normal,Normal_part47.wav,train,stft,mtf
Normal_part47_00004.png,Normal,Normal_part47.wav,train,stft,mtf
Normal_part47_00005.png,Normal,Normal_part47.wav,train,stft,mtf
Normal_part47_00006.png,Normal,Normal_part47.wav,train,stft,mtf
Normal_part47_00007.png,Normal,Normal_part47.wav,train,stft,mtf
Normal_part47_00008.png,Normal,Normal_part47.wav,train,stft,mtf
Normal_part22_00000.png,Normal,Normal_part22.wav,train,stft,mtf
Normal_part22_00001.png,Normal,Normal_part22.wav,train,stft,mtf
Normal_part22_00002.png,Normal,Normal_part22.wav,train,stft,mtf
Normal_part22_00003.png,Normal,Normal_part22.wav,train,stft,mtf
Normal_part22_00004.png,Normal,Normal_part22.wav,train,stft,mtf
Normal_part22_00005.png,Normal,Normal_part22.wav,train,stft,mtf
Normal_part22_00006.png,Normal,Normal_part22.wav,train,stft,mtf
Normal_part22_00007.png,Normal,Normal_part22.wav,train,stft,mtf
Normal_part22_00008.png,Normal,Normal_part22.wav,train,stft,mtf
Normal_part104_00000.png,Normal,Normal_part104.wav,train,stft,mtf
Normal_part104_00001.png,Normal,Normal_part104.wav,train,stft,mtf
Normal_part104_00002.png,Normal,Normal_part104.wav,train,stft,mtf
Normal_part104_00003.png,Normal,Normal_part104.wav,train,stft,mtf
Normal_part104_00004.png,Normal,Normal_part104.wav,train,stft,mtf
Normal_part104_00005.png,Normal,Normal_part104.wav,train,stft,mtf
Normal_part104_00006.png,Normal,Normal_part104.wav,train,stft,mtf
Normal_part104_00007.png,Normal,Normal_part104.wav,train,stft,mtf
Normal_part104_00008.png,Normal,Normal_part104.wav,train,stft,mtf
Normal_part75_00000.png,Normal,Normal_part75.wav,train,stft,mtf
Normal_part75_00001.png,Normal,Normal_part75.wav,train,stft,mtf
Normal_part75_00002.png,Normal,Normal_part75.wav,train,stft,mtf
Normal_part75_00003.png,Normal,Normal_part75.wav,train,stft,mtf
Normal_part75_00004.png,Normal,Normal_part75.wav,train,stft,mtf
Normal_part75_00005.png,Normal,Normal_part75.wav,train,stft,mtf
Normal_part75_00006.png,Normal,Normal_part75.wav,train,stft,mtf
Normal_part75_00007.png,Normal,Normal_part75.wav,train,stft,mtf
Normal_part75_00008.png,Normal,Normal_part75.wav,train,stft,mtf
Normal_part69_00000.png,Normal,Normal_part69.wav,train,stft,mtf
Normal_part69_00001.png,Normal,Normal_part69.wav,train,stft,mtf
Normal_part69_00002.png,Normal,Normal_part69.wav,train,stft,mtf
Normal_part69_00003.png,Normal,Normal_part69.wav,train,stft,mtf
Normal_part69_00004.png,Normal,Normal_part69.wav,train,stft,mtf
Normal_part69_00005.png,Normal,Normal_part69.wav,train,stft,mtf
Normal_part69_00006.png,Normal,Normal_part69.wav,train,stft,mtf
Normal_part69_00007.png,Normal,Normal_part69.wav,train,stft,mtf
Normal_part69_00008.png,Normal,Normal_part69.wav,train,stft,mtf
Normal_part166_00000.png,Normal,Normal_part166.wav,train,stft,mtf
Normal_part166_00001.png,Normal,Normal_part166.wav,train,stft,mtf
Normal_part166_00002.png,Normal,Normal_part166.wav,train,stft,mtf
Normal_part166_00003.png,Normal,Normal_part166.wav,train,stft,mtf
Normal_part166_00004.png,Normal,Normal_part166.wav,train,stft,mtf
Normal_part166_00005.png,Normal,Normal_part166.wav,train,stft,mtf
Normal_part166_00006.png,Normal,Normal_part166.wav,train,stft,mtf
Normal_part166_00007.png,Normal,Normal_part166.wav,train,stft,mtf
Normal_part166_00008.png,Normal,Normal_part166.wav,train,stft,mtf
Normal_part137_00000.png,Normal,Normal_part137.wav,train,stft,mtf
Normal_part137_00001.png,Normal,Normal_part137.wav,train,stft,mtf
Normal_part137_00002.png,Normal,Normal_part137.wav,train,stft,mtf
Normal_part137_00003.png,Normal,Normal_part137.wav,train,stft,mtf
Normal_part137_00004.png,Normal,Normal_part137.wav,train,stft,mtf
Normal_part137_00005.png,Normal,Normal_part137.wav,train,stft,mtf
Normal_part137_00006.png,Normal,Normal_part137.wav,train,stft,mtf
Normal_part137_00007.png,Normal,Normal_part137.wav,train,stft,mtf
Normal_part137_00008.png,Normal,Normal_part137.wav,train,stft,mtf
Normal_part151_00000.png,Normal,Normal_part151.wav,train,stft,mtf
Normal_part151_00001.png,Normal,Normal_part151.wav,train,stft,mtf
Normal_part151_00002.png,Normal,Normal_part151.wav,train,stft,mtf
Normal_part151_00003.png,Normal,Normal_part151.wav,train,stft,mtf
Normal_part151_00004.png,Normal,Normal_part151.wav,train,stft,mtf
Normal_part151_00005.png,Normal,Normal_part151.wav,train,stft,mtf
Normal_part151_00006.png,Normal,Normal_part151.wav,train,stft,mtf
Normal_part151_00007.png,Normal,Normal_part151.wav,train,stft,mtf
Normal_part151_00008.png,Normal,Normal_part151.wav,train,stft,mtf
Normal_part127_00000.png,Normal,Normal_part127.wav,train,stft,mtf
Normal_part127_00001.png,Normal,Normal_part127.wav,train,stft,mtf
Normal_part127_00002.png,Normal,Normal_part127.wav,train,stft,mtf
Normal_part127_00003.png,Normal,Normal_part127.wav,train,stft,mtf
Normal_part127_00004.png,Normal,Normal_part127.wav,train,stft,mtf
Normal_part127_00005.png,Normal,Normal_part127.wav,train,stft,mtf
Normal_part127_00006.png,Normal,Normal_part127.wav,train,stft,mtf
Normal_part127_00007.png,Normal,Normal_part127.wav,train,stft,mtf
Normal_part127_00008.png,Normal,Normal_part127.wav,train,stft,mtf
Normal_part135_00000.png,Normal,Normal_part135.wav,train,stft,mtf
Normal_part135_00001.png,Normal,Normal_part135.wav,train,stft,mtf
Normal_part135_00002.png,Normal,Normal_part135.wav,train,stft,mtf
Normal_part135_00003.png,Normal,Normal_part135.wav,train,stft,mtf
Normal_part135_00004.png,Normal,Normal_part135.wav,train,stft,mtf
Normal_part135_00005.png,Normal,Normal_part135.wav,train,stft,mtf
Normal_part135_00006.png,Normal,Normal_part135.wav,train,stft,mtf
Normal_part135_00007.png,Normal,Normal_part135.wav,train,stft,mtf
Normal_part135_00008.png,Normal,Normal_part135.wav,train,stft,mtf
Normal_part176_00000.png,Normal,Normal_part176.wav,train,stft,mtf
Normal_part176_00001.png,Normal,Normal_part176.wav,train,stft,mtf
Normal_part176_00002.png,Normal,Normal_part176.wav,train,stft,mtf
Normal_part176_00003.png,Normal,Normal_part176.wav,train,stft,mtf
Normal_part176_00004.png,Normal,Normal_part176.wav,train,stft,mtf
Normal_part176_00005.png,Normal,Normal_part176.wav,train,stft,mtf
Normal_part176_00006.png,Normal,Normal_part176.wav,train,stft,mtf
Normal_part176_00007.png,Normal,Normal_part176.wav,train,stft,mtf
Normal_part176_00008.png,Normal,Normal_part176.wav,train,stft,mtf
Normal_part15_00000.png,Normal,Normal_part15.wav,train,stft,mtf
Normal_part15_00001.png,Normal,Normal_part15.wav,train,stft,mtf
Normal_part15_00002.png,Normal,Normal_part15.wav,train,stft,mtf
Normal_part15_00003.png,Normal,Normal_part15.wav,train,stft,mtf
Normal_part15_00004.png,Normal,Normal_part15.wav,train,stft,mtf
Normal_part15_00005.png,Normal,Normal_part15.wav,train,stft,mtf
Normal_part15_00006.png,Normal,Normal_part15.wav,train,stft,mtf
Normal_part15_00007.png,Normal,Normal_part15.wav,train,stft,mtf
Normal_part15_00008.png,Normal,Normal_part15.wav,train,stft,mtf
Normal_part142_00000.png,Normal,Normal_part142.wav,train,stft,mtf
Normal_part142_00001.png,Normal,Normal_part142.wav,train,stft,mtf
Normal_part142_00002.png,Normal,Normal_part142.wav,train,stft,mtf
Normal_part142_00003.png,Normal,Normal_part142.wav,train,stft,mtf
Normal_part142_00004.png,Normal,Normal_part142.wav,train,stft,mtf
Normal_part142_00005.png,Normal,Normal_part142.wav,train,stft,mtf
Normal_part142_00006.png,Normal,Normal_part142.wav,train,stft,mtf
Normal_part142_00007.png,Normal,Normal_part142.wav,train,stft,mtf
Normal_part142_00008.png,Normal,Normal_part142.wav,train,stft,mtf
Normal_part31_00000.png,Normal,Normal_part31.wav,train,stft,mtf
Normal_part31_00001.png,Normal,Normal_part31.wav,train,stft,mtf
Normal_part31_00002.png,Normal,Normal_part31.wav,train,stft,mtf
Normal_part31_00003.png,Normal,Normal_part31.wav,train,stft,mtf
Normal_part31_00004.png,Normal,Normal_part31.wav,train,stft,mtf
Normal_part31_00005.png,Normal,Normal_part31.wav,train,stft,mtf
Normal_part31_00006.png,Normal,Normal_part31.wav,train,stft,mtf
Normal_part31_00007.png,Normal,Normal_part31.wav,train,stft,mtf
Normal_part31_00008.png,Normal,Normal_part31.wav,train,stft,mtf
Normal_part94_00000.png,Normal,Normal_part94.wav,train,stft,mtf
Normal_part94_00001.png,Normal,Normal_part94.wav,train,stft,mtf
Normal_part94_00002.png,Normal,Normal_part94.wav,train,stft,mtf
Normal_part94_00003.png,Normal,Normal_part94.wav,train,stft,mtf
Normal_part94_00004.png,Normal,Normal_part94.wav,train,stft,mtf
Normal_part94_00005.png,Normal,Normal_part94.wav,train,stft,mtf
Normal_part94_00006.png,Normal,Normal_part94.wav,train,stft,mtf
Normal_part94_00007.png,Normal,Normal_part94.wav,train,stft,mtf
Normal_part94_00008.png,Normal,Normal_part94.wav,train,stft,mtf
Normal_part85_00000.png,Normal,Normal_part85.wav,train,stft,mtf
Normal_part85_00001.png,Normal,Normal_part85.wav,train,stft,mtf
Normal_part85_00002.png,Normal,Normal_part85.wav,train,stft,mtf
Normal_part85_00003.png,Normal,Normal_part85.wav,train,stft,mtf
Normal_part85_00004.png,Normal,Normal_part85.wav,train,stft,mtf
Normal_part85_00005.png,Normal,Normal_part85.wav,train,stft,mtf
Normal_part85_00006.png,Normal,Normal_part85.wav,train,stft,mtf
Normal_part85_00007.png,Normal,Normal_part85.wav,train,stft,mtf
Normal_part85_00008.png,Normal,Normal_part85.wav,train,stft,mtf
Normal_part117_00000.png,Normal,Normal_part117.wav,train,stft,mtf
Normal_part117_00001.png,Normal,Normal_part117.wav,train,stft,mtf
Normal_part117_00002.png,Normal,Normal_part117.wav,train,stft,mtf
Normal_part117_00003.png,Normal,Normal_part117.wav,train,stft,mtf
Normal_part117_00004.png,Normal,Normal_part117.wav,train,stft,mtf
Normal_part117_00005.png,Normal,Normal_part117.wav,train,stft,mtf
Normal_part117_00006.png,Normal,Normal_part117.wav,train,stft,mtf
Normal_part117_00007.png,Normal,Normal_part117.wav,train,stft,mtf
Normal_part117_00008.png,Normal,Normal_part117.wav,train,stft,mtf
Normal_part16_00000.png,Normal,Normal_part16.wav,train,stft,mtf
Normal_part16_00001.png,Normal,Normal_part16.wav,train,stft,mtf
Normal_part16_00002.png,Normal,Normal_part16.wav,train,stft,mtf
Normal_part16_00003.png,Normal,Normal_part16.wav,train,stft,mtf
Normal_part16_00004.png,Normal,Normal_part16.wav,train,stft,mtf
Normal_part16_00005.png,Normal,Normal_part16.wav,train,stft,mtf
Normal_part16_00006.png,Normal,Normal_part16.wav,train,stft,mtf
Normal_part16_00007.png,Normal,Normal_part16.wav,train,stft,mtf
Normal_part16_00008.png,Normal,Normal_part16.wav,train,stft,mtf
Normal_part109_00000.png,Normal,Normal_part109.wav,train,stft,mtf
Normal_part109_00001.png,Normal,Normal_part109.wav,train,stft,mtf
Normal_part109_00002.png,Normal,Normal_part109.wav,train,stft,mtf
Normal_part109_00003.png,Normal,Normal_part109.wav,train,stft,mtf
Normal_part109_00004.png,Normal,Normal_part109.wav,train,stft,mtf
Normal_part109_00005.png,Normal,Normal_part109.wav,train,stft,mtf
Normal_part109_00006.png,Normal,Normal_part109.wav,train,stft,mtf
Normal_part109_00007.png,Normal,Normal_part109.wav,train,stft,mtf
Normal_part109_00008.png,Normal,Normal_part109.wav,train,stft,mtf
Normal_part169_00000.png,Normal,Normal_part169.wav,train,stft,mtf
Normal_part169_00001.png,Normal,Normal_part169.wav,train,stft,mtf
Normal_part169_00002.png,Normal,Normal_part169.wav,train,stft,mtf
Normal_part169_00003.png,Normal,Normal_part169.wav,train,stft,mtf
Normal_part169_00004.png,Normal,Normal_part169.wav,train,stft,mtf
Normal_part169_00005.png,Normal,Normal_part169.wav,train,stft,mtf
Normal_part169_00006.png,Normal,Normal_part169.wav,train,stft,mtf
Normal_part169_00007.png,Normal,Normal_part169.wav,train,stft,mtf
Normal_part169_00008.png,Normal,Normal_part169.wav,train,stft,mtf
Normal_part34_00000.png,Normal,Normal_part34.wav,train,stft,mtf
Normal_part34_00001.png,Normal,Normal_part34.wav,train,stft,mtf
Normal_part34_00002.png,Normal,Normal_part34.wav,train,stft,mtf
Normal_part34_00003.png,Normal,Normal_part34.wav,train,stft,mtf
Normal_part34_00004.png,Normal,Normal_part34.wav,train,stft,mtf
Normal_part34_00005.png,Normal,Normal_part34.wav,train,stft,mtf
Normal_part34_00006.png,Normal,Normal_part34.wav,train,stft,mtf
Normal_part34_00007.png,Normal,Normal_part34.wav,train,stft,mtf
Normal_part34_00008.png,Normal,Normal_part34.wav,train,stft,mtf
Normal_part53_00000.png,Normal,Normal_part53.wav,train,stft,mtf
Normal_part53_00001.png,Normal,Normal_part53.wav,train,stft,mtf
Normal_part53_00002.png,Normal,Normal_part53.wav,train,stft,mtf
Normal_part53_00003.png,Normal,Normal_part53.wav,train,stft,mtf
Normal_part53_00004.png,Normal,Normal_part53.wav,train,stft,mtf
Normal_part53_00005.png,Normal,Normal_part53.wav,train,stft,mtf
Normal_part53_00006.png,Normal,Normal_part53.wav,train,stft,mtf
Normal_part53_00007.png,Normal,Normal_part53.wav,train,stft,mtf
Normal_part53_00008.png,Normal,Normal_part53.wav,train,stft,mtf
Normal_part84_00000.png,Normal,Normal_part84.wav,train,stft,mtf
Normal_part84_00001.png,Normal,Normal_part84.wav,train,stft,mtf
Normal_part84_00002.png,Normal,Normal_part84.wav,train,stft,mtf
Normal_part84_00003.png,Normal,Normal_part84.wav,train,stft,mtf
Normal_part84_00004.png,Normal,Normal_part84.wav,train,stft,mtf
Normal_part84_00005.png,Normal,Normal_part84.wav,train,stft,mtf
Normal_part84_00006.png,Normal,Normal_part84.wav,train,stft,mtf
Normal_part84_00007.png,Normal,Normal_part84.wav,train,stft,mtf
Normal_part84_00008.png,Normal,Normal_part84.wav,train,stft,mtf
Normal_part44_00000.png,Normal,Normal_part44.wav,train,stft,mtf
Normal_part44_00001.png,Normal,Normal_part44.wav,train,stft,mtf
Normal_part44_00002.png,Normal,Normal_part44.wav,train,stft,mtf
Normal_part44_00003.png,Normal,Normal_part44.wav,train,stft,mtf
Normal_part44_00004.png,Normal,Normal_part44.wav,train,stft,mtf
Normal_part44_00005.png,Normal,Normal_part44.wav,train,stft,mtf
Normal_part44_00006.png,Normal,Normal_part44.wav,train,stft,mtf
Normal_part44_00007.png,Normal,Normal_part44.wav,train,stft,mtf
Normal_part44_00008.png,Normal,Normal_part44.wav,train,stft,mtf
Normal_part138_00000.png,Normal,Normal_part138.wav,train,stft,mtf
Normal_part138_00001.png,Normal,Normal_part138.wav,train,stft,mtf
Normal_part138_00002.png,Normal,Normal_part138.wav,train,stft,mtf
Normal_part138_00003.png,Normal,Normal_part138.wav,train,stft,mtf
Normal_part138_00004.png,Normal,Normal_part138.wav,train,stft,mtf
Normal_part138_00005.png,Normal,Normal_part138.wav,train,stft,mtf
Normal_part138_00006.png,Normal,Normal_part138.wav,train,stft,mtf
Normal_part138_00007.png,Normal,Normal_part138.wav,train,stft,mtf
Normal_part138_00008.png,Normal,Normal_part138.wav,train,stft,mtf
Normal_part150_00000.png,Normal,Normal_part150.wav,train,stft,mtf
Normal_part150_00001.png,Normal,Normal_part150.wav,train,stft,mtf
Normal_part150_00002.png,Normal,Normal_part150.wav,train,stft,mtf
Normal_part150_00003.png,Normal,Normal_part150.wav,train,stft,mtf
Normal_part150_00004.png,Normal,Normal_part150.wav,train,stft,mtf
Normal_part150_00005.png,Normal,Normal_part150.wav,train,stft,mtf
Normal_part150_00006.png,Normal,Normal_part150.wav,train,stft,mtf
Normal_part150_00007.png,Normal,Normal_part150.wav,train,stft,mtf
Normal_part150_00008.png,Normal,Normal_part150.wav,train,stft,mtf
Normal_part83_00000.png,Normal,Normal_part83.wav,train,stft,mtf
Normal_part83_00001.png,Normal,Normal_part83.wav,train,stft,mtf
Normal_part83_00002.png,Normal,Normal_part83.wav,train,stft,mtf
Normal_part83_00003.png,Normal,Normal_part83.wav,train,stft,mtf
Normal_part83_00004.png,Normal,Normal_part83.wav,train,stft,mtf
Normal_part83_00005.png,Normal,Normal_part83.wav,train,stft,mtf
Normal_part83_00006.png,Normal,Normal_part83.wav,train,stft,mtf
Normal_part83_00007.png,Normal,Normal_part83.wav,train,stft,mtf
Normal_part83_00008.png,Normal,Normal_part83.wav,train,stft,mtf
Normal_part123_00000.png,Normal,Normal_part123.wav,train,stft,mtf
Normal_part123_00001.png,Normal,Normal_part123.wav,train,stft,mtf
Normal_part123_00002.png,Normal,Normal_part123.wav,train,stft,mtf
Normal_part123_00003.png,Normal,Normal_part123.wav,train,stft,mtf
Normal_part123_00004.png,Normal,Normal_part123.wav,train,stft,mtf
Normal_part123_00005.png,Normal,Normal_part123.wav,train,stft,mtf
Normal_part123_00006.png,Normal,Normal_part123.wav,train,stft,mtf
Normal_part123_00007.png,Normal,Normal_part123.wav,train,stft,mtf
Normal_part123_00008.png,Normal,Normal_part123.wav,train,stft,mtf
Normal_part152_00000.png,Normal,Normal_part152.wav,train,stft,mtf
Normal_part152_00001.png,Normal,Normal_part152.wav,train,stft,mtf
Normal_part152_00002.png,Normal,Normal_part152.wav,train,stft,mtf
Normal_part152_00003.png,Normal,Normal_part152.wav,train,stft,mtf
Normal_part152_00004.png,Normal,Normal_part152.wav,train,stft,mtf
Normal_part152_00005.png,Normal,Normal_part152.wav,train,stft,mtf
Normal_part152_00006.png,Normal,Normal_part152.wav,train,stft,mtf
Normal_part152_00007.png,Normal,Normal_part152.wav,train,stft,mtf
Normal_part152_00008.png,Normal,Normal_part152.wav,train,stft,mtf
Normal_part29_00000.png,Normal,Normal_part29.wav,train,stft,mtf
Normal_part29_00001.png,Normal,Normal_part29.wav,train,stft,mtf
Normal_part29_00002.png,Normal,Normal_part29.wav,train,stft,mtf
Normal_part29_00003.png,Normal,Normal_part29.wav,train,stft,mtf
Normal_part29_00004.png,Normal,Normal_part29.wav,train,stft,mtf
Normal_part29_00005.png,Normal,Normal_part29.wav,train,stft,mtf
Normal_part29_00006.png,Normal,Normal_part29.wav,train,stft,mtf
Normal_part29_00007.png,Normal,Normal_part29.wav,train,stft,mtf
Normal_part29_00008.png,Normal,Normal_part29.wav,train,stft,mtf
Normal_part141_00000.png,Normal,Normal_part141.wav,train,stft,mtf
Normal_part141_00001.png,Normal,Normal_part141.wav,train,stft,mtf
Normal_part141_00002.png,Normal,Normal_part141.wav,train,stft,mtf
Normal_part141_00003.png,Normal,Normal_part141.wav,train,stft,mtf
Normal_part141_00004.png,Normal,Normal_part141.wav,train,stft,mtf
Normal_part141_00005.png,Normal,Normal_part141.wav,train,stft,mtf
Normal_part141_00006.png,Normal,Normal_part141.wav,train,stft,mtf
Normal_part141_00007.png,Normal,Normal_part141.wav,train,stft,mtf
Normal_part141_00008.png,Normal,Normal_part141.wav,train,stft,mtf
Normal_part37_00000.png,Normal,Normal_part37.wav,train,stft,mtf
Normal_part37_00001.png,Normal,Normal_part37.wav,train,stft,mtf
Normal_part37_00002.png,Normal,Normal_part37.wav,train,stft,mtf
Normal_part37_00003.png,Normal,Normal_part37.wav,train,stft,mtf
Normal_part37_00004.png,Normal,Normal_part37.wav,train,stft,mtf
Normal_part37_00005.png,Normal,Normal_part37.wav,train,stft,mtf
Normal_part37_00006.png,Normal,Normal_part37.wav,train,stft,mtf
Normal_part37_00007.png,Normal,Normal_part37.wav,train,stft,mtf
Normal_part37_00008.png,Normal,Normal_part37.wav,train,stft,mtf
Normal_part173_00000.png,Normal,Normal_part173.wav,train,stft,mtf
Normal_part173_00001.png,Normal,Normal_part173.wav,train,stft,mtf
Normal_part173_00002.png,Normal,Normal_part173.wav,train,stft,mtf
Normal_part173_00003.png,Normal,Normal_part173.wav,train,stft,mtf
Normal_part173_00004.png,Normal,Normal_part173.wav,train,stft,mtf
Normal_part173_00005.png,Normal,Normal_part173.wav,train,stft,mtf
Normal_part173_00006.png,Normal,Normal_part173.wav,train,stft,mtf
Normal_part173_00007.png,Normal,Normal_part173.wav,train,stft,mtf
Normal_part173_00008.png,Normal,Normal_part173.wav,train,stft,mtf
Normal_part64_00000.png,Normal,Normal_part64.wav,train,stft,mtf
Normal_part64_00001.png,Normal,Normal_part64.wav,train,stft,mtf
Normal_part64_00002.png,Normal,Normal_part64.wav,train,stft,mtf
Normal_part64_00003.png,Normal,Normal_part64.wav,train,stft,mtf
Normal_part64_00004.png,Normal,Normal_part64.wav,train,stft,mtf
Normal_part64_00005.png,Normal,Normal_part64.wav,train,stft,mtf
Normal_part64_00006.png,Normal,Normal_part64.wav,train,stft,mtf
Normal_part64_00007.png,Normal,Normal_part64.wav,train,stft,mtf
Normal_part64_00008.png,Normal,Normal_part64.wav,train,stft,mtf
Normal_part181_00000.png,Normal,Normal_part181.wav,train,stft,mtf
Normal_part181_00001.png,Normal,Normal_part181.wav,train,stft,mtf
Normal_part181_00002.png,Normal,Normal_part181.wav,train,stft,mtf
Normal_part181_00003.png,Normal,Normal_part181.wav,train,stft,mtf
Normal_part181_00004.png,Normal,Normal_part181.wav,train,stft,mtf
Normal_part181_00005.png,Normal,Normal_part181.wav,train,stft,mtf
Normal_part181_00006.png,Normal,Normal_part181.wav,train,stft,mtf
Normal_part181_00007.png,Normal,Normal_part181.wav,train,stft,mtf
Normal_part181_00008.png,Normal,Normal_part181.wav,train,stft,mtf
Normal_part42_00000.png,Normal,Normal_part42.wav,train,stft,mtf
Normal_part42_00001.png,Normal,Normal_part42.wav,train,stft,mtf
Normal_part42_00002.png,Normal,Normal_part42.wav,train,stft,mtf
Normal_part42_00003.png,Normal,Normal_part42.wav,train,stft,mtf
Normal_part42_00004.png,Normal,Normal_part42.wav,train,stft,mtf
Normal_part42_00005.png,Normal,Normal_part42.wav,train,stft,mtf
Normal_part42_00006.png,Normal,Normal_part42.wav,train,stft,mtf
Normal_part42_00007.png,Normal,Normal_part42.wav,train,stft,mtf
Normal_part42_00008.png,Normal,Normal_part42.wav,train,stft,mtf
Normal_part52_00000.png,Normal,Normal_part52.wav,train,stft,mtf
Normal_part52_00001.png,Normal,Normal_part52.wav,train,stft,mtf
Normal_part52_00002.png,Normal,Normal_part52.wav,train,stft,mtf
Normal_part52_00003.png,Normal,Normal_part52.wav,train,stft,mtf
Normal_part52_00004.png,Normal,Normal_part52.wav,train,stft,mtf
Normal_part52_00005.png,Normal,Normal_part52.wav,train,stft,mtf
Normal_part52_00006.png,Normal,Normal_part52.wav,train,stft,mtf
Normal_part52_00007.png,Normal,Normal_part52.wav,train,stft,mtf
Normal_part52_00008.png,Normal,Normal_part52.wav,train,stft,mtf
Normal_part172_00000.png,Normal,Normal_part172.wav,train,stft,mtf
Normal_part172_00001.png,Normal,Normal_part172.wav,train,stft,mtf
Normal_part172_00002.png,Normal,Normal_part172.wav,train,stft,mtf
Normal_part172_00003.png,Normal,Normal_part172.wav,train,stft,mtf
Normal_part172_00004.png,Normal,Normal_part172.wav,train,stft,mtf
Normal_part172_00005.png,Normal,Normal_part172.wav,train,stft,mtf
Normal_part172_00006.png,Normal,Normal_part172.wav,train,stft,mtf
Normal_part172_00007.png,Normal,Normal_part172.wav,train,stft,mtf
Normal_part172_00008.png,Normal,Normal_part172.wav,train,stft,mtf
Normal_part100_00000.png,Normal,Normal_part100.wav,train,stft,mtf
Normal_part100_00001.png,Normal,Normal_part100.wav,train,stft,mtf
Normal_part100_00002.png,Normal,Normal_part100.wav,train,stft,mtf
Normal_part100_00003.png,Normal,Normal_part100.wav,train,stft,mtf
Normal_part100_00004.png,Normal,Normal_part100.wav,train,stft,mtf
Normal_part100_00005.png,Normal,Normal_part100.wav,train,stft,mtf
Normal_part100_00006.png,Normal,Normal_part100.wav,train,stft,mtf
Normal_part100_00007.png,Normal,Normal_part100.wav,train,stft,mtf
Normal_part100_00008.png,Normal,Normal_part100.wav,train,stft,mtf
Normal_part182_00000.png,Normal,Normal_part182.wav,train,stft,mtf
Normal_part182_00001.png,Normal,Normal_part182.wav,train,stft,mtf
Normal_part182_00002.png,Normal,Normal_part182.wav,train,stft,mtf
Normal_part182_00003.png,Normal,Normal_part182.wav,train,stft,mtf
Normal_part182_00004.png,Normal,Normal_part182.wav,train,stft,mtf
Normal_part182_00005.png,Normal,Normal_part182.wav,train,stft,mtf
Normal_part182_00006.png,Normal,Normal_part182.wav,train,stft,mtf
Normal_part182_00007.png,Normal,Normal_part182.wav,train,stft,mtf
Normal_part182_00008.png,Normal,Normal_part182.wav,train,stft,mtf
Normal_part118_00000.png,Normal,Normal_part118.wav,train,stft,mtf
Normal_part118_00001.png,Normal,Normal_part118.wav,train,stft,mtf
Normal_part118_00002.png,Normal,Normal_part118.wav,train,stft,mtf
Normal_part118_00003.png,Normal,Normal_part118.wav,train,stft,mtf
Normal_part118_00004.png,Normal,Normal_part118.wav,train,stft,mtf
Normal_part118_00005.png,Normal,Normal_part118.wav,train,stft,mtf
Normal_part118_00006.png,Normal,Normal_part118.wav,train,stft,mtf
Normal_part118_00007.png,Normal,Normal_part118.wav,train,stft,mtf
Normal_part118_00008.png,Normal,Normal_part118.wav,train,stft,mtf
Normal_part40_00000.png,Normal,Normal_part40.wav,train,stft,mtf
Normal_part40_00001.png,Normal,Normal_part40.wav,train,stft,mtf
Normal_part40_00002.png,Normal,Normal_part40.wav,train,stft,mtf
Normal_part40_00003.png,Normal,Normal_part40.wav,train,stft,mtf
Normal_part40_00004.png,Normal,Normal_part40.wav,train,stft,mtf
Normal_part40_00005.png,Normal,Normal_part40.wav,train,stft,mtf
Normal_part40_00006.png,Normal,Normal_part40.wav,train,stft,mtf
Normal_part40_00007.png,Normal,Normal_part40.wav,train,stft,mtf
Normal_part40_00008.png,Normal,Normal_part40.wav,train,stft,mtf
Normal_part125_00000.png,Normal,Normal_part125.wav,train,stft,mtf
Normal_part125_00001.png,Normal,Normal_part125.wav,train,stft,mtf
Normal_part125_00002.png,Normal,Normal_part125.wav,train,stft,mtf
Normal_part125_00003.png,Normal,Normal_part125.wav,train,stft,mtf
Normal_part125_00004.png,Normal,Normal_part125.wav,train,stft,mtf
Normal_part125_00005.png,Normal,Normal_part125.wav,train,stft,mtf
Normal_part125_00006.png,Normal,Normal_part125.wav,train,stft,mtf
Normal_part125_00007.png,Normal,Normal_part125.wav,train,stft,mtf
Normal_part125_00008.png,Normal,Normal_part125.wav,train,stft,mtf
Normal_part30_00000.png,Normal,Normal_part30.wav,train,stft,mtf
Normal_part30_00001.png,Normal,Normal_part30.wav,train,stft,mtf
Normal_part30_00002.png,Normal,Normal_part30.wav,train,stft,mtf
Normal_part30_00003.png,Normal,Normal_part30.wav,train,stft,mtf
Normal_part30_00004.png,Normal,Normal_part30.wav,train,stft,mtf
Normal_part30_00005.png,Normal,Normal_part30.wav,train,stft,mtf
Normal_part30_00006.png,Normal,Normal_part30.wav,train,stft,mtf
Normal_part30_00007.png,Normal,Normal_part30.wav,train,stft,mtf
Normal_part30_00008.png,Normal,Normal_part30.wav,train,stft,mtf
Normal_part17_00000.png,Normal,Normal_part17.wav,train,stft,mtf
Normal_part17_00001.png,Normal,Normal_part17.wav,train,stft,mtf
Normal_part17_00002.png,Normal,Normal_part17.wav,train,stft,mtf
Normal_part17_00003.png,Normal,Normal_part17.wav,train,stft,mtf
Normal_part17_00004.png,Normal,Normal_part17.wav,train,stft,mtf
Normal_part17_00005.png,Normal,Normal_part17.wav,train,stft,mtf
Normal_part17_00006.png,Normal,Normal_part17.wav,train,stft,mtf
Normal_part17_00007.png,Normal,Normal_part17.wav,train,stft,mtf
Normal_part17_00008.png,Normal,Normal_part17.wav,train,stft,mtf
Normal_part55_00000.png,Normal,Normal_part55.wav,train,stft,mtf
Normal_part55_00001.png,Normal,Normal_part55.wav,train,stft,mtf
Normal_part55_00002.png,Normal,Normal_part55.wav,train,stft,mtf
Normal_part55_00003.png,Normal,Normal_part55.wav,train,stft,mtf
Normal_part55_00004.png,Normal,Normal_part55.wav,train,stft,mtf
Normal_part55_00005.png,Normal,Normal_part55.wav,train,stft,mtf
Normal_part55_00006.png,Normal,Normal_part55.wav,train,stft,mtf
Normal_part55_00007.png,Normal,Normal_part55.wav,train,stft,mtf
Normal_part55_00008.png,Normal,Normal_part55.wav,train,stft,mtf
Normal_part35_00000.png,Normal,Normal_part35.wav,train,stft,mtf
Normal_part35_00001.png,Normal,Normal_part35.wav,train,stft,mtf
Normal_part35_00002.png,Normal,Normal_part35.wav,train,stft,mtf
Normal_part35_00003.png,Normal,Normal_part35.wav,train,stft,mtf
Normal_part35_00004.png,Normal,Normal_part35.wav,train,stft,mtf
Normal_part35_00005.png,Normal,Normal_part35.wav,train,stft,mtf
Normal_part35_00006.png,Normal,Normal_part35.wav,train,stft,mtf
Normal_part35_00007.png,Normal,Normal_part35.wav,train,stft,mtf
Normal_part35_00008.png,Normal,Normal_part35.wav,train,stft,mtf
Normal_part184_00000.png,Normal,Normal_part184.wav,train,stft,mtf
Normal_part184_00001.png,Normal,Normal_part184.wav,train,stft,mtf
Normal_part184_00002.png,Normal,Normal_part184.wav,train,stft,mtf
Normal_part184_00003.png,Normal,Normal_part184.wav,train,stft,mtf
Normal_part184_00004.png,Normal,Normal_part184.wav,train,stft,mtf
Normal_part184_00005.png,Normal,Normal_part184.wav,train,stft,mtf
Normal_part184_00006.png,Normal,Normal_part184.wav,train,stft,mtf
Normal_part184_00007.png,Normal,Normal_part184.wav,train,stft,mtf
Normal_part184_00008.png,Normal,Normal_part184.wav,train,stft,mtf
Normal_part50_00000.png,Normal,Normal_part50.wav,train,stft,mtf
Normal_part50_00001.png,Normal,Normal_part50.wav,train,stft,mtf
Normal_part50_00002.png,Normal,Normal_part50.wav,train,stft,mtf
Normal_part50_00003.png,Normal,Normal_part50.wav,train,stft,mtf
Normal_part50_00004.png,Normal,Normal_part50.wav,train,stft,mtf
Normal_part50_00005.png,Normal,Normal_part50.wav,train,stft,mtf
Normal_part50_00006.png,Normal,Normal_part50.wav,train,stft,mtf
Normal_part50_00007.png,Normal,Normal_part50.wav,train,stft,mtf
Normal_part50_00008.png,Normal,Normal_part50.wav,train,stft,mtf
Normal_part175_00000.png,Normal,Normal_part175.wav,train,stft,mtf
Normal_part175_00001.png,Normal,Normal_part175.wav,train,stft,mtf
Normal_part175_00002.png,Normal,Normal_part175.wav,train,stft,mtf
Normal_part175_00003.png,Normal,Normal_part175.wav,train,stft,mtf
Normal_part175_00004.png,Normal,Normal_part175.wav,train,stft,mtf
Normal_part175_00005.png,Normal,Normal_part175.wav,train,stft,mtf
Normal_part175_00006.png,Normal,Normal_part175.wav,train,stft,mtf
Normal_part175_00007.png,Normal,Normal_part175.wav,train,stft,mtf
Normal_part175_00008.png,Normal,Normal_part175.wav,train,stft,mtf
Normal_part126_00000.png,Normal,Normal_part126.wav,train,stft,mtf
Normal_part126_00001.png,Normal,Normal_part126.wav,train,stft,mtf
Normal_part126_00002.png,Normal,Normal_part126.wav,train,stft,mtf
Normal_part126_00003.png,Normal,Normal_part126.wav,train,stft,mtf
Normal_part126_00004.png,Normal,Normal_part126.wav,train,stft,mtf
Normal_part126_00005.png,Normal,Normal_part126.wav,train,stft,mtf
Normal_part126_00006.png,Normal,Normal_part126.wav,train,stft,mtf
Normal_part126_00007.png,Normal,Normal_part126.wav,train,stft,mtf
Normal_part126_00008.png,Normal,Normal_part126.wav,train,stft,mtf
Normal_part91_00000.png,Normal,Normal_part91.wav,train,stft,mtf
Normal_part91_00001.png,Normal,Normal_part91.wav,train,stft,mtf
Normal_part91_00002.png,Normal,Normal_part91.wav,train,stft,mtf
Normal_part91_00003.png,Normal,Normal_part91.wav,train,stft,mtf
Normal_part91_00004.png,Normal,Normal_part91.wav,train,stft,mtf
Normal_part91_00005.png,Normal,Normal_part91.wav,train,stft,mtf
Normal_part91_00006.png,Normal,Normal_part91.wav,train,stft,mtf
Normal_part91_00007.png,Normal,Normal_part91.wav,train,stft,mtf
Normal_part91_00008.png,Normal,Normal_part91.wav,train,stft,mtf
Normal_part65_00000.png,Normal,Normal_part65.wav,train,stft,mtf
Normal_part65_00001.png,Normal,Normal_part65.wav,train,stft,mtf
Normal_part65_00002.png,Normal,Normal_part65.wav,train,stft,mtf
Normal_part65_00003.png,Normal,Normal_part65.wav,train,stft,mtf
Normal_part65_00004.png,Normal,Normal_part65.wav,train,stft,mtf
Normal_part65_00005.png,Normal,Normal_part65.wav,train,stft,mtf
Normal_part65_00006.png,Normal,Normal_part65.wav,train,stft,mtf
Normal_part65_00007.png,Normal,Normal_part65.wav,train,stft,mtf
Normal_part65_00008.png,Normal,Normal_part65.wav,train,stft,mtf
Normal_part139_00000.png,Normal,Normal_part139.wav,train,stft,mtf
Normal_part139_00001.png,Normal,Normal_part139.wav,train,stft,mtf
Normal_part139_00002.png,Normal,Normal_part139.wav,train,stft,mtf
Normal_part139_00003.png,Normal,Normal_part139.wav,train,stft,mtf
Normal_part139_00004.png,Normal,Normal_part139.wav,train,stft,mtf
Normal_part139_00005.png,Normal,Normal_part139.wav,train,stft,mtf
Normal_part139_00006.png,Normal,Normal_part139.wav,train,stft,mtf
Normal_part139_00007.png,Normal,Normal_part139.wav,train,stft,mtf
Normal_part139_00008.png,Normal,Normal_part139.wav,train,stft,mtf
Normal_part21_00000.png,Normal,Normal_part21.wav,train,stft,mtf
Normal_part21_00001.png,Normal,Normal_part21.wav,train,stft,mtf
Normal_part21_00002.png,Normal,Normal_part21.wav,train,stft,mtf
Normal_part21_00003.png,Normal,Normal_part21.wav,train,stft,mtf
Normal_part21_00004.png,Normal,Normal_part21.wav,train,stft,mtf
Normal_part21_00005.png,Normal,Normal_part21.wav,train,stft,mtf
Normal_part21_00006.png,Normal,Normal_part21.wav,train,stft,mtf
Normal_part21_00007.png,Normal,Normal_part21.wav,train,stft,mtf
Normal_part21_00008.png,Normal,Normal_part21.wav,train,stft,mtf
Normal_part14_00000.png,Normal,Normal_part14.wav,train,stft,mtf
Normal_part14_00001.png,Normal,Normal_part14.wav,train,stft,mtf
Normal_part14_00002.png,Normal,Normal_part14.wav,train,stft,mtf
Normal_part14_00003.png,Normal,Normal_part14.wav,train,stft,mtf
Normal_part14_00004.png,Normal,Normal_part14.wav,train,stft,mtf
Normal_part14_00005.png,Normal,Normal_part14.wav,train,stft,mtf
Normal_part14_00006.png,Normal,Normal_part14.wav,train,stft,mtf
Normal_part14_00007.png,Normal,Normal_part14.wav,train,stft,mtf
Normal_part14_00008.png,Normal,Normal_part14.wav,train,stft,mtf
Normal_part60_00000.png,Normal,Normal_part60.wav,train,stft,mtf
Normal_part60_00001.png,Normal,Normal_part60.wav,train,stft,mtf
Normal_part60_00002.png,Normal,Normal_part60.wav,train,stft,mtf
Normal_part60_00003.png,Normal,Normal_part60.wav,train,stft,mtf
Normal_part60_00004.png,Normal,Normal_part60.wav,train,stft,mtf
Normal_part60_00005.png,Normal,Normal_part60.wav,train,stft,mtf
Normal_part60_00006.png,Normal,Normal_part60.wav,train,stft,mtf
Normal_part60_00007.png,Normal,Normal_part60.wav,train,stft,mtf
Normal_part60_00008.png,Normal,Normal_part60.wav,train,stft,mtf
Normal_part102_00000.png,Normal,Normal_part102.wav,train,stft,mtf
Normal_part102_00001.png,Normal,Normal_part102.wav,train,stft,mtf
Normal_part102_00002.png,Normal,Normal_part102.wav,train,stft,mtf
Normal_part102_00003.png,Normal,Normal_part102.wav,train,stft,mtf
Normal_part102_00004.png,Normal,Normal_part102.wav,train,stft,mtf
Normal_part102_00005.png,Normal,Normal_part102.wav,train,stft,mtf
Normal_part102_00006.png,Normal,Normal_part102.wav,train,stft,mtf
Normal_part102_00007.png,Normal,Normal_part102.wav,train,stft,mtf
Normal_part102_00008.png,Normal,Normal_part102.wav,train,stft,mtf
Normal_part43_00000.png,Normal,Normal_part43.wav,train,stft,mtf
Normal_part43_00001.png,Normal,Normal_part43.wav,train,stft,mtf
Normal_part43_00002.png,Normal,Normal_part43.wav,train,stft,mtf
Normal_part43_00003.png,Normal,Normal_part43.wav,train,stft,mtf
Normal_part43_00004.png,Normal,Normal_part43.wav,train,stft,mtf
Normal_part43_00005.png,Normal,Normal_part43.wav,train,stft,mtf
Normal_part43_00006.png,Normal,Normal_part43.wav,train,stft,mtf
Normal_part43_00007.png,Normal,Normal_part43.wav,train,stft,mtf
Normal_part43_00008.png,Normal,Normal_part43.wav,train,stft,mtf
Normal_part148_00000.png,Normal,Normal_part148.wav,train,stft,mtf
Normal_part148_00001.png,Normal,Normal_part148.wav,train,stft,mtf
Normal_part148_00002.png,Normal,Normal_part148.wav,train,stft,mtf
Normal_part148_00003.png,Normal,Normal_part148.wav,train,stft,mtf
Normal_part148_00004.png,Normal,Normal_part148.wav,train,stft,mtf
Normal_part148_00005.png,Normal,Normal_part148.wav,train,stft,mtf
Normal_part148_00006.png,Normal,Normal_part148.wav,train,stft,mtf
Normal_part148_00007.png,Normal,Normal_part148.wav,train,stft,mtf
Normal_part148_00008.png,Normal,Normal_part148.wav,train,stft,mtf
Normal_part82_00000.png,Normal,Normal_part82.wav,train,stft,mtf
Normal_part82_00001.png,Normal,Normal_part82.wav,train,stft,mtf
Normal_part82_00002.png,Normal,Normal_part82.wav,train,stft,mtf
Normal_part82_00003.png,Normal,Normal_part82.wav,train,stft,mtf
Normal_part82_00004.png,Normal,Normal_part82.wav,train,stft,mtf
Normal_part82_00005.png,Normal,Normal_part82.wav,train,stft,mtf
Normal_part82_00006.png,Normal,Normal_part82.wav,train,stft,mtf
Normal_part82_00007.png,Normal,Normal_part82.wav,train,stft,mtf
Normal_part82_00008.png,Normal,Normal_part82.wav,train,stft,mtf
Normal_part86_00000.png,Normal,Normal_part86.wav,train,stft,mtf
Normal_part86_00001.png,Normal,Normal_part86.wav,train,stft,mtf
Normal_part86_00002.png,Normal,Normal_part86.wav,train,stft,mtf
Normal_part86_00003.png,Normal,Normal_part86.wav,train,stft,mtf
Normal_part86_00004.png,Normal,Normal_part86.wav,train,stft,mtf
Normal_part86_00005.png,Normal,Normal_part86.wav,train,stft,mtf
Normal_part86_00006.png,Normal,Normal_part86.wav,train,stft,mtf
Normal_part86_00007.png,Normal,Normal_part86.wav,train,stft,mtf
Normal_part86_00008.png,Normal,Normal_part86.wav,train,stft,mtf
Normal_part165_00000.png,Normal,Normal_part165.wav,train,stft,mtf
Normal_part165_00001.png,Normal,Normal_part165.wav,train,stft,mtf
Normal_part165_00002.png,Normal,Normal_part165.wav,train,stft,mtf
Normal_part165_00003.png,Normal,Normal_part165.wav,train,stft,mtf
Normal_part165_00004.png,Normal,Normal_part165.wav,train,stft,mtf
Normal_part165_00005.png,Normal,Normal_part165.wav,train,stft,mtf
Normal_part165_00006.png,Normal,Normal_part165.wav,train,stft,mtf
Normal_part165_00007.png,Normal,Normal_part165.wav,train,stft,mtf
Normal_part165_00008.png,Normal,Normal_part165.wav,train,stft,mtf
Normal_part140_00000.png,Normal,Normal_part140.wav,train,stft,mtf
Normal_part140_00001.png,Normal,Normal_part140.wav,train,stft,mtf
Normal_part140_00002.png,Normal,Normal_part140.wav,train,stft,mtf
Normal_part140_00003.png,Normal,Normal_part140.wav,train,stft,mtf
Normal_part140_00004.png,Normal,Normal_part140.wav,train,stft,mtf
Normal_part140_00005.png,Normal,Normal_part140.wav,train,stft,mtf
Normal_part140_00006.png,Normal,Normal_part140.wav,train,stft,mtf
Normal_part140_00007.png,Normal,Normal_part140.wav,train,stft,mtf
Normal_part140_00008.png,Normal,Normal_part140.wav,train,stft,mtf
Normal_part28_00000.png,Normal,Normal_part28.wav,train,stft,mtf
Normal_part28_00001.png,Normal,Normal_part28.wav,train,stft,mtf
Normal_part28_00002.png,Normal,Normal_part28.wav,train,stft,mtf
Normal_part28_00003.png,Normal,Normal_part28.wav,train,stft,mtf
Normal_part28_00004.png,Normal,Normal_part28.wav,train,stft,mtf
Normal_part28_00005.png,Normal,Normal_part28.wav,train,stft,mtf
Normal_part28_00006.png,Normal,Normal_part28.wav,train,stft,mtf
Normal_part28_00007.png,Normal,Normal_part28.wav,train,stft,mtf
Normal_part28_00008.png,Normal,Normal_part28.wav,train,stft,mtf
Normal_part101_00000.png,Normal,Normal_part101.wav,train,stft,mtf
Normal_part101_00001.png,Normal,Normal_part101.wav,train,stft,mtf
Normal_part101_00002.png,Normal,Normal_part101.wav,train,stft,mtf
Normal_part101_00003.png,Normal,Normal_part101.wav,train,stft,mtf
Normal_part101_00004.png,Normal,Normal_part101.wav,train,stft,mtf
Normal_part101_00005.png,Normal,Normal_part101.wav,train,stft,mtf
Normal_part101_00006.png,Normal,Normal_part101.wav,train,stft,mtf
Normal_part101_00007.png,Normal,Normal_part101.wav,train,stft,mtf
Normal_part101_00008.png,Normal,Normal_part101.wav,train,stft,mtf
Normal_part59_00000.png,Normal,Normal_part59.wav,train,stft,mtf
Normal_part59_00001.png,Normal,Normal_part59.wav,train,stft,mtf
Normal_part59_00002.png,Normal,Normal_part59.wav,train,stft,mtf
Normal_part59_00003.png,Normal,Normal_part59.wav,train,stft,mtf
Normal_part59_00004.png,Normal,Normal_part59.wav,train,stft,mtf
Normal_part59_00005.png,Normal,Normal_part59.wav,train,stft,mtf
Normal_part59_00006.png,Normal,Normal_part59.wav,train,stft,mtf
Normal_part59_00007.png,Normal,Normal_part59.wav,train,stft,mtf
Normal_part59_00008.png,Normal,Normal_part59.wav,train,stft,mtf
Normal_part115_00000.png,Normal,Normal_part115.wav,train,stft,mtf
Normal_part115_00001.png,Normal,Normal_part115.wav,train,stft,mtf
Normal_part115_00002.png,Normal,Normal_part115.wav,train,stft,mtf
Normal_part115_00003.png,Normal,Normal_part115.wav,train,stft,mtf
Normal_part115_00004.png,Normal,Normal_part115.wav,train,stft,mtf
Normal_part115_00005.png,Normal,Normal_part115.wav,train,stft,mtf
Normal_part115_00006.png,Normal,Normal_part115.wav,train,stft,mtf
Normal_part115_00007.png,Normal,Normal_part115.wav,train,stft,mtf
Normal_part115_00008.png,Normal,Normal_part115.wav,train,stft,mtf
Normal_part178_00000.png,Normal,Normal_part178.wav,train,stft,mtf
Normal_part178_00001.png,Normal,Normal_part178.wav,train,stft,mtf
Normal_part178_00002.png,Normal,Normal_part178.wav,train,stft,mtf
Normal_part178_00003.png,Normal,Normal_part178.wav,train,stft,mtf
Normal_part178_00004.png,Normal,Normal_part178.wav,train,stft,mtf
Normal_part178_00005.png,Normal,Normal_part178.wav,train,stft,mtf
Normal_part178_00006.png,Normal,Normal_part178.wav,train,stft,mtf
Normal_part178_00007.png,Normal,Normal_part178.wav,train,stft,mtf
Normal_part178_00008.png,Normal,Normal_part178.wav,train,stft,mtf
PartialDischarge1_77_00000.png,PartialDischarge,PartialDischarge1_77.wav,train,stft,mtf
PartialDischarge1_77_00001.png,PartialDischarge,PartialDischarge1_77.wav,train,stft,mtf
PartialDischarge1_77_00002.png,PartialDischarge,PartialDischarge1_77.wav,train,stft,mtf
PartialDischarge1_77_00003.png,PartialDischarge,PartialDischarge1_77.wav,train,stft,mtf
PartialDischarge1_77_00004.png,PartialDischarge,PartialDischarge1_77.wav,train,stft,mtf
PartialDischarge1_77_00005.png,PartialDischarge,PartialDischarge1_77.wav,train,stft,mtf
PartialDischarge1_77_00006.png,PartialDischarge,PartialDischarge1_77.wav,train,stft,mtf
PartialDischarge1_77_00007.png,PartialDischarge,PartialDischarge1_77.wav,train,stft,mtf
PartialDischarge1_77_00008.png,PartialDischarge,PartialDischarge1_77.wav,train,stft,mtf
PartialDischarge1_8_00000.png,PartialDischarge,PartialDischarge1_8.wav,train,stft,mtf
PartialDischarge1_8_00001.png,PartialDischarge,PartialDischarge1_8.wav,train,stft,mtf
PartialDischarge1_8_00002.png,PartialDischarge,PartialDischarge1_8.wav,train,stft,mtf
PartialDischarge1_8_00003.png,PartialDischarge,PartialDischarge1_8.wav,train,stft,mtf
PartialDischarge1_8_00004.png,PartialDischarge,PartialDischarge1_8.wav,train,stft,mtf
PartialDischarge1_8_00005.png,PartialDischarge,PartialDischarge1_8.wav,train,stft,mtf
PartialDischarge1_8_00006.png,PartialDischarge,PartialDischarge1_8.wav,train,stft,mtf
PartialDischarge1_8_00007.png,PartialDischarge,PartialDischarge1_8.wav,train,stft,mtf
PartialDischarge1_8_00008.png,PartialDischarge,PartialDischarge1_8.wav,train,stft,mtf
PartialDischarge1_93_00000.png,PartialDischarge,PartialDischarge1_93.wav,train,stft,mtf
PartialDischarge1_93_00001.png,PartialDischarge,PartialDischarge1_93.wav,train,stft,mtf
PartialDischarge1_93_00002.png,PartialDischarge,PartialDischarge1_93.wav,train,stft,mtf
PartialDischarge1_93_00003.png,PartialDischarge,PartialDischarge1_93.wav,train,stft,mtf
PartialDischarge1_93_00004.png,PartialDischarge,PartialDischarge1_93.wav,train,stft,mtf
PartialDischarge1_93_00005.png,PartialDischarge,PartialDischarge1_93.wav,train,stft,mtf
PartialDischarge1_93_00006.png,PartialDischarge,PartialDischarge1_93.wav,train,stft,mtf
PartialDischarge1_93_00007.png,PartialDischarge,PartialDischarge1_93.wav,train,stft,mtf
PartialDischarge1_93_00008.png,PartialDischarge,PartialDischarge1_93.wav,train,stft,mtf
PartialDischarge1_51_00000.png,PartialDischarge,PartialDischarge1_51.wav,train,stft,mtf
PartialDischarge1_51_00001.png,PartialDischarge,PartialDischarge1_51.wav,train,stft,mtf
PartialDischarge1_51_00002.png,PartialDischarge,PartialDischarge1_51.wav,train,stft,mtf
PartialDischarge1_51_00003.png,PartialDischarge,PartialDischarge1_51.wav,train,stft,mtf
PartialDischarge1_51_00004.png,PartialDischarge,PartialDischarge1_51.wav,train,stft,mtf
PartialDischarge1_51_00005.png,PartialDischarge,PartialDischarge1_51.wav,train,stft,mtf
PartialDischarge1_51_00006.png,PartialDischarge,PartialDischarge1_51.wav,train,stft,mtf
PartialDischarge1_51_00007.png,PartialDischarge,PartialDischarge1_51.wav,train,stft,mtf
PartialDischarge1_51_00008.png,PartialDischarge,PartialDischarge1_51.wav,train,stft,mtf
PartialDischarge1_81_00000.png,PartialDischarge,PartialDischarge1_81.wav,train,stft,mtf
PartialDischarge1_81_00001.png,PartialDischarge,PartialDischarge1_81.wav,train,stft,mtf
PartialDischarge1_81_00002.png,PartialDischarge,PartialDischarge1_81.wav,train,stft,mtf
PartialDischarge1_81_00003.png,PartialDischarge,PartialDischarge1_81.wav,train,stft,mtf
PartialDischarge1_81_00004.png,PartialDischarge,PartialDischarge1_81.wav,train,stft,mtf
PartialDischarge1_81_00005.png,PartialDischarge,PartialDischarge1_81.wav,train,stft,mtf
PartialDischarge1_81_00006.png,PartialDischarge,PartialDischarge1_81.wav,train,stft,mtf
PartialDischarge1_81_00007.png,PartialDischarge,PartialDischarge1_81.wav,train,stft,mtf
PartialDischarge1_81_00008.png,PartialDischarge,PartialDischarge1_81.wav,train,stft,mtf
PartialDischarge1_11_00000.png,PartialDischarge,PartialDischarge1_11.wav,train,stft,mtf
PartialDischarge1_11_00001.png,PartialDischarge,PartialDischarge1_11.wav,train,stft,mtf
PartialDischarge1_11_00002.png,PartialDischarge,PartialDischarge1_11.wav,train,stft,mtf
PartialDischarge1_11_00003.png,PartialDischarge,PartialDischarge1_11.wav,train,stft,mtf
PartialDischarge1_11_00004.png,PartialDischarge,PartialDischarge1_11.wav,train,stft,mtf
PartialDischarge1_11_00005.png,PartialDischarge,PartialDischarge1_11.wav,train,stft,mtf
PartialDischarge1_11_00006.png,PartialDischarge,PartialDischarge1_11.wav,train,stft,mtf
PartialDischarge1_11_00007.png,PartialDischarge,PartialDischarge1_11.wav,train,stft,mtf
PartialDischarge1_11_00008.png,PartialDischarge,PartialDischarge1_11.wav,train,stft,mtf
PartialDischarge1_95_00000.png,PartialDischarge,PartialDischarge1_95.wav,train,stft,mtf
PartialDischarge1_95_00001.png,PartialDischarge,PartialDischarge1_95.wav,train,stft,mtf
PartialDischarge1_95_00002.png,PartialDischarge,PartialDischarge1_95.wav,train,stft,mtf
PartialDischarge1_95_00003.png,PartialDischarge,PartialDischarge1_95.wav,train,stft,mtf
PartialDischarge1_95_00004.png,PartialDischarge,PartialDischarge1_95.wav,train,stft,mtf
PartialDischarge1_95_00005.png,PartialDischarge,PartialDischarge1_95.wav,train,stft,mtf
PartialDischarge1_95_00006.png,PartialDischarge,PartialDischarge1_95.wav,train,stft,mtf
PartialDischarge1_95_00007.png,PartialDischarge,PartialDischarge1_95.wav,train,stft,mtf
PartialDischarge1_95_00008.png,PartialDischarge,PartialDischarge1_95.wav,train,stft,mtf
PartialDischarge1_34_00000.png,PartialDischarge,PartialDischarge1_34.wav,train,stft,mtf
PartialDischarge1_34_00001.png,PartialDischarge,PartialDischarge1_34.wav,train,stft,mtf
PartialDischarge1_34_00002.png,PartialDischarge,PartialDischarge1_34.wav,train,stft,mtf
PartialDischarge1_34_00003.png,PartialDischarge,PartialDischarge1_34.wav,train,stft,mtf
PartialDischarge1_34_00004.png,PartialDischarge,PartialDischarge1_34.wav,train,stft,mtf
PartialDischarge1_34_00005.png,PartialDischarge,PartialDischarge1_34.wav,train,stft,mtf
PartialDischarge1_34_00006.png,PartialDischarge,PartialDischarge1_34.wav,train,stft,mtf
PartialDischarge1_34_00007.png,PartialDischarge,PartialDischarge1_34.wav,train,stft,mtf
PartialDischarge1_34_00008.png,PartialDischarge,PartialDischarge1_34.wav,train,stft,mtf
PartialDischarge1_12_00000.png,PartialDischarge,PartialDischarge1_12.wav,train,stft,mtf
PartialDischarge1_12_00001.png,PartialDischarge,PartialDischarge1_12.wav,train,stft,mtf
PartialDischarge1_12_00002.png,PartialDischarge,PartialDischarge1_12.wav,train,stft,mtf
PartialDischarge1_12_00003.png,PartialDischarge,PartialDischarge1_12.wav,train,stft,mtf
PartialDischarge1_12_00004.png,PartialDischarge,PartialDischarge1_12.wav,train,stft,mtf
PartialDischarge1_12_00005.png,PartialDischarge,PartialDischarge1_12.wav,train,stft,mtf
PartialDischarge1_12_00006.png,PartialDischarge,PartialDischarge1_12.wav,train,stft,mtf
PartialDischarge1_12_00007.png,PartialDischarge,PartialDischarge1_12.wav,train,stft,mtf
PartialDischarge1_12_00008.png,PartialDischarge,PartialDischarge1_12.wav,train,stft,mtf
PartialDischarge1_114_00000.png,PartialDischarge,PartialDischarge1_114.wav,train,stft,mtf
PartialDischarge1_114_00001.png,PartialDischarge,PartialDischarge1_114.wav,train,stft,mtf
PartialDischarge1_114_00002.png,PartialDischarge,PartialDischarge1_114.wav,train,stft,mtf
PartialDischarge1_114_00003.png,PartialDischarge,PartialDischarge1_114.wav,train,stft,mtf
PartialDischarge1_114_00004.png,PartialDischarge,PartialDischarge1_114.wav,train,stft,mtf
PartialDischarge1_114_00005.png,PartialDischarge,PartialDischarge1_114.wav,train,stft,mtf
PartialDischarge1_114_00006.png,PartialDischarge,PartialDischarge1_114.wav,train,stft,mtf
PartialDischarge1_114_00007.png,PartialDischarge,PartialDischarge1_114.wav,train,stft,mtf
PartialDischarge1_114_00008.png,PartialDischarge,PartialDischarge1_114.wav,train,stft,mtf
PartialDischarge1_10_00000.png,PartialDischarge,PartialDischarge1_10.wav,train,stft,mtf
PartialDischarge1_10_00001.png,PartialDischarge,PartialDischarge1_10.wav,train,stft,mtf
PartialDischarge1_10_00002.png,PartialDischarge,PartialDischarge1_10.wav,train,stft,mtf
PartialDischarge1_10_00003.png,PartialDischarge,PartialDischarge1_10.wav,train,stft,mtf
PartialDischarge1_10_00004.png,PartialDischarge,PartialDischarge1_10.wav,train,stft,mtf
PartialDischarge1_10_00005.png,PartialDischarge,PartialDischarge1_10.wav,train,stft,mtf
PartialDischarge1_10_00006.png,PartialDischarge,PartialDischarge1_10.wav,train,stft,mtf
PartialDischarge1_10_00007.png,PartialDischarge,PartialDischarge1_10.wav,train,stft,mtf
PartialDischarge1_10_00008.png,PartialDischarge,PartialDischarge1_10.wav,train,stft,mtf
PartialDischarge1_116_00000.png,PartialDischarge,PartialDischarge1_116.wav,train,stft,mtf
PartialDischarge1_116_00001.png,PartialDischarge,PartialDischarge1_116.wav,train,stft,mtf
PartialDischarge1_116_00002.png,PartialDischarge,PartialDischarge1_116.wav,train,stft,mtf
PartialDischarge1_116_00003.png,PartialDischarge,PartialDischarge1_116.wav,train,stft,mtf
PartialDischarge1_116_00004.png,PartialDischarge,PartialDischarge1_116.wav,train,stft,mtf
PartialDischarge1_116_00005.png,PartialDischarge,PartialDischarge1_116.wav,train,stft,mtf
PartialDischarge1_116_00006.png,PartialDischarge,PartialDischarge1_116.wav,train,stft,mtf
PartialDischarge1_116_00007.png,PartialDischarge,PartialDischarge1_116.wav,train,stft,mtf
PartialDischarge1_116_00008.png,PartialDischarge,PartialDischarge1_116.wav,train,stft,mtf
PartialDischarge1_110_00000.png,PartialDischarge,PartialDischarge1_110.wav,train,stft,mtf
PartialDischarge1_110_00001.png,PartialDischarge,PartialDischarge1_110.wav,train,stft,mtf
PartialDischarge1_110_00002.png,PartialDischarge,PartialDischarge1_110.wav,train,stft,mtf
PartialDischarge1_110_00003.png,PartialDischarge,PartialDischarge1_110.wav,train,stft,mtf
PartialDischarge1_110_00004.png,PartialDischarge,PartialDischarge1_110.wav,train,stft,mtf
PartialDischarge1_110_00005.png,PartialDischarge,PartialDischarge1_110.wav,train,stft,mtf
PartialDischarge1_110_00006.png,PartialDischarge,PartialDischarge1_110.wav,train,stft,mtf
PartialDischarge1_110_00007.png,PartialDischarge,PartialDischarge1_110.wav,train,stft,mtf
PartialDischarge1_110_00008.png,PartialDischarge,PartialDischarge1_110.wav,train,stft,mtf
PartialDischarge1_83_00000.png,PartialDischarge,PartialDischarge1_83.wav,train,stft,mtf
PartialDischarge1_83_00001.png,PartialDischarge,PartialDischarge1_83.wav,train,stft,mtf
PartialDischarge1_83_00002.png,PartialDischarge,PartialDischarge1_83.wav,train,stft,mtf
PartialDischarge1_83_00003.png,PartialDischarge,PartialDischarge1_83.wav,train,stft,mtf
PartialDischarge1_83_00004.png,PartialDischarge,PartialDischarge1_83.wav,train,stft,mtf
PartialDischarge1_83_00005.png,PartialDischarge,PartialDischarge1_83.wav,train,stft,mtf
PartialDischarge1_83_00006.png,PartialDischarge,PartialDischarge1_83.wav,train,stft,mtf
PartialDischarge1_83_00007.png,PartialDischarge,PartialDischarge1_83.wav,train,stft,mtf
PartialDischarge1_83_00008.png,PartialDischarge,PartialDischarge1_83.wav,train,stft,mtf
PartialDischarge1_102_00000.png,PartialDischarge,PartialDischarge1_102.wav,train,stft,mtf
PartialDischarge1_102_00001.png,PartialDischarge,PartialDischarge1_102.wav,train,stft,mtf
PartialDischarge1_102_00002.png,PartialDischarge,PartialDischarge1_102.wav,train,stft,mtf
PartialDischarge1_102_00003.png,PartialDischarge,PartialDischarge1_102.wav,train,stft,mtf
PartialDischarge1_102_00004.png,PartialDischarge,PartialDischarge1_102.wav,train,stft,mtf
PartialDischarge1_102_00005.png,PartialDischarge,PartialDischarge1_102.wav,train,stft,mtf
PartialDischarge1_102_00006.png,PartialDischarge,PartialDischarge1_102.wav,train,stft,mtf
PartialDischarge1_102_00007.png,PartialDischarge,PartialDischarge1_102.wav,train,stft,mtf
PartialDischarge1_102_00008.png,PartialDischarge,PartialDischarge1_102.wav,train,stft,mtf
PartialDischarge1_73_00000.png,PartialDischarge,PartialDischarge1_73.wav,train,stft,mtf
PartialDischarge1_73_00001.png,PartialDischarge,PartialDischarge1_73.wav,train,stft,mtf
PartialDischarge1_73_00002.png,PartialDischarge,PartialDischarge1_73.wav,train,stft,mtf
PartialDischarge1_73_00003.png,PartialDischarge,PartialDischarge1_73.wav,train,stft,mtf
PartialDischarge1_73_00004.png,PartialDischarge,PartialDischarge1_73.wav,train,stft,mtf
PartialDischarge1_73_00005.png,PartialDischarge,PartialDischarge1_73.wav,train,stft,mtf
PartialDischarge1_73_00006.png,PartialDischarge,PartialDischarge1_73.wav,train,stft,mtf
PartialDischarge1_73_00007.png,PartialDischarge,PartialDischarge1_73.wav,train,stft,mtf
PartialDischarge1_73_00008.png,PartialDischarge,PartialDischarge1_73.wav,train,stft,mtf
PartialDischarge1_56_00000.png,PartialDischarge,PartialDischarge1_56.wav,train,stft,mtf
PartialDischarge1_56_00001.png,PartialDischarge,PartialDischarge1_56.wav,train,stft,mtf
PartialDischarge1_56_00002.png,PartialDischarge,PartialDischarge1_56.wav,train,stft,mtf
PartialDischarge1_56_00003.png,PartialDischarge,PartialDischarge1_56.wav,train,stft,mtf
PartialDischarge1_56_00004.png,PartialDischarge,PartialDischarge1_56.wav,train,stft,mtf
PartialDischarge1_56_00005.png,PartialDischarge,PartialDischarge1_56.wav,train,stft,mtf
PartialDischarge1_56_00006.png,PartialDischarge,PartialDischarge1_56.wav,train,stft,mtf
PartialDischarge1_56_00007.png,PartialDischarge,PartialDischarge1_56.wav,train,stft,mtf
PartialDischarge1_56_00008.png,PartialDischarge,PartialDischarge1_56.wav,train,stft,mtf
PartialDischarge1_100_00000.png,PartialDischarge,PartialDischarge1_100.wav,train,stft,mtf
PartialDischarge1_100_00001.png,PartialDischarge,PartialDischarge1_100.wav,train,stft,mtf
PartialDischarge1_100_00002.png,PartialDischarge,PartialDischarge1_100.wav,train,stft,mtf
PartialDischarge1_100_00003.png,PartialDischarge,PartialDischarge1_100.wav,train,stft,mtf
PartialDischarge1_100_00004.png,PartialDischarge,PartialDischarge1_100.wav,train,stft,mtf
PartialDischarge1_100_00005.png,PartialDischarge,PartialDischarge1_100.wav,train,stft,mtf
PartialDischarge1_100_00006.png,PartialDischarge,PartialDischarge1_100.wav,train,stft,mtf
PartialDischarge1_100_00007.png,PartialDischarge,PartialDischarge1_100.wav,train,stft,mtf
PartialDischarge1_100_00008.png,PartialDischarge,PartialDischarge1_100.wav,train,stft,mtf
PartialDischarge1_5_00000.png,PartialDischarge,PartialDischarge1_5.wav,train,stft,mtf
PartialDischarge1_5_00001.png,PartialDischarge,PartialDischarge1_5.wav,train,stft,mtf
PartialDischarge1_5_00002.png,PartialDischarge,PartialDischarge1_5.wav,train,stft,mtf
PartialDischarge1_5_00003.png,PartialDischarge,PartialDischarge1_5.wav,train,stft,mtf
PartialDischarge1_5_00004.png,PartialDischarge,PartialDischarge1_5.wav,train,stft,mtf
PartialDischarge1_5_00005.png,PartialDischarge,PartialDischarge1_5.wav,train,stft,mtf
PartialDischarge1_5_00006.png,PartialDischarge,PartialDischarge1_5.wav,train,stft,mtf
PartialDischarge1_5_00007.png,PartialDischarge,PartialDischarge1_5.wav,train,stft,mtf
PartialDischarge1_5_00008.png,PartialDischarge,PartialDischarge1_5.wav,train,stft,mtf
PartialDischarge1_28_00000.png,PartialDischarge,PartialDischarge1_28.wav,train,stft,mtf
PartialDischarge1_28_00001.png,PartialDischarge,PartialDischarge1_28.wav,train,stft,mtf
PartialDischarge1_28_00002.png,PartialDischarge,PartialDischarge1_28.wav,train,stft,mtf
PartialDischarge1_28_00003.png,PartialDischarge,PartialDischarge1_28.wav,train,stft,mtf
PartialDischarge1_28_00004.png,PartialDischarge,PartialDischarge1_28.wav,train,stft,mtf
PartialDischarge1_28_00005.png,PartialDischarge,PartialDischarge1_28.wav,train,stft,mtf
PartialDischarge1_28_00006.png,PartialDischarge,PartialDischarge1_28.wav,train,stft,mtf
PartialDischarge1_28_00007.png,PartialDischarge,PartialDischarge1_28.wav,train,stft,mtf
PartialDischarge1_28_00008.png,PartialDischarge,PartialDischarge1_28.wav,train,stft,mtf
PartialDischarge1_22_00000.png,PartialDischarge,PartialDischarge1_22.wav,train,stft,mtf
PartialDischarge1_22_00001.png,PartialDischarge,PartialDischarge1_22.wav,train,stft,mtf
PartialDischarge1_22_00002.png,PartialDischarge,PartialDischarge1_22.wav,train,stft,mtf
PartialDischarge1_22_00003.png,PartialDischarge,PartialDischarge1_22.wav,train,stft,mtf
PartialDischarge1_22_00004.png,PartialDischarge,PartialDischarge1_22.wav,train,stft,mtf
PartialDischarge1_22_00005.png,PartialDischarge,PartialDischarge1_22.wav,train,stft,mtf
PartialDischarge1_22_00006.png,PartialDischarge,PartialDischarge1_22.wav,train,stft,mtf
PartialDischarge1_22_00007.png,PartialDischarge,PartialDischarge1_22.wav,train,stft,mtf
PartialDischarge1_22_00008.png,PartialDischarge,PartialDischarge1_22.wav,train,stft,mtf
PartialDischarge1_84_00000.png,PartialDischarge,PartialDischarge1_84.wav,train,stft,mtf
PartialDischarge1_84_00001.png,PartialDischarge,PartialDischarge1_84.wav,train,stft,mtf
PartialDischarge1_84_00002.png,PartialDischarge,PartialDischarge1_84.wav,train,stft,mtf
PartialDischarge1_84_00003.png,PartialDischarge,PartialDischarge1_84.wav,train,stft,mtf
PartialDischarge1_84_00004.png,PartialDischarge,PartialDischarge1_84.wav,train,stft,mtf
PartialDischarge1_84_00005.png,PartialDischarge,PartialDischarge1_84.wav,train,stft,mtf
PartialDischarge1_84_00006.png,PartialDischarge,PartialDischarge1_84.wav,train,stft,mtf
PartialDischarge1_84_00007.png,PartialDischarge,PartialDischarge1_84.wav,train,stft,mtf
PartialDischarge1_84_00008.png,PartialDischarge,PartialDischarge1_84.wav,train,stft,mtf
PartialDischarge1_32_00000.png,PartialDischarge,PartialDischarge1_32.wav,train,stft,mtf
PartialDischarge1_32_00001.png,PartialDischarge,PartialDischarge1_32.wav,train,stft,mtf
PartialDischarge1_32_00002.png,PartialDischarge,PartialDischarge1_32.wav,train,stft,mtf
PartialDischarge1_32_00003.png,PartialDischarge,PartialDischarge1_32.wav,train,stft,mtf
PartialDischarge1_32_00004.png,PartialDischarge,PartialDischarge1_32.wav,train,stft,mtf
PartialDischarge1_32_00005.png,PartialDischarge,PartialDischarge1_32.wav,train,stft,mtf
PartialDischarge1_32_00006.png,PartialDischarge,PartialDischarge1_32.wav,train,stft,mtf
PartialDischarge1_32_00007.png,PartialDischarge,PartialDischarge1_32.wav,train,stft,mtf
PartialDischarge1_32_00008.png,PartialDischarge,PartialDischarge1_32.wav,train,stft,mtf
PartialDischarge1_113_00000.png,PartialDischarge,PartialDischarge1_113.wav,train,stft,mtf
PartialDischarge1_113_00001.png,PartialDischarge,PartialDischarge1_113.wav,train,stft,mtf
PartialDischarge1_113_00002.png,PartialDischarge,PartialDischarge1_113.wav,train,stft,mtf
PartialDischarge1_113_00003.png,PartialDischarge,PartialDischarge1_113.wav,train,stft,mtf
PartialDischarge1_113_00004.png,PartialDischarge,PartialDischarge1_113.wav,train,stft,mtf
PartialDischarge1_113_00005.png,PartialDischarge,PartialDischarge1_113.wav,train,stft,mtf
PartialDischarge1_113_00006.png,PartialDischarge,PartialDischarge1_113.wav,train,stft,mtf
PartialDischarge1_113_00007.png,PartialDischarge,PartialDischarge1_113.wav,train,stft,mtf
PartialDischarge1_113_00008.png,PartialDischarge,PartialDischarge1_113.wav,train,stft,mtf
PartialDischarge1_48_00000.png,PartialDischarge,PartialDischarge1_48.wav,train,stft,mtf
PartialDischarge1_48_00001.png,PartialDischarge,PartialDischarge1_48.wav,train,stft,mtf
PartialDischarge1_48_00002.png,PartialDischarge,PartialDischarge1_48.wav,train,stft,mtf
PartialDischarge1_48_00003.png,PartialDischarge,PartialDischarge1_48.wav,train,stft,mtf
PartialDischarge1_48_00004.png,PartialDischarge,PartialDischarge1_48.wav,train,stft,mtf
PartialDischarge1_48_00005.png,PartialDischarge,PartialDischarge1_48.wav,train,stft,mtf
PartialDischarge1_48_00006.png,PartialDischarge,PartialDischarge1_48.wav,train,stft,mtf
PartialDischarge1_48_00007.png,PartialDischarge,PartialDischarge1_48.wav,train,stft,mtf
PartialDischarge1_48_00008.png,PartialDischarge,PartialDischarge1_48.wav,train,stft,mtf
PartialDischarge1_25_00000.png,PartialDischarge,PartialDischarge1_25.wav,train,stft,mtf
PartialDischarge1_25_00001.png,PartialDischarge,PartialDischarge1_25.wav,train,stft,mtf
PartialDischarge1_25_00002.png,PartialDischarge,PartialDischarge1_25.wav,train,stft,mtf
PartialDischarge1_25_00003.png,PartialDischarge,PartialDischarge1_25.wav,train,stft,mtf
PartialDischarge1_25_00004.png,PartialDischarge,PartialDischarge1_25.wav,train,stft,mtf
PartialDischarge1_25_00005.png,PartialDischarge,PartialDischarge1_25.wav,train,stft,mtf
PartialDischarge1_25_00006.png,PartialDischarge,PartialDischarge1_25.wav,train,stft,mtf
PartialDischarge1_25_00007.png,PartialDischarge,PartialDischarge1_25.wav,train,stft,mtf
PartialDischarge1_25_00008.png,PartialDischarge,PartialDischarge1_25.wav,train,stft,mtf
PartialDischarge1_86_00000.png,PartialDischarge,PartialDischarge1_86.wav,train,stft,mtf
PartialDischarge1_86_00001.png,PartialDischarge,PartialDischarge1_86.wav,train,stft,mtf
PartialDischarge1_86_00002.png,PartialDischarge,PartialDischarge1_86.wav,train,stft,mtf
PartialDischarge1_86_00003.png,PartialDischarge,PartialDischarge1_86.wav,train,stft,mtf
PartialDischarge1_86_00004.png,PartialDischarge,PartialDischarge1_86.wav,train,stft,mtf
PartialDischarge1_86_00005.png,PartialDischarge,PartialDischarge1_86.wav,train,stft,mtf
PartialDischarge1_86_00006.png,PartialDischarge,PartialDischarge1_86.wav,train,stft,mtf
PartialDischarge1_86_00007.png,PartialDischarge,PartialDischarge1_86.wav,train,stft,mtf
PartialDischarge1_86_00008.png,PartialDischarge,PartialDischarge1_86.wav,train,stft,mtf
PartialDischarge1_37_00000.png,PartialDischarge,PartialDischarge1_37.wav,train,stft,mtf
PartialDischarge1_37_00001.png,PartialDischarge,PartialDischarge1_37.wav,train,stft,mtf
PartialDischarge1_37_00002.png,PartialDischarge,PartialDischarge1_37.wav,train,stft,mtf
PartialDischarge1_37_00003.png,PartialDischarge,PartialDischarge1_37.wav,train,stft,mtf
PartialDischarge1_37_00004.png,PartialDischarge,PartialDischarge1_37.wav,train,stft,mtf
PartialDischarge1_37_00005.png,PartialDischarge,PartialDischarge1_37.wav,train,stft,mtf
PartialDischarge1_37_00006.png,PartialDischarge,PartialDischarge1_37.wav,train,stft,mtf
PartialDischarge1_37_00007.png,PartialDischarge,PartialDischarge1_37.wav,train,stft,mtf
PartialDischarge1_37_00008.png,PartialDischarge,PartialDischarge1_37.wav,train,stft,mtf
PartialDischarge1_53_00000.png,PartialDischarge,PartialDischarge1_53.wav,train,stft,mtf
PartialDischarge1_53_00001.png,PartialDischarge,PartialDischarge1_53.wav,train,stft,mtf
PartialDischarge1_53_00002.png,PartialDischarge,PartialDischarge1_53.wav,train,stft,mtf
PartialDischarge1_53_00003.png,PartialDischarge,PartialDischarge1_53.wav,train,stft,mtf
PartialDischarge1_53_00004.png,PartialDischarge,PartialDischarge1_53.wav,train,stft,mtf
PartialDischarge1_53_00005.png,PartialDischarge,PartialDischarge1_53.wav,train,stft,mtf
PartialDischarge1_53_00006.png,PartialDischarge,PartialDischarge1_53.wav,train,stft,mtf
PartialDischarge1_53_00007.png,PartialDischarge,PartialDischarge1_53.wav,train,stft,mtf
PartialDischarge1_53_00008.png,PartialDischarge,PartialDischarge1_53.wav,train,stft,mtf
PartialDischarge1_66_00000.png,PartialDischarge,PartialDischarge1_66.wav,train,stft,mtf
PartialDischarge1_66_00001.png,PartialDischarge,PartialDischarge1_66.wav,train,stft,mtf
PartialDischarge1_66_00002.png,PartialDischarge,PartialDischarge1_66.wav,train,stft,mtf
PartialDischarge1_66_00003.png,PartialDischarge,PartialDischarge1_66.wav,train,stft,mtf
PartialDischarge1_66_00004.png,PartialDischarge,PartialDischarge1_66.wav,train,stft,mtf
PartialDischarge1_66_00005.png,PartialDischarge,PartialDischarge1_66.wav,train,stft,mtf
PartialDischarge1_66_00006.png,PartialDischarge,PartialDischarge1_66.wav,train,stft,mtf
PartialDischarge1_66_00007.png,PartialDischarge,PartialDischarge1_66.wav,train,stft,mtf
PartialDischarge1_66_00008.png,PartialDischarge,PartialDischarge1_66.wav,train,stft,mtf
PartialDischarge1_39_00000.png,PartialDischarge,PartialDischarge1_39.wav,train,stft,mtf
PartialDischarge1_39_00001.png,PartialDischarge,PartialDischarge1_39.wav,train,stft,mtf
PartialDischarge1_39_00002.png,PartialDischarge,PartialDischarge1_39.wav,train,stft,mtf
PartialDischarge1_39_00003.png,PartialDischarge,PartialDischarge1_39.wav,train,stft,mtf
PartialDischarge1_39_00004.png,PartialDischarge,PartialDischarge1_39.wav,train,stft,mtf
PartialDischarge1_39_00005.png,PartialDischarge,PartialDischarge1_39.wav,train,stft,mtf
PartialDischarge1_39_00006.png,PartialDischarge,PartialDischarge1_39.wav,train,stft,mtf
PartialDischarge1_39_00007.png,PartialDischarge,PartialDischarge1_39.wav,train,stft,mtf
PartialDischarge1_39_00008.png,PartialDischarge,PartialDischarge1_39.wav,train,stft,mtf
PartialDischarge1_64_00000.png,PartialDischarge,PartialDischarge1_64.wav,train,stft,mtf
PartialDischarge1_64_00001.png,PartialDischarge,PartialDischarge1_64.wav,train,stft,mtf
PartialDischarge1_64_00002.png,PartialDischarge,PartialDischarge1_64.wav,train,stft,mtf
PartialDischarge1_64_00003.png,PartialDischarge,PartialDischarge1_64.wav,train,stft,mtf
PartialDischarge1_64_00004.png,PartialDischarge,PartialDischarge1_64.wav,train,stft,mtf
PartialDischarge1_64_00005.png,PartialDischarge,PartialDischarge1_64.wav,train,stft,mtf
PartialDischarge1_64_00006.png,PartialDischarge,PartialDischarge1_64.wav,train,stft,mtf
PartialDischarge1_64_00007.png,PartialDischarge,PartialDischarge1_64.wav,train,stft,mtf
PartialDischarge1_64_00008.png,PartialDischarge,PartialDischarge1_64.wav,train,stft,mtf
PartialDischarge1_71_00000.png,PartialDischarge,PartialDischarge1_71.wav,train,stft,mtf
PartialDischarge1_71_00001.png,PartialDischarge,PartialDischarge1_71.wav,train,stft,mtf
PartialDischarge1_71_00002.png,PartialDischarge,PartialDischarge1_71.wav,train,stft,mtf
PartialDischarge1_71_00003.png,PartialDischarge,PartialDischarge1_71.wav,train,stft,mtf
PartialDischarge1_71_00004.png,PartialDischarge,PartialDischarge1_71.wav,train,stft,mtf
PartialDischarge1_71_00005.png,PartialDischarge,PartialDischarge1_71.wav,train,stft,mtf
PartialDischarge1_71_00006.png,PartialDischarge,PartialDischarge1_71.wav,train,stft,mtf
PartialDischarge1_71_00007.png,PartialDischarge,PartialDischarge1_71.wav,train,stft,mtf
PartialDischarge1_71_00008.png,PartialDischarge,PartialDischarge1_71.wav,train,stft,mtf
PartialDischarge1_70_00000.png,PartialDischarge,PartialDischarge1_70.wav,train,stft,mtf
PartialDischarge1_70_00001.png,PartialDischarge,PartialDischarge1_70.wav,train,stft,mtf
PartialDischarge1_70_00002.png,PartialDischarge,PartialDischarge1_70.wav,train,stft,mtf
PartialDischarge1_70_00003.png,PartialDischarge,PartialDischarge1_70.wav,train,stft,mtf
PartialDischarge1_70_00004.png,PartialDischarge,PartialDischarge1_70.wav,train,stft,mtf
PartialDischarge1_70_00005.png,PartialDischarge,PartialDischarge1_70.wav,train,stft,mtf
PartialDischarge1_70_00006.png,PartialDischarge,PartialDischarge1_70.wav,train,stft,mtf
PartialDischarge1_70_00007.png,PartialDischarge,PartialDischarge1_70.wav,train,stft,mtf
PartialDischarge1_70_00008.png,PartialDischarge,PartialDischarge1_70.wav,train,stft,mtf
PartialDischarge1_54_00000.png,PartialDischarge,PartialDischarge1_54.wav,train,stft,mtf
PartialDischarge1_54_00001.png,PartialDischarge,PartialDischarge1_54.wav,train,stft,mtf
PartialDischarge1_54_00002.png,PartialDischarge,PartialDischarge1_54.wav,train,stft,mtf
PartialDischarge1_54_00003.png,PartialDischarge,PartialDischarge1_54.wav,train,stft,mtf
PartialDischarge1_54_00004.png,PartialDischarge,PartialDischarge1_54.wav,train,stft,mtf
PartialDischarge1_54_00005.png,PartialDischarge,PartialDischarge1_54.wav,train,stft,mtf
PartialDischarge1_54_00006.png,PartialDischarge,PartialDischarge1_54.wav,train,stft,mtf
PartialDischarge1_54_00007.png,PartialDischarge,PartialDischarge1_54.wav,train,stft,mtf
PartialDischarge1_54_00008.png,PartialDischarge,PartialDischarge1_54.wav,train,stft,mtf
PartialDischarge1_20_00000.png,PartialDischarge,PartialDischarge1_20.wav,train,stft,mtf
PartialDischarge1_20_00001.png,PartialDischarge,PartialDischarge1_20.wav,train,stft,mtf
PartialDischarge1_20_00002.png,PartialDischarge,PartialDischarge1_20.wav,train,stft,mtf
PartialDischarge1_20_00003.png,PartialDischarge,PartialDischarge1_20.wav,train,stft,mtf
PartialDischarge1_20_00004.png,PartialDischarge,PartialDischarge1_20.wav,train,stft,mtf
PartialDischarge1_20_00005.png,PartialDischarge,PartialDischarge1_20.wav,train,stft,mtf
PartialDischarge1_20_00006.png,PartialDischarge,PartialDischarge1_20.wav,train,stft,mtf
PartialDischarge1_20_00007.png,PartialDischarge,PartialDischarge1_20.wav,train,stft,mtf
PartialDischarge1_20_00008.png,PartialDischarge,PartialDischarge1_20.wav,train,stft,mtf
PartialDischarge1_94_00000.png,PartialDischarge,PartialDischarge1_94.wav,train,stft,mtf
PartialDischarge1_94_00001.png,PartialDischarge,PartialDischarge1_94.wav,train,stft,mtf
PartialDischarge1_94_00002.png,PartialDischarge,PartialDischarge1_94.wav,train,stft,mtf
PartialDischarge1_94_00003.png,PartialDischarge,PartialDischarge1_94.wav,train,stft,mtf
PartialDischarge1_94_00004.png,PartialDischarge,PartialDischarge1_94.wav,train,stft,mtf
PartialDischarge1_94_00005.png,PartialDischarge,PartialDischarge1_94.wav,train,stft,mtf
PartialDischarge1_94_00006.png,PartialDischarge,PartialDischarge1_94.wav,train,stft,mtf
PartialDischarge1_94_00007.png,PartialDischarge,PartialDischarge1_94.wav,train,stft,mtf
PartialDischarge1_94_00008.png,PartialDischarge,PartialDischarge1_94.wav,train,stft,mtf
PartialDischarge1_117_00000.png,PartialDischarge,PartialDischarge1_117.wav,train,stft,mtf
PartialDischarge1_117_00001.png,PartialDischarge,PartialDischarge1_117.wav,train,stft,mtf
PartialDischarge1_117_00002.png,PartialDischarge,PartialDischarge1_117.wav,train,stft,mtf
PartialDischarge1_117_00003.png,PartialDischarge,PartialDischarge1_117.wav,train,stft,mtf
PartialDischarge1_117_00004.png,PartialDischarge,PartialDischarge1_117.wav,train,stft,mtf
PartialDischarge1_117_00005.png,PartialDischarge,PartialDischarge1_117.wav,train,stft,mtf
PartialDischarge1_117_00006.png,PartialDischarge,PartialDischarge1_117.wav,train,stft,mtf
PartialDischarge1_117_00007.png,PartialDischarge,PartialDischarge1_117.wav,train,stft,mtf
PartialDischarge1_117_00008.png,PartialDischarge,PartialDischarge1_117.wav,train,stft,mtf
PartialDischarge1_9_00000.png,PartialDischarge,PartialDischarge1_9.wav,train,stft,mtf
PartialDischarge1_9_00001.png,PartialDischarge,PartialDischarge1_9.wav,train,stft,mtf
PartialDischarge1_9_00002.png,PartialDischarge,PartialDischarge1_9.wav,train,stft,mtf
PartialDischarge1_9_00003.png,PartialDischarge,PartialDischarge1_9.wav,train,stft,mtf
PartialDischarge1_9_00004.png,PartialDischarge,PartialDischarge1_9.wav,train,stft,mtf
PartialDischarge1_9_00005.png,PartialDischarge,PartialDischarge1_9.wav,train,stft,mtf
PartialDischarge1_9_00006.png,PartialDischarge,PartialDischarge1_9.wav,train,stft,mtf
PartialDischarge1_9_00007.png,PartialDischarge,PartialDischarge1_9.wav,train,stft,mtf
PartialDischarge1_9_00008.png,PartialDischarge,PartialDischarge1_9.wav,train,stft,mtf
PartialDischarge1_33_00000.png,PartialDischarge,PartialDischarge1_33.wav,train,stft,mtf
PartialDischarge1_33_00001.png,PartialDischarge,PartialDischarge1_33.wav,train,stft,mtf
PartialDischarge1_33_00002.png,PartialDischarge,PartialDischarge1_33.wav,train,stft,mtf
PartialDischarge1_33_00003.png,PartialDischarge,PartialDischarge1_33.wav,train,stft,mtf
PartialDischarge1_33_00004.png,PartialDischarge,PartialDischarge1_33.wav,train,stft,mtf
PartialDischarge1_33_00005.png,PartialDischarge,PartialDischarge1_33.wav,train,stft,mtf
PartialDischarge1_33_00006.png,PartialDischarge,PartialDischarge1_33.wav,train,stft,mtf
PartialDischarge1_33_00007.png,PartialDischarge,PartialDischarge1_33.wav,train,stft,mtf
PartialDischarge1_33_00008.png,PartialDischarge,PartialDischarge1_33.wav,train,stft,mtf
PartialDischarge1_40_00000.png,PartialDischarge,PartialDischarge1_40.wav,train,stft,mtf
PartialDischarge1_40_00001.png,PartialDischarge,PartialDischarge1_40.wav,train,stft,mtf
PartialDischarge1_40_00002.png,PartialDischarge,PartialDischarge1_40.wav,train,stft,mtf
PartialDischarge1_40_00003.png,PartialDischarge,PartialDischarge1_40.wav,train,stft,mtf
PartialDischarge1_40_00004.png,PartialDischarge,PartialDischarge1_40.wav,train,stft,mtf
PartialDischarge1_40_00005.png,PartialDischarge,PartialDischarge1_40.wav,train,stft,mtf
PartialDischarge1_40_00006.png,PartialDischarge,PartialDischarge1_40.wav,train,stft,mtf
PartialDischarge1_40_00007.png,PartialDischarge,PartialDischarge1_40.wav,train,stft,mtf
PartialDischarge1_40_00008.png,PartialDischarge,PartialDischarge1_40.wav,train,stft,mtf
PartialDischarge1_30_00000.png,PartialDischarge,PartialDischarge1_30.wav,train,stft,mtf
PartialDischarge1_30_00001.png,PartialDischarge,PartialDischarge1_30.wav,train,stft,mtf
PartialDischarge1_30_00002.png,PartialDischarge,PartialDischarge1_30.wav,train,stft,mtf
PartialDischarge1_30_00003.png,PartialDischarge,PartialDischarge1_30.wav,train,stft,mtf
PartialDischarge1_30_00004.png,PartialDischarge,PartialDischarge1_30.wav,train,stft,mtf
PartialDischarge1_30_00005.png,PartialDischarge,PartialDischarge1_30.wav,train,stft,mtf
PartialDischarge1_30_00006.png,PartialDischarge,PartialDischarge1_30.wav,train,stft,mtf
PartialDischarge1_30_00007.png,PartialDischarge,PartialDischarge1_30.wav,train,stft,mtf
PartialDischarge1_30_00008.png,PartialDischarge,PartialDischarge1_30.wav,train,stft,mtf
PartialDischarge1_106_00000.png,PartialDischarge,PartialDischarge1_106.wav,train,stft,mtf
PartialDischarge1_106_00001.png,PartialDischarge,PartialDischarge1_106.wav,train,stft,mtf
PartialDischarge1_106_00002.png,PartialDischarge,PartialDischarge1_106.wav,train,stft,mtf
PartialDischarge1_106_00003.png,PartialDischarge,PartialDischarge1_106.wav,train,stft,mtf
PartialDischarge1_106_00004.png,PartialDischarge,PartialDischarge1_106.wav,train,stft,mtf
PartialDischarge1_106_00005.png,PartialDischarge,PartialDischarge1_106.wav,train,stft,mtf
PartialDischarge1_106_00006.png,PartialDischarge,PartialDischarge1_106.wav,train,stft,mtf
PartialDischarge1_106_00007.png,PartialDischarge,PartialDischarge1_106.wav,train,stft,mtf
PartialDischarge1_106_00008.png,PartialDischarge,PartialDischarge1_106.wav,train,stft,mtf
PartialDischarge1_90_00000.png,PartialDischarge,PartialDischarge1_90.wav,train,stft,mtf
PartialDischarge1_90_00001.png,PartialDischarge,PartialDischarge1_90.wav,train,stft,mtf
PartialDischarge1_90_00002.png,PartialDischarge,PartialDischarge1_90.wav,train,stft,mtf
PartialDischarge1_90_00003.png,PartialDischarge,PartialDischarge1_90.wav,train,stft,mtf
PartialDischarge1_90_00004.png,PartialDischarge,PartialDischarge1_90.wav,train,stft,mtf
PartialDischarge1_90_00005.png,PartialDischarge,PartialDischarge1_90.wav,train,stft,mtf
PartialDischarge1_90_00006.png,PartialDischarge,PartialDischarge1_90.wav,train,stft,mtf
PartialDischarge1_90_00007.png,PartialDischarge,PartialDischarge1_90.wav,train,stft,mtf
PartialDischarge1_90_00008.png,PartialDischarge,PartialDischarge1_90.wav,train,stft,mtf
PartialDischarge1_105_00000.png,PartialDischarge,PartialDischarge1_105.wav,train,stft,mtf
PartialDischarge1_105_00001.png,PartialDischarge,PartialDischarge1_105.wav,train,stft,mtf
PartialDischarge1_105_00002.png,PartialDischarge,PartialDischarge1_105.wav,train,stft,mtf
PartialDischarge1_105_00003.png,PartialDischarge,PartialDischarge1_105.wav,train,stft,mtf
PartialDischarge1_105_00004.png,PartialDischarge,PartialDischarge1_105.wav,train,stft,mtf
PartialDischarge1_105_00005.png,PartialDischarge,PartialDischarge1_105.wav,train,stft,mtf
PartialDischarge1_105_00006.png,PartialDischarge,PartialDischarge1_105.wav,train,stft,mtf
PartialDischarge1_105_00007.png,PartialDischarge,PartialDischarge1_105.wav,train,stft,mtf
PartialDischarge1_105_00008.png,PartialDischarge,PartialDischarge1_105.wav,train,stft,mtf
PartialDischarge1_112_00000.png,PartialDischarge,PartialDischarge1_112.wav,train,stft,mtf
PartialDischarge1_112_00001.png,PartialDischarge,PartialDischarge1_112.wav,train,stft,mtf
PartialDischarge1_112_00002.png,PartialDischarge,PartialDischarge1_112.wav,train,stft,mtf
PartialDischarge1_112_00003.png,PartialDischarge,PartialDischarge1_112.wav,train,stft,mtf
PartialDischarge1_112_00004.png,PartialDischarge,PartialDischarge1_112.wav,train,stft,mtf
PartialDischarge1_112_00005.png,PartialDischarge,PartialDischarge1_112.wav,train,stft,mtf
PartialDischarge1_112_00006.png,PartialDischarge,PartialDischarge1_112.wav,train,stft,mtf
PartialDischarge1_112_00007.png,PartialDischarge,PartialDischarge1_112.wav,train,stft,mtf
PartialDischarge1_112_00008.png,PartialDischarge,PartialDischarge1_112.wav,train,stft,mtf
PartialDischarge1_23_00000.png,PartialDischarge,PartialDischarge1_23.wav,train,stft,mtf
PartialDischarge1_23_00001.png,PartialDischarge,PartialDischarge1_23.wav,train,stft,mtf
PartialDischarge1_23_00002.png,PartialDischarge,PartialDischarge1_23.wav,train,stft,mtf
PartialDischarge1_23_00003.png,PartialDischarge,PartialDischarge1_23.wav,train,stft,mtf
PartialDischarge1_23_00004.png,PartialDischarge,PartialDischarge1_23.wav,train,stft,mtf
PartialDischarge1_23_00005.png,PartialDischarge,PartialDischarge1_23.wav,train,stft,mtf
PartialDischarge1_23_00006.png,PartialDischarge,PartialDischarge1_23.wav,train,stft,mtf
PartialDischarge1_23_00007.png,PartialDischarge,PartialDischarge1_23.wav,train,stft,mtf
PartialDischarge1_23_00008.png,PartialDischarge,PartialDischarge1_23.wav,train,stft,mtf
PartialDischarge1_6_00000.png,PartialDischarge,PartialDischarge1_6.wav,train,stft,mtf
PartialDischarge1_6_00001.png,PartialDischarge,PartialDischarge1_6.wav,train,stft,mtf
PartialDischarge1_6_00002.png,PartialDischarge,PartialDischarge1_6.wav,train,stft,mtf
PartialDischarge1_6_00003.png,PartialDischarge,PartialDischarge1_6.wav,train,stft,mtf
PartialDischarge1_6_00004.png,PartialDischarge,PartialDischarge1_6.wav,train,stft,mtf
PartialDischarge1_6_00005.png,PartialDischarge,PartialDischarge1_6.wav,train,stft,mtf
PartialDischarge1_6_00006.png,PartialDischarge,PartialDischarge1_6.wav,train,stft,mtf
PartialDischarge1_6_00007.png,PartialDischarge,PartialDischarge1_6.wav,train,stft,mtf
PartialDischarge1_6_00008.png,PartialDischarge,PartialDischarge1_6.wav,train,stft,mtf
PartialDischarge1_18_00000.png,PartialDischarge,PartialDischarge1_18.wav,train,stft,mtf
PartialDischarge1_18_00001.png,PartialDischarge,PartialDischarge1_18.wav,train,stft,mtf
PartialDischarge1_18_00002.png,PartialDischarge,PartialDischarge1_18.wav,train,stft,mtf
PartialDischarge1_18_00003.png,PartialDischarge,PartialDischarge1_18.wav,train,stft,mtf
PartialDischarge1_18_00004.png,PartialDischarge,PartialDischarge1_18.wav,train,stft,mtf
PartialDischarge1_18_00005.png,PartialDischarge,PartialDischarge1_18.wav,train,stft,mtf
PartialDischarge1_18_00006.png,PartialDischarge,PartialDischarge1_18.wav,train,stft,mtf
PartialDischarge1_18_00007.png,PartialDischarge,PartialDischarge1_18.wav,train,stft,mtf
PartialDischarge1_18_00008.png,PartialDischarge,PartialDischarge1_18.wav,train,stft,mtf
PartialDischarge1_21_00000.png,PartialDischarge,PartialDischarge1_21.wav,train,stft,mtf
PartialDischarge1_21_00001.png,PartialDischarge,PartialDischarge1_21.wav,train,stft,mtf
PartialDischarge1_21_00002.png,PartialDischarge,PartialDischarge1_21.wav,train,stft,mtf
PartialDischarge1_21_00003.png,PartialDischarge,PartialDischarge1_21.wav,train,stft,mtf
PartialDischarge1_21_00004.png,PartialDischarge,PartialDischarge1_21.wav,train,stft,mtf
PartialDischarge1_21_00005.png,PartialDischarge,PartialDischarge1_21.wav,train,stft,mtf
PartialDischarge1_21_00006.png,PartialDischarge,PartialDischarge1_21.wav,train,stft,mtf
PartialDischarge1_21_00007.png,PartialDischarge,PartialDischarge1_21.wav,train,stft,mtf
PartialDischarge1_21_00008.png,PartialDischarge,PartialDischarge1_21.wav,train,stft,mtf
PartialDischarge1_47_00000.png,PartialDischarge,PartialDischarge1_47.wav,train,stft,mtf
PartialDischarge1_47_00001.png,PartialDischarge,PartialDischarge1_47.wav,train,stft,mtf
PartialDischarge1_47_00002.png,PartialDischarge,PartialDischarge1_47.wav,train,stft,mtf
PartialDischarge1_47_00003.png,PartialDischarge,PartialDischarge1_47.wav,train,stft,mtf
PartialDischarge1_47_00004.png,PartialDischarge,PartialDischarge1_47.wav,train,stft,mtf
PartialDischarge1_47_00005.png,PartialDischarge,PartialDischarge1_47.wav,train,stft,mtf
PartialDischarge1_47_00006.png,PartialDischarge,PartialDischarge1_47.wav,train,stft,mtf
PartialDischarge1_47_00007.png,PartialDischarge,PartialDischarge1_47.wav,train,stft,mtf
PartialDischarge1_47_00008.png,PartialDischarge,PartialDischarge1_47.wav,train,stft,mtf
PartialDischarge1_99_00000.png,PartialDischarge,PartialDischarge1_99.wav,train,stft,mtf
PartialDischarge1_99_00001.png,PartialDischarge,PartialDischarge1_99.wav,train,stft,mtf
PartialDischarge1_99_00002.png,PartialDischarge,PartialDischarge1_99.wav,train,stft,mtf
PartialDischarge1_99_00003.png,PartialDischarge,PartialDischarge1_99.wav,train,stft,mtf
PartialDischarge1_99_00004.png,PartialDischarge,PartialDischarge1_99.wav,train,stft,mtf
PartialDischarge1_99_00005.png,PartialDischarge,PartialDischarge1_99.wav,train,stft,mtf
PartialDischarge1_99_00006.png,PartialDischarge,PartialDischarge1_99.wav,train,stft,mtf
PartialDischarge1_99_00007.png,PartialDischarge,PartialDischarge1_99.wav,train,stft,mtf
PartialDischarge1_99_00008.png,PartialDischarge,PartialDischarge1_99.wav,train,stft,mtf
PartialDischarge1_111_00000.png,PartialDischarge,PartialDischarge1_111.wav,train,stft,mtf
PartialDischarge1_111_00001.png,PartialDischarge,PartialDischarge1_111.wav,train,stft,mtf
PartialDischarge1_111_00002.png,PartialDischarge,PartialDischarge1_111.wav,train,stft,mtf
PartialDischarge1_111_00003.png,PartialDischarge,PartialDischarge1_111.wav,train,stft,mtf
PartialDischarge1_111_00004.png,PartialDischarge,PartialDischarge1_111.wav,train,stft,mtf
PartialDischarge1_111_00005.png,PartialDischarge,PartialDischarge1_111.wav,train,stft,mtf
PartialDischarge1_111_00006.png,PartialDischarge,PartialDischarge1_111.wav,train,stft,mtf
PartialDischarge1_111_00007.png,PartialDischarge,PartialDischarge1_111.wav,train,stft,mtf
PartialDischarge1_111_00008.png,PartialDischarge,PartialDischarge1_111.wav,train,stft,mtf
PartialDischarge1_76_00000.png,PartialDischarge,PartialDischarge1_76.wav,train,stft,mtf
PartialDischarge1_76_00001.png,PartialDischarge,PartialDischarge1_76.wav,train,stft,mtf
PartialDischarge1_76_00002.png,PartialDischarge,PartialDischarge1_76.wav,train,stft,mtf
PartialDischarge1_76_00003.png,PartialDischarge,PartialDischarge1_76.wav,train,stft,mtf
PartialDischarge1_76_00004.png,PartialDischarge,PartialDischarge1_76.wav,train,stft,mtf
PartialDischarge1_76_00005.png,PartialDischarge,PartialDischarge1_76.wav,train,stft,mtf
PartialDischarge1_76_00006.png,PartialDischarge,PartialDischarge1_76.wav,train,stft,mtf
PartialDischarge1_76_00007.png,PartialDischarge,PartialDischarge1_76.wav,train,stft,mtf
PartialDischarge1_76_00008.png,PartialDischarge,PartialDischarge1_76.wav,train,stft,mtf
PartialDischarge1_96_00000.png,PartialDischarge,PartialDischarge1_96.wav,train,stft,mtf
PartialDischarge1_96_00001.png,PartialDischarge,PartialDischarge1_96.wav,train,stft,mtf
PartialDischarge1_96_00002.png,PartialDischarge,PartialDischarge1_96.wav,train,stft,mtf
PartialDischarge1_96_00003.png,PartialDischarge,PartialDischarge1_96.wav,train,stft,mtf
PartialDischarge1_96_00004.png,PartialDischarge,PartialDischarge1_96.wav,train,stft,mtf
PartialDischarge1_96_00005.png,PartialDischarge,PartialDischarge1_96.wav,train,stft,mtf
PartialDischarge1_96_00006.png,PartialDischarge,PartialDischarge1_96.wav,train,stft,mtf
PartialDischarge1_96_00007.png,PartialDischarge,PartialDischarge1_96.wav,train,stft,mtf
PartialDischarge1_96_00008.png,PartialDischarge,PartialDischarge1_96.wav,train,stft,mtf
PartialDischarge1_104_00000.png,PartialDischarge,PartialDischarge1_104.wav,train,stft,mtf
PartialDischarge1_104_00001.png,PartialDischarge,PartialDischarge1_104.wav,train,stft,mtf
PartialDischarge1_104_00002.png,PartialDischarge,PartialDischarge1_104.wav,train,stft,mtf
PartialDischarge1_104_00003.png,PartialDischarge,PartialDischarge1_104.wav,train,stft,mtf
PartialDischarge1_104_00004.png,PartialDischarge,PartialDischarge1_104.wav,train,stft,mtf
PartialDischarge1_104_00005.png,PartialDischarge,PartialDischarge1_104.wav,train,stft,mtf
PartialDischarge1_104_00006.png,PartialDischarge,PartialDischarge1_104.wav,train,stft,mtf
PartialDischarge1_104_00007.png,PartialDischarge,PartialDischarge1_104.wav,train,stft,mtf
PartialDischarge1_104_00008.png,PartialDischarge,PartialDischarge1_104.wav,train,stft,mtf
PartialDischarge1_52_00000.png,PartialDischarge,PartialDischarge1_52.wav,train,stft,mtf
PartialDischarge1_52_00001.png,PartialDischarge,PartialDischarge1_52.wav,train,stft,mtf
PartialDischarge1_52_00002.png,PartialDischarge,PartialDischarge1_52.wav,train,stft,mtf
PartialDischarge1_52_00003.png,PartialDischarge,PartialDischarge1_52.wav,train,stft,mtf
PartialDischarge1_52_00004.png,PartialDischarge,PartialDischarge1_52.wav,train,stft,mtf
PartialDischarge1_52_00005.png,PartialDischarge,PartialDischarge1_52.wav,train,stft,mtf
PartialDischarge1_52_00006.png,PartialDischarge,PartialDischarge1_52.wav,train,stft,mtf
PartialDischarge1_52_00007.png,PartialDischarge,PartialDischarge1_52.wav,train,stft,mtf
PartialDischarge1_52_00008.png,PartialDischarge,PartialDischarge1_52.wav,train,stft,mtf
PartialDischarge1_85_00000.png,PartialDischarge,PartialDischarge1_85.wav,train,stft,mtf
PartialDischarge1_85_00001.png,PartialDischarge,PartialDischarge1_85.wav,train,stft,mtf
PartialDischarge1_85_00002.png,PartialDischarge,PartialDischarge1_85.wav,train,stft,mtf
PartialDischarge1_85_00003.png,PartialDischarge,PartialDischarge1_85.wav,train,stft,mtf
PartialDischarge1_85_00004.png,PartialDischarge,PartialDischarge1_85.wav,train,stft,mtf
PartialDischarge1_85_00005.png,PartialDischarge,PartialDischarge1_85.wav,train,stft,mtf
PartialDischarge1_85_00006.png,PartialDischarge,PartialDischarge1_85.wav,train,stft,mtf
PartialDischarge1_85_00007.png,PartialDischarge,PartialDischarge1_85.wav,train,stft,mtf
PartialDischarge1_85_00008.png,PartialDischarge,PartialDischarge1_85.wav,train,stft,mtf
PartialDischarge1_98_00000.png,PartialDischarge,PartialDischarge1_98.wav,train,stft,mtf
PartialDischarge1_98_00001.png,PartialDischarge,PartialDischarge1_98.wav,train,stft,mtf
PartialDischarge1_98_00002.png,PartialDischarge,PartialDischarge1_98.wav,train,stft,mtf
PartialDischarge1_98_00003.png,PartialDischarge,PartialDischarge1_98.wav,train,stft,mtf
PartialDischarge1_98_00004.png,PartialDischarge,PartialDischarge1_98.wav,train,stft,mtf
PartialDischarge1_98_00005.png,PartialDischarge,PartialDischarge1_98.wav,train,stft,mtf
PartialDischarge1_98_00006.png,PartialDischarge,PartialDischarge1_98.wav,train,stft,mtf
PartialDischarge1_98_00007.png,PartialDischarge,PartialDischarge1_98.wav,train,stft,mtf
PartialDischarge1_98_00008.png,PartialDischarge,PartialDischarge1_98.wav,train,stft,mtf
PartialDischarge1_43_00000.png,PartialDischarge,PartialDischarge1_43.wav,train,stft,mtf
PartialDischarge1_43_00001.png,PartialDischarge,PartialDischarge1_43.wav,train,stft,mtf
PartialDischarge1_43_00002.png,PartialDischarge,PartialDischarge1_43.wav,train,stft,mtf
PartialDischarge1_43_00003.png,PartialDischarge,PartialDischarge1_43.wav,train,stft,mtf
PartialDischarge1_43_00004.png,PartialDischarge,PartialDischarge1_43.wav,train,stft,mtf
PartialDischarge1_43_00005.png,PartialDischarge,PartialDischarge1_43.wav,train,stft,mtf
PartialDischarge1_43_00006.png,PartialDischarge,PartialDischarge1_43.wav,train,stft,mtf
PartialDischarge1_43_00007.png,PartialDischarge,PartialDischarge1_43.wav,train,stft,mtf
PartialDischarge1_43_00008.png,PartialDischarge,PartialDischarge1_43.wav,train,stft,mtf
PartialDischarge1_89_00000.png,PartialDischarge,PartialDischarge1_89.wav,train,stft,mtf
PartialDischarge1_89_00001.png,PartialDischarge,PartialDischarge1_89.wav,train,stft,mtf
PartialDischarge1_89_00002.png,PartialDischarge,PartialDischarge1_89.wav,train,stft,mtf
PartialDischarge1_89_00003.png,PartialDischarge,PartialDischarge1_89.wav,train,stft,mtf
PartialDischarge1_89_00004.png,PartialDischarge,PartialDischarge1_89.wav,train,stft,mtf
PartialDischarge1_89_00005.png,PartialDischarge,PartialDischarge1_89.wav,train,stft,mtf
PartialDischarge1_89_00006.png,PartialDischarge,PartialDischarge1_89.wav,train,stft,mtf
PartialDischarge1_89_00007.png,PartialDischarge,PartialDischarge1_89.wav,train,stft,mtf
PartialDischarge1_89_00008.png,PartialDischarge,PartialDischarge1_89.wav,train,stft,mtf
PartialDischarge1_31_00000.png,PartialDischarge,PartialDischarge1_31.wav,train,stft,mtf
PartialDischarge1_31_00001.png,PartialDischarge,PartialDischarge1_31.wav,train,stft,mtf
PartialDischarge1_31_00002.png,PartialDischarge,PartialDischarge1_31.wav,train,stft,mtf
PartialDischarge1_31_00003.png,PartialDischarge,PartialDischarge1_31.wav,train,stft,mtf
PartialDischarge1_31_00004.png,PartialDischarge,PartialDischarge1_31.wav,train,stft,mtf
PartialDischarge1_31_00005.png,PartialDischarge,PartialDischarge1_31.wav,train,stft,mtf
PartialDischarge1_31_00006.png,PartialDischarge,PartialDischarge1_31.wav,train,stft,mtf
PartialDischarge1_31_00007.png,PartialDischarge,PartialDischarge1_31.wav,train,stft,mtf
PartialDischarge1_31_00008.png,PartialDischarge,PartialDischarge1_31.wav,train,stft,mtf
PartialDischarge1_80_00000.png,PartialDischarge,PartialDischarge1_80.wav,train,stft,mtf
PartialDischarge1_80_00001.png,PartialDischarge,PartialDischarge1_80.wav,train,stft,mtf
PartialDischarge1_80_00002.png,PartialDischarge,PartialDischarge1_80.wav,train,stft,mtf
PartialDischarge1_80_00003.png,PartialDischarge,PartialDischarge1_80.wav,train,stft,mtf
PartialDischarge1_80_00004.png,PartialDischarge,PartialDischarge1_80.wav,train,stft,mtf
PartialDischarge1_80_00005.png,PartialDischarge,PartialDischarge1_80.wav,train,stft,mtf
PartialDischarge1_80_00006.png,PartialDischarge,PartialDischarge1_80.wav,train,stft,mtf
PartialDischarge1_80_00007.png,PartialDischarge,PartialDischarge1_80.wav,train,stft,mtf
PartialDischarge1_80_00008.png,PartialDischarge,PartialDischarge1_80.wav,train,stft,mtf
PartialDischarge1_60_00000.png,PartialDischarge,PartialDischarge1_60.wav,train,stft,mtf
PartialDischarge1_60_00001.png,PartialDischarge,PartialDischarge1_60.wav,train,stft,mtf
PartialDischarge1_60_00002.png,PartialDischarge,PartialDischarge1_60.wav,train,stft,mtf
PartialDischarge1_60_00003.png,PartialDischarge,PartialDischarge1_60.wav,train,stft,mtf
PartialDischarge1_60_00004.png,PartialDischarge,PartialDischarge1_60.wav,train,stft,mtf
PartialDischarge1_60_00005.png,PartialDischarge,PartialDischarge1_60.wav,train,stft,mtf
PartialDischarge1_60_00006.png,PartialDischarge,PartialDischarge1_60.wav,train,stft,mtf
PartialDischarge1_60_00007.png,PartialDischarge,PartialDischarge1_60.wav,train,stft,mtf
PartialDischarge1_60_00008.png,PartialDischarge,PartialDischarge1_60.wav,train,stft,mtf
PartialDischarge1_58_00000.png,PartialDischarge,PartialDischarge1_58.wav,train,stft,mtf
PartialDischarge1_58_00001.png,PartialDischarge,PartialDischarge1_58.wav,train,stft,mtf
PartialDischarge1_58_00002.png,PartialDischarge,PartialDischarge1_58.wav,train,stft,mtf
PartialDischarge1_58_00003.png,PartialDischarge,PartialDischarge1_58.wav,train,stft,mtf
PartialDischarge1_58_00004.png,PartialDischarge,PartialDischarge1_58.wav,train,stft,mtf
PartialDischarge1_58_00005.png,PartialDischarge,PartialDischarge1_58.wav,train,stft,mtf
PartialDischarge1_58_00006.png,PartialDischarge,PartialDischarge1_58.wav,train,stft,mtf
PartialDischarge1_58_00007.png,PartialDischarge,PartialDischarge1_58.wav,train,stft,mtf
PartialDischarge1_58_00008.png,PartialDischarge,PartialDischarge1_58.wav,train,stft,mtf
PartialDischarge1_91_00000.png,PartialDischarge,PartialDischarge1_91.wav,train,stft,mtf
PartialDischarge1_91_00001.png,PartialDischarge,PartialDischarge1_91.wav,train,stft,mtf
PartialDischarge1_91_00002.png,PartialDischarge,PartialDischarge1_91.wav,train,stft,mtf
PartialDischarge1_91_00003.png,PartialDischarge,PartialDischarge1_91.wav,train,stft,mtf
PartialDischarge1_91_00004.png,PartialDischarge,PartialDischarge1_91.wav,train,stft,mtf
PartialDischarge1_91_00005.png,PartialDischarge,PartialDischarge1_91.wav,train,stft,mtf
PartialDischarge1_91_00006.png,PartialDischarge,PartialDischarge1_91.wav,train,stft,mtf
PartialDischarge1_91_00007.png,PartialDischarge,PartialDischarge1_91.wav,train,stft,mtf
PartialDischarge1_91_00008.png,PartialDischarge,PartialDischarge1_91.wav,train,stft,mtf
PartialDischarge1_49_00000.png,PartialDischarge,PartialDischarge1_49.wav,train,stft,mtf
PartialDischarge1_49_00001.png,PartialDischarge,PartialDischarge1_49.wav,train,stft,mtf
PartialDischarge1_49_00002.png,PartialDischarge,PartialDischarge1_49.wav,train,stft,mtf
PartialDischarge1_49_00003.png,PartialDischarge,PartialDischarge1_49.wav,train,stft,mtf
PartialDischarge1_49_00004.png,PartialDischarge,PartialDischarge1_49.wav,train,stft,mtf
PartialDischarge1_49_00005.png,PartialDischarge,PartialDischarge1_49.wav,train,stft,mtf
PartialDischarge1_49_00006.png,PartialDischarge,PartialDischarge1_49.wav,train,stft,mtf
PartialDischarge1_49_00007.png,PartialDischarge,PartialDischarge1_49.wav,train,stft,mtf
PartialDischarge1_49_00008.png,PartialDischarge,PartialDischarge1_49.wav,train,stft,mtf
PartialDischarge1_36_00000.png,PartialDischarge,PartialDischarge1_36.wav,train,stft,mtf
PartialDischarge1_36_00001.png,PartialDischarge,PartialDischarge1_36.wav,train,stft,mtf
PartialDischarge1_36_00002.png,PartialDischarge,PartialDischarge1_36.wav,train,stft,mtf
PartialDischarge1_36_00003.png,PartialDischarge,PartialDischarge1_36.wav,train,stft,mtf
PartialDischarge1_36_00004.png,PartialDischarge,PartialDischarge1_36.wav,train,stft,mtf
PartialDischarge1_36_00005.png,PartialDischarge,PartialDischarge1_36.wav,train,stft,mtf
PartialDischarge1_36_00006.png,PartialDischarge,PartialDischarge1_36.wav,train,stft,mtf
PartialDischarge1_36_00007.png,PartialDischarge,PartialDischarge1_36.wav,train,stft,mtf
PartialDischarge1_36_00008.png,PartialDischarge,PartialDischarge1_36.wav,train,stft,mtf
PartialDischarge1_13_00000.png,PartialDischarge,PartialDischarge1_13.wav,train,stft,mtf
PartialDischarge1_13_00001.png,PartialDischarge,PartialDischarge1_13.wav,train,stft,mtf
PartialDischarge1_13_00002.png,PartialDischarge,PartialDischarge1_13.wav,train,stft,mtf
PartialDischarge1_13_00003.png,PartialDischarge,PartialDischarge1_13.wav,train,stft,mtf
PartialDischarge1_13_00004.png,PartialDischarge,PartialDischarge1_13.wav,train,stft,mtf
PartialDischarge1_13_00005.png,PartialDischarge,PartialDischarge1_13.wav,train,stft,mtf
PartialDischarge1_13_00006.png,PartialDischarge,PartialDischarge1_13.wav,train,stft,mtf
PartialDischarge1_13_00007.png,PartialDischarge,PartialDischarge1_13.wav,train,stft,mtf
PartialDischarge1_13_00008.png,PartialDischarge,PartialDischarge1_13.wav,train,stft,mtf
PartialDischarge1_4_00000.png,PartialDischarge,PartialDischarge1_4.wav,train,stft,mtf
PartialDischarge1_4_00001.png,PartialDischarge,PartialDischarge1_4.wav,train,stft,mtf
PartialDischarge1_4_00002.png,PartialDischarge,PartialDischarge1_4.wav,train,stft,mtf
PartialDischarge1_4_00003.png,PartialDischarge,PartialDischarge1_4.wav,train,stft,mtf
PartialDischarge1_4_00004.png,PartialDischarge,PartialDischarge1_4.wav,train,stft,mtf
PartialDischarge1_4_00005.png,PartialDischarge,PartialDischarge1_4.wav,train,stft,mtf
PartialDischarge1_4_00006.png,PartialDischarge,PartialDischarge1_4.wav,train,stft,mtf
PartialDischarge1_4_00007.png,PartialDischarge,PartialDischarge1_4.wav,train,stft,mtf
PartialDischarge1_4_00008.png,PartialDischarge,PartialDischarge1_4.wav,train,stft,mtf
PartialDischarge1_44_00000.png,PartialDischarge,PartialDischarge1_44.wav,train,stft,mtf
PartialDischarge1_44_00001.png,PartialDischarge,PartialDischarge1_44.wav,train,stft,mtf
PartialDischarge1_44_00002.png,PartialDischarge,PartialDischarge1_44.wav,train,stft,mtf
PartialDischarge1_44_00003.png,PartialDischarge,PartialDischarge1_44.wav,train,stft,mtf
PartialDischarge1_44_00004.png,PartialDischarge,PartialDischarge1_44.wav,train,stft,mtf
PartialDischarge1_44_00005.png,PartialDischarge,PartialDischarge1_44.wav,train,stft,mtf
PartialDischarge1_44_00006.png,PartialDischarge,PartialDischarge1_44.wav,train,stft,mtf
PartialDischarge1_44_00007.png,PartialDischarge,PartialDischarge1_44.wav,train,stft,mtf
PartialDischarge1_44_00008.png,PartialDischarge,PartialDischarge1_44.wav,train,stft,mtf
DCBias2_32_00000.png,DCBias,DCBias2_32.wav,val,stft,mtf
DCBias2_32_00001.png,DCBias,DCBias2_32.wav,val,stft,mtf
DCBias2_32_00002.png,DCBias,DCBias2_32.wav,val,stft,mtf
DCBias2_32_00003.png,DCBias,DCBias2_32.wav,val,stft,mtf
DCBias2_32_00004.png,DCBias,DCBias2_32.wav,val,stft,mtf
DCBias2_32_00005.png,DCBias,DCBias2_32.wav,val,stft,mtf
DCBias2_32_00006.png,DCBias,DCBias2_32.wav,val,stft,mtf
DCBias2_32_00007.png,DCBias,DCBias2_32.wav,val,stft,mtf
DCBias2_32_00008.png,DCBias,DCBias2_32.wav,val,stft,mtf
DCBias2_11_00000.png,DCBias,DCBias2_11.wav,val,stft,mtf
DCBias2_11_00001.png,DCBias,DCBias2_11.wav,val,stft,mtf
DCBias2_11_00002.png,DCBias,DCBias2_11.wav,val,stft,mtf
DCBias2_11_00003.png,DCBias,DCBias2_11.wav,val,stft,mtf
DCBias2_11_00004.png,DCBias,DCBias2_11.wav,val,stft,mtf
DCBias2_11_00005.png,DCBias,DCBias2_11.wav,val,stft,mtf
DCBias2_11_00006.png,DCBias,DCBias2_11.wav,val,stft,mtf
DCBias2_11_00007.png,DCBias,DCBias2_11.wav,val,stft,mtf
DCBias2_11_00008.png,DCBias,DCBias2_11.wav,val,stft,mtf
DCBias2_35_00000.png,DCBias,DCBias2_35.wav,val,stft,mtf
DCBias2_35_00001.png,DCBias,DCBias2_35.wav,val,stft,mtf
DCBias2_35_00002.png,DCBias,DCBias2_35.wav,val,stft,mtf
DCBias2_35_00003.png,DCBias,DCBias2_35.wav,val,stft,mtf
DCBias2_35_00004.png,DCBias,DCBias2_35.wav,val,stft,mtf
DCBias2_35_00005.png,DCBias,DCBias2_35.wav,val,stft,mtf
DCBias2_35_00006.png,DCBias,DCBias2_35.wav,val,stft,mtf
DCBias2_35_00007.png,DCBias,DCBias2_35.wav,val,stft,mtf
DCBias2_35_00008.png,DCBias,DCBias2_35.wav,val,stft,mtf
DCBias2_82_00000.png,DCBias,DCBias2_82.wav,val,stft,mtf
DCBias2_82_00001.png,DCBias,DCBias2_82.wav,val,stft,mtf
DCBias2_82_00002.png,DCBias,DCBias2_82.wav,val,stft,mtf
DCBias2_82_00003.png,DCBias,DCBias2_82.wav,val,stft,mtf
DCBias2_82_00004.png,DCBias,DCBias2_82.wav,val,stft,mtf
DCBias2_82_00005.png,DCBias,DCBias2_82.wav,val,stft,mtf
DCBias2_82_00006.png,DCBias,DCBias2_82.wav,val,stft,mtf
DCBias2_82_00007.png,DCBias,DCBias2_82.wav,val,stft,mtf
DCBias2_82_00008.png,DCBias,DCBias2_82.wav,val,stft,mtf
DCBias2_90_00000.png,DCBias,DCBias2_90.wav,val,stft,mtf
DCBias2_90_00001.png,DCBias,DCBias2_90.wav,val,stft,mtf
DCBias2_90_00002.png,DCBias,DCBias2_90.wav,val,stft,mtf
DCBias2_90_00003.png,DCBias,DCBias2_90.wav,val,stft,mtf
DCBias2_90_00004.png,DCBias,DCBias2_90.wav,val,stft,mtf
DCBias2_90_00005.png,DCBias,DCBias2_90.wav,val,stft,mtf
DCBias2_90_00006.png,DCBias,DCBias2_90.wav,val,stft,mtf
DCBias2_90_00007.png,DCBias,DCBias2_90.wav,val,stft,mtf
DCBias2_90_00008.png,DCBias,DCBias2_90.wav,val,stft,mtf
DCBias2_64_00000.png,DCBias,DCBias2_64.wav,val,stft,mtf
DCBias2_64_00001.png,DCBias,DCBias2_64.wav,val,stft,mtf
DCBias2_64_00002.png,DCBias,DCBias2_64.wav,val,stft,mtf
DCBias2_64_00003.png,DCBias,DCBias2_64.wav,val,stft,mtf
DCBias2_64_00004.png,DCBias,DCBias2_64.wav,val,stft,mtf
DCBias2_64_00005.png,DCBias,DCBias2_64.wav,val,stft,mtf
DCBias2_64_00006.png,DCBias,DCBias2_64.wav,val,stft,mtf
DCBias2_64_00007.png,DCBias,DCBias2_64.wav,val,stft,mtf
DCBias2_64_00008.png,DCBias,DCBias2_64.wav,val,stft,mtf
DCBias2_81_00000.png,DCBias,DCBias2_81.wav,val,stft,mtf
DCBias2_81_00001.png,DCBias,DCBias2_81.wav,val,stft,mtf
DCBias2_81_00002.png,DCBias,DCBias2_81.wav,val,stft,mtf
DCBias2_81_00003.png,DCBias,DCBias2_81.wav,val,stft,mtf
DCBias2_81_00004.png,DCBias,DCBias2_81.wav,val,stft,mtf
DCBias2_81_00005.png,DCBias,DCBias2_81.wav,val,stft,mtf
DCBias2_81_00006.png,DCBias,DCBias2_81.wav,val,stft,mtf
DCBias2_81_00007.png,DCBias,DCBias2_81.wav,val,stft,mtf
DCBias2_81_00008.png,DCBias,DCBias2_81.wav,val,stft,mtf
DCBias2_116_00000.png,DCBias,DCBias2_116.wav,val,stft,mtf
DCBias2_116_00001.png,DCBias,DCBias2_116.wav,val,stft,mtf
DCBias2_116_00002.png,DCBias,DCBias2_116.wav,val,stft,mtf
DCBias2_116_00003.png,DCBias,DCBias2_116.wav,val,stft,mtf
DCBias2_116_00004.png,DCBias,DCBias2_116.wav,val,stft,mtf
DCBias2_116_00005.png,DCBias,DCBias2_116.wav,val,stft,mtf
DCBias2_116_00006.png,DCBias,DCBias2_116.wav,val,stft,mtf
DCBias2_116_00007.png,DCBias,DCBias2_116.wav,val,stft,mtf
DCBias2_116_00008.png,DCBias,DCBias2_116.wav,val,stft,mtf
DCBias2_68_00000.png,DCBias,DCBias2_68.wav,val,stft,mtf
DCBias2_68_00001.png,DCBias,DCBias2_68.wav,val,stft,mtf
DCBias2_68_00002.png,DCBias,DCBias2_68.wav,val,stft,mtf
DCBias2_68_00003.png,DCBias,DCBias2_68.wav,val,stft,mtf
DCBias2_68_00004.png,DCBias,DCBias2_68.wav,val,stft,mtf
DCBias2_68_00005.png,DCBias,DCBias2_68.wav,val,stft,mtf
DCBias2_68_00006.png,DCBias,DCBias2_68.wav,val,stft,mtf
DCBias2_68_00007.png,DCBias,DCBias2_68.wav,val,stft,mtf
DCBias2_68_00008.png,DCBias,DCBias2_68.wav,val,stft,mtf
DCBias2_30_00000.png,DCBias,DCBias2_30.wav,val,stft,mtf
DCBias2_30_00001.png,DCBias,DCBias2_30.wav,val,stft,mtf
DCBias2_30_00002.png,DCBias,DCBias2_30.wav,val,stft,mtf
DCBias2_30_00003.png,DCBias,DCBias2_30.wav,val,stft,mtf
DCBias2_30_00004.png,DCBias,DCBias2_30.wav,val,stft,mtf
DCBias2_30_00005.png,DCBias,DCBias2_30.wav,val,stft,mtf
DCBias2_30_00006.png,DCBias,DCBias2_30.wav,val,stft,mtf
DCBias2_30_00007.png,DCBias,DCBias2_30.wav,val,stft,mtf
DCBias2_30_00008.png,DCBias,DCBias2_30.wav,val,stft,mtf
DCBias2_85_00000.png,DCBias,DCBias2_85.wav,val,stft,mtf
DCBias2_85_00001.png,DCBias,DCBias2_85.wav,val,stft,mtf
DCBias2_85_00002.png,DCBias,DCBias2_85.wav,val,stft,mtf
DCBias2_85_00003.png,DCBias,DCBias2_85.wav,val,stft,mtf
DCBias2_85_00004.png,DCBias,DCBias2_85.wav,val,stft,mtf
DCBias2_85_00005.png,DCBias,DCBias2_85.wav,val,stft,mtf
DCBias2_85_00006.png,DCBias,DCBias2_85.wav,val,stft,mtf
DCBias2_85_00007.png,DCBias,DCBias2_85.wav,val,stft,mtf
DCBias2_85_00008.png,DCBias,DCBias2_85.wav,val,stft,mtf
DCBias2_117_00000.png,DCBias,DCBias2_117.wav,val,stft,mtf
DCBias2_117_00001.png,DCBias,DCBias2_117.wav,val,stft,mtf
DCBias2_117_00002.png,DCBias,DCBias2_117.wav,val,stft,mtf
DCBias2_117_00003.png,DCBias,DCBias2_117.wav,val,stft,mtf
DCBias2_117_00004.png,DCBias,DCBias2_117.wav,val,stft,mtf
DCBias2_117_00005.png,DCBias,DCBias2_117.wav,val,stft,mtf
DCBias2_117_00006.png,DCBias,DCBias2_117.wav,val,stft,mtf
DCBias2_117_00007.png,DCBias,DCBias2_117.wav,val,stft,mtf
DCBias2_117_00008.png,DCBias,DCBias2_117.wav,val,stft,mtf
DCBias2_1_00000.png,DCBias,DCBias2_1.wav,val,stft,mtf
DCBias2_1_00001.png,DCBias,DCBias2_1.wav,val,stft,mtf
DCBias2_1_00002.png,DCBias,DCBias2_1.wav,val,stft,mtf
DCBias2_1_00003.png,DCBias,DCBias2_1.wav,val,stft,mtf
DCBias2_1_00004.png,DCBias,DCBias2_1.wav,val,stft,mtf
DCBias2_1_00005.png,DCBias,DCBias2_1.wav,val,stft,mtf
DCBias2_1_00006.png,DCBias,DCBias2_1.wav,val,stft,mtf
DCBias2_1_00007.png,DCBias,DCBias2_1.wav,val,stft,mtf
DCBias2_1_00008.png,DCBias,DCBias2_1.wav,val,stft,mtf
DCBias2_95_00000.png,DCBias,DCBias2_95.wav,val,stft,mtf
DCBias2_95_00001.png,DCBias,DCBias2_95.wav,val,stft,mtf
DCBias2_95_00002.png,DCBias,DCBias2_95.wav,val,stft,mtf
DCBias2_95_00003.png,DCBias,DCBias2_95.wav,val,stft,mtf
DCBias2_95_00004.png,DCBias,DCBias2_95.wav,val,stft,mtf
DCBias2_95_00005.png,DCBias,DCBias2_95.wav,val,stft,mtf
DCBias2_95_00006.png,DCBias,DCBias2_95.wav,val,stft,mtf
DCBias2_95_00007.png,DCBias,DCBias2_95.wav,val,stft,mtf
DCBias2_95_00008.png,DCBias,DCBias2_95.wav,val,stft,mtf
DCBias2_86_00000.png,DCBias,DCBias2_86.wav,val,stft,mtf
DCBias2_86_00001.png,DCBias,DCBias2_86.wav,val,stft,mtf
DCBias2_86_00002.png,DCBias,DCBias2_86.wav,val,stft,mtf
DCBias2_86_00003.png,DCBias,DCBias2_86.wav,val,stft,mtf
DCBias2_86_00004.png,DCBias,DCBias2_86.wav,val,stft,mtf
DCBias2_86_00005.png,DCBias,DCBias2_86.wav,val,stft,mtf
DCBias2_86_00006.png,DCBias,DCBias2_86.wav,val,stft,mtf
DCBias2_86_00007.png,DCBias,DCBias2_86.wav,val,stft,mtf
DCBias2_86_00008.png,DCBias,DCBias2_86.wav,val,stft,mtf
DCBias2_43_00000.png,DCBias,DCBias2_43.wav,val,stft,mtf
DCBias2_43_00001.png,DCBias,DCBias2_43.wav,val,stft,mtf
DCBias2_43_00002.png,DCBias,DCBias2_43.wav,val,stft,mtf
DCBias2_43_00003.png,DCBias,DCBias2_43.wav,val,stft,mtf
DCBias2_43_00004.png,DCBias,DCBias2_43.wav,val,stft,mtf
DCBias2_43_00005.png,DCBias,DCBias2_43.wav,val,stft,mtf
DCBias2_43_00006.png,DCBias,DCBias2_43.wav,val,stft,mtf
DCBias2_43_00007.png,DCBias,DCBias2_43.wav,val,stft,mtf
DCBias2_43_00008.png,DCBias,DCBias2_43.wav,val,stft,mtf
DCBias2_93_00000.png,DCBias,DCBias2_93.wav,val,stft,mtf
DCBias2_93_00001.png,DCBias,DCBias2_93.wav,val,stft,mtf
DCBias2_93_00002.png,DCBias,DCBias2_93.wav,val,stft,mtf
DCBias2_93_00003.png,DCBias,DCBias2_93.wav,val,stft,mtf
DCBias2_93_00004.png,DCBias,DCBias2_93.wav,val,stft,mtf
DCBias2_93_00005.png,DCBias,DCBias2_93.wav,val,stft,mtf
DCBias2_93_00006.png,DCBias,DCBias2_93.wav,val,stft,mtf
DCBias2_93_00007.png,DCBias,DCBias2_93.wav,val,stft,mtf
DCBias2_93_00008.png,DCBias,DCBias2_93.wav,val,stft,mtf
DCBias2_4_00000.png,DCBias,DCBias2_4.wav,val,stft,mtf
DCBias2_4_00001.png,DCBias,DCBias2_4.wav,val,stft,mtf
DCBias2_4_00002.png,DCBias,DCBias2_4.wav,val,stft,mtf
DCBias2_4_00003.png,DCBias,DCBias2_4.wav,val,stft,mtf
DCBias2_4_00004.png,DCBias,DCBias2_4.wav,val,stft,mtf
DCBias2_4_00005.png,DCBias,DCBias2_4.wav,val,stft,mtf
DCBias2_4_00006.png,DCBias,DCBias2_4.wav,val,stft,mtf
DCBias2_4_00007.png,DCBias,DCBias2_4.wav,val,stft,mtf
DCBias2_4_00008.png,DCBias,DCBias2_4.wav,val,stft,mtf
DCBias2_88_00000.png,DCBias,DCBias2_88.wav,val,stft,mtf
DCBias2_88_00001.png,DCBias,DCBias2_88.wav,val,stft,mtf
DCBias2_88_00002.png,DCBias,DCBias2_88.wav,val,stft,mtf
DCBias2_88_00003.png,DCBias,DCBias2_88.wav,val,stft,mtf
DCBias2_88_00004.png,DCBias,DCBias2_88.wav,val,stft,mtf
DCBias2_88_00005.png,DCBias,DCBias2_88.wav,val,stft,mtf
DCBias2_88_00006.png,DCBias,DCBias2_88.wav,val,stft,mtf
DCBias2_88_00007.png,DCBias,DCBias2_88.wav,val,stft,mtf
DCBias2_88_00008.png,DCBias,DCBias2_88.wav,val,stft,mtf
DCBias2_72_00000.png,DCBias,DCBias2_72.wav,val,stft,mtf
DCBias2_72_00001.png,DCBias,DCBias2_72.wav,val,stft,mtf
DCBias2_72_00002.png,DCBias,DCBias2_72.wav,val,stft,mtf
DCBias2_72_00003.png,DCBias,DCBias2_72.wav,val,stft,mtf
DCBias2_72_00004.png,DCBias,DCBias2_72.wav,val,stft,mtf
DCBias2_72_00005.png,DCBias,DCBias2_72.wav,val,stft,mtf
DCBias2_72_00006.png,DCBias,DCBias2_72.wav,val,stft,mtf
DCBias2_72_00007.png,DCBias,DCBias2_72.wav,val,stft,mtf
DCBias2_72_00008.png,DCBias,DCBias2_72.wav,val,stft,mtf
DCBias2_67_00000.png,DCBias,DCBias2_67.wav,val,stft,mtf
DCBias2_67_00001.png,DCBias,DCBias2_67.wav,val,stft,mtf
DCBias2_67_00002.png,DCBias,DCBias2_67.wav,val,stft,mtf
DCBias2_67_00003.png,DCBias,DCBias2_67.wav,val,stft,mtf
DCBias2_67_00004.png,DCBias,DCBias2_67.wav,val,stft,mtf
DCBias2_67_00005.png,DCBias,DCBias2_67.wav,val,stft,mtf
DCBias2_67_00006.png,DCBias,DCBias2_67.wav,val,stft,mtf
DCBias2_67_00007.png,DCBias,DCBias2_67.wav,val,stft,mtf
DCBias2_67_00008.png,DCBias,DCBias2_67.wav,val,stft,mtf
DCBias2_74_00000.png,DCBias,DCBias2_74.wav,val,stft,mtf
DCBias2_74_00001.png,DCBias,DCBias2_74.wav,val,stft,mtf
DCBias2_74_00002.png,DCBias,DCBias2_74.wav,val,stft,mtf
DCBias2_74_00003.png,DCBias,DCBias2_74.wav,val,stft,mtf
DCBias2_74_00004.png,DCBias,DCBias2_74.wav,val,stft,mtf
DCBias2_74_00005.png,DCBias,DCBias2_74.wav,val,stft,mtf
DCBias2_74_00006.png,DCBias,DCBias2_74.wav,val,stft,mtf
DCBias2_74_00007.png,DCBias,DCBias2_74.wav,val,stft,mtf
DCBias2_74_00008.png,DCBias,DCBias2_74.wav,val,stft,mtf
DCBias2_14_00000.png,DCBias,DCBias2_14.wav,val,stft,mtf
DCBias2_14_00001.png,DCBias,DCBias2_14.wav,val,stft,mtf
DCBias2_14_00002.png,DCBias,DCBias2_14.wav,val,stft,mtf
DCBias2_14_00003.png,DCBias,DCBias2_14.wav,val,stft,mtf
DCBias2_14_00004.png,DCBias,DCBias2_14.wav,val,stft,mtf
DCBias2_14_00005.png,DCBias,DCBias2_14.wav,val,stft,mtf
DCBias2_14_00006.png,DCBias,DCBias2_14.wav,val,stft,mtf
DCBias2_14_00007.png,DCBias,DCBias2_14.wav,val,stft,mtf
DCBias2_14_00008.png,DCBias,DCBias2_14.wav,val,stft,mtf
DCBias2_56_00000.png,DCBias,DCBias2_56.wav,val,stft,mtf
DCBias2_56_00001.png,DCBias,DCBias2_56.wav,val,stft,mtf
DCBias2_56_00002.png,DCBias,DCBias2_56.wav,val,stft,mtf
DCBias2_56_00003.png,DCBias,DCBias2_56.wav,val,stft,mtf
DCBias2_56_00004.png,DCBias,DCBias2_56.wav,val,stft,mtf
DCBias2_56_00005.png,DCBias,DCBias2_56.wav,val,stft,mtf
DCBias2_56_00006.png,DCBias,DCBias2_56.wav,val,stft,mtf
DCBias2_56_00007.png,DCBias,DCBias2_56.wav,val,stft,mtf
DCBias2_56_00008.png,DCBias,DCBias2_56.wav,val,stft,mtf
G4_10pSeventhHarmonic_12_00000.png,Harmonic,G4_10pSeventhHarmonic_12.wav,val,stft,mtf
G4_10pSeventhHarmonic_12_00001.png,Harmonic,G4_10pSeventhHarmonic_12.wav,val,stft,mtf
G4_10pSeventhHarmonic_12_00002.png,Harmonic,G4_10pSeventhHarmonic_12.wav,val,stft,mtf
G4_10pSeventhHarmonic_12_00003.png,Harmonic,G4_10pSeventhHarmonic_12.wav,val,stft,mtf
G4_10pSeventhHarmonic_12_00004.png,Harmonic,G4_10pSeventhHarmonic_12.wav,val,stft,mtf
G4_10pSeventhHarmonic_12_00005.png,Harmonic,G4_10pSeventhHarmonic_12.wav,val,stft,mtf
G4_10pSeventhHarmonic_12_00006.png,Harmonic,G4_10pSeventhHarmonic_12.wav,val,stft,mtf
G4_10pSeventhHarmonic_12_00007.png,Harmonic,G4_10pSeventhHarmonic_12.wav,val,stft,mtf
G4_10pSeventhHarmonic_12_00008.png,Harmonic,G4_10pSeventhHarmonic_12.wav,val,stft,mtf
G4_10pSeventhHarmonic_71_00000.png,Harmonic,G4_10pSeventhHarmonic_71.wav,val,stft,mtf
G4_10pSeventhHarmonic_71_00001.png,Harmonic,G4_10pSeventhHarmonic_71.wav,val,stft,mtf
G4_10pSeventhHarmonic_71_00002.png,Harmonic,G4_10pSeventhHarmonic_71.wav,val,stft,mtf
G4_10pSeventhHarmonic_71_00003.png,Harmonic,G4_10pSeventhHarmonic_71.wav,val,stft,mtf
G4_10pSeventhHarmonic_71_00004.png,Harmonic,G4_10pSeventhHarmonic_71.wav,val,stft,mtf
G4_10pSeventhHarmonic_71_00005.png,Harmonic,G4_10pSeventhHarmonic_71.wav,val,stft,mtf
G4_10pSeventhHarmonic_71_00006.png,Harmonic,G4_10pSeventhHarmonic_71.wav,val,stft,mtf
G4_10pSeventhHarmonic_71_00007.png,Harmonic,G4_10pSeventhHarmonic_71.wav,val,stft,mtf
G4_10pSeventhHarmonic_71_00008.png,Harmonic,G4_10pSeventhHarmonic_71.wav,val,stft,mtf
G4_10pSeventhHarmonic_20_00000.png,Harmonic,G4_10pSeventhHarmonic_20.wav,val,stft,mtf
G4_10pSeventhHarmonic_20_00001.png,Harmonic,G4_10pSeventhHarmonic_20.wav,val,stft,mtf
G4_10pSeventhHarmonic_20_00002.png,Harmonic,G4_10pSeventhHarmonic_20.wav,val,stft,mtf
G4_10pSeventhHarmonic_20_00003.png,Harmonic,G4_10pSeventhHarmonic_20.wav,val,stft,mtf
G4_10pSeventhHarmonic_20_00004.png,Harmonic,G4_10pSeventhHarmonic_20.wav,val,stft,mtf
G4_10pSeventhHarmonic_20_00005.png,Harmonic,G4_10pSeventhHarmonic_20.wav,val,stft,mtf
G4_10pSeventhHarmonic_20_00006.png,Harmonic,G4_10pSeventhHarmonic_20.wav,val,stft,mtf
G4_10pSeventhHarmonic_20_00007.png,Harmonic,G4_10pSeventhHarmonic_20.wav,val,stft,mtf
G4_10pSeventhHarmonic_20_00008.png,Harmonic,G4_10pSeventhHarmonic_20.wav,val,stft,mtf
G4_10pSeventhHarmonic_59_00000.png,Harmonic,G4_10pSeventhHarmonic_59.wav,val,stft,mtf
G4_10pSeventhHarmonic_59_00001.png,Harmonic,G4_10pSeventhHarmonic_59.wav,val,stft,mtf
G4_10pSeventhHarmonic_59_00002.png,Harmonic,G4_10pSeventhHarmonic_59.wav,val,stft,mtf
G4_10pSeventhHarmonic_59_00003.png,Harmonic,G4_10pSeventhHarmonic_59.wav,val,stft,mtf
G4_10pSeventhHarmonic_59_00004.png,Harmonic,G4_10pSeventhHarmonic_59.wav,val,stft,mtf
G4_10pSeventhHarmonic_59_00005.png,Harmonic,G4_10pSeventhHarmonic_59.wav,val,stft,mtf
G4_10pSeventhHarmonic_59_00006.png,Harmonic,G4_10pSeventhHarmonic_59.wav,val,stft,mtf
G4_10pSeventhHarmonic_59_00007.png,Harmonic,G4_10pSeventhHarmonic_59.wav,val,stft,mtf
G4_10pSeventhHarmonic_59_00008.png,Harmonic,G4_10pSeventhHarmonic_59.wav,val,stft,mtf
G4_10pSeventhHarmonic_30_00000.png,Harmonic,G4_10pSeventhHarmonic_30.wav,val,stft,mtf
G4_10pSeventhHarmonic_30_00001.png,Harmonic,G4_10pSeventhHarmonic_30.wav,val,stft,mtf
G4_10pSeventhHarmonic_30_00002.png,Harmonic,G4_10pSeventhHarmonic_30.wav,val,stft,mtf
G4_10pSeventhHarmonic_30_00003.png,Harmonic,G4_10pSeventhHarmonic_30.wav,val,stft,mtf
G4_10pSeventhHarmonic_30_00004.png,Harmonic,G4_10pSeventhHarmonic_30.wav,val,stft,mtf
G4_10pSeventhHarmonic_30_00005.png,Harmonic,G4_10pSeventhHarmonic_30.wav,val,stft,mtf
G4_10pSeventhHarmonic_30_00006.png,Harmonic,G4_10pSeventhHarmonic_30.wav,val,stft,mtf
G4_10pSeventhHarmonic_30_00007.png,Harmonic,G4_10pSeventhHarmonic_30.wav,val,stft,mtf
G4_10pSeventhHarmonic_30_00008.png,Harmonic,G4_10pSeventhHarmonic_30.wav,val,stft,mtf
G4_10pSeventhHarmonic_1_00000.png,Harmonic,G4_10pSeventhHarmonic_1.wav,val,stft,mtf
G4_10pSeventhHarmonic_1_00001.png,Harmonic,G4_10pSeventhHarmonic_1.wav,val,stft,mtf
G4_10pSeventhHarmonic_1_00002.png,Harmonic,G4_10pSeventhHarmonic_1.wav,val,stft,mtf
G4_10pSeventhHarmonic_1_00003.png,Harmonic,G4_10pSeventhHarmonic_1.wav,val,stft,mtf
G4_10pSeventhHarmonic_1_00004.png,Harmonic,G4_10pSeventhHarmonic_1.wav,val,stft,mtf
G4_10pSeventhHarmonic_1_00005.png,Harmonic,G4_10pSeventhHarmonic_1.wav,val,stft,mtf
G4_10pSeventhHarmonic_1_00006.png,Harmonic,G4_10pSeventhHarmonic_1.wav,val,stft,mtf
G4_10pSeventhHarmonic_1_00007.png,Harmonic,G4_10pSeventhHarmonic_1.wav,val,stft,mtf
G4_10pSeventhHarmonic_1_00008.png,Harmonic,G4_10pSeventhHarmonic_1.wav,val,stft,mtf
G4_10pSeventhHarmonic_53_00000.png,Harmonic,G4_10pSeventhHarmonic_53.wav,val,stft,mtf
G4_10pSeventhHarmonic_53_00001.png,Harmonic,G4_10pSeventhHarmonic_53.wav,val,stft,mtf
G4_10pSeventhHarmonic_53_00002.png,Harmonic,G4_10pSeventhHarmonic_53.wav,val,stft,mtf
G4_10pSeventhHarmonic_53_00003.png,Harmonic,G4_10pSeventhHarmonic_53.wav,val,stft,mtf
G4_10pSeventhHarmonic_53_00004.png,Harmonic,G4_10pSeventhHarmonic_53.wav,val,stft,mtf
G4_10pSeventhHarmonic_53_00005.png,Harmonic,G4_10pSeventhHarmonic_53.wav,val,stft,mtf
G4_10pSeventhHarmonic_53_00006.png,Harmonic,G4_10pSeventhHarmonic_53.wav,val,stft,mtf
G4_10pSeventhHarmonic_53_00007.png,Harmonic,G4_10pSeventhHarmonic_53.wav,val,stft,mtf
G4_10pSeventhHarmonic_53_00008.png,Harmonic,G4_10pSeventhHarmonic_53.wav,val,stft,mtf
G4_10pSeventhHarmonic_84_00000.png,Harmonic,G4_10pSeventhHarmonic_84.wav,val,stft,mtf
G4_10pSeventhHarmonic_84_00001.png,Harmonic,G4_10pSeventhHarmonic_84.wav,val,stft,mtf
G4_10pSeventhHarmonic_84_00002.png,Harmonic,G4_10pSeventhHarmonic_84.wav,val,stft,mtf
G4_10pSeventhHarmonic_84_00003.png,Harmonic,G4_10pSeventhHarmonic_84.wav,val,stft,mtf
G4_10pSeventhHarmonic_84_00004.png,Harmonic,G4_10pSeventhHarmonic_84.wav,val,stft,mtf
G4_10pSeventhHarmonic_84_00005.png,Harmonic,G4_10pSeventhHarmonic_84.wav,val,stft,mtf
G4_10pSeventhHarmonic_84_00006.png,Harmonic,G4_10pSeventhHarmonic_84.wav,val,stft,mtf
G4_10pSeventhHarmonic_84_00007.png,Harmonic,G4_10pSeventhHarmonic_84.wav,val,stft,mtf
G4_10pSeventhHarmonic_84_00008.png,Harmonic,G4_10pSeventhHarmonic_84.wav,val,stft,mtf
G4_10pSeventhHarmonic_50_00000.png,Harmonic,G4_10pSeventhHarmonic_50.wav,val,stft,mtf
G4_10pSeventhHarmonic_50_00001.png,Harmonic,G4_10pSeventhHarmonic_50.wav,val,stft,mtf
G4_10pSeventhHarmonic_50_00002.png,Harmonic,G4_10pSeventhHarmonic_50.wav,val,stft,mtf
G4_10pSeventhHarmonic_50_00003.png,Harmonic,G4_10pSeventhHarmonic_50.wav,val,stft,mtf
G4_10pSeventhHarmonic_50_00004.png,Harmonic,G4_10pSeventhHarmonic_50.wav,val,stft,mtf
G4_10pSeventhHarmonic_50_00005.png,Harmonic,G4_10pSeventhHarmonic_50.wav,val,stft,mtf
G4_10pSeventhHarmonic_50_00006.png,Harmonic,G4_10pSeventhHarmonic_50.wav,val,stft,mtf
G4_10pSeventhHarmonic_50_00007.png,Harmonic,G4_10pSeventhHarmonic_50.wav,val,stft,mtf
G4_10pSeventhHarmonic_50_00008.png,Harmonic,G4_10pSeventhHarmonic_50.wav,val,stft,mtf
G4_10pSeventhHarmonic_34_00000.png,Harmonic,G4_10pSeventhHarmonic_34.wav,val,stft,mtf
G4_10pSeventhHarmonic_34_00001.png,Harmonic,G4_10pSeventhHarmonic_34.wav,val,stft,mtf
G4_10pSeventhHarmonic_34_00002.png,Harmonic,G4_10pSeventhHarmonic_34.wav,val,stft,mtf
G4_10pSeventhHarmonic_34_00003.png,Harmonic,G4_10pSeventhHarmonic_34.wav,val,stft,mtf
G4_10pSeventhHarmonic_34_00004.png,Harmonic,G4_10pSeventhHarmonic_34.wav,val,stft,mtf
G4_10pSeventhHarmonic_34_00005.png,Harmonic,G4_10pSeventhHarmonic_34.wav,val,stft,mtf
G4_10pSeventhHarmonic_34_00006.png,Harmonic,G4_10pSeventhHarmonic_34.wav,val,stft,mtf
G4_10pSeventhHarmonic_34_00007.png,Harmonic,G4_10pSeventhHarmonic_34.wav,val,stft,mtf
G4_10pSeventhHarmonic_34_00008.png,Harmonic,G4_10pSeventhHarmonic_34.wav,val,stft,mtf
G4_10pSeventhHarmonic_72_00000.png,Harmonic,G4_10pSeventhHarmonic_72.wav,val,stft,mtf
G4_10pSeventhHarmonic_72_00001.png,Harmonic,G4_10pSeventhHarmonic_72.wav,val,stft,mtf
G4_10pSeventhHarmonic_72_00002.png,Harmonic,G4_10pSeventhHarmonic_72.wav,val,stft,mtf
G4_10pSeventhHarmonic_72_00003.png,Harmonic,G4_10pSeventhHarmonic_72.wav,val,stft,mtf
G4_10pSeventhHarmonic_72_00004.png,Harmonic,G4_10pSeventhHarmonic_72.wav,val,stft,mtf
G4_10pSeventhHarmonic_72_00005.png,Harmonic,G4_10pSeventhHarmonic_72.wav,val,stft,mtf
G4_10pSeventhHarmonic_72_00006.png,Harmonic,G4_10pSeventhHarmonic_72.wav,val,stft,mtf
G4_10pSeventhHarmonic_72_00007.png,Harmonic,G4_10pSeventhHarmonic_72.wav,val,stft,mtf
G4_10pSeventhHarmonic_72_00008.png,Harmonic,G4_10pSeventhHarmonic_72.wav,val,stft,mtf
G4_10pSeventhHarmonic_4_00000.png,Harmonic,G4_10pSeventhHarmonic_4.wav,val,stft,mtf
G4_10pSeventhHarmonic_4_00001.png,Harmonic,G4_10pSeventhHarmonic_4.wav,val,stft,mtf
G4_10pSeventhHarmonic_4_00002.png,Harmonic,G4_10pSeventhHarmonic_4.wav,val,stft,mtf
G4_10pSeventhHarmonic_4_00003.png,Harmonic,G4_10pSeventhHarmonic_4.wav,val,stft,mtf
G4_10pSeventhHarmonic_4_00004.png,Harmonic,G4_10pSeventhHarmonic_4.wav,val,stft,mtf
G4_10pSeventhHarmonic_4_00005.png,Harmonic,G4_10pSeventhHarmonic_4.wav,val,stft,mtf
G4_10pSeventhHarmonic_4_00006.png,Harmonic,G4_10pSeventhHarmonic_4.wav,val,stft,mtf
G4_10pSeventhHarmonic_4_00007.png,Harmonic,G4_10pSeventhHarmonic_4.wav,val,stft,mtf
G4_10pSeventhHarmonic_4_00008.png,Harmonic,G4_10pSeventhHarmonic_4.wav,val,stft,mtf
G4_10pSeventhHarmonic_31_00000.png,Harmonic,G4_10pSeventhHarmonic_31.wav,val,stft,mtf
G4_10pSeventhHarmonic_31_00001.png,Harmonic,G4_10pSeventhHarmonic_31.wav,val,stft,mtf
G4_10pSeventhHarmonic_31_00002.png,Harmonic,G4_10pSeventhHarmonic_31.wav,val,stft,mtf
G4_10pSeventhHarmonic_31_00003.png,Harmonic,G4_10pSeventhHarmonic_31.wav,val,stft,mtf
G4_10pSeventhHarmonic_31_00004.png,Harmonic,G4_10pSeventhHarmonic_31.wav,val,stft,mtf
G4_10pSeventhHarmonic_31_00005.png,Harmonic,G4_10pSeventhHarmonic_31.wav,val,stft,mtf
G4_10pSeventhHarmonic_31_00006.png,Harmonic,G4_10pSeventhHarmonic_31.wav,val,stft,mtf
G4_10pSeventhHarmonic_31_00007.png,Harmonic,G4_10pSeventhHarmonic_31.wav,val,stft,mtf
G4_10pSeventhHarmonic_31_00008.png,Harmonic,G4_10pSeventhHarmonic_31.wav,val,stft,mtf
G4_10pSeventhHarmonic_62_00000.png,Harmonic,G4_10pSeventhHarmonic_62.wav,val,stft,mtf
G4_10pSeventhHarmonic_62_00001.png,Harmonic,G4_10pSeventhHarmonic_62.wav,val,stft,mtf
G4_10pSeventhHarmonic_62_00002.png,Harmonic,G4_10pSeventhHarmonic_62.wav,val,stft,mtf
G4_10pSeventhHarmonic_62_00003.png,Harmonic,G4_10pSeventhHarmonic_62.wav,val,stft,mtf
G4_10pSeventhHarmonic_62_00004.png,Harmonic,G4_10pSeventhHarmonic_62.wav,val,stft,mtf
G4_10pSeventhHarmonic_62_00005.png,Harmonic,G4_10pSeventhHarmonic_62.wav,val,stft,mtf
G4_10pSeventhHarmonic_62_00006.png,Harmonic,G4_10pSeventhHarmonic_62.wav,val,stft,mtf
G4_10pSeventhHarmonic_62_00007.png,Harmonic,G4_10pSeventhHarmonic_62.wav,val,stft,mtf
G4_10pSeventhHarmonic_62_00008.png,Harmonic,G4_10pSeventhHarmonic_62.wav,val,stft,mtf
G4_10pSeventhHarmonic_99_00000.png,Harmonic,G4_10pSeventhHarmonic_99.wav,val,stft,mtf
G4_10pSeventhHarmonic_99_00001.png,Harmonic,G4_10pSeventhHarmonic_99.wav,val,stft,mtf
G4_10pSeventhHarmonic_99_00002.png,Harmonic,G4_10pSeventhHarmonic_99.wav,val,stft,mtf
G4_10pSeventhHarmonic_99_00003.png,Harmonic,G4_10pSeventhHarmonic_99.wav,val,stft,mtf
G4_10pSeventhHarmonic_99_00004.png,Harmonic,G4_10pSeventhHarmonic_99.wav,val,stft,mtf
G4_10pSeventhHarmonic_99_00005.png,Harmonic,G4_10pSeventhHarmonic_99.wav,val,stft,mtf
G4_10pSeventhHarmonic_99_00006.png,Harmonic,G4_10pSeventhHarmonic_99.wav,val,stft,mtf
G4_10pSeventhHarmonic_99_00007.png,Harmonic,G4_10pSeventhHarmonic_99.wav,val,stft,mtf
G4_10pSeventhHarmonic_99_00008.png,Harmonic,G4_10pSeventhHarmonic_99.wav,val,stft,mtf
G4_10pSeventhHarmonic_10_00000.png,Harmonic,G4_10pSeventhHarmonic_10.wav,val,stft,mtf
G4_10pSeventhHarmonic_10_00001.png,Harmonic,G4_10pSeventhHarmonic_10.wav,val,stft,mtf
G4_10pSeventhHarmonic_10_00002.png,Harmonic,G4_10pSeventhHarmonic_10.wav,val,stft,mtf
G4_10pSeventhHarmonic_10_00003.png,Harmonic,G4_10pSeventhHarmonic_10.wav,val,stft,mtf
G4_10pSeventhHarmonic_10_00004.png,Harmonic,G4_10pSeventhHarmonic_10.wav,val,stft,mtf
G4_10pSeventhHarmonic_10_00005.png,Harmonic,G4_10pSeventhHarmonic_10.wav,val,stft,mtf
G4_10pSeventhHarmonic_10_00006.png,Harmonic,G4_10pSeventhHarmonic_10.wav,val,stft,mtf
G4_10pSeventhHarmonic_10_00007.png,Harmonic,G4_10pSeventhHarmonic_10.wav,val,stft,mtf
G4_10pSeventhHarmonic_10_00008.png,Harmonic,G4_10pSeventhHarmonic_10.wav,val,stft,mtf
G4_10pSeventhHarmonic_64_00000.png,Harmonic,G4_10pSeventhHarmonic_64.wav,val,stft,mtf
G4_10pSeventhHarmonic_64_00001.png,Harmonic,G4_10pSeventhHarmonic_64.wav,val,stft,mtf
G4_10pSeventhHarmonic_64_00002.png,Harmonic,G4_10pSeventhHarmonic_64.wav,val,stft,mtf
G4_10pSeventhHarmonic_64_00003.png,Harmonic,G4_10pSeventhHarmonic_64.wav,val,stft,mtf
G4_10pSeventhHarmonic_64_00004.png,Harmonic,G4_10pSeventhHarmonic_64.wav,val,stft,mtf
G4_10pSeventhHarmonic_64_00005.png,Harmonic,G4_10pSeventhHarmonic_64.wav,val,stft,mtf
G4_10pSeventhHarmonic_64_00006.png,Harmonic,G4_10pSeventhHarmonic_64.wav,val,stft,mtf
G4_10pSeventhHarmonic_64_00007.png,Harmonic,G4_10pSeventhHarmonic_64.wav,val,stft,mtf
G4_10pSeventhHarmonic_64_00008.png,Harmonic,G4_10pSeventhHarmonic_64.wav,val,stft,mtf
G4_10pSeventhHarmonic_3_00000.png,Harmonic,G4_10pSeventhHarmonic_3.wav,val,stft,mtf
G4_10pSeventhHarmonic_3_00001.png,Harmonic,G4_10pSeventhHarmonic_3.wav,val,stft,mtf
G4_10pSeventhHarmonic_3_00002.png,Harmonic,G4_10pSeventhHarmonic_3.wav,val,stft,mtf
G4_10pSeventhHarmonic_3_00003.png,Harmonic,G4_10pSeventhHarmonic_3.wav,val,stft,mtf
G4_10pSeventhHarmonic_3_00004.png,Harmonic,G4_10pSeventhHarmonic_3.wav,val,stft,mtf
G4_10pSeventhHarmonic_3_00005.png,Harmonic,G4_10pSeventhHarmonic_3.wav,val,stft,mtf
G4_10pSeventhHarmonic_3_00006.png,Harmonic,G4_10pSeventhHarmonic_3.wav,val,stft,mtf
G4_10pSeventhHarmonic_3_00007.png,Harmonic,G4_10pSeventhHarmonic_3.wav,val,stft,mtf
G4_10pSeventhHarmonic_3_00008.png,Harmonic,G4_10pSeventhHarmonic_3.wav,val,stft,mtf
G4_10pSeventhHarmonic_61_00000.png,Harmonic,G4_10pSeventhHarmonic_61.wav,val,stft,mtf
G4_10pSeventhHarmonic_61_00001.png,Harmonic,G4_10pSeventhHarmonic_61.wav,val,stft,mtf
G4_10pSeventhHarmonic_61_00002.png,Harmonic,G4_10pSeventhHarmonic_61.wav,val,stft,mtf
G4_10pSeventhHarmonic_61_00003.png,Harmonic,G4_10pSeventhHarmonic_61.wav,val,stft,mtf
G4_10pSeventhHarmonic_61_00004.png,Harmonic,G4_10pSeventhHarmonic_61.wav,val,stft,mtf
G4_10pSeventhHarmonic_61_00005.png,Harmonic,G4_10pSeventhHarmonic_61.wav,val,stft,mtf
G4_10pSeventhHarmonic_61_00006.png,Harmonic,G4_10pSeventhHarmonic_61.wav,val,stft,mtf
G4_10pSeventhHarmonic_61_00007.png,Harmonic,G4_10pSeventhHarmonic_61.wav,val,stft,mtf
G4_10pSeventhHarmonic_61_00008.png,Harmonic,G4_10pSeventhHarmonic_61.wav,val,stft,mtf
G4_10pSeventhHarmonic_54_00000.png,Harmonic,G4_10pSeventhHarmonic_54.wav,val,stft,mtf
G4_10pSeventhHarmonic_54_00001.png,Harmonic,G4_10pSeventhHarmonic_54.wav,val,stft,mtf
G4_10pSeventhHarmonic_54_00002.png,Harmonic,G4_10pSeventhHarmonic_54.wav,val,stft,mtf
G4_10pSeventhHarmonic_54_00003.png,Harmonic,G4_10pSeventhHarmonic_54.wav,val,stft,mtf
G4_10pSeventhHarmonic_54_00004.png,Harmonic,G4_10pSeventhHarmonic_54.wav,val,stft,mtf
G4_10pSeventhHarmonic_54_00005.png,Harmonic,G4_10pSeventhHarmonic_54.wav,val,stft,mtf
G4_10pSeventhHarmonic_54_00006.png,Harmonic,G4_10pSeventhHarmonic_54.wav,val,stft,mtf
G4_10pSeventhHarmonic_54_00007.png,Harmonic,G4_10pSeventhHarmonic_54.wav,val,stft,mtf
G4_10pSeventhHarmonic_54_00008.png,Harmonic,G4_10pSeventhHarmonic_54.wav,val,stft,mtf
G4_10pSeventhHarmonic_81_00000.png,Harmonic,G4_10pSeventhHarmonic_81.wav,val,stft,mtf
G4_10pSeventhHarmonic_81_00001.png,Harmonic,G4_10pSeventhHarmonic_81.wav,val,stft,mtf
G4_10pSeventhHarmonic_81_00002.png,Harmonic,G4_10pSeventhHarmonic_81.wav,val,stft,mtf
G4_10pSeventhHarmonic_81_00003.png,Harmonic,G4_10pSeventhHarmonic_81.wav,val,stft,mtf
G4_10pSeventhHarmonic_81_00004.png,Harmonic,G4_10pSeventhHarmonic_81.wav,val,stft,mtf
G4_10pSeventhHarmonic_81_00005.png,Harmonic,G4_10pSeventhHarmonic_81.wav,val,stft,mtf
G4_10pSeventhHarmonic_81_00006.png,Harmonic,G4_10pSeventhHarmonic_81.wav,val,stft,mtf
G4_10pSeventhHarmonic_81_00007.png,Harmonic,G4_10pSeventhHarmonic_81.wav,val,stft,mtf
G4_10pSeventhHarmonic_81_00008.png,Harmonic,G4_10pSeventhHarmonic_81.wav,val,stft,mtf
G4_10pSeventhHarmonic_44_00000.png,Harmonic,G4_10pSeventhHarmonic_44.wav,val,stft,mtf
G4_10pSeventhHarmonic_44_00001.png,Harmonic,G4_10pSeventhHarmonic_44.wav,val,stft,mtf
G4_10pSeventhHarmonic_44_00002.png,Harmonic,G4_10pSeventhHarmonic_44.wav,val,stft,mtf
G4_10pSeventhHarmonic_44_00003.png,Harmonic,G4_10pSeventhHarmonic_44.wav,val,stft,mtf
G4_10pSeventhHarmonic_44_00004.png,Harmonic,G4_10pSeventhHarmonic_44.wav,val,stft,mtf
G4_10pSeventhHarmonic_44_00005.png,Harmonic,G4_10pSeventhHarmonic_44.wav,val,stft,mtf
G4_10pSeventhHarmonic_44_00006.png,Harmonic,G4_10pSeventhHarmonic_44.wav,val,stft,mtf
G4_10pSeventhHarmonic_44_00007.png,Harmonic,G4_10pSeventhHarmonic_44.wav,val,stft,mtf
G4_10pSeventhHarmonic_44_00008.png,Harmonic,G4_10pSeventhHarmonic_44.wav,val,stft,mtf
Loosen1_12_00000.png,Loosen,Loosen1_12.wav,val,stft,mtf
Loosen1_12_00001.png,Loosen,Loosen1_12.wav,val,stft,mtf
Loosen1_12_00002.png,Loosen,Loosen1_12.wav,val,stft,mtf
Loosen1_12_00003.png,Loosen,Loosen1_12.wav,val,stft,mtf
Loosen1_12_00004.png,Loosen,Loosen1_12.wav,val,stft,mtf
Loosen1_12_00005.png,Loosen,Loosen1_12.wav,val,stft,mtf
Loosen1_12_00006.png,Loosen,Loosen1_12.wav,val,stft,mtf
Loosen1_12_00007.png,Loosen,Loosen1_12.wav,val,stft,mtf
Loosen1_12_00008.png,Loosen,Loosen1_12.wav,val,stft,mtf
Loosen1_73_00000.png,Loosen,Loosen1_73.wav,val,stft,mtf
Loosen1_73_00001.png,Loosen,Loosen1_73.wav,val,stft,mtf
Loosen1_73_00002.png,Loosen,Loosen1_73.wav,val,stft,mtf
Loosen1_73_00003.png,Loosen,Loosen1_73.wav,val,stft,mtf
Loosen1_73_00004.png,Loosen,Loosen1_73.wav,val,stft,mtf
Loosen1_73_00005.png,Loosen,Loosen1_73.wav,val,stft,mtf
Loosen1_73_00006.png,Loosen,Loosen1_73.wav,val,stft,mtf
Loosen1_73_00007.png,Loosen,Loosen1_73.wav,val,stft,mtf
Loosen1_73_00008.png,Loosen,Loosen1_73.wav,val,stft,mtf
Loosen1_114_00000.png,Loosen,Loosen1_114.wav,val,stft,mtf
Loosen1_114_00001.png,Loosen,Loosen1_114.wav,val,stft,mtf
Loosen1_114_00002.png,Loosen,Loosen1_114.wav,val,stft,mtf
Loosen1_114_00003.png,Loosen,Loosen1_114.wav,val,stft,mtf
Loosen1_114_00004.png,Loosen,Loosen1_114.wav,val,stft,mtf
Loosen1_114_00005.png,Loosen,Loosen1_114.wav,val,stft,mtf
Loosen1_114_00006.png,Loosen,Loosen1_114.wav,val,stft,mtf
Loosen1_114_00007.png,Loosen,Loosen1_114.wav,val,stft,mtf
Loosen1_114_00008.png,Loosen,Loosen1_114.wav,val,stft,mtf
Loosen1_43_00000.png,Loosen,Loosen1_43.wav,val,stft,mtf
Loosen1_43_00001.png,Loosen,Loosen1_43.wav,val,stft,mtf
Loosen1_43_00002.png,Loosen,Loosen1_43.wav,val,stft,mtf
Loosen1_43_00003.png,Loosen,Loosen1_43.wav,val,stft,mtf
Loosen1_43_00004.png,Loosen,Loosen1_43.wav,val,stft,mtf
Loosen1_43_00005.png,Loosen,Loosen1_43.wav,val,stft,mtf
Loosen1_43_00006.png,Loosen,Loosen1_43.wav,val,stft,mtf
Loosen1_43_00007.png,Loosen,Loosen1_43.wav,val,stft,mtf
Loosen1_43_00008.png,Loosen,Loosen1_43.wav,val,stft,mtf
Loosen1_53_00000.png,Loosen,Loosen1_53.wav,val,stft,mtf
Loosen1_53_00001.png,Loosen,Loosen1_53.wav,val,stft,mtf
Loosen1_53_00002.png,Loosen,Loosen1_53.wav,val,stft,mtf
Loosen1_53_00003.png,Loosen,Loosen1_53.wav,val,stft,mtf
Loosen1_53_00004.png,Loosen,Loosen1_53.wav,val,stft,mtf
Loosen1_53_00005.png,Loosen,Loosen1_53.wav,val,stft,mtf
Loosen1_53_00006.png,Loosen,Loosen1_53.wav,val,stft,mtf
Loosen1_53_00007.png,Loosen,Loosen1_53.wav,val,stft,mtf
Loosen1_53_00008.png,Loosen,Loosen1_53.wav,val,stft,mtf
Loosen1_61_00000.png,Loosen,Loosen1_61.wav,val,stft,mtf
Loosen1_61_00001.png,Loosen,Loosen1_61.wav,val,stft,mtf
Loosen1_61_00002.png,Loosen,Loosen1_61.wav,val,stft,mtf
Loosen1_61_00003.png,Loosen,Loosen1_61.wav,val,stft,mtf
Loosen1_61_00004.png,Loosen,Loosen1_61.wav,val,stft,mtf
Loosen1_61_00005.png,Loosen,Loosen1_61.wav,val,stft,mtf
Loosen1_61_00006.png,Loosen,Loosen1_61.wav,val,stft,mtf
Loosen1_61_00007.png,Loosen,Loosen1_61.wav,val,stft,mtf
Loosen1_61_00008.png,Loosen,Loosen1_61.wav,val,stft,mtf
Loosen1_79_00000.png,Loosen,Loosen1_79.wav,val,stft,mtf
Loosen1_79_00001.png,Loosen,Loosen1_79.wav,val,stft,mtf
Loosen1_79_00002.png,Loosen,Loosen1_79.wav,val,stft,mtf
Loosen1_79_00003.png,Loosen,Loosen1_79.wav,val,stft,mtf
Loosen1_79_00004.png,Loosen,Loosen1_79.wav,val,stft,mtf
Loosen1_79_00005.png,Loosen,Loosen1_79.wav,val,stft,mtf
Loosen1_79_00006.png,Loosen,Loosen1_79.wav,val,stft,mtf
Loosen1_79_00007.png,Loosen,Loosen1_79.wav,val,stft,mtf
Loosen1_79_00008.png,Loosen,Loosen1_79.wav,val,stft,mtf
Loosen1_81_00000.png,Loosen,Loosen1_81.wav,val,stft,mtf
Loosen1_81_00001.png,Loosen,Loosen1_81.wav,val,stft,mtf
Loosen1_81_00002.png,Loosen,Loosen1_81.wav,val,stft,mtf
Loosen1_81_00003.png,Loosen,Loosen1_81.wav,val,stft,mtf
Loosen1_81_00004.png,Loosen,Loosen1_81.wav,val,stft,mtf
Loosen1_81_00005.png,Loosen,Loosen1_81.wav,val,stft,mtf
Loosen1_81_00006.png,Loosen,Loosen1_81.wav,val,stft,mtf
Loosen1_81_00007.png,Loosen,Loosen1_81.wav,val,stft,mtf
Loosen1_81_00008.png,Loosen,Loosen1_81.wav,val,stft,mtf
Loosen1_110_00000.png,Loosen,Loosen1_110.wav,val,stft,mtf
Loosen1_110_00001.png,Loosen,Loosen1_110.wav,val,stft,mtf
Loosen1_110_00002.png,Loosen,Loosen1_110.wav,val,stft,mtf
Loosen1_110_00003.png,Loosen,Loosen1_110.wav,val,stft,mtf
Loosen1_110_00004.png,Loosen,Loosen1_110.wav,val,stft,mtf
Loosen1_110_00005.png,Loosen,Loosen1_110.wav,val,stft,mtf
Loosen1_110_00006.png,Loosen,Loosen1_110.wav,val,stft,mtf
Loosen1_110_00007.png,Loosen,Loosen1_110.wav,val,stft,mtf
Loosen1_110_00008.png,Loosen,Loosen1_110.wav,val,stft,mtf
Loosen1_30_00000.png,Loosen,Loosen1_30.wav,val,stft,mtf
Loosen1_30_00001.png,Loosen,Loosen1_30.wav,val,stft,mtf
Loosen1_30_00002.png,Loosen,Loosen1_30.wav,val,stft,mtf
Loosen1_30_00003.png,Loosen,Loosen1_30.wav,val,stft,mtf
Loosen1_30_00004.png,Loosen,Loosen1_30.wav,val,stft,mtf
Loosen1_30_00005.png,Loosen,Loosen1_30.wav,val,stft,mtf
Loosen1_30_00006.png,Loosen,Loosen1_30.wav,val,stft,mtf
Loosen1_30_00007.png,Loosen,Loosen1_30.wav,val,stft,mtf
Loosen1_30_00008.png,Loosen,Loosen1_30.wav,val,stft,mtf
Loosen1_38_00000.png,Loosen,Loosen1_38.wav,val,stft,mtf
Loosen1_38_00001.png,Loosen,Loosen1_38.wav,val,stft,mtf
Loosen1_38_00002.png,Loosen,Loosen1_38.wav,val,stft,mtf
Loosen1_38_00003.png,Loosen,Loosen1_38.wav,val,stft,mtf
Loosen1_38_00004.png,Loosen,Loosen1_38.wav,val,stft,mtf
Loosen1_38_00005.png,Loosen,Loosen1_38.wav,val,stft,mtf
Loosen1_38_00006.png,Loosen,Loosen1_38.wav,val,stft,mtf
Loosen1_38_00007.png,Loosen,Loosen1_38.wav,val,stft,mtf
Loosen1_38_00008.png,Loosen,Loosen1_38.wav,val,stft,mtf
Loosen1_105_00000.png,Loosen,Loosen1_105.wav,val,stft,mtf
Loosen1_105_00001.png,Loosen,Loosen1_105.wav,val,stft,mtf
Loosen1_105_00002.png,Loosen,Loosen1_105.wav,val,stft,mtf
Loosen1_105_00003.png,Loosen,Loosen1_105.wav,val,stft,mtf
Loosen1_105_00004.png,Loosen,Loosen1_105.wav,val,stft,mtf
Loosen1_105_00005.png,Loosen,Loosen1_105.wav,val,stft,mtf
Loosen1_105_00006.png,Loosen,Loosen1_105.wav,val,stft,mtf
Loosen1_105_00007.png,Loosen,Loosen1_105.wav,val,stft,mtf
Loosen1_105_00008.png,Loosen,Loosen1_105.wav,val,stft,mtf
Loosen1_77_00000.png,Loosen,Loosen1_77.wav,val,stft,mtf
Loosen1_77_00001.png,Loosen,Loosen1_77.wav,val,stft,mtf
Loosen1_77_00002.png,Loosen,Loosen1_77.wav,val,stft,mtf
Loosen1_77_00003.png,Loosen,Loosen1_77.wav,val,stft,mtf
Loosen1_77_00004.png,Loosen,Loosen1_77.wav,val,stft,mtf
Loosen1_77_00005.png,Loosen,Loosen1_77.wav,val,stft,mtf
Loosen1_77_00006.png,Loosen,Loosen1_77.wav,val,stft,mtf
Loosen1_77_00007.png,Loosen,Loosen1_77.wav,val,stft,mtf
Loosen1_77_00008.png,Loosen,Loosen1_77.wav,val,stft,mtf
Loosen1_66_00000.png,Loosen,Loosen1_66.wav,val,stft,mtf
Loosen1_66_00001.png,Loosen,Loosen1_66.wav,val,stft,mtf
Loosen1_66_00002.png,Loosen,Loosen1_66.wav,val,stft,mtf
Loosen1_66_00003.png,Loosen,Loosen1_66.wav,val,stft,mtf
Loosen1_66_00004.png,Loosen,Loosen1_66.wav,val,stft,mtf
Loosen1_66_00005.png,Loosen,Loosen1_66.wav,val,stft,mtf
Loosen1_66_00006.png,Loosen,Loosen1_66.wav,val,stft,mtf
Loosen1_66_00007.png,Loosen,Loosen1_66.wav,val,stft,mtf
Loosen1_66_00008.png,Loosen,Loosen1_66.wav,val,stft,mtf
Loosen1_67_00000.png,Loosen,Loosen1_67.wav,val,stft,mtf
Loosen1_67_00001.png,Loosen,Loosen1_67.wav,val,stft,mtf
Loosen1_67_00002.png,Loosen,Loosen1_67.wav,val,stft,mtf
Loosen1_67_00003.png,Loosen,Loosen1_67.wav,val,stft,mtf
Loosen1_67_00004.png,Loosen,Loosen1_67.wav,val,stft,mtf
Loosen1_67_00005.png,Loosen,Loosen1_67.wav,val,stft,mtf
Loosen1_67_00006.png,Loosen,Loosen1_67.wav,val,stft,mtf
Loosen1_67_00007.png,Loosen,Loosen1_67.wav,val,stft,mtf
Loosen1_67_00008.png,Loosen,Loosen1_67.wav,val,stft,mtf
Loosen1_7_00000.png,Loosen,Loosen1_7.wav,val,stft,mtf
Loosen1_7_00001.png,Loosen,Loosen1_7.wav,val,stft,mtf
Loosen1_7_00002.png,Loosen,Loosen1_7.wav,val,stft,mtf
Loosen1_7_00003.png,Loosen,Loosen1_7.wav,val,stft,mtf
Loosen1_7_00004.png,Loosen,Loosen1_7.wav,val,stft,mtf
Loosen1_7_00005.png,Loosen,Loosen1_7.wav,val,stft,mtf
Loosen1_7_00006.png,Loosen,Loosen1_7.wav,val,stft,mtf
Loosen1_7_00007.png,Loosen,Loosen1_7.wav,val,stft,mtf
Loosen1_7_00008.png,Loosen,Loosen1_7.wav,val,stft,mtf
Loosen1_104_00000.png,Loosen,Loosen1_104.wav,val,stft,mtf
Loosen1_104_00001.png,Loosen,Loosen1_104.wav,val,stft,mtf
Loosen1_104_00002.png,Loosen,Loosen1_104.wav,val,stft,mtf
Loosen1_104_00003.png,Loosen,Loosen1_104.wav,val,stft,mtf
Loosen1_104_00004.png,Loosen,Loosen1_104.wav,val,stft,mtf
Loosen1_104_00005.png,Loosen,Loosen1_104.wav,val,stft,mtf
Loosen1_104_00006.png,Loosen,Loosen1_104.wav,val,stft,mtf
Loosen1_104_00007.png,Loosen,Loosen1_104.wav,val,stft,mtf
Loosen1_104_00008.png,Loosen,Loosen1_104.wav,val,stft,mtf
Loosen1_45_00000.png,Loosen,Loosen1_45.wav,val,stft,mtf
Loosen1_45_00001.png,Loosen,Loosen1_45.wav,val,stft,mtf
Loosen1_45_00002.png,Loosen,Loosen1_45.wav,val,stft,mtf
Loosen1_45_00003.png,Loosen,Loosen1_45.wav,val,stft,mtf
Loosen1_45_00004.png,Loosen,Loosen1_45.wav,val,stft,mtf
Loosen1_45_00005.png,Loosen,Loosen1_45.wav,val,stft,mtf
Loosen1_45_00006.png,Loosen,Loosen1_45.wav,val,stft,mtf
Loosen1_45_00007.png,Loosen,Loosen1_45.wav,val,stft,mtf
Loosen1_45_00008.png,Loosen,Loosen1_45.wav,val,stft,mtf
Loosen1_8_00000.png,Loosen,Loosen1_8.wav,val,stft,mtf
Loosen1_8_00001.png,Loosen,Loosen1_8.wav,val,stft,mtf
Loosen1_8_00002.png,Loosen,Loosen1_8.wav,val,stft,mtf
Loosen1_8_00003.png,Loosen,Loosen1_8.wav,val,stft,mtf
Loosen1_8_00004.png,Loosen,Loosen1_8.wav,val,stft,mtf
Loosen1_8_00005.png,Loosen,Loosen1_8.wav,val,stft,mtf
Loosen1_8_00006.png,Loosen,Loosen1_8.wav,val,stft,mtf
Loosen1_8_00007.png,Loosen,Loosen1_8.wav,val,stft,mtf
Loosen1_8_00008.png,Loosen,Loosen1_8.wav,val,stft,mtf
Loosen1_40_00000.png,Loosen,Loosen1_40.wav,val,stft,mtf
Loosen1_40_00001.png,Loosen,Loosen1_40.wav,val,stft,mtf
Loosen1_40_00002.png,Loosen,Loosen1_40.wav,val,stft,mtf
Loosen1_40_00003.png,Loosen,Loosen1_40.wav,val,stft,mtf
Loosen1_40_00004.png,Loosen,Loosen1_40.wav,val,stft,mtf
Loosen1_40_00005.png,Loosen,Loosen1_40.wav,val,stft,mtf
Loosen1_40_00006.png,Loosen,Loosen1_40.wav,val,stft,mtf
Loosen1_40_00007.png,Loosen,Loosen1_40.wav,val,stft,mtf
Loosen1_40_00008.png,Loosen,Loosen1_40.wav,val,stft,mtf
Loosen1_32_00000.png,Loosen,Loosen1_32.wav,val,stft,mtf
Loosen1_32_00001.png,Loosen,Loosen1_32.wav,val,stft,mtf
Loosen1_32_00002.png,Loosen,Loosen1_32.wav,val,stft,mtf
Loosen1_32_00003.png,Loosen,Loosen1_32.wav,val,stft,mtf
Loosen1_32_00004.png,Loosen,Loosen1_32.wav,val,stft,mtf
Loosen1_32_00005.png,Loosen,Loosen1_32.wav,val,stft,mtf
Loosen1_32_00006.png,Loosen,Loosen1_32.wav,val,stft,mtf
Loosen1_32_00007.png,Loosen,Loosen1_32.wav,val,stft,mtf
Loosen1_32_00008.png,Loosen,Loosen1_32.wav,val,stft,mtf
Loosen1_41_00000.png,Loosen,Loosen1_41.wav,val,stft,mtf
Loosen1_41_00001.png,Loosen,Loosen1_41.wav,val,stft,mtf
Loosen1_41_00002.png,Loosen,Loosen1_41.wav,val,stft,mtf
Loosen1_41_00003.png,Loosen,Loosen1_41.wav,val,stft,mtf
Loosen1_41_00004.png,Loosen,Loosen1_41.wav,val,stft,mtf
Loosen1_41_00005.png,Loosen,Loosen1_41.wav,val,stft,mtf
Loosen1_41_00006.png,Loosen,Loosen1_41.wav,val,stft,mtf
Loosen1_41_00007.png,Loosen,Loosen1_41.wav,val,stft,mtf
Loosen1_41_00008.png,Loosen,Loosen1_41.wav,val,stft,mtf
Loosen1_68_00000.png,Loosen,Loosen1_68.wav,val,stft,mtf
Loosen1_68_00001.png,Loosen,Loosen1_68.wav,val,stft,mtf
Loosen1_68_00002.png,Loosen,Loosen1_68.wav,val,stft,mtf
Loosen1_68_00003.png,Loosen,Loosen1_68.wav,val,stft,mtf
Loosen1_68_00004.png,Loosen,Loosen1_68.wav,val,stft,mtf
Loosen1_68_00005.png,Loosen,Loosen1_68.wav,val,stft,mtf
Loosen1_68_00006.png,Loosen,Loosen1_68.wav,val,stft,mtf
Loosen1_68_00007.png,Loosen,Loosen1_68.wav,val,stft,mtf
Loosen1_68_00008.png,Loosen,Loosen1_68.wav,val,stft,mtf
Loosen1_78_00000.png,Loosen,Loosen1_78.wav,val,stft,mtf
Loosen1_78_00001.png,Loosen,Loosen1_78.wav,val,stft,mtf
Loosen1_78_00002.png,Loosen,Loosen1_78.wav,val,stft,mtf
Loosen1_78_00003.png,Loosen,Loosen1_78.wav,val,stft,mtf
Loosen1_78_00004.png,Loosen,Loosen1_78.wav,val,stft,mtf
Loosen1_78_00005.png,Loosen,Loosen1_78.wav,val,stft,mtf
Loosen1_78_00006.png,Loosen,Loosen1_78.wav,val,stft,mtf
Loosen1_78_00007.png,Loosen,Loosen1_78.wav,val,stft,mtf
Loosen1_78_00008.png,Loosen,Loosen1_78.wav,val,stft,mtf
Normal_part106_00000.png,Normal,Normal_part106.wav,val,stft,mtf
Normal_part106_00001.png,Normal,Normal_part106.wav,val,stft,mtf
Normal_part106_00002.png,Normal,Normal_part106.wav,val,stft,mtf
Normal_part106_00003.png,Normal,Normal_part106.wav,val,stft,mtf
Normal_part106_00004.png,Normal,Normal_part106.wav,val,stft,mtf
Normal_part106_00005.png,Normal,Normal_part106.wav,val,stft,mtf
Normal_part106_00006.png,Normal,Normal_part106.wav,val,stft,mtf
Normal_part106_00007.png,Normal,Normal_part106.wav,val,stft,mtf
Normal_part106_00008.png,Normal,Normal_part106.wav,val,stft,mtf
Normal_part110_00000.png,Normal,Normal_part110.wav,val,stft,mtf
Normal_part110_00001.png,Normal,Normal_part110.wav,val,stft,mtf
Normal_part110_00002.png,Normal,Normal_part110.wav,val,stft,mtf
Normal_part110_00003.png,Normal,Normal_part110.wav,val,stft,mtf
Normal_part110_00004.png,Normal,Normal_part110.wav,val,stft,mtf
Normal_part110_00005.png,Normal,Normal_part110.wav,val,stft,mtf
Normal_part110_00006.png,Normal,Normal_part110.wav,val,stft,mtf
Normal_part110_00007.png,Normal,Normal_part110.wav,val,stft,mtf
Normal_part110_00008.png,Normal,Normal_part110.wav,val,stft,mtf
Normal_part1_00000.png,Normal,Normal_part1.wav,val,stft,mtf
Normal_part1_00001.png,Normal,Normal_part1.wav,val,stft,mtf
Normal_part1_00002.png,Normal,Normal_part1.wav,val,stft,mtf
Normal_part1_00003.png,Normal,Normal_part1.wav,val,stft,mtf
Normal_part1_00004.png,Normal,Normal_part1.wav,val,stft,mtf
Normal_part1_00005.png,Normal,Normal_part1.wav,val,stft,mtf
Normal_part1_00006.png,Normal,Normal_part1.wav,val,stft,mtf
Normal_part1_00007.png,Normal,Normal_part1.wav,val,stft,mtf
Normal_part1_00008.png,Normal,Normal_part1.wav,val,stft,mtf
Normal_part162_00000.png,Normal,Normal_part162.wav,val,stft,mtf
Normal_part162_00001.png,Normal,Normal_part162.wav,val,stft,mtf
Normal_part162_00002.png,Normal,Normal_part162.wav,val,stft,mtf
Normal_part162_00003.png,Normal,Normal_part162.wav,val,stft,mtf
Normal_part162_00004.png,Normal,Normal_part162.wav,val,stft,mtf
Normal_part162_00005.png,Normal,Normal_part162.wav,val,stft,mtf
Normal_part162_00006.png,Normal,Normal_part162.wav,val,stft,mtf
Normal_part162_00007.png,Normal,Normal_part162.wav,val,stft,mtf
Normal_part162_00008.png,Normal,Normal_part162.wav,val,stft,mtf
Normal_part80_00000.png,Normal,Normal_part80.wav,val,stft,mtf
Normal_part80_00001.png,Normal,Normal_part80.wav,val,stft,mtf
Normal_part80_00002.png,Normal,Normal_part80.wav,val,stft,mtf
Normal_part80_00003.png,Normal,Normal_part80.wav,val,stft,mtf
Normal_part80_00004.png,Normal,Normal_part80.wav,val,stft,mtf
Normal_part80_00005.png,Normal,Normal_part80.wav,val,stft,mtf
Normal_part80_00006.png,Normal,Normal_part80.wav,val,stft,mtf
Normal_part80_00007.png,Normal,Normal_part80.wav,val,stft,mtf
Normal_part80_00008.png,Normal,Normal_part80.wav,val,stft,mtf
Normal_part18_00000.png,Normal,Normal_part18.wav,val,stft,mtf
Normal_part18_00001.png,Normal,Normal_part18.wav,val,stft,mtf
Normal_part18_00002.png,Normal,Normal_part18.wav,val,stft,mtf
Normal_part18_00003.png,Normal,Normal_part18.wav,val,stft,mtf
Normal_part18_00004.png,Normal,Normal_part18.wav,val,stft,mtf
Normal_part18_00005.png,Normal,Normal_part18.wav,val,stft,mtf
Normal_part18_00006.png,Normal,Normal_part18.wav,val,stft,mtf
Normal_part18_00007.png,Normal,Normal_part18.wav,val,stft,mtf
Normal_part18_00008.png,Normal,Normal_part18.wav,val,stft,mtf
Normal_part48_00000.png,Normal,Normal_part48.wav,val,stft,mtf
Normal_part48_00001.png,Normal,Normal_part48.wav,val,stft,mtf
Normal_part48_00002.png,Normal,Normal_part48.wav,val,stft,mtf
Normal_part48_00003.png,Normal,Normal_part48.wav,val,stft,mtf
Normal_part48_00004.png,Normal,Normal_part48.wav,val,stft,mtf
Normal_part48_00005.png,Normal,Normal_part48.wav,val,stft,mtf
Normal_part48_00006.png,Normal,Normal_part48.wav,val,stft,mtf
Normal_part48_00007.png,Normal,Normal_part48.wav,val,stft,mtf
Normal_part48_00008.png,Normal,Normal_part48.wav,val,stft,mtf
Normal_part149_00000.png,Normal,Normal_part149.wav,val,stft,mtf
Normal_part149_00001.png,Normal,Normal_part149.wav,val,stft,mtf
Normal_part149_00002.png,Normal,Normal_part149.wav,val,stft,mtf
Normal_part149_00003.png,Normal,Normal_part149.wav,val,stft,mtf
Normal_part149_00004.png,Normal,Normal_part149.wav,val,stft,mtf
Normal_part149_00005.png,Normal,Normal_part149.wav,val,stft,mtf
Normal_part149_00006.png,Normal,Normal_part149.wav,val,stft,mtf
Normal_part149_00007.png,Normal,Normal_part149.wav,val,stft,mtf
Normal_part149_00008.png,Normal,Normal_part149.wav,val,stft,mtf
Normal_part74_00000.png,Normal,Normal_part74.wav,val,stft,mtf
Normal_part74_00001.png,Normal,Normal_part74.wav,val,stft,mtf
Normal_part74_00002.png,Normal,Normal_part74.wav,val,stft,mtf
Normal_part74_00003.png,Normal,Normal_part74.wav,val,stft,mtf
Normal_part74_00004.png,Normal,Normal_part74.wav,val,stft,mtf
Normal_part74_00005.png,Normal,Normal_part74.wav,val,stft,mtf
Normal_part74_00006.png,Normal,Normal_part74.wav,val,stft,mtf
Normal_part74_00007.png,Normal,Normal_part74.wav,val,stft,mtf
Normal_part74_00008.png,Normal,Normal_part74.wav,val,stft,mtf
Normal_part116_00000.png,Normal,Normal_part116.wav,val,stft,mtf
Normal_part116_00001.png,Normal,Normal_part116.wav,val,stft,mtf
Normal_part116_00002.png,Normal,Normal_part116.wav,val,stft,mtf
Normal_part116_00003.png,Normal,Normal_part116.wav,val,stft,mtf
Normal_part116_00004.png,Normal,Normal_part116.wav,val,stft,mtf
Normal_part116_00005.png,Normal,Normal_part116.wav,val,stft,mtf
Normal_part116_00006.png,Normal,Normal_part116.wav,val,stft,mtf
Normal_part116_00007.png,Normal,Normal_part116.wav,val,stft,mtf
Normal_part116_00008.png,Normal,Normal_part116.wav,val,stft,mtf
Normal_part78_00000.png,Normal,Normal_part78.wav,val,stft,mtf
Normal_part78_00001.png,Normal,Normal_part78.wav,val,stft,mtf
Normal_part78_00002.png,Normal,Normal_part78.wav,val,stft,mtf
Normal_part78_00003.png,Normal,Normal_part78.wav,val,stft,mtf
Normal_part78_00004.png,Normal,Normal_part78.wav,val,stft,mtf
Normal_part78_00005.png,Normal,Normal_part78.wav,val,stft,mtf
Normal_part78_00006.png,Normal,Normal_part78.wav,val,stft,mtf
Normal_part78_00007.png,Normal,Normal_part78.wav,val,stft,mtf
Normal_part78_00008.png,Normal,Normal_part78.wav,val,stft,mtf
Normal_part171_00000.png,Normal,Normal_part171.wav,val,stft,mtf
Normal_part171_00001.png,Normal,Normal_part171.wav,val,stft,mtf
Normal_part171_00002.png,Normal,Normal_part171.wav,val,stft,mtf
Normal_part171_00003.png,Normal,Normal_part171.wav,val,stft,mtf
Normal_part171_00004.png,Normal,Normal_part171.wav,val,stft,mtf
Normal_part171_00005.png,Normal,Normal_part171.wav,val,stft,mtf
Normal_part171_00006.png,Normal,Normal_part171.wav,val,stft,mtf
Normal_part171_00007.png,Normal,Normal_part171.wav,val,stft,mtf
Normal_part171_00008.png,Normal,Normal_part171.wav,val,stft,mtf
Normal_part112_00000.png,Normal,Normal_part112.wav,val,stft,mtf
Normal_part112_00001.png,Normal,Normal_part112.wav,val,stft,mtf
Normal_part112_00002.png,Normal,Normal_part112.wav,val,stft,mtf
Normal_part112_00003.png,Normal,Normal_part112.wav,val,stft,mtf
Normal_part112_00004.png,Normal,Normal_part112.wav,val,stft,mtf
Normal_part112_00005.png,Normal,Normal_part112.wav,val,stft,mtf
Normal_part112_00006.png,Normal,Normal_part112.wav,val,stft,mtf
Normal_part112_00007.png,Normal,Normal_part112.wav,val,stft,mtf
Normal_part112_00008.png,Normal,Normal_part112.wav,val,stft,mtf
Normal_part20_00000.png,Normal,Normal_part20.wav,val,stft,mtf
Normal_part20_00001.png,Normal,Normal_part20.wav,val,stft,mtf
Normal_part20_00002.png,Normal,Normal_part20.wav,val,stft,mtf
Normal_part20_00003.png,Normal,Normal_part20.wav,val,stft,mtf
Normal_part20_00004.png,Normal,Normal_part20.wav,val,stft,mtf
Normal_part20_00005.png,Normal,Normal_part20.wav,val,stft,mtf
Normal_part20_00006.png,Normal,Normal_part20.wav,val,stft,mtf
Normal_part20_00007.png,Normal,Normal_part20.wav,val,stft,mtf
Normal_part20_00008.png,Normal,Normal_part20.wav,val,stft,mtf
Normal_part136_00000.png,Normal,Normal_part136.wav,val,stft,mtf
Normal_part136_00001.png,Normal,Normal_part136.wav,val,stft,mtf
Normal_part136_00002.png,Normal,Normal_part136.wav,val,stft,mtf
Normal_part136_00003.png,Normal,Normal_part136.wav,val,stft,mtf
Normal_part136_00004.png,Normal,Normal_part136.wav,val,stft,mtf
Normal_part136_00005.png,Normal,Normal_part136.wav,val,stft,mtf
Normal_part136_00006.png,Normal,Normal_part136.wav,val,stft,mtf
Normal_part136_00007.png,Normal,Normal_part136.wav,val,stft,mtf
Normal_part136_00008.png,Normal,Normal_part136.wav,val,stft,mtf
Normal_part0_00000.png,Normal,Normal_part0.wav,val,stft,mtf
Normal_part0_00001.png,Normal,Normal_part0.wav,val,stft,mtf
Normal_part0_00002.png,Normal,Normal_part0.wav,val,stft,mtf
Normal_part0_00003.png,Normal,Normal_part0.wav,val,stft,mtf
Normal_part0_00004.png,Normal,Normal_part0.wav,val,stft,mtf
Normal_part0_00005.png,Normal,Normal_part0.wav,val,stft,mtf
Normal_part0_00006.png,Normal,Normal_part0.wav,val,stft,mtf
Normal_part0_00007.png,Normal,Normal_part0.wav,val,stft,mtf
Normal_part0_00008.png,Normal,Normal_part0.wav,val,stft,mtf
Normal_part108_00000.png,Normal,Normal_part108.wav,val,stft,mtf
Normal_part108_00001.png,Normal,Normal_part108.wav,val,stft,mtf
Normal_part108_00002.png,Normal,Normal_part108.wav,val,stft,mtf
Normal_part108_00003.png,Normal,Normal_part108.wav,val,stft,mtf
Normal_part108_00004.png,Normal,Normal_part108.wav,val,stft,mtf
Normal_part108_00005.png,Normal,Normal_part108.wav,val,stft,mtf
Normal_part108_00006.png,Normal,Normal_part108.wav,val,stft,mtf
Normal_part108_00007.png,Normal,Normal_part108.wav,val,stft,mtf
Normal_part108_00008.png,Normal,Normal_part108.wav,val,stft,mtf
Normal_part161_00000.png,Normal,Normal_part161.wav,val,stft,mtf
Normal_part161_00001.png,Normal,Normal_part161.wav,val,stft,mtf
Normal_part161_00002.png,Normal,Normal_part161.wav,val,stft,mtf
Normal_part161_00003.png,Normal,Normal_part161.wav,val,stft,mtf
Normal_part161_00004.png,Normal,Normal_part161.wav,val,stft,mtf
Normal_part161_00005.png,Normal,Normal_part161.wav,val,stft,mtf
Normal_part161_00006.png,Normal,Normal_part161.wav,val,stft,mtf
Normal_part161_00007.png,Normal,Normal_part161.wav,val,stft,mtf
Normal_part161_00008.png,Normal,Normal_part161.wav,val,stft,mtf
Normal_part3_00000.png,Normal,Normal_part3.wav,val,stft,mtf
Normal_part3_00001.png,Normal,Normal_part3.wav,val,stft,mtf
Normal_part3_00002.png,Normal,Normal_part3.wav,val,stft,mtf
Normal_part3_00003.png,Normal,Normal_part3.wav,val,stft,mtf
Normal_part3_00004.png,Normal,Normal_part3.wav,val,stft,mtf
Normal_part3_00005.png,Normal,Normal_part3.wav,val,stft,mtf
Normal_part3_00006.png,Normal,Normal_part3.wav,val,stft,mtf
Normal_part3_00007.png,Normal,Normal_part3.wav,val,stft,mtf
Normal_part3_00008.png,Normal,Normal_part3.wav,val,stft,mtf
Normal_part119_00000.png,Normal,Normal_part119.wav,val,stft,mtf
Normal_part119_00001.png,Normal,Normal_part119.wav,val,stft,mtf
Normal_part119_00002.png,Normal,Normal_part119.wav,val,stft,mtf
Normal_part119_00003.png,Normal,Normal_part119.wav,val,stft,mtf
Normal_part119_00004.png,Normal,Normal_part119.wav,val,stft,mtf
Normal_part119_00005.png,Normal,Normal_part119.wav,val,stft,mtf
Normal_part119_00006.png,Normal,Normal_part119.wav,val,stft,mtf
Normal_part119_00007.png,Normal,Normal_part119.wav,val,stft,mtf
Normal_part119_00008.png,Normal,Normal_part119.wav,val,stft,mtf
Normal_part11_00000.png,Normal,Normal_part11.wav,val,stft,mtf
Normal_part11_00001.png,Normal,Normal_part11.wav,val,stft,mtf
Normal_part11_00002.png,Normal,Normal_part11.wav,val,stft,mtf
Normal_part11_00003.png,Normal,Normal_part11.wav,val,stft,mtf
Normal_part11_00004.png,Normal,Normal_part11.wav,val,stft,mtf
Normal_part11_00005.png,Normal,Normal_part11.wav,val,stft,mtf
Normal_part11_00006.png,Normal,Normal_part11.wav,val,stft,mtf
Normal_part11_00007.png,Normal,Normal_part11.wav,val,stft,mtf
Normal_part11_00008.png,Normal,Normal_part11.wav,val,stft,mtf
Normal_part156_00000.png,Normal,Normal_part156.wav,val,stft,mtf
Normal_part156_00001.png,Normal,Normal_part156.wav,val,stft,mtf
Normal_part156_00002.png,Normal,Normal_part156.wav,val,stft,mtf
Normal_part156_00003.png,Normal,Normal_part156.wav,val,stft,mtf
Normal_part156_00004.png,Normal,Normal_part156.wav,val,stft,mtf
Normal_part156_00005.png,Normal,Normal_part156.wav,val,stft,mtf
Normal_part156_00006.png,Normal,Normal_part156.wav,val,stft,mtf
Normal_part156_00007.png,Normal,Normal_part156.wav,val,stft,mtf
Normal_part156_00008.png,Normal,Normal_part156.wav,val,stft,mtf
Normal_part45_00000.png,Normal,Normal_part45.wav,val,stft,mtf
Normal_part45_00001.png,Normal,Normal_part45.wav,val,stft,mtf
Normal_part45_00002.png,Normal,Normal_part45.wav,val,stft,mtf
Normal_part45_00003.png,Normal,Normal_part45.wav,val,stft,mtf
Normal_part45_00004.png,Normal,Normal_part45.wav,val,stft,mtf
Normal_part45_00005.png,Normal,Normal_part45.wav,val,stft,mtf
Normal_part45_00006.png,Normal,Normal_part45.wav,val,stft,mtf
Normal_part45_00007.png,Normal,Normal_part45.wav,val,stft,mtf
Normal_part45_00008.png,Normal,Normal_part45.wav,val,stft,mtf
Normal_part8_00000.png,Normal,Normal_part8.wav,val,stft,mtf
Normal_part8_00001.png,Normal,Normal_part8.wav,val,stft,mtf
Normal_part8_00002.png,Normal,Normal_part8.wav,val,stft,mtf
Normal_part8_00003.png,Normal,Normal_part8.wav,val,stft,mtf
Normal_part8_00004.png,Normal,Normal_part8.wav,val,stft,mtf
Normal_part8_00005.png,Normal,Normal_part8.wav,val,stft,mtf
Normal_part8_00006.png,Normal,Normal_part8.wav,val,stft,mtf
Normal_part8_00007.png,Normal,Normal_part8.wav,val,stft,mtf
Normal_part8_00008.png,Normal,Normal_part8.wav,val,stft,mtf
Normal_part63_00000.png,Normal,Normal_part63.wav,val,stft,mtf
Normal_part63_00001.png,Normal,Normal_part63.wav,val,stft,mtf
Normal_part63_00002.png,Normal,Normal_part63.wav,val,stft,mtf
Normal_part63_00003.png,Normal,Normal_part63.wav,val,stft,mtf
Normal_part63_00004.png,Normal,Normal_part63.wav,val,stft,mtf
Normal_part63_00005.png,Normal,Normal_part63.wav,val,stft,mtf
Normal_part63_00006.png,Normal,Normal_part63.wav,val,stft,mtf
Normal_part63_00007.png,Normal,Normal_part63.wav,val,stft,mtf
Normal_part63_00008.png,Normal,Normal_part63.wav,val,stft,mtf
Normal_part145_00000.png,Normal,Normal_part145.wav,val,stft,mtf
Normal_part145_00001.png,Normal,Normal_part145.wav,val,stft,mtf
Normal_part145_00002.png,Normal,Normal_part145.wav,val,stft,mtf
Normal_part145_00003.png,Normal,Normal_part145.wav,val,stft,mtf
Normal_part145_00004.png,Normal,Normal_part145.wav,val,stft,mtf
Normal_part145_00005.png,Normal,Normal_part145.wav,val,stft,mtf
Normal_part145_00006.png,Normal,Normal_part145.wav,val,stft,mtf
Normal_part145_00007.png,Normal,Normal_part145.wav,val,stft,mtf
Normal_part145_00008.png,Normal,Normal_part145.wav,val,stft,mtf
Normal_part177_00000.png,Normal,Normal_part177.wav,val,stft,mtf
Normal_part177_00001.png,Normal,Normal_part177.wav,val,stft,mtf
Normal_part177_00002.png,Normal,Normal_part177.wav,val,stft,mtf
Normal_part177_00003.png,Normal,Normal_part177.wav,val,stft,mtf
Normal_part177_00004.png,Normal,Normal_part177.wav,val,stft,mtf
Normal_part177_00005.png,Normal,Normal_part177.wav,val,stft,mtf
Normal_part177_00006.png,Normal,Normal_part177.wav,val,stft,mtf
Normal_part177_00007.png,Normal,Normal_part177.wav,val,stft,mtf
Normal_part177_00008.png,Normal,Normal_part177.wav,val,stft,mtf
Normal_part146_00000.png,Normal,Normal_part146.wav,val,stft,mtf
Normal_part146_00001.png,Normal,Normal_part146.wav,val,stft,mtf
Normal_part146_00002.png,Normal,Normal_part146.wav,val,stft,mtf
Normal_part146_00003.png,Normal,Normal_part146.wav,val,stft,mtf
Normal_part146_00004.png,Normal,Normal_part146.wav,val,stft,mtf
Normal_part146_00005.png,Normal,Normal_part146.wav,val,stft,mtf
Normal_part146_00006.png,Normal,Normal_part146.wav,val,stft,mtf
Normal_part146_00007.png,Normal,Normal_part146.wav,val,stft,mtf
Normal_part146_00008.png,Normal,Normal_part146.wav,val,stft,mtf
Normal_part73_00000.png,Normal,Normal_part73.wav,val,stft,mtf
Normal_part73_00001.png,Normal,Normal_part73.wav,val,stft,mtf
Normal_part73_00002.png,Normal,Normal_part73.wav,val,stft,mtf
Normal_part73_00003.png,Normal,Normal_part73.wav,val,stft,mtf
Normal_part73_00004.png,Normal,Normal_part73.wav,val,stft,mtf
Normal_part73_00005.png,Normal,Normal_part73.wav,val,stft,mtf
Normal_part73_00006.png,Normal,Normal_part73.wav,val,stft,mtf
Normal_part73_00007.png,Normal,Normal_part73.wav,val,stft,mtf
Normal_part73_00008.png,Normal,Normal_part73.wav,val,stft,mtf
Normal_part160_00000.png,Normal,Normal_part160.wav,val,stft,mtf
Normal_part160_00001.png,Normal,Normal_part160.wav,val,stft,mtf
Normal_part160_00002.png,Normal,Normal_part160.wav,val,stft,mtf
Normal_part160_00003.png,Normal,Normal_part160.wav,val,stft,mtf
Normal_part160_00004.png,Normal,Normal_part160.wav,val,stft,mtf
Normal_part160_00005.png,Normal,Normal_part160.wav,val,stft,mtf
Normal_part160_00006.png,Normal,Normal_part160.wav,val,stft,mtf
Normal_part160_00007.png,Normal,Normal_part160.wav,val,stft,mtf
Normal_part160_00008.png,Normal,Normal_part160.wav,val,stft,mtf
Normal_part133_00000.png,Normal,Normal_part133.wav,val,stft,mtf
Normal_part133_00001.png,Normal,Normal_part133.wav,val,stft,mtf
Normal_part133_00002.png,Normal,Normal_part133.wav,val,stft,mtf
Normal_part133_00003.png,Normal,Normal_part133.wav,val,stft,mtf
Normal_part133_00004.png,Normal,Normal_part133.wav,val,stft,mtf
Normal_part133_00005.png,Normal,Normal_part133.wav,val,stft,mtf
Normal_part133_00006.png,Normal,Normal_part133.wav,val,stft,mtf
Normal_part133_00007.png,Normal,Normal_part133.wav,val,stft,mtf
Normal_part133_00008.png,Normal,Normal_part133.wav,val,stft,mtf
Normal_part67_00000.png,Normal,Normal_part67.wav,val,stft,mtf
Normal_part67_00001.png,Normal,Normal_part67.wav,val,stft,mtf
Normal_part67_00002.png,Normal,Normal_part67.wav,val,stft,mtf
Normal_part67_00003.png,Normal,Normal_part67.wav,val,stft,mtf
Normal_part67_00004.png,Normal,Normal_part67.wav,val,stft,mtf
Normal_part67_00005.png,Normal,Normal_part67.wav,val,stft,mtf
Normal_part67_00006.png,Normal,Normal_part67.wav,val,stft,mtf
Normal_part67_00007.png,Normal,Normal_part67.wav,val,stft,mtf
Normal_part67_00008.png,Normal,Normal_part67.wav,val,stft,mtf
Normal_part122_00000.png,Normal,Normal_part122.wav,val,stft,mtf
Normal_part122_00001.png,Normal,Normal_part122.wav,val,stft,mtf
Normal_part122_00002.png,Normal,Normal_part122.wav,val,stft,mtf
Normal_part122_00003.png,Normal,Normal_part122.wav,val,stft,mtf
Normal_part122_00004.png,Normal,Normal_part122.wav,val,stft,mtf
Normal_part122_00005.png,Normal,Normal_part122.wav,val,stft,mtf
Normal_part122_00006.png,Normal,Normal_part122.wav,val,stft,mtf
Normal_part122_00007.png,Normal,Normal_part122.wav,val,stft,mtf
Normal_part122_00008.png,Normal,Normal_part122.wav,val,stft,mtf
Normal_part124_00000.png,Normal,Normal_part124.wav,val,stft,mtf
Normal_part124_00001.png,Normal,Normal_part124.wav,val,stft,mtf
Normal_part124_00002.png,Normal,Normal_part124.wav,val,stft,mtf
Normal_part124_00003.png,Normal,Normal_part124.wav,val,stft,mtf
Normal_part124_00004.png,Normal,Normal_part124.wav,val,stft,mtf
Normal_part124_00005.png,Normal,Normal_part124.wav,val,stft,mtf
Normal_part124_00006.png,Normal,Normal_part124.wav,val,stft,mtf
Normal_part124_00007.png,Normal,Normal_part124.wav,val,stft,mtf
Normal_part124_00008.png,Normal,Normal_part124.wav,val,stft,mtf
Normal_part79_00000.png,Normal,Normal_part79.wav,val,stft,mtf
Normal_part79_00001.png,Normal,Normal_part79.wav,val,stft,mtf
Normal_part79_00002.png,Normal,Normal_part79.wav,val,stft,mtf
Normal_part79_00003.png,Normal,Normal_part79.wav,val,stft,mtf
Normal_part79_00004.png,Normal,Normal_part79.wav,val,stft,mtf
Normal_part79_00005.png,Normal,Normal_part79.wav,val,stft,mtf
Normal_part79_00006.png,Normal,Normal_part79.wav,val,stft,mtf
Normal_part79_00007.png,Normal,Normal_part79.wav,val,stft,mtf
Normal_part79_00008.png,Normal,Normal_part79.wav,val,stft,mtf
Normal_part129_00000.png,Normal,Normal_part129.wav,val,stft,mtf
Normal_part129_00001.png,Normal,Normal_part129.wav,val,stft,mtf
Normal_part129_00002.png,Normal,Normal_part129.wav,val,stft,mtf
Normal_part129_00003.png,Normal,Normal_part129.wav,val,stft,mtf
Normal_part129_00004.png,Normal,Normal_part129.wav,val,stft,mtf
Normal_part129_00005.png,Normal,Normal_part129.wav,val,stft,mtf
Normal_part129_00006.png,Normal,Normal_part129.wav,val,stft,mtf
Normal_part129_00007.png,Normal,Normal_part129.wav,val,stft,mtf
Normal_part129_00008.png,Normal,Normal_part129.wav,val,stft,mtf
Normal_part121_00000.png,Normal,Normal_part121.wav,val,stft,mtf
Normal_part121_00001.png,Normal,Normal_part121.wav,val,stft,mtf
Normal_part121_00002.png,Normal,Normal_part121.wav,val,stft,mtf
Normal_part121_00003.png,Normal,Normal_part121.wav,val,stft,mtf
Normal_part121_00004.png,Normal,Normal_part121.wav,val,stft,mtf
Normal_part121_00005.png,Normal,Normal_part121.wav,val,stft,mtf
Normal_part121_00006.png,Normal,Normal_part121.wav,val,stft,mtf
Normal_part121_00007.png,Normal,Normal_part121.wav,val,stft,mtf
Normal_part121_00008.png,Normal,Normal_part121.wav,val,stft,mtf
PartialDischarge1_107_00000.png,PartialDischarge,PartialDischarge1_107.wav,val,stft,mtf
PartialDischarge1_107_00001.png,PartialDischarge,PartialDischarge1_107.wav,val,stft,mtf
PartialDischarge1_107_00002.png,PartialDischarge,PartialDischarge1_107.wav,val,stft,mtf
PartialDischarge1_107_00003.png,PartialDischarge,PartialDischarge1_107.wav,val,stft,mtf
PartialDischarge1_107_00004.png,PartialDischarge,PartialDischarge1_107.wav,val,stft,mtf
PartialDischarge1_107_00005.png,PartialDischarge,PartialDischarge1_107.wav,val,stft,mtf
PartialDischarge1_107_00006.png,PartialDischarge,PartialDischarge1_107.wav,val,stft,mtf
PartialDischarge1_107_00007.png,PartialDischarge,PartialDischarge1_107.wav,val,stft,mtf
PartialDischarge1_107_00008.png,PartialDischarge,PartialDischarge1_107.wav,val,stft,mtf
PartialDischarge1_74_00000.png,PartialDischarge,PartialDischarge1_74.wav,val,stft,mtf
PartialDischarge1_74_00001.png,PartialDischarge,PartialDischarge1_74.wav,val,stft,mtf
PartialDischarge1_74_00002.png,PartialDischarge,PartialDischarge1_74.wav,val,stft,mtf
PartialDischarge1_74_00003.png,PartialDischarge,PartialDischarge1_74.wav,val,stft,mtf
PartialDischarge1_74_00004.png,PartialDischarge,PartialDischarge1_74.wav,val,stft,mtf
PartialDischarge1_74_00005.png,PartialDischarge,PartialDischarge1_74.wav,val,stft,mtf
PartialDischarge1_74_00006.png,PartialDischarge,PartialDischarge1_74.wav,val,stft,mtf
PartialDischarge1_74_00007.png,PartialDischarge,PartialDischarge1_74.wav,val,stft,mtf
PartialDischarge1_74_00008.png,PartialDischarge,PartialDischarge1_74.wav,val,stft,mtf
PartialDischarge1_2_00000.png,PartialDischarge,PartialDischarge1_2.wav,val,stft,mtf
PartialDischarge1_2_00001.png,PartialDischarge,PartialDischarge1_2.wav,val,stft,mtf
PartialDischarge1_2_00002.png,PartialDischarge,PartialDischarge1_2.wav,val,stft,mtf
PartialDischarge1_2_00003.png,PartialDischarge,PartialDischarge1_2.wav,val,stft,mtf
PartialDischarge1_2_00004.png,PartialDischarge,PartialDischarge1_2.wav,val,stft,mtf
PartialDischarge1_2_00005.png,PartialDischarge,PartialDischarge1_2.wav,val,stft,mtf
PartialDischarge1_2_00006.png,PartialDischarge,PartialDischarge1_2.wav,val,stft,mtf
PartialDischarge1_2_00007.png,PartialDischarge,PartialDischarge1_2.wav,val,stft,mtf
PartialDischarge1_2_00008.png,PartialDischarge,PartialDischarge1_2.wav,val,stft,mtf
PartialDischarge1_103_00000.png,PartialDischarge,PartialDischarge1_103.wav,val,stft,mtf
PartialDischarge1_103_00001.png,PartialDischarge,PartialDischarge1_103.wav,val,stft,mtf
PartialDischarge1_103_00002.png,PartialDischarge,PartialDischarge1_103.wav,val,stft,mtf
PartialDischarge1_103_00003.png,PartialDischarge,PartialDischarge1_103.wav,val,stft,mtf
PartialDischarge1_103_00004.png,PartialDischarge,PartialDischarge1_103.wav,val,stft,mtf
PartialDischarge1_103_00005.png,PartialDischarge,PartialDischarge1_103.wav,val,stft,mtf
PartialDischarge1_103_00006.png,PartialDischarge,PartialDischarge1_103.wav,val,stft,mtf
PartialDischarge1_103_00007.png,PartialDischarge,PartialDischarge1_103.wav,val,stft,mtf
PartialDischarge1_103_00008.png,PartialDischarge,PartialDischarge1_103.wav,val,stft,mtf
PartialDischarge1_101_00000.png,PartialDischarge,PartialDischarge1_101.wav,val,stft,mtf
PartialDischarge1_101_00001.png,PartialDischarge,PartialDischarge1_101.wav,val,stft,mtf
PartialDischarge1_101_00002.png,PartialDischarge,PartialDischarge1_101.wav,val,stft,mtf
PartialDischarge1_101_00003.png,PartialDischarge,PartialDischarge1_101.wav,val,stft,mtf
PartialDischarge1_101_00004.png,PartialDischarge,PartialDischarge1_101.wav,val,stft,mtf
PartialDischarge1_101_00005.png,PartialDischarge,PartialDischarge1_101.wav,val,stft,mtf
PartialDischarge1_101_00006.png,PartialDischarge,PartialDischarge1_101.wav,val,stft,mtf
PartialDischarge1_101_00007.png,PartialDischarge,PartialDischarge1_101.wav,val,stft,mtf
PartialDischarge1_101_00008.png,PartialDischarge,PartialDischarge1_101.wav,val,stft,mtf
PartialDischarge1_115_00000.png,PartialDischarge,PartialDischarge1_115.wav,val,stft,mtf
PartialDischarge1_115_00001.png,PartialDischarge,PartialDischarge1_115.wav,val,stft,mtf
PartialDischarge1_115_00002.png,PartialDischarge,PartialDischarge1_115.wav,val,stft,mtf
PartialDischarge1_115_00003.png,PartialDischarge,PartialDischarge1_115.wav,val,stft,mtf
PartialDischarge1_115_00004.png,PartialDischarge,PartialDischarge1_115.wav,val,stft,mtf
PartialDischarge1_115_00005.png,PartialDischarge,PartialDischarge1_115.wav,val,stft,mtf
PartialDischarge1_115_00006.png,PartialDischarge,PartialDischarge1_115.wav,val,stft,mtf
PartialDischarge1_115_00007.png,PartialDischarge,PartialDischarge1_115.wav,val,stft,mtf
PartialDischarge1_115_00008.png,PartialDischarge,PartialDischarge1_115.wav,val,stft,mtf
PartialDischarge1_14_00000.png,PartialDischarge,PartialDischarge1_14.wav,val,stft,mtf
PartialDischarge1_14_00001.png,PartialDischarge,PartialDischarge1_14.wav,val,stft,mtf
PartialDischarge1_14_00002.png,PartialDischarge,PartialDischarge1_14.wav,val,stft,mtf
PartialDischarge1_14_00003.png,PartialDischarge,PartialDischarge1_14.wav,val,stft,mtf
PartialDischarge1_14_00004.png,PartialDischarge,PartialDischarge1_14.wav,val,stft,mtf
PartialDischarge1_14_00005.png,PartialDischarge,PartialDischarge1_14.wav,val,stft,mtf
PartialDischarge1_14_00006.png,PartialDischarge,PartialDischarge1_14.wav,val,stft,mtf
PartialDischarge1_14_00007.png,PartialDischarge,PartialDischarge1_14.wav,val,stft,mtf
PartialDischarge1_14_00008.png,PartialDischarge,PartialDischarge1_14.wav,val,stft,mtf
PartialDischarge1_17_00000.png,PartialDischarge,PartialDischarge1_17.wav,val,stft,mtf
PartialDischarge1_17_00001.png,PartialDischarge,PartialDischarge1_17.wav,val,stft,mtf
PartialDischarge1_17_00002.png,PartialDischarge,PartialDischarge1_17.wav,val,stft,mtf
PartialDischarge1_17_00003.png,PartialDischarge,PartialDischarge1_17.wav,val,stft,mtf
PartialDischarge1_17_00004.png,PartialDischarge,PartialDischarge1_17.wav,val,stft,mtf
PartialDischarge1_17_00005.png,PartialDischarge,PartialDischarge1_17.wav,val,stft,mtf
PartialDischarge1_17_00006.png,PartialDischarge,PartialDischarge1_17.wav,val,stft,mtf
PartialDischarge1_17_00007.png,PartialDischarge,PartialDischarge1_17.wav,val,stft,mtf
PartialDischarge1_17_00008.png,PartialDischarge,PartialDischarge1_17.wav,val,stft,mtf
PartialDischarge1_27_00000.png,PartialDischarge,PartialDischarge1_27.wav,val,stft,mtf
PartialDischarge1_27_00001.png,PartialDischarge,PartialDischarge1_27.wav,val,stft,mtf
PartialDischarge1_27_00002.png,PartialDischarge,PartialDischarge1_27.wav,val,stft,mtf
PartialDischarge1_27_00003.png,PartialDischarge,PartialDischarge1_27.wav,val,stft,mtf
PartialDischarge1_27_00004.png,PartialDischarge,PartialDischarge1_27.wav,val,stft,mtf
PartialDischarge1_27_00005.png,PartialDischarge,PartialDischarge1_27.wav,val,stft,mtf
PartialDischarge1_27_00006.png,PartialDischarge,PartialDischarge1_27.wav,val,stft,mtf
PartialDischarge1_27_00007.png,PartialDischarge,PartialDischarge1_27.wav,val,stft,mtf
PartialDischarge1_27_00008.png,PartialDischarge,PartialDischarge1_27.wav,val,stft,mtf
PartialDischarge1_19_00000.png,PartialDischarge,PartialDischarge1_19.wav,val,stft,mtf
PartialDischarge1_19_00001.png,PartialDischarge,PartialDischarge1_19.wav,val,stft,mtf
PartialDischarge1_19_00002.png,PartialDischarge,PartialDischarge1_19.wav,val,stft,mtf
PartialDischarge1_19_00003.png,PartialDischarge,PartialDischarge1_19.wav,val,stft,mtf
PartialDischarge1_19_00004.png,PartialDischarge,PartialDischarge1_19.wav,val,stft,mtf
PartialDischarge1_19_00005.png,PartialDischarge,PartialDischarge1_19.wav,val,stft,mtf
PartialDischarge1_19_00006.png,PartialDischarge,PartialDischarge1_19.wav,val,stft,mtf
PartialDischarge1_19_00007.png,PartialDischarge,PartialDischarge1_19.wav,val,stft,mtf
PartialDischarge1_19_00008.png,PartialDischarge,PartialDischarge1_19.wav,val,stft,mtf
PartialDischarge1_109_00000.png,PartialDischarge,PartialDischarge1_109.wav,val,stft,mtf
PartialDischarge1_109_00001.png,PartialDischarge,PartialDischarge1_109.wav,val,stft,mtf
PartialDischarge1_109_00002.png,PartialDischarge,PartialDischarge1_109.wav,val,stft,mtf
PartialDischarge1_109_00003.png,PartialDischarge,PartialDischarge1_109.wav,val,stft,mtf
PartialDischarge1_109_00004.png,PartialDischarge,PartialDischarge1_109.wav,val,stft,mtf
PartialDischarge1_109_00005.png,PartialDischarge,PartialDischarge1_109.wav,val,stft,mtf
PartialDischarge1_109_00006.png,PartialDischarge,PartialDischarge1_109.wav,val,stft,mtf
PartialDischarge1_109_00007.png,PartialDischarge,PartialDischarge1_109.wav,val,stft,mtf
PartialDischarge1_109_00008.png,PartialDischarge,PartialDischarge1_109.wav,val,stft,mtf
PartialDischarge1_3_00000.png,PartialDischarge,PartialDischarge1_3.wav,val,stft,mtf
PartialDischarge1_3_00001.png,PartialDischarge,PartialDischarge1_3.wav,val,stft,mtf
PartialDischarge1_3_00002.png,PartialDischarge,PartialDischarge1_3.wav,val,stft,mtf
PartialDischarge1_3_00003.png,PartialDischarge,PartialDischarge1_3.wav,val,stft,mtf
PartialDischarge1_3_00004.png,PartialDischarge,PartialDischarge1_3.wav,val,stft,mtf
PartialDischarge1_3_00005.png,PartialDischarge,PartialDischarge1_3.wav,val,stft,mtf
PartialDischarge1_3_00006.png,PartialDischarge,PartialDischarge1_3.wav,val,stft,mtf
PartialDischarge1_3_00007.png,PartialDischarge,PartialDischarge1_3.wav,val,stft,mtf
PartialDischarge1_3_00008.png,PartialDischarge,PartialDischarge1_3.wav,val,stft,mtf
PartialDischarge1_63_00000.png,PartialDischarge,PartialDischarge1_63.wav,val,stft,mtf
PartialDischarge1_63_00001.png,PartialDischarge,PartialDischarge1_63.wav,val,stft,mtf
PartialDischarge1_63_00002.png,PartialDischarge,PartialDischarge1_63.wav,val,stft,mtf
PartialDischarge1_63_00003.png,PartialDischarge,PartialDischarge1_63.wav,val,stft,mtf
PartialDischarge1_63_00004.png,PartialDischarge,PartialDischarge1_63.wav,val,stft,mtf
PartialDischarge1_63_00005.png,PartialDischarge,PartialDischarge1_63.wav,val,stft,mtf
PartialDischarge1_63_00006.png,PartialDischarge,PartialDischarge1_63.wav,val,stft,mtf
PartialDischarge1_63_00007.png,PartialDischarge,PartialDischarge1_63.wav,val,stft,mtf
PartialDischarge1_63_00008.png,PartialDischarge,PartialDischarge1_63.wav,val,stft,mtf
PartialDischarge1_65_00000.png,PartialDischarge,PartialDischarge1_65.wav,val,stft,mtf
PartialDischarge1_65_00001.png,PartialDischarge,PartialDischarge1_65.wav,val,stft,mtf
PartialDischarge1_65_00002.png,PartialDischarge,PartialDischarge1_65.wav,val,stft,mtf
PartialDischarge1_65_00003.png,PartialDischarge,PartialDischarge1_65.wav,val,stft,mtf
PartialDischarge1_65_00004.png,PartialDischarge,PartialDischarge1_65.wav,val,stft,mtf
PartialDischarge1_65_00005.png,PartialDischarge,PartialDischarge1_65.wav,val,stft,mtf
PartialDischarge1_65_00006.png,PartialDischarge,PartialDischarge1_65.wav,val,stft,mtf
PartialDischarge1_65_00007.png,PartialDischarge,PartialDischarge1_65.wav,val,stft,mtf
PartialDischarge1_65_00008.png,PartialDischarge,PartialDischarge1_65.wav,val,stft,mtf
PartialDischarge1_72_00000.png,PartialDischarge,PartialDischarge1_72.wav,val,stft,mtf
PartialDischarge1_72_00001.png,PartialDischarge,PartialDischarge1_72.wav,val,stft,mtf
PartialDischarge1_72_00002.png,PartialDischarge,PartialDischarge1_72.wav,val,stft,mtf
PartialDischarge1_72_00003.png,PartialDischarge,PartialDischarge1_72.wav,val,stft,mtf
PartialDischarge1_72_00004.png,PartialDischarge,PartialDischarge1_72.wav,val,stft,mtf
PartialDischarge1_72_00005.png,PartialDischarge,PartialDischarge1_72.wav,val,stft,mtf
PartialDischarge1_72_00006.png,PartialDischarge,PartialDischarge1_72.wav,val,stft,mtf
PartialDischarge1_72_00007.png,PartialDischarge,PartialDischarge1_72.wav,val,stft,mtf
PartialDischarge1_72_00008.png,PartialDischarge,PartialDischarge1_72.wav,val,stft,mtf
PartialDischarge1_75_00000.png,PartialDischarge,PartialDischarge1_75.wav,val,stft,mtf
PartialDischarge1_75_00001.png,PartialDischarge,PartialDischarge1_75.wav,val,stft,mtf
PartialDischarge1_75_00002.png,PartialDischarge,PartialDischarge1_75.wav,val,stft,mtf
PartialDischarge1_75_00003.png,PartialDischarge,PartialDischarge1_75.wav,val,stft,mtf
PartialDischarge1_75_00004.png,PartialDischarge,PartialDischarge1_75.wav,val,stft,mtf
PartialDischarge1_75_00005.png,PartialDischarge,PartialDischarge1_75.wav,val,stft,mtf
PartialDischarge1_75_00006.png,PartialDischarge,PartialDischarge1_75.wav,val,stft,mtf
PartialDischarge1_75_00007.png,PartialDischarge,PartialDischarge1_75.wav,val,stft,mtf
PartialDischarge1_75_00008.png,PartialDischarge,PartialDischarge1_75.wav,val,stft,mtf
PartialDischarge1_87_00000.png,PartialDischarge,PartialDischarge1_87.wav,val,stft,mtf
PartialDischarge1_87_00001.png,PartialDischarge,PartialDischarge1_87.wav,val,stft,mtf
PartialDischarge1_87_00002.png,PartialDischarge,PartialDischarge1_87.wav,val,stft,mtf
PartialDischarge1_87_00003.png,PartialDischarge,PartialDischarge1_87.wav,val,stft,mtf
PartialDischarge1_87_00004.png,PartialDischarge,PartialDischarge1_87.wav,val,stft,mtf
PartialDischarge1_87_00005.png,PartialDischarge,PartialDischarge1_87.wav,val,stft,mtf
PartialDischarge1_87_00006.png,PartialDischarge,PartialDischarge1_87.wav,val,stft,mtf
PartialDischarge1_87_00007.png,PartialDischarge,PartialDischarge1_87.wav,val,stft,mtf
PartialDischarge1_87_00008.png,PartialDischarge,PartialDischarge1_87.wav,val,stft,mtf
PartialDischarge1_108_00000.png,PartialDischarge,PartialDischarge1_108.wav,val,stft,mtf
PartialDischarge1_108_00001.png,PartialDischarge,PartialDischarge1_108.wav,val,stft,mtf
PartialDischarge1_108_00002.png,PartialDischarge,PartialDischarge1_108.wav,val,stft,mtf
PartialDischarge1_108_00003.png,PartialDischarge,PartialDischarge1_108.wav,val,stft,mtf
PartialDischarge1_108_00004.png,PartialDischarge,PartialDischarge1_108.wav,val,stft,mtf
PartialDischarge1_108_00005.png,PartialDischarge,PartialDischarge1_108.wav,val,stft,mtf
PartialDischarge1_108_00006.png,PartialDischarge,PartialDischarge1_108.wav,val,stft,mtf
PartialDischarge1_108_00007.png,PartialDischarge,PartialDischarge1_108.wav,val,stft,mtf
PartialDischarge1_108_00008.png,PartialDischarge,PartialDischarge1_108.wav,val,stft,mtf
PartialDischarge1_68_00000.png,PartialDischarge,PartialDischarge1_68.wav,val,stft,mtf
PartialDischarge1_68_00001.png,PartialDischarge,PartialDischarge1_68.wav,val,stft,mtf
PartialDischarge1_68_00002.png,PartialDischarge,PartialDischarge1_68.wav,val,stft,mtf
PartialDischarge1_68_00003.png,PartialDischarge,PartialDischarge1_68.wav,val,stft,mtf
PartialDischarge1_68_00004.png,PartialDischarge,PartialDischarge1_68.wav,val,stft,mtf
PartialDischarge1_68_00005.png,PartialDischarge,PartialDischarge1_68.wav,val,stft,mtf
PartialDischarge1_68_00006.png,PartialDischarge,PartialDischarge1_68.wav,val,stft,mtf
PartialDischarge1_68_00007.png,PartialDischarge,PartialDischarge1_68.wav,val,stft,mtf
PartialDischarge1_68_00008.png,PartialDischarge,PartialDischarge1_68.wav,val,stft,mtf
PartialDischarge1_118_00000.png,PartialDischarge,PartialDischarge1_118.wav,val,stft,mtf
PartialDischarge1_118_00001.png,PartialDischarge,PartialDischarge1_118.wav,val,stft,mtf
PartialDischarge1_118_00002.png,PartialDischarge,PartialDischarge1_118.wav,val,stft,mtf
PartialDischarge1_118_00003.png,PartialDischarge,PartialDischarge1_118.wav,val,stft,mtf
PartialDischarge1_118_00004.png,PartialDischarge,PartialDischarge1_118.wav,val,stft,mtf
PartialDischarge1_118_00005.png,PartialDischarge,PartialDischarge1_118.wav,val,stft,mtf
PartialDischarge1_118_00006.png,PartialDischarge,PartialDischarge1_118.wav,val,stft,mtf
PartialDischarge1_118_00007.png,PartialDischarge,PartialDischarge1_118.wav,val,stft,mtf
PartialDischarge1_118_00008.png,PartialDischarge,PartialDischarge1_118.wav,val,stft,mtf
PartialDischarge1_46_00000.png,PartialDischarge,PartialDischarge1_46.wav,val,stft,mtf
PartialDischarge1_46_00001.png,PartialDischarge,PartialDischarge1_46.wav,val,stft,mtf
PartialDischarge1_46_00002.png,PartialDischarge,PartialDischarge1_46.wav,val,stft,mtf
PartialDischarge1_46_00003.png,PartialDischarge,PartialDischarge1_46.wav,val,stft,mtf
PartialDischarge1_46_00004.png,PartialDischarge,PartialDischarge1_46.wav,val,stft,mtf
PartialDischarge1_46_00005.png,PartialDischarge,PartialDischarge1_46.wav,val,stft,mtf
PartialDischarge1_46_00006.png,PartialDischarge,PartialDischarge1_46.wav,val,stft,mtf
PartialDischarge1_46_00007.png,PartialDischarge,PartialDischarge1_46.wav,val,stft,mtf
PartialDischarge1_46_00008.png,PartialDischarge,PartialDischarge1_46.wav,val,stft,mtf
PartialDischarge1_50_00000.png,PartialDischarge,PartialDischarge1_50.wav,val,stft,mtf
PartialDischarge1_50_00001.png,PartialDischarge,PartialDischarge1_50.wav,val,stft,mtf
PartialDischarge1_50_00002.png,PartialDischarge,PartialDischarge1_50.wav,val,stft,mtf
PartialDischarge1_50_00003.png,PartialDischarge,PartialDischarge1_50.wav,val,stft,mtf
PartialDischarge1_50_00004.png,PartialDischarge,PartialDischarge1_50.wav,val,stft,mtf
PartialDischarge1_50_00005.png,PartialDischarge,PartialDischarge1_50.wav,val,stft,mtf
PartialDischarge1_50_00006.png,PartialDischarge,PartialDischarge1_50.wav,val,stft,mtf
PartialDischarge1_50_00007.png,PartialDischarge,PartialDischarge1_50.wav,val,stft,mtf
PartialDischarge1_50_00008.png,PartialDischarge,PartialDischarge1_50.wav,val,stft,mtf
PartialDischarge1_16_00000.png,PartialDischarge,PartialDischarge1_16.wav,val,stft,mtf
PartialDischarge1_16_00001.png,PartialDischarge,PartialDischarge1_16.wav,val,stft,mtf
PartialDischarge1_16_00002.png,PartialDischarge,PartialDischarge1_16.wav,val,stft,mtf
PartialDischarge1_16_00003.png,PartialDischarge,PartialDischarge1_16.wav,val,stft,mtf
PartialDischarge1_16_00004.png,PartialDischarge,PartialDischarge1_16.wav,val,stft,mtf
PartialDischarge1_16_00005.png,PartialDischarge,PartialDischarge1_16.wav,val,stft,mtf
PartialDischarge1_16_00006.png,PartialDischarge,PartialDischarge1_16.wav,val,stft,mtf
PartialDischarge1_16_00007.png,PartialDischarge,PartialDischarge1_16.wav,val,stft,mtf
PartialDischarge1_16_00008.png,PartialDischarge,PartialDischarge1_16.wav,val,stft,mtf
PartialDischarge1_97_00000.png,PartialDischarge,PartialDischarge1_97.wav,val,stft,mtf
PartialDischarge1_97_00001.png,PartialDischarge,PartialDischarge1_97.wav,val,stft,mtf
PartialDischarge1_97_00002.png,PartialDischarge,PartialDischarge1_97.wav,val,stft,mtf
PartialDischarge1_97_00003.png,PartialDischarge,PartialDischarge1_97.wav,val,stft,mtf
PartialDischarge1_97_00004.png,PartialDischarge,PartialDischarge1_97.wav,val,stft,mtf
PartialDischarge1_97_00005.png,PartialDischarge,PartialDischarge1_97.wav,val,stft,mtf
PartialDischarge1_97_00006.png,PartialDischarge,PartialDischarge1_97.wav,val,stft,mtf
PartialDischarge1_97_00007.png,PartialDischarge,PartialDischarge1_97.wav,val,stft,mtf
PartialDischarge1_97_00008.png,PartialDischarge,PartialDischarge1_97.wav,val,stft,mtf
DCBias2_83_00000.png,DCBias,DCBias2_83.wav,test,stft,mtf
DCBias2_83_00001.png,DCBias,DCBias2_83.wav,test,stft,mtf
DCBias2_83_00002.png,DCBias,DCBias2_83.wav,test,stft,mtf
DCBias2_83_00003.png,DCBias,DCBias2_83.wav,test,stft,mtf
DCBias2_83_00004.png,DCBias,DCBias2_83.wav,test,stft,mtf
DCBias2_83_00005.png,DCBias,DCBias2_83.wav,test,stft,mtf
DCBias2_83_00006.png,DCBias,DCBias2_83.wav,test,stft,mtf
DCBias2_83_00007.png,DCBias,DCBias2_83.wav,test,stft,mtf
DCBias2_83_00008.png,DCBias,DCBias2_83.wav,test,stft,mtf
DCBias2_61_00000.png,DCBias,DCBias2_61.wav,test,stft,mtf
DCBias2_61_00001.png,DCBias,DCBias2_61.wav,test,stft,mtf
DCBias2_61_00002.png,DCBias,DCBias2_61.wav,test,stft,mtf
DCBias2_61_00003.png,DCBias,DCBias2_61.wav,test,stft,mtf
DCBias2_61_00004.png,DCBias,DCBias2_61.wav,test,stft,mtf
DCBias2_61_00005.png,DCBias,DCBias2_61.wav,test,stft,mtf
DCBias2_61_00006.png,DCBias,DCBias2_61.wav,test,stft,mtf
DCBias2_61_00007.png,DCBias,DCBias2_61.wav,test,stft,mtf
DCBias2_61_00008.png,DCBias,DCBias2_61.wav,test,stft,mtf
DCBias2_5_00000.png,DCBias,DCBias2_5.wav,test,stft,mtf
DCBias2_5_00001.png,DCBias,DCBias2_5.wav,test,stft,mtf
DCBias2_5_00002.png,DCBias,DCBias2_5.wav,test,stft,mtf
DCBias2_5_00003.png,DCBias,DCBias2_5.wav,test,stft,mtf
DCBias2_5_00004.png,DCBias,DCBias2_5.wav,test,stft,mtf
DCBias2_5_00005.png,DCBias,DCBias2_5.wav,test,stft,mtf
DCBias2_5_00006.png,DCBias,DCBias2_5.wav,test,stft,mtf
DCBias2_5_00007.png,DCBias,DCBias2_5.wav,test,stft,mtf
DCBias2_5_00008.png,DCBias,DCBias2_5.wav,test,stft,mtf
DCBias2_18_00000.png,DCBias,DCBias2_18.wav,test,stft,mtf
DCBias2_18_00001.png,DCBias,DCBias2_18.wav,test,stft,mtf
DCBias2_18_00002.png,DCBias,DCBias2_18.wav,test,stft,mtf
DCBias2_18_00003.png,DCBias,DCBias2_18.wav,test,stft,mtf
DCBias2_18_00004.png,DCBias,DCBias2_18.wav,test,stft,mtf
DCBias2_18_00005.png,DCBias,DCBias2_18.wav,test,stft,mtf
DCBias2_18_00006.png,DCBias,DCBias2_18.wav,test,stft,mtf
DCBias2_18_00007.png,DCBias,DCBias2_18.wav,test,stft,mtf
DCBias2_18_00008.png,DCBias,DCBias2_18.wav,test,stft,mtf
DCBias2_16_00000.png,DCBias,DCBias2_16.wav,test,stft,mtf
DCBias2_16_00001.png,DCBias,DCBias2_16.wav,test,stft,mtf
DCBias2_16_00002.png,DCBias,DCBias2_16.wav,test,stft,mtf
DCBias2_16_00003.png,DCBias,DCBias2_16.wav,test,stft,mtf
DCBias2_16_00004.png,DCBias,DCBias2_16.wav,test,stft,mtf
DCBias2_16_00005.png,DCBias,DCBias2_16.wav,test,stft,mtf
DCBias2_16_00006.png,DCBias,DCBias2_16.wav,test,stft,mtf
DCBias2_16_00007.png,DCBias,DCBias2_16.wav,test,stft,mtf
DCBias2_16_00008.png,DCBias,DCBias2_16.wav,test,stft,mtf
DCBias2_87_00000.png,DCBias,DCBias2_87.wav,test,stft,mtf
DCBias2_87_00001.png,DCBias,DCBias2_87.wav,test,stft,mtf
DCBias2_87_00002.png,DCBias,DCBias2_87.wav,test,stft,mtf
DCBias2_87_00003.png,DCBias,DCBias2_87.wav,test,stft,mtf
DCBias2_87_00004.png,DCBias,DCBias2_87.wav,test,stft,mtf
DCBias2_87_00005.png,DCBias,DCBias2_87.wav,test,stft,mtf
DCBias2_87_00006.png,DCBias,DCBias2_87.wav,test,stft,mtf
DCBias2_87_00007.png,DCBias,DCBias2_87.wav,test,stft,mtf
DCBias2_87_00008.png,DCBias,DCBias2_87.wav,test,stft,mtf
DCBias2_97_00000.png,DCBias,DCBias2_97.wav,test,stft,mtf
DCBias2_97_00001.png,DCBias,DCBias2_97.wav,test,stft,mtf
DCBias2_97_00002.png,DCBias,DCBias2_97.wav,test,stft,mtf
DCBias2_97_00003.png,DCBias,DCBias2_97.wav,test,stft,mtf
DCBias2_97_00004.png,DCBias,DCBias2_97.wav,test,stft,mtf
DCBias2_97_00005.png,DCBias,DCBias2_97.wav,test,stft,mtf
DCBias2_97_00006.png,DCBias,DCBias2_97.wav,test,stft,mtf
DCBias2_97_00007.png,DCBias,DCBias2_97.wav,test,stft,mtf
DCBias2_97_00008.png,DCBias,DCBias2_97.wav,test,stft,mtf
DCBias2_102_00000.png,DCBias,DCBias2_102.wav,test,stft,mtf
DCBias2_102_00001.png,DCBias,DCBias2_102.wav,test,stft,mtf
DCBias2_102_00002.png,DCBias,DCBias2_102.wav,test,stft,mtf
DCBias2_102_00003.png,DCBias,DCBias2_102.wav,test,stft,mtf
DCBias2_102_00004.png,DCBias,DCBias2_102.wav,test,stft,mtf
DCBias2_102_00005.png,DCBias,DCBias2_102.wav,test,stft,mtf
DCBias2_102_00006.png,DCBias,DCBias2_102.wav,test,stft,mtf
DCBias2_102_00007.png,DCBias,DCBias2_102.wav,test,stft,mtf
DCBias2_102_00008.png,DCBias,DCBias2_102.wav,test,stft,mtf
DCBias2_40_00000.png,DCBias,DCBias2_40.wav,test,stft,mtf
DCBias2_40_00001.png,DCBias,DCBias2_40.wav,test,stft,mtf
DCBias2_40_00002.png,DCBias,DCBias2_40.wav,test,stft,mtf
DCBias2_40_00003.png,DCBias,DCBias2_40.wav,test,stft,mtf
DCBias2_40_00004.png,DCBias,DCBias2_40.wav,test,stft,mtf
DCBias2_40_00005.png,DCBias,DCBias2_40.wav,test,stft,mtf
DCBias2_40_00006.png,DCBias,DCBias2_40.wav,test,stft,mtf
DCBias2_40_00007.png,DCBias,DCBias2_40.wav,test,stft,mtf
DCBias2_40_00008.png,DCBias,DCBias2_40.wav,test,stft,mtf
DCBias2_6_00000.png,DCBias,DCBias2_6.wav,test,stft,mtf
DCBias2_6_00001.png,DCBias,DCBias2_6.wav,test,stft,mtf
DCBias2_6_00002.png,DCBias,DCBias2_6.wav,test,stft,mtf
DCBias2_6_00003.png,DCBias,DCBias2_6.wav,test,stft,mtf
DCBias2_6_00004.png,DCBias,DCBias2_6.wav,test,stft,mtf
DCBias2_6_00005.png,DCBias,DCBias2_6.wav,test,stft,mtf
DCBias2_6_00006.png,DCBias,DCBias2_6.wav,test,stft,mtf
DCBias2_6_00007.png,DCBias,DCBias2_6.wav,test,stft,mtf
DCBias2_6_00008.png,DCBias,DCBias2_6.wav,test,stft,mtf
DCBias2_109_00000.png,DCBias,DCBias2_109.wav,test,stft,mtf
DCBias2_109_00001.png,DCBias,DCBias2_109.wav,test,stft,mtf
DCBias2_109_00002.png,DCBias,DCBias2_109.wav,test,stft,mtf
DCBias2_109_00003.png,DCBias,DCBias2_109.wav,test,stft,mtf
DCBias2_109_00004.png,DCBias,DCBias2_109.wav,test,stft,mtf
DCBias2_109_00005.png,DCBias,DCBias2_109.wav,test,stft,mtf
DCBias2_109_00006.png,DCBias,DCBias2_109.wav,test,stft,mtf
DCBias2_109_00007.png,DCBias,DCBias2_109.wav,test,stft,mtf
DCBias2_109_00008.png,DCBias,DCBias2_109.wav,test,stft,mtf
DCBias2_54_00000.png,DCBias,DCBias2_54.wav,test,stft,mtf
DCBias2_54_00001.png,DCBias,DCBias2_54.wav,test,stft,mtf
DCBias2_54_00002.png,DCBias,DCBias2_54.wav,test,stft,mtf
DCBias2_54_00003.png,DCBias,DCBias2_54.wav,test,stft,mtf
DCBias2_54_00004.png,DCBias,DCBias2_54.wav,test,stft,mtf
DCBias2_54_00005.png,DCBias,DCBias2_54.wav,test,stft,mtf
DCBias2_54_00006.png,DCBias,DCBias2_54.wav,test,stft,mtf
DCBias2_54_00007.png,DCBias,DCBias2_54.wav,test,stft,mtf
DCBias2_54_00008.png,DCBias,DCBias2_54.wav,test,stft,mtf
DCBias2_91_00000.png,DCBias,DCBias2_91.wav,test,stft,mtf
DCBias2_91_00001.png,DCBias,DCBias2_91.wav,test,stft,mtf
DCBias2_91_00002.png,DCBias,DCBias2_91.wav,test,stft,mtf
DCBias2_91_00003.png,DCBias,DCBias2_91.wav,test,stft,mtf
DCBias2_91_00004.png,DCBias,DCBias2_91.wav,test,stft,mtf
DCBias2_91_00005.png,DCBias,DCBias2_91.wav,test,stft,mtf
DCBias2_91_00006.png,DCBias,DCBias2_91.wav,test,stft,mtf
DCBias2_91_00007.png,DCBias,DCBias2_91.wav,test,stft,mtf
DCBias2_91_00008.png,DCBias,DCBias2_91.wav,test,stft,mtf
DCBias2_7_00000.png,DCBias,DCBias2_7.wav,test,stft,mtf
DCBias2_7_00001.png,DCBias,DCBias2_7.wav,test,stft,mtf
DCBias2_7_00002.png,DCBias,DCBias2_7.wav,test,stft,mtf
DCBias2_7_00003.png,DCBias,DCBias2_7.wav,test,stft,mtf
DCBias2_7_00004.png,DCBias,DCBias2_7.wav,test,stft,mtf
DCBias2_7_00005.png,DCBias,DCBias2_7.wav,test,stft,mtf
DCBias2_7_00006.png,DCBias,DCBias2_7.wav,test,stft,mtf
DCBias2_7_00007.png,DCBias,DCBias2_7.wav,test,stft,mtf
DCBias2_7_00008.png,DCBias,DCBias2_7.wav,test,stft,mtf
DCBias2_110_00000.png,DCBias,DCBias2_110.wav,test,stft,mtf
DCBias2_110_00001.png,DCBias,DCBias2_110.wav,test,stft,mtf
DCBias2_110_00002.png,DCBias,DCBias2_110.wav,test,stft,mtf
DCBias2_110_00003.png,DCBias,DCBias2_110.wav,test,stft,mtf
DCBias2_110_00004.png,DCBias,DCBias2_110.wav,test,stft,mtf
DCBias2_110_00005.png,DCBias,DCBias2_110.wav,test,stft,mtf
DCBias2_110_00006.png,DCBias,DCBias2_110.wav,test,stft,mtf
DCBias2_110_00007.png,DCBias,DCBias2_110.wav,test,stft,mtf
DCBias2_110_00008.png,DCBias,DCBias2_110.wav,test,stft,mtf
DCBias2_96_00000.png,DCBias,DCBias2_96.wav,test,stft,mtf
DCBias2_96_00001.png,DCBias,DCBias2_96.wav,test,stft,mtf
DCBias2_96_00002.png,DCBias,DCBias2_96.wav,test,stft,mtf
DCBias2_96_00003.png,DCBias,DCBias2_96.wav,test,stft,mtf
DCBias2_96_00004.png,DCBias,DCBias2_96.wav,test,stft,mtf
DCBias2_96_00005.png,DCBias,DCBias2_96.wav,test,stft,mtf
DCBias2_96_00006.png,DCBias,DCBias2_96.wav,test,stft,mtf
DCBias2_96_00007.png,DCBias,DCBias2_96.wav,test,stft,mtf
DCBias2_96_00008.png,DCBias,DCBias2_96.wav,test,stft,mtf
DCBias2_114_00000.png,DCBias,DCBias2_114.wav,test,stft,mtf
DCBias2_114_00001.png,DCBias,DCBias2_114.wav,test,stft,mtf
DCBias2_114_00002.png,DCBias,DCBias2_114.wav,test,stft,mtf
DCBias2_114_00003.png,DCBias,DCBias2_114.wav,test,stft,mtf
DCBias2_114_00004.png,DCBias,DCBias2_114.wav,test,stft,mtf
DCBias2_114_00005.png,DCBias,DCBias2_114.wav,test,stft,mtf
DCBias2_114_00006.png,DCBias,DCBias2_114.wav,test,stft,mtf
DCBias2_114_00007.png,DCBias,DCBias2_114.wav,test,stft,mtf
DCBias2_114_00008.png,DCBias,DCBias2_114.wav,test,stft,mtf
DCBias2_17_00000.png,DCBias,DCBias2_17.wav,test,stft,mtf
DCBias2_17_00001.png,DCBias,DCBias2_17.wav,test,stft,mtf
DCBias2_17_00002.png,DCBias,DCBias2_17.wav,test,stft,mtf
DCBias2_17_00003.png,DCBias,DCBias2_17.wav,test,stft,mtf
DCBias2_17_00004.png,DCBias,DCBias2_17.wav,test,stft,mtf
DCBias2_17_00005.png,DCBias,DCBias2_17.wav,test,stft,mtf
DCBias2_17_00006.png,DCBias,DCBias2_17.wav,test,stft,mtf
DCBias2_17_00007.png,DCBias,DCBias2_17.wav,test,stft,mtf
DCBias2_17_00008.png,DCBias,DCBias2_17.wav,test,stft,mtf
DCBias2_2_00000.png,DCBias,DCBias2_2.wav,test,stft,mtf
DCBias2_2_00001.png,DCBias,DCBias2_2.wav,test,stft,mtf
DCBias2_2_00002.png,DCBias,DCBias2_2.wav,test,stft,mtf
DCBias2_2_00003.png,DCBias,DCBias2_2.wav,test,stft,mtf
DCBias2_2_00004.png,DCBias,DCBias2_2.wav,test,stft,mtf
DCBias2_2_00005.png,DCBias,DCBias2_2.wav,test,stft,mtf
DCBias2_2_00006.png,DCBias,DCBias2_2.wav,test,stft,mtf
DCBias2_2_00007.png,DCBias,DCBias2_2.wav,test,stft,mtf
DCBias2_2_00008.png,DCBias,DCBias2_2.wav,test,stft,mtf
DCBias2_23_00000.png,DCBias,DCBias2_23.wav,test,stft,mtf
DCBias2_23_00001.png,DCBias,DCBias2_23.wav,test,stft,mtf
DCBias2_23_00002.png,DCBias,DCBias2_23.wav,test,stft,mtf
DCBias2_23_00003.png,DCBias,DCBias2_23.wav,test,stft,mtf
DCBias2_23_00004.png,DCBias,DCBias2_23.wav,test,stft,mtf
DCBias2_23_00005.png,DCBias,DCBias2_23.wav,test,stft,mtf
DCBias2_23_00006.png,DCBias,DCBias2_23.wav,test,stft,mtf
DCBias2_23_00007.png,DCBias,DCBias2_23.wav,test,stft,mtf
DCBias2_23_00008.png,DCBias,DCBias2_23.wav,test,stft,mtf
DCBias2_77_00000.png,DCBias,DCBias2_77.wav,test,stft,mtf
DCBias2_77_00001.png,DCBias,DCBias2_77.wav,test,stft,mtf
DCBias2_77_00002.png,DCBias,DCBias2_77.wav,test,stft,mtf
DCBias2_77_00003.png,DCBias,DCBias2_77.wav,test,stft,mtf
DCBias2_77_00004.png,DCBias,DCBias2_77.wav,test,stft,mtf
DCBias2_77_00005.png,DCBias,DCBias2_77.wav,test,stft,mtf
DCBias2_77_00006.png,DCBias,DCBias2_77.wav,test,stft,mtf
DCBias2_77_00007.png,DCBias,DCBias2_77.wav,test,stft,mtf
DCBias2_77_00008.png,DCBias,DCBias2_77.wav,test,stft,mtf
DCBias2_101_00000.png,DCBias,DCBias2_101.wav,test,stft,mtf
DCBias2_101_00001.png,DCBias,DCBias2_101.wav,test,stft,mtf
DCBias2_101_00002.png,DCBias,DCBias2_101.wav,test,stft,mtf
DCBias2_101_00003.png,DCBias,DCBias2_101.wav,test,stft,mtf
DCBias2_101_00004.png,DCBias,DCBias2_101.wav,test,stft,mtf
DCBias2_101_00005.png,DCBias,DCBias2_101.wav,test,stft,mtf
DCBias2_101_00006.png,DCBias,DCBias2_101.wav,test,stft,mtf
DCBias2_101_00007.png,DCBias,DCBias2_101.wav,test,stft,mtf
DCBias2_101_00008.png,DCBias,DCBias2_101.wav,test,stft,mtf
DCBias2_111_00000.png,DCBias,DCBias2_111.wav,test,stft,mtf
DCBias2_111_00001.png,DCBias,DCBias2_111.wav,test,stft,mtf
DCBias2_111_00002.png,DCBias,DCBias2_111.wav,test,stft,mtf
DCBias2_111_00003.png,DCBias,DCBias2_111.wav,test,stft,mtf
DCBias2_111_00004.png,DCBias,DCBias2_111.wav,test,stft,mtf
DCBias2_111_00005.png,DCBias,DCBias2_111.wav,test,stft,mtf
DCBias2_111_00006.png,DCBias,DCBias2_111.wav,test,stft,mtf
DCBias2_111_00007.png,DCBias,DCBias2_111.wav,test,stft,mtf
DCBias2_111_00008.png,DCBias,DCBias2_111.wav,test,stft,mtf
DCBias2_65_00000.png,DCBias,DCBias2_65.wav,test,stft,mtf
DCBias2_65_00001.png,DCBias,DCBias2_65.wav,test,stft,mtf
DCBias2_65_00002.png,DCBias,DCBias2_65.wav,test,stft,mtf
DCBias2_65_00003.png,DCBias,DCBias2_65.wav,test,stft,mtf
DCBias2_65_00004.png,DCBias,DCBias2_65.wav,test,stft,mtf
DCBias2_65_00005.png,DCBias,DCBias2_65.wav,test,stft,mtf
DCBias2_65_00006.png,DCBias,DCBias2_65.wav,test,stft,mtf
DCBias2_65_00007.png,DCBias,DCBias2_65.wav,test,stft,mtf
DCBias2_65_00008.png,DCBias,DCBias2_65.wav,test,stft,mtf
G4_10pSeventhHarmonic_45_00000.png,Harmonic,G4_10pSeventhHarmonic_45.wav,test,stft,mtf
G4_10pSeventhHarmonic_45_00001.png,Harmonic,G4_10pSeventhHarmonic_45.wav,test,stft,mtf
G4_10pSeventhHarmonic_45_00002.png,Harmonic,G4_10pSeventhHarmonic_45.wav,test,stft,mtf
G4_10pSeventhHarmonic_45_00003.png,Harmonic,G4_10pSeventhHarmonic_45.wav,test,stft,mtf
G4_10pSeventhHarmonic_45_00004.png,Harmonic,G4_10pSeventhHarmonic_45.wav,test,stft,mtf
G4_10pSeventhHarmonic_45_00005.png,Harmonic,G4_10pSeventhHarmonic_45.wav,test,stft,mtf
G4_10pSeventhHarmonic_45_00006.png,Harmonic,G4_10pSeventhHarmonic_45.wav,test,stft,mtf
G4_10pSeventhHarmonic_45_00007.png,Harmonic,G4_10pSeventhHarmonic_45.wav,test,stft,mtf
G4_10pSeventhHarmonic_45_00008.png,Harmonic,G4_10pSeventhHarmonic_45.wav,test,stft,mtf
G4_10pSeventhHarmonic_106_00000.png,Harmonic,G4_10pSeventhHarmonic_106.wav,test,stft,mtf
G4_10pSeventhHarmonic_106_00001.png,Harmonic,G4_10pSeventhHarmonic_106.wav,test,stft,mtf
G4_10pSeventhHarmonic_106_00002.png,Harmonic,G4_10pSeventhHarmonic_106.wav,test,stft,mtf
G4_10pSeventhHarmonic_106_00003.png,Harmonic,G4_10pSeventhHarmonic_106.wav,test,stft,mtf
G4_10pSeventhHarmonic_106_00004.png,Harmonic,G4_10pSeventhHarmonic_106.wav,test,stft,mtf
G4_10pSeventhHarmonic_106_00005.png,Harmonic,G4_10pSeventhHarmonic_106.wav,test,stft,mtf
G4_10pSeventhHarmonic_106_00006.png,Harmonic,G4_10pSeventhHarmonic_106.wav,test,stft,mtf
G4_10pSeventhHarmonic_106_00007.png,Harmonic,G4_10pSeventhHarmonic_106.wav,test,stft,mtf
G4_10pSeventhHarmonic_106_00008.png,Harmonic,G4_10pSeventhHarmonic_106.wav,test,stft,mtf
G4_10pSeventhHarmonic_7_00000.png,Harmonic,G4_10pSeventhHarmonic_7.wav,test,stft,mtf
G4_10pSeventhHarmonic_7_00001.png,Harmonic,G4_10pSeventhHarmonic_7.wav,test,stft,mtf
G4_10pSeventhHarmonic_7_00002.png,Harmonic,G4_10pSeventhHarmonic_7.wav,test,stft,mtf
G4_10pSeventhHarmonic_7_00003.png,Harmonic,G4_10pSeventhHarmonic_7.wav,test,stft,mtf
G4_10pSeventhHarmonic_7_00004.png,Harmonic,G4_10pSeventhHarmonic_7.wav,test,stft,mtf
G4_10pSeventhHarmonic_7_00005.png,Harmonic,G4_10pSeventhHarmonic_7.wav,test,stft,mtf
G4_10pSeventhHarmonic_7_00006.png,Harmonic,G4_10pSeventhHarmonic_7.wav,test,stft,mtf
G4_10pSeventhHarmonic_7_00007.png,Harmonic,G4_10pSeventhHarmonic_7.wav,test,stft,mtf
G4_10pSeventhHarmonic_7_00008.png,Harmonic,G4_10pSeventhHarmonic_7.wav,test,stft,mtf
G4_10pSeventhHarmonic_97_00000.png,Harmonic,G4_10pSeventhHarmonic_97.wav,test,stft,mtf
G4_10pSeventhHarmonic_97_00001.png,Harmonic,G4_10pSeventhHarmonic_97.wav,test,stft,mtf
G4_10pSeventhHarmonic_97_00002.png,Harmonic,G4_10pSeventhHarmonic_97.wav,test,stft,mtf
G4_10pSeventhHarmonic_97_00003.png,Harmonic,G4_10pSeventhHarmonic_97.wav,test,stft,mtf
G4_10pSeventhHarmonic_97_00004.png,Harmonic,G4_10pSeventhHarmonic_97.wav,test,stft,mtf
G4_10pSeventhHarmonic_97_00005.png,Harmonic,G4_10pSeventhHarmonic_97.wav,test,stft,mtf
G4_10pSeventhHarmonic_97_00006.png,Harmonic,G4_10pSeventhHarmonic_97.wav,test,stft,mtf
G4_10pSeventhHarmonic_97_00007.png,Harmonic,G4_10pSeventhHarmonic_97.wav,test,stft,mtf
G4_10pSeventhHarmonic_97_00008.png,Harmonic,G4_10pSeventhHarmonic_97.wav,test,stft,mtf
G4_10pSeventhHarmonic_8_00000.png,Harmonic,G4_10pSeventhHarmonic_8.wav,test,stft,mtf
G4_10pSeventhHarmonic_8_00001.png,Harmonic,G4_10pSeventhHarmonic_8.wav,test,stft,mtf
G4_10pSeventhHarmonic_8_00002.png,Harmonic,G4_10pSeventhHarmonic_8.wav,test,stft,mtf
G4_10pSeventhHarmonic_8_00003.png,Harmonic,G4_10pSeventhHarmonic_8.wav,test,stft,mtf
G4_10pSeventhHarmonic_8_00004.png,Harmonic,G4_10pSeventhHarmonic_8.wav,test,stft,mtf
G4_10pSeventhHarmonic_8_00005.png,Harmonic,G4_10pSeventhHarmonic_8.wav,test,stft,mtf
G4_10pSeventhHarmonic_8_00006.png,Harmonic,G4_10pSeventhHarmonic_8.wav,test,stft,mtf
G4_10pSeventhHarmonic_8_00007.png,Harmonic,G4_10pSeventhHarmonic_8.wav,test,stft,mtf
G4_10pSeventhHarmonic_8_00008.png,Harmonic,G4_10pSeventhHarmonic_8.wav,test,stft,mtf
G4_10pSeventhHarmonic_19_00000.png,Harmonic,G4_10pSeventhHarmonic_19.wav,test,stft,mtf
G4_10pSeventhHarmonic_19_00001.png,Harmonic,G4_10pSeventhHarmonic_19.wav,test,stft,mtf
G4_10pSeventhHarmonic_19_00002.png,Harmonic,G4_10pSeventhHarmonic_19.wav,test,stft,mtf
G4_10pSeventhHarmonic_19_00003.png,Harmonic,G4_10pSeventhHarmonic_19.wav,test,stft,mtf
G4_10pSeventhHarmonic_19_00004.png,Harmonic,G4_10pSeventhHarmonic_19.wav,test,stft,mtf
G4_10pSeventhHarmonic_19_00005.png,Harmonic,G4_10pSeventhHarmonic_19.wav,test,stft,mtf
G4_10pSeventhHarmonic_19_00006.png,Harmonic,G4_10pSeventhHarmonic_19.wav,test,stft,mtf
G4_10pSeventhHarmonic_19_00007.png,Harmonic,G4_10pSeventhHarmonic_19.wav,test,stft,mtf
G4_10pSeventhHarmonic_19_00008.png,Harmonic,G4_10pSeventhHarmonic_19.wav,test,stft,mtf
G4_10pSeventhHarmonic_73_00000.png,Harmonic,G4_10pSeventhHarmonic_73.wav,test,stft,mtf
G4_10pSeventhHarmonic_73_00001.png,Harmonic,G4_10pSeventhHarmonic_73.wav,test,stft,mtf
G4_10pSeventhHarmonic_73_00002.png,Harmonic,G4_10pSeventhHarmonic_73.wav,test,stft,mtf
G4_10pSeventhHarmonic_73_00003.png,Harmonic,G4_10pSeventhHarmonic_73.wav,test,stft,mtf
G4_10pSeventhHarmonic_73_00004.png,Harmonic,G4_10pSeventhHarmonic_73.wav,test,stft,mtf
G4_10pSeventhHarmonic_73_00005.png,Harmonic,G4_10pSeventhHarmonic_73.wav,test,stft,mtf
G4_10pSeventhHarmonic_73_00006.png,Harmonic,G4_10pSeventhHarmonic_73.wav,test,stft,mtf
G4_10pSeventhHarmonic_73_00007.png,Harmonic,G4_10pSeventhHarmonic_73.wav,test,stft,mtf
G4_10pSeventhHarmonic_73_00008.png,Harmonic,G4_10pSeventhHarmonic_73.wav,test,stft,mtf
G4_10pSeventhHarmonic_18_00000.png,Harmonic,G4_10pSeventhHarmonic_18.wav,test,stft,mtf
G4_10pSeventhHarmonic_18_00001.png,Harmonic,G4_10pSeventhHarmonic_18.wav,test,stft,mtf
G4_10pSeventhHarmonic_18_00002.png,Harmonic,G4_10pSeventhHarmonic_18.wav,test,stft,mtf
G4_10pSeventhHarmonic_18_00003.png,Harmonic,G4_10pSeventhHarmonic_18.wav,test,stft,mtf
G4_10pSeventhHarmonic_18_00004.png,Harmonic,G4_10pSeventhHarmonic_18.wav,test,stft,mtf
G4_10pSeventhHarmonic_18_00005.png,Harmonic,G4_10pSeventhHarmonic_18.wav,test,stft,mtf
G4_10pSeventhHarmonic_18_00006.png,Harmonic,G4_10pSeventhHarmonic_18.wav,test,stft,mtf
G4_10pSeventhHarmonic_18_00007.png,Harmonic,G4_10pSeventhHarmonic_18.wav,test,stft,mtf
G4_10pSeventhHarmonic_18_00008.png,Harmonic,G4_10pSeventhHarmonic_18.wav,test,stft,mtf
G4_10pSeventhHarmonic_13_00000.png,Harmonic,G4_10pSeventhHarmonic_13.wav,test,stft,mtf
G4_10pSeventhHarmonic_13_00001.png,Harmonic,G4_10pSeventhHarmonic_13.wav,test,stft,mtf
G4_10pSeventhHarmonic_13_00002.png,Harmonic,G4_10pSeventhHarmonic_13.wav,test,stft,mtf
G4_10pSeventhHarmonic_13_00003.png,Harmonic,G4_10pSeventhHarmonic_13.wav,test,stft,mtf
G4_10pSeventhHarmonic_13_00004.png,Harmonic,G4_10pSeventhHarmonic_13.wav,test,stft,mtf
G4_10pSeventhHarmonic_13_00005.png,Harmonic,G4_10pSeventhHarmonic_13.wav,test,stft,mtf
G4_10pSeventhHarmonic_13_00006.png,Harmonic,G4_10pSeventhHarmonic_13.wav,test,stft,mtf
G4_10pSeventhHarmonic_13_00007.png,Harmonic,G4_10pSeventhHarmonic_13.wav,test,stft,mtf
G4_10pSeventhHarmonic_13_00008.png,Harmonic,G4_10pSeventhHarmonic_13.wav,test,stft,mtf
G4_10pSeventhHarmonic_104_00000.png,Harmonic,G4_10pSeventhHarmonic_104.wav,test,stft,mtf
G4_10pSeventhHarmonic_104_00001.png,Harmonic,G4_10pSeventhHarmonic_104.wav,test,stft,mtf
G4_10pSeventhHarmonic_104_00002.png,Harmonic,G4_10pSeventhHarmonic_104.wav,test,stft,mtf
G4_10pSeventhHarmonic_104_00003.png,Harmonic,G4_10pSeventhHarmonic_104.wav,test,stft,mtf
G4_10pSeventhHarmonic_104_00004.png,Harmonic,G4_10pSeventhHarmonic_104.wav,test,stft,mtf
G4_10pSeventhHarmonic_104_00005.png,Harmonic,G4_10pSeventhHarmonic_104.wav,test,stft,mtf
G4_10pSeventhHarmonic_104_00006.png,Harmonic,G4_10pSeventhHarmonic_104.wav,test,stft,mtf
G4_10pSeventhHarmonic_104_00007.png,Harmonic,G4_10pSeventhHarmonic_104.wav,test,stft,mtf
G4_10pSeventhHarmonic_104_00008.png,Harmonic,G4_10pSeventhHarmonic_104.wav,test,stft,mtf
G4_10pSeventhHarmonic_88_00000.png,Harmonic,G4_10pSeventhHarmonic_88.wav,test,stft,mtf
G4_10pSeventhHarmonic_88_00001.png,Harmonic,G4_10pSeventhHarmonic_88.wav,test,stft,mtf
G4_10pSeventhHarmonic_88_00002.png,Harmonic,G4_10pSeventhHarmonic_88.wav,test,stft,mtf
G4_10pSeventhHarmonic_88_00003.png,Harmonic,G4_10pSeventhHarmonic_88.wav,test,stft,mtf
G4_10pSeventhHarmonic_88_00004.png,Harmonic,G4_10pSeventhHarmonic_88.wav,test,stft,mtf
G4_10pSeventhHarmonic_88_00005.png,Harmonic,G4_10pSeventhHarmonic_88.wav,test,stft,mtf
G4_10pSeventhHarmonic_88_00006.png,Harmonic,G4_10pSeventhHarmonic_88.wav,test,stft,mtf
G4_10pSeventhHarmonic_88_00007.png,Harmonic,G4_10pSeventhHarmonic_88.wav,test,stft,mtf
G4_10pSeventhHarmonic_88_00008.png,Harmonic,G4_10pSeventhHarmonic_88.wav,test,stft,mtf
G4_10pSeventhHarmonic_109_00000.png,Harmonic,G4_10pSeventhHarmonic_109.wav,test,stft,mtf
G4_10pSeventhHarmonic_109_00001.png,Harmonic,G4_10pSeventhHarmonic_109.wav,test,stft,mtf
G4_10pSeventhHarmonic_109_00002.png,Harmonic,G4_10pSeventhHarmonic_109.wav,test,stft,mtf
G4_10pSeventhHarmonic_109_00003.png,Harmonic,G4_10pSeventhHarmonic_109.wav,test,stft,mtf
G4_10pSeventhHarmonic_109_00004.png,Harmonic,G4_10pSeventhHarmonic_109.wav,test,stft,mtf
G4_10pSeventhHarmonic_109_00005.png,Harmonic,G4_10pSeventhHarmonic_109.wav,test,stft,mtf
G4_10pSeventhHarmonic_109_00006.png,Harmonic,G4_10pSeventhHarmonic_109.wav,test,stft,mtf
G4_10pSeventhHarmonic_109_00007.png,Harmonic,G4_10pSeventhHarmonic_109.wav,test,stft,mtf
G4_10pSeventhHarmonic_109_00008.png,Harmonic,G4_10pSeventhHarmonic_109.wav,test,stft,mtf
G4_10pSeventhHarmonic_58_00000.png,Harmonic,G4_10pSeventhHarmonic_58.wav,test,stft,mtf
G4_10pSeventhHarmonic_58_00001.png,Harmonic,G4_10pSeventhHarmonic_58.wav,test,stft,mtf
G4_10pSeventhHarmonic_58_00002.png,Harmonic,G4_10pSeventhHarmonic_58.wav,test,stft,mtf
G4_10pSeventhHarmonic_58_00003.png,Harmonic,G4_10pSeventhHarmonic_58.wav,test,stft,mtf
G4_10pSeventhHarmonic_58_00004.png,Harmonic,G4_10pSeventhHarmonic_58.wav,test,stft,mtf
G4_10pSeventhHarmonic_58_00005.png,Harmonic,G4_10pSeventhHarmonic_58.wav,test,stft,mtf
G4_10pSeventhHarmonic_58_00006.png,Harmonic,G4_10pSeventhHarmonic_58.wav,test,stft,mtf
G4_10pSeventhHarmonic_58_00007.png,Harmonic,G4_10pSeventhHarmonic_58.wav,test,stft,mtf
G4_10pSeventhHarmonic_58_00008.png,Harmonic,G4_10pSeventhHarmonic_58.wav,test,stft,mtf
G4_10pSeventhHarmonic_6_00000.png,Harmonic,G4_10pSeventhHarmonic_6.wav,test,stft,mtf
G4_10pSeventhHarmonic_6_00001.png,Harmonic,G4_10pSeventhHarmonic_6.wav,test,stft,mtf
G4_10pSeventhHarmonic_6_00002.png,Harmonic,G4_10pSeventhHarmonic_6.wav,test,stft,mtf
G4_10pSeventhHarmonic_6_00003.png,Harmonic,G4_10pSeventhHarmonic_6.wav,test,stft,mtf
G4_10pSeventhHarmonic_6_00004.png,Harmonic,G4_10pSeventhHarmonic_6.wav,test,stft,mtf
G4_10pSeventhHarmonic_6_00005.png,Harmonic,G4_10pSeventhHarmonic_6.wav,test,stft,mtf
G4_10pSeventhHarmonic_6_00006.png,Harmonic,G4_10pSeventhHarmonic_6.wav,test,stft,mtf
G4_10pSeventhHarmonic_6_00007.png,Harmonic,G4_10pSeventhHarmonic_6.wav,test,stft,mtf
G4_10pSeventhHarmonic_6_00008.png,Harmonic,G4_10pSeventhHarmonic_6.wav,test,stft,mtf
G4_10pSeventhHarmonic_16_00000.png,Harmonic,G4_10pSeventhHarmonic_16.wav,test,stft,mtf
G4_10pSeventhHarmonic_16_00001.png,Harmonic,G4_10pSeventhHarmonic_16.wav,test,stft,mtf
G4_10pSeventhHarmonic_16_00002.png,Harmonic,G4_10pSeventhHarmonic_16.wav,test,stft,mtf
G4_10pSeventhHarmonic_16_00003.png,Harmonic,G4_10pSeventhHarmonic_16.wav,test,stft,mtf
G4_10pSeventhHarmonic_16_00004.png,Harmonic,G4_10pSeventhHarmonic_16.wav,test,stft,mtf
G4_10pSeventhHarmonic_16_00005.png,Harmonic,G4_10pSeventhHarmonic_16.wav,test,stft,mtf
G4_10pSeventhHarmonic_16_00006.png,Harmonic,G4_10pSeventhHarmonic_16.wav,test,stft,mtf
G4_10pSeventhHarmonic_16_00007.png,Harmonic,G4_10pSeventhHarmonic_16.wav,test,stft,mtf
G4_10pSeventhHarmonic_16_00008.png,Harmonic,G4_10pSeventhHarmonic_16.wav,test,stft,mtf
G4_10pSeventhHarmonic_26_00000.png,Harmonic,G4_10pSeventhHarmonic_26.wav,test,stft,mtf
G4_10pSeventhHarmonic_26_00001.png,Harmonic,G4_10pSeventhHarmonic_26.wav,test,stft,mtf
G4_10pSeventhHarmonic_26_00002.png,Harmonic,G4_10pSeventhHarmonic_26.wav,test,stft,mtf
G4_10pSeventhHarmonic_26_00003.png,Harmonic,G4_10pSeventhHarmonic_26.wav,test,stft,mtf
G4_10pSeventhHarmonic_26_00004.png,Harmonic,G4_10pSeventhHarmonic_26.wav,test,stft,mtf
G4_10pSeventhHarmonic_26_00005.png,Harmonic,G4_10pSeventhHarmonic_26.wav,test,stft,mtf
G4_10pSeventhHarmonic_26_00006.png,Harmonic,G4_10pSeventhHarmonic_26.wav,test,stft,mtf
G4_10pSeventhHarmonic_26_00007.png,Harmonic,G4_10pSeventhHarmonic_26.wav,test,stft,mtf
G4_10pSeventhHarmonic_26_00008.png,Harmonic,G4_10pSeventhHarmonic_26.wav,test,stft,mtf
G4_10pSeventhHarmonic_42_00000.png,Harmonic,G4_10pSeventhHarmonic_42.wav,test,stft,mtf
G4_10pSeventhHarmonic_42_00001.png,Harmonic,G4_10pSeventhHarmonic_42.wav,test,stft,mtf
G4_10pSeventhHarmonic_42_00002.png,Harmonic,G4_10pSeventhHarmonic_42.wav,test,stft,mtf
G4_10pSeventhHarmonic_42_00003.png,Harmonic,G4_10pSeventhHarmonic_42.wav,test,stft,mtf
G4_10pSeventhHarmonic_42_00004.png,Harmonic,G4_10pSeventhHarmonic_42.wav,test,stft,mtf
G4_10pSeventhHarmonic_42_00005.png,Harmonic,G4_10pSeventhHarmonic_42.wav,test,stft,mtf
G4_10pSeventhHarmonic_42_00006.png,Harmonic,G4_10pSeventhHarmonic_42.wav,test,stft,mtf
G4_10pSeventhHarmonic_42_00007.png,Harmonic,G4_10pSeventhHarmonic_42.wav,test,stft,mtf
G4_10pSeventhHarmonic_42_00008.png,Harmonic,G4_10pSeventhHarmonic_42.wav,test,stft,mtf
G4_10pSeventhHarmonic_47_00000.png,Harmonic,G4_10pSeventhHarmonic_47.wav,test,stft,mtf
G4_10pSeventhHarmonic_47_00001.png,Harmonic,G4_10pSeventhHarmonic_47.wav,test,stft,mtf
G4_10pSeventhHarmonic_47_00002.png,Harmonic,G4_10pSeventhHarmonic_47.wav,test,stft,mtf
G4_10pSeventhHarmonic_47_00003.png,Harmonic,G4_10pSeventhHarmonic_47.wav,test,stft,mtf
G4_10pSeventhHarmonic_47_00004.png,Harmonic,G4_10pSeventhHarmonic_47.wav,test,stft,mtf
G4_10pSeventhHarmonic_47_00005.png,Harmonic,G4_10pSeventhHarmonic_47.wav,test,stft,mtf
G4_10pSeventhHarmonic_47_00006.png,Harmonic,G4_10pSeventhHarmonic_47.wav,test,stft,mtf
G4_10pSeventhHarmonic_47_00007.png,Harmonic,G4_10pSeventhHarmonic_47.wav,test,stft,mtf
G4_10pSeventhHarmonic_47_00008.png,Harmonic,G4_10pSeventhHarmonic_47.wav,test,stft,mtf
G4_10pSeventhHarmonic_98_00000.png,Harmonic,G4_10pSeventhHarmonic_98.wav,test,stft,mtf
G4_10pSeventhHarmonic_98_00001.png,Harmonic,G4_10pSeventhHarmonic_98.wav,test,stft,mtf
G4_10pSeventhHarmonic_98_00002.png,Harmonic,G4_10pSeventhHarmonic_98.wav,test,stft,mtf
G4_10pSeventhHarmonic_98_00003.png,Harmonic,G4_10pSeventhHarmonic_98.wav,test,stft,mtf
G4_10pSeventhHarmonic_98_00004.png,Harmonic,G4_10pSeventhHarmonic_98.wav,test,stft,mtf
G4_10pSeventhHarmonic_98_00005.png,Harmonic,G4_10pSeventhHarmonic_98.wav,test,stft,mtf
G4_10pSeventhHarmonic_98_00006.png,Harmonic,G4_10pSeventhHarmonic_98.wav,test,stft,mtf
G4_10pSeventhHarmonic_98_00007.png,Harmonic,G4_10pSeventhHarmonic_98.wav,test,stft,mtf
G4_10pSeventhHarmonic_98_00008.png,Harmonic,G4_10pSeventhHarmonic_98.wav,test,stft,mtf
G4_10pSeventhHarmonic_5_00000.png,Harmonic,G4_10pSeventhHarmonic_5.wav,test,stft,mtf
G4_10pSeventhHarmonic_5_00001.png,Harmonic,G4_10pSeventhHarmonic_5.wav,test,stft,mtf
G4_10pSeventhHarmonic_5_00002.png,Harmonic,G4_10pSeventhHarmonic_5.wav,test,stft,mtf
G4_10pSeventhHarmonic_5_00003.png,Harmonic,G4_10pSeventhHarmonic_5.wav,test,stft,mtf
G4_10pSeventhHarmonic_5_00004.png,Harmonic,G4_10pSeventhHarmonic_5.wav,test,stft,mtf
G4_10pSeventhHarmonic_5_00005.png,Harmonic,G4_10pSeventhHarmonic_5.wav,test,stft,mtf
G4_10pSeventhHarmonic_5_00006.png,Harmonic,G4_10pSeventhHarmonic_5.wav,test,stft,mtf
G4_10pSeventhHarmonic_5_00007.png,Harmonic,G4_10pSeventhHarmonic_5.wav,test,stft,mtf
G4_10pSeventhHarmonic_5_00008.png,Harmonic,G4_10pSeventhHarmonic_5.wav,test,stft,mtf
G4_10pSeventhHarmonic_68_00000.png,Harmonic,G4_10pSeventhHarmonic_68.wav,test,stft,mtf
G4_10pSeventhHarmonic_68_00001.png,Harmonic,G4_10pSeventhHarmonic_68.wav,test,stft,mtf
G4_10pSeventhHarmonic_68_00002.png,Harmonic,G4_10pSeventhHarmonic_68.wav,test,stft,mtf
G4_10pSeventhHarmonic_68_00003.png,Harmonic,G4_10pSeventhHarmonic_68.wav,test,stft,mtf
G4_10pSeventhHarmonic_68_00004.png,Harmonic,G4_10pSeventhHarmonic_68.wav,test,stft,mtf
G4_10pSeventhHarmonic_68_00005.png,Harmonic,G4_10pSeventhHarmonic_68.wav,test,stft,mtf
G4_10pSeventhHarmonic_68_00006.png,Harmonic,G4_10pSeventhHarmonic_68.wav,test,stft,mtf
G4_10pSeventhHarmonic_68_00007.png,Harmonic,G4_10pSeventhHarmonic_68.wav,test,stft,mtf
G4_10pSeventhHarmonic_68_00008.png,Harmonic,G4_10pSeventhHarmonic_68.wav,test,stft,mtf
G4_10pSeventhHarmonic_87_00000.png,Harmonic,G4_10pSeventhHarmonic_87.wav,test,stft,mtf
G4_10pSeventhHarmonic_87_00001.png,Harmonic,G4_10pSeventhHarmonic_87.wav,test,stft,mtf
G4_10pSeventhHarmonic_87_00002.png,Harmonic,G4_10pSeventhHarmonic_87.wav,test,stft,mtf
G4_10pSeventhHarmonic_87_00003.png,Harmonic,G4_10pSeventhHarmonic_87.wav,test,stft,mtf
G4_10pSeventhHarmonic_87_00004.png,Harmonic,G4_10pSeventhHarmonic_87.wav,test,stft,mtf
G4_10pSeventhHarmonic_87_00005.png,Harmonic,G4_10pSeventhHarmonic_87.wav,test,stft,mtf
G4_10pSeventhHarmonic_87_00006.png,Harmonic,G4_10pSeventhHarmonic_87.wav,test,stft,mtf
G4_10pSeventhHarmonic_87_00007.png,Harmonic,G4_10pSeventhHarmonic_87.wav,test,stft,mtf
G4_10pSeventhHarmonic_87_00008.png,Harmonic,G4_10pSeventhHarmonic_87.wav,test,stft,mtf
Loosen1_11_00000.png,Loosen,Loosen1_11.wav,test,stft,mtf
Loosen1_11_00001.png,Loosen,Loosen1_11.wav,test,stft,mtf
Loosen1_11_00002.png,Loosen,Loosen1_11.wav,test,stft,mtf
Loosen1_11_00003.png,Loosen,Loosen1_11.wav,test,stft,mtf
Loosen1_11_00004.png,Loosen,Loosen1_11.wav,test,stft,mtf
Loosen1_11_00005.png,Loosen,Loosen1_11.wav,test,stft,mtf
Loosen1_11_00006.png,Loosen,Loosen1_11.wav,test,stft,mtf
Loosen1_11_00007.png,Loosen,Loosen1_11.wav,test,stft,mtf
Loosen1_11_00008.png,Loosen,Loosen1_11.wav,test,stft,mtf
Loosen1_13_00000.png,Loosen,Loosen1_13.wav,test,stft,mtf
Loosen1_13_00001.png,Loosen,Loosen1_13.wav,test,stft,mtf
Loosen1_13_00002.png,Loosen,Loosen1_13.wav,test,stft,mtf
Loosen1_13_00003.png,Loosen,Loosen1_13.wav,test,stft,mtf
Loosen1_13_00004.png,Loosen,Loosen1_13.wav,test,stft,mtf
Loosen1_13_00005.png,Loosen,Loosen1_13.wav,test,stft,mtf
Loosen1_13_00006.png,Loosen,Loosen1_13.wav,test,stft,mtf
Loosen1_13_00007.png,Loosen,Loosen1_13.wav,test,stft,mtf
Loosen1_13_00008.png,Loosen,Loosen1_13.wav,test,stft,mtf
Loosen1_39_00000.png,Loosen,Loosen1_39.wav,test,stft,mtf
Loosen1_39_00001.png,Loosen,Loosen1_39.wav,test,stft,mtf
Loosen1_39_00002.png,Loosen,Loosen1_39.wav,test,stft,mtf
Loosen1_39_00003.png,Loosen,Loosen1_39.wav,test,stft,mtf
Loosen1_39_00004.png,Loosen,Loosen1_39.wav,test,stft,mtf
Loosen1_39_00005.png,Loosen,Loosen1_39.wav,test,stft,mtf
Loosen1_39_00006.png,Loosen,Loosen1_39.wav,test,stft,mtf
Loosen1_39_00007.png,Loosen,Loosen1_39.wav,test,stft,mtf
Loosen1_39_00008.png,Loosen,Loosen1_39.wav,test,stft,mtf
Loosen1_82_00000.png,Loosen,Loosen1_82.wav,test,stft,mtf
Loosen1_82_00001.png,Loosen,Loosen1_82.wav,test,stft,mtf
Loosen1_82_00002.png,Loosen,Loosen1_82.wav,test,stft,mtf
Loosen1_82_00003.png,Loosen,Loosen1_82.wav,test,stft,mtf
Loosen1_82_00004.png,Loosen,Loosen1_82.wav,test,stft,mtf
Loosen1_82_00005.png,Loosen,Loosen1_82.wav,test,stft,mtf
Loosen1_82_00006.png,Loosen,Loosen1_82.wav,test,stft,mtf
Loosen1_82_00007.png,Loosen,Loosen1_82.wav,test,stft,mtf
Loosen1_82_00008.png,Loosen,Loosen1_82.wav,test,stft,mtf
Loosen1_2_00000.png,Loosen,Loosen1_2.wav,test,stft,mtf
Loosen1_2_00001.png,Loosen,Loosen1_2.wav,test,stft,mtf
Loosen1_2_00002.png,Loosen,Loosen1_2.wav,test,stft,mtf
Loosen1_2_00003.png,Loosen,Loosen1_2.wav,test,stft,mtf
Loosen1_2_00004.png,Loosen,Loosen1_2.wav,test,stft,mtf
Loosen1_2_00005.png,Loosen,Loosen1_2.wav,test,stft,mtf
Loosen1_2_00006.png,Loosen,Loosen1_2.wav,test,stft,mtf
Loosen1_2_00007.png,Loosen,Loosen1_2.wav,test,stft,mtf
Loosen1_2_00008.png,Loosen,Loosen1_2.wav,test,stft,mtf
Loosen1_46_00000.png,Loosen,Loosen1_46.wav,test,stft,mtf
Loosen1_46_00001.png,Loosen,Loosen1_46.wav,test,stft,mtf
Loosen1_46_00002.png,Loosen,Loosen1_46.wav,test,stft,mtf
Loosen1_46_00003.png,Loosen,Loosen1_46.wav,test,stft,mtf
Loosen1_46_00004.png,Loosen,Loosen1_46.wav,test,stft,mtf
Loosen1_46_00005.png,Loosen,Loosen1_46.wav,test,stft,mtf
Loosen1_46_00006.png,Loosen,Loosen1_46.wav,test,stft,mtf
Loosen1_46_00007.png,Loosen,Loosen1_46.wav,test,stft,mtf
Loosen1_46_00008.png,Loosen,Loosen1_46.wav,test,stft,mtf
Loosen1_84_00000.png,Loosen,Loosen1_84.wav,test,stft,mtf
Loosen1_84_00001.png,Loosen,Loosen1_84.wav,test,stft,mtf
Loosen1_84_00002.png,Loosen,Loosen1_84.wav,test,stft,mtf
Loosen1_84_00003.png,Loosen,Loosen1_84.wav,test,stft,mtf
Loosen1_84_00004.png,Loosen,Loosen1_84.wav,test,stft,mtf
Loosen1_84_00005.png,Loosen,Loosen1_84.wav,test,stft,mtf
Loosen1_84_00006.png,Loosen,Loosen1_84.wav,test,stft,mtf
Loosen1_84_00007.png,Loosen,Loosen1_84.wav,test,stft,mtf
Loosen1_84_00008.png,Loosen,Loosen1_84.wav,test,stft,mtf
Loosen1_58_00000.png,Loosen,Loosen1_58.wav,test,stft,mtf
Loosen1_58_00001.png,Loosen,Loosen1_58.wav,test,stft,mtf
Loosen1_58_00002.png,Loosen,Loosen1_58.wav,test,stft,mtf
Loosen1_58_00003.png,Loosen,Loosen1_58.wav,test,stft,mtf
Loosen1_58_00004.png,Loosen,Loosen1_58.wav,test,stft,mtf
Loosen1_58_00005.png,Loosen,Loosen1_58.wav,test,stft,mtf
Loosen1_58_00006.png,Loosen,Loosen1_58.wav,test,stft,mtf
Loosen1_58_00007.png,Loosen,Loosen1_58.wav,test,stft,mtf
Loosen1_58_00008.png,Loosen,Loosen1_58.wav,test,stft,mtf
Loosen1_75_00000.png,Loosen,Loosen1_75.wav,test,stft,mtf
Loosen1_75_00001.png,Loosen,Loosen1_75.wav,test,stft,mtf
Loosen1_75_00002.png,Loosen,Loosen1_75.wav,test,stft,mtf
Loosen1_75_00003.png,Loosen,Loosen1_75.wav,test,stft,mtf
Loosen1_75_00004.png,Loosen,Loosen1_75.wav,test,stft,mtf
Loosen1_75_00005.png,Loosen,Loosen1_75.wav,test,stft,mtf
Loosen1_75_00006.png,Loosen,Loosen1_75.wav,test,stft,mtf
Loosen1_75_00007.png,Loosen,Loosen1_75.wav,test,stft,mtf
Loosen1_75_00008.png,Loosen,Loosen1_75.wav,test,stft,mtf
Loosen1_113_00000.png,Loosen,Loosen1_113.wav,test,stft,mtf
Loosen1_113_00001.png,Loosen,Loosen1_113.wav,test,stft,mtf
Loosen1_113_00002.png,Loosen,Loosen1_113.wav,test,stft,mtf
Loosen1_113_00003.png,Loosen,Loosen1_113.wav,test,stft,mtf
Loosen1_113_00004.png,Loosen,Loosen1_113.wav,test,stft,mtf
Loosen1_113_00005.png,Loosen,Loosen1_113.wav,test,stft,mtf
Loosen1_113_00006.png,Loosen,Loosen1_113.wav,test,stft,mtf
Loosen1_113_00007.png,Loosen,Loosen1_113.wav,test,stft,mtf
Loosen1_113_00008.png,Loosen,Loosen1_113.wav,test,stft,mtf
Loosen1_54_00000.png,Loosen,Loosen1_54.wav,test,stft,mtf
Loosen1_54_00001.png,Loosen,Loosen1_54.wav,test,stft,mtf
Loosen1_54_00002.png,Loosen,Loosen1_54.wav,test,stft,mtf
Loosen1_54_00003.png,Loosen,Loosen1_54.wav,test,stft,mtf
Loosen1_54_00004.png,Loosen,Loosen1_54.wav,test,stft,mtf
Loosen1_54_00005.png,Loosen,Loosen1_54.wav,test,stft,mtf
Loosen1_54_00006.png,Loosen,Loosen1_54.wav,test,stft,mtf
Loosen1_54_00007.png,Loosen,Loosen1_54.wav,test,stft,mtf
Loosen1_54_00008.png,Loosen,Loosen1_54.wav,test,stft,mtf
Loosen1_16_00000.png,Loosen,Loosen1_16.wav,test,stft,mtf
Loosen1_16_00001.png,Loosen,Loosen1_16.wav,test,stft,mtf
Loosen1_16_00002.png,Loosen,Loosen1_16.wav,test,stft,mtf
Loosen1_16_00003.png,Loosen,Loosen1_16.wav,test,stft,mtf
Loosen1_16_00004.png,Loosen,Loosen1_16.wav,test,stft,mtf
Loosen1_16_00005.png,Loosen,Loosen1_16.wav,test,stft,mtf
Loosen1_16_00006.png,Loosen,Loosen1_16.wav,test,stft,mtf
Loosen1_16_00007.png,Loosen,Loosen1_16.wav,test,stft,mtf
Loosen1_16_00008.png,Loosen,Loosen1_16.wav,test,stft,mtf
Loosen1_48_00000.png,Loosen,Loosen1_48.wav,test,stft,mtf
Loosen1_48_00001.png,Loosen,Loosen1_48.wav,test,stft,mtf
Loosen1_48_00002.png,Loosen,Loosen1_48.wav,test,stft,mtf
Loosen1_48_00003.png,Loosen,Loosen1_48.wav,test,stft,mtf
Loosen1_48_00004.png,Loosen,Loosen1_48.wav,test,stft,mtf
Loosen1_48_00005.png,Loosen,Loosen1_48.wav,test,stft,mtf
Loosen1_48_00006.png,Loosen,Loosen1_48.wav,test,stft,mtf
Loosen1_48_00007.png,Loosen,Loosen1_48.wav,test,stft,mtf
Loosen1_48_00008.png,Loosen,Loosen1_48.wav,test,stft,mtf
Loosen1_69_00000.png,Loosen,Loosen1_69.wav,test,stft,mtf
Loosen1_69_00001.png,Loosen,Loosen1_69.wav,test,stft,mtf
Loosen1_69_00002.png,Loosen,Loosen1_69.wav,test,stft,mtf
Loosen1_69_00003.png,Loosen,Loosen1_69.wav,test,stft,mtf
Loosen1_69_00004.png,Loosen,Loosen1_69.wav,test,stft,mtf
Loosen1_69_00005.png,Loosen,Loosen1_69.wav,test,stft,mtf
Loosen1_69_00006.png,Loosen,Loosen1_69.wav,test,stft,mtf
Loosen1_69_00007.png,Loosen,Loosen1_69.wav,test,stft,mtf
Loosen1_69_00008.png,Loosen,Loosen1_69.wav,test,stft,mtf
Loosen1_23_00000.png,Loosen,Loosen1_23.wav,test,stft,mtf
Loosen1_23_00001.png,Loosen,Loosen1_23.wav,test,stft,mtf
Loosen1_23_00002.png,Loosen,Loosen1_23.wav,test,stft,mtf
Loosen1_23_00003.png,Loosen,Loosen1_23.wav,test,stft,mtf
Loosen1_23_00004.png,Loosen,Loosen1_23.wav,test,stft,mtf
Loosen1_23_00005.png,Loosen,Loosen1_23.wav,test,stft,mtf
Loosen1_23_00006.png,Loosen,Loosen1_23.wav,test,stft,mtf
Loosen1_23_00007.png,Loosen,Loosen1_23.wav,test,stft,mtf
Loosen1_23_00008.png,Loosen,Loosen1_23.wav,test,stft,mtf
Loosen1_19_00000.png,Loosen,Loosen1_19.wav,test,stft,mtf
Loosen1_19_00001.png,Loosen,Loosen1_19.wav,test,stft,mtf
Loosen1_19_00002.png,Loosen,Loosen1_19.wav,test,stft,mtf
Loosen1_19_00003.png,Loosen,Loosen1_19.wav,test,stft,mtf
Loosen1_19_00004.png,Loosen,Loosen1_19.wav,test,stft,mtf
Loosen1_19_00005.png,Loosen,Loosen1_19.wav,test,stft,mtf
Loosen1_19_00006.png,Loosen,Loosen1_19.wav,test,stft,mtf
Loosen1_19_00007.png,Loosen,Loosen1_19.wav,test,stft,mtf
Loosen1_19_00008.png,Loosen,Loosen1_19.wav,test,stft,mtf
Loosen1_50_00000.png,Loosen,Loosen1_50.wav,test,stft,mtf
Loosen1_50_00001.png,Loosen,Loosen1_50.wav,test,stft,mtf
Loosen1_50_00002.png,Loosen,Loosen1_50.wav,test,stft,mtf
Loosen1_50_00003.png,Loosen,Loosen1_50.wav,test,stft,mtf
Loosen1_50_00004.png,Loosen,Loosen1_50.wav,test,stft,mtf
Loosen1_50_00005.png,Loosen,Loosen1_50.wav,test,stft,mtf
Loosen1_50_00006.png,Loosen,Loosen1_50.wav,test,stft,mtf
Loosen1_50_00007.png,Loosen,Loosen1_50.wav,test,stft,mtf
Loosen1_50_00008.png,Loosen,Loosen1_50.wav,test,stft,mtf
Loosen1_107_00000.png,Loosen,Loosen1_107.wav,test,stft,mtf
Loosen1_107_00001.png,Loosen,Loosen1_107.wav,test,stft,mtf
Loosen1_107_00002.png,Loosen,Loosen1_107.wav,test,stft,mtf
Loosen1_107_00003.png,Loosen,Loosen1_107.wav,test,stft,mtf
Loosen1_107_00004.png,Loosen,Loosen1_107.wav,test,stft,mtf
Loosen1_107_00005.png,Loosen,Loosen1_107.wav,test,stft,mtf
Loosen1_107_00006.png,Loosen,Loosen1_107.wav,test,stft,mtf
Loosen1_107_00007.png,Loosen,Loosen1_107.wav,test,stft,mtf
Loosen1_107_00008.png,Loosen,Loosen1_107.wav,test,stft,mtf
Loosen1_3_00000.png,Loosen,Loosen1_3.wav,test,stft,mtf
Loosen1_3_00001.png,Loosen,Loosen1_3.wav,test,stft,mtf
Loosen1_3_00002.png,Loosen,Loosen1_3.wav,test,stft,mtf
Loosen1_3_00003.png,Loosen,Loosen1_3.wav,test,stft,mtf
Loosen1_3_00004.png,Loosen,Loosen1_3.wav,test,stft,mtf
Loosen1_3_00005.png,Loosen,Loosen1_3.wav,test,stft,mtf
Loosen1_3_00006.png,Loosen,Loosen1_3.wav,test,stft,mtf
Loosen1_3_00007.png,Loosen,Loosen1_3.wav,test,stft,mtf
Loosen1_3_00008.png,Loosen,Loosen1_3.wav,test,stft,mtf
Loosen1_91_00000.png,Loosen,Loosen1_91.wav,test,stft,mtf
Loosen1_91_00001.png,Loosen,Loosen1_91.wav,test,stft,mtf
Loosen1_91_00002.png,Loosen,Loosen1_91.wav,test,stft,mtf
Loosen1_91_00003.png,Loosen,Loosen1_91.wav,test,stft,mtf
Loosen1_91_00004.png,Loosen,Loosen1_91.wav,test,stft,mtf
Loosen1_91_00005.png,Loosen,Loosen1_91.wav,test,stft,mtf
Loosen1_91_00006.png,Loosen,Loosen1_91.wav,test,stft,mtf
Loosen1_91_00007.png,Loosen,Loosen1_91.wav,test,stft,mtf
Loosen1_91_00008.png,Loosen,Loosen1_91.wav,test,stft,mtf
Loosen1_102_00000.png,Loosen,Loosen1_102.wav,test,stft,mtf
Loosen1_102_00001.png,Loosen,Loosen1_102.wav,test,stft,mtf
Loosen1_102_00002.png,Loosen,Loosen1_102.wav,test,stft,mtf
Loosen1_102_00003.png,Loosen,Loosen1_102.wav,test,stft,mtf
Loosen1_102_00004.png,Loosen,Loosen1_102.wav,test,stft,mtf
Loosen1_102_00005.png,Loosen,Loosen1_102.wav,test,stft,mtf
Loosen1_102_00006.png,Loosen,Loosen1_102.wav,test,stft,mtf
Loosen1_102_00007.png,Loosen,Loosen1_102.wav,test,stft,mtf
Loosen1_102_00008.png,Loosen,Loosen1_102.wav,test,stft,mtf
Loosen1_96_00000.png,Loosen,Loosen1_96.wav,test,stft,mtf
Loosen1_96_00001.png,Loosen,Loosen1_96.wav,test,stft,mtf
Loosen1_96_00002.png,Loosen,Loosen1_96.wav,test,stft,mtf
Loosen1_96_00003.png,Loosen,Loosen1_96.wav,test,stft,mtf
Loosen1_96_00004.png,Loosen,Loosen1_96.wav,test,stft,mtf
Loosen1_96_00005.png,Loosen,Loosen1_96.wav,test,stft,mtf
Loosen1_96_00006.png,Loosen,Loosen1_96.wav,test,stft,mtf
Loosen1_96_00007.png,Loosen,Loosen1_96.wav,test,stft,mtf
Loosen1_96_00008.png,Loosen,Loosen1_96.wav,test,stft,mtf
Loosen1_106_00000.png,Loosen,Loosen1_106.wav,test,stft,mtf
Loosen1_106_00001.png,Loosen,Loosen1_106.wav,test,stft,mtf
Loosen1_106_00002.png,Loosen,Loosen1_106.wav,test,stft,mtf
Loosen1_106_00003.png,Loosen,Loosen1_106.wav,test,stft,mtf
Loosen1_106_00004.png,Loosen,Loosen1_106.wav,test,stft,mtf
Loosen1_106_00005.png,Loosen,Loosen1_106.wav,test,stft,mtf
Loosen1_106_00006.png,Loosen,Loosen1_106.wav,test,stft,mtf
Loosen1_106_00007.png,Loosen,Loosen1_106.wav,test,stft,mtf
Loosen1_106_00008.png,Loosen,Loosen1_106.wav,test,stft,mtf
Loosen1_18_00000.png,Loosen,Loosen1_18.wav,test,stft,mtf
Loosen1_18_00001.png,Loosen,Loosen1_18.wav,test,stft,mtf
Loosen1_18_00002.png,Loosen,Loosen1_18.wav,test,stft,mtf
Loosen1_18_00003.png,Loosen,Loosen1_18.wav,test,stft,mtf
Loosen1_18_00004.png,Loosen,Loosen1_18.wav,test,stft,mtf
Loosen1_18_00005.png,Loosen,Loosen1_18.wav,test,stft,mtf
Loosen1_18_00006.png,Loosen,Loosen1_18.wav,test,stft,mtf
Loosen1_18_00007.png,Loosen,Loosen1_18.wav,test,stft,mtf
Loosen1_18_00008.png,Loosen,Loosen1_18.wav,test,stft,mtf
Normal_part90_00000.png,Normal,Normal_part90.wav,test,stft,mtf
Normal_part90_00001.png,Normal,Normal_part90.wav,test,stft,mtf
Normal_part90_00002.png,Normal,Normal_part90.wav,test,stft,mtf
Normal_part90_00003.png,Normal,Normal_part90.wav,test,stft,mtf
Normal_part90_00004.png,Normal,Normal_part90.wav,test,stft,mtf
Normal_part90_00005.png,Normal,Normal_part90.wav,test,stft,mtf
Normal_part90_00006.png,Normal,Normal_part90.wav,test,stft,mtf
Normal_part90_00007.png,Normal,Normal_part90.wav,test,stft,mtf
Normal_part90_00008.png,Normal,Normal_part90.wav,test,stft,mtf
Normal_part6_00000.png,Normal,Normal_part6.wav,test,stft,mtf
Normal_part6_00001.png,Normal,Normal_part6.wav,test,stft,mtf
Normal_part6_00002.png,Normal,Normal_part6.wav,test,stft,mtf
Normal_part6_00003.png,Normal,Normal_part6.wav,test,stft,mtf
Normal_part6_00004.png,Normal,Normal_part6.wav,test,stft,mtf
Normal_part6_00005.png,Normal,Normal_part6.wav,test,stft,mtf
Normal_part6_00006.png,Normal,Normal_part6.wav,test,stft,mtf
Normal_part6_00007.png,Normal,Normal_part6.wav,test,stft,mtf
Normal_part6_00008.png,Normal,Normal_part6.wav,test,stft,mtf
Normal_part92_00000.png,Normal,Normal_part92.wav,test,stft,mtf
Normal_part92_00001.png,Normal,Normal_part92.wav,test,stft,mtf
Normal_part92_00002.png,Normal,Normal_part92.wav,test,stft,mtf
Normal_part92_00003.png,Normal,Normal_part92.wav,test,stft,mtf
Normal_part92_00004.png,Normal,Normal_part92.wav,test,stft,mtf
Normal_part92_00005.png,Normal,Normal_part92.wav,test,stft,mtf
Normal_part92_00006.png,Normal,Normal_part92.wav,test,stft,mtf
Normal_part92_00007.png,Normal,Normal_part92.wav,test,stft,mtf
Normal_part92_00008.png,Normal,Normal_part92.wav,test,stft,mtf
Normal_part54_00000.png,Normal,Normal_part54.wav,test,stft,mtf
Normal_part54_00001.png,Normal,Normal_part54.wav,test,stft,mtf
Normal_part54_00002.png,Normal,Normal_part54.wav,test,stft,mtf
Normal_part54_00003.png,Normal,Normal_part54.wav,test,stft,mtf
Normal_part54_00004.png,Normal,Normal_part54.wav,test,stft,mtf
Normal_part54_00005.png,Normal,Normal_part54.wav,test,stft,mtf
Normal_part54_00006.png,Normal,Normal_part54.wav,test,stft,mtf
Normal_part54_00007.png,Normal,Normal_part54.wav,test,stft,mtf
Normal_part54_00008.png,Normal,Normal_part54.wav,test,stft,mtf
Normal_part168_00000.png,Normal,Normal_part168.wav,test,stft,mtf
Normal_part168_00001.png,Normal,Normal_part168.wav,test,stft,mtf
Normal_part168_00002.png,Normal,Normal_part168.wav,test,stft,mtf
Normal_part168_00003.png,Normal,Normal_part168.wav,test,stft,mtf
Normal_part168_00004.png,Normal,Normal_part168.wav,test,stft,mtf
Normal_part168_00005.png,Normal,Normal_part168.wav,test,stft,mtf
Normal_part168_00006.png,Normal,Normal_part168.wav,test,stft,mtf
Normal_part168_00007.png,Normal,Normal_part168.wav,test,stft,mtf
Normal_part168_00008.png,Normal,Normal_part168.wav,test,stft,mtf
Normal_part58_00000.png,Normal,Normal_part58.wav,test,stft,mtf
Normal_part58_00001.png,Normal,Normal_part58.wav,test,stft,mtf
Normal_part58_00002.png,Normal,Normal_part58.wav,test,stft,mtf
Normal_part58_00003.png,Normal,Normal_part58.wav,test,stft,mtf
Normal_part58_00004.png,Normal,Normal_part58.wav,test,stft,mtf
Normal_part58_00005.png,Normal,Normal_part58.wav,test,stft,mtf
Normal_part58_00006.png,Normal,Normal_part58.wav,test,stft,mtf
Normal_part58_00007.png,Normal,Normal_part58.wav,test,stft,mtf
Normal_part58_00008.png,Normal,Normal_part58.wav,test,stft,mtf
Normal_part33_00000.png,Normal,Normal_part33.wav,test,stft,mtf
Normal_part33_00001.png,Normal,Normal_part33.wav,test,stft,mtf
Normal_part33_00002.png,Normal,Normal_part33.wav,test,stft,mtf
Normal_part33_00003.png,Normal,Normal_part33.wav,test,stft,mtf
Normal_part33_00004.png,Normal,Normal_part33.wav,test,stft,mtf
Normal_part33_00005.png,Normal,Normal_part33.wav,test,stft,mtf
Normal_part33_00006.png,Normal,Normal_part33.wav,test,stft,mtf
Normal_part33_00007.png,Normal,Normal_part33.wav,test,stft,mtf
Normal_part33_00008.png,Normal,Normal_part33.wav,test,stft,mtf
Normal_part134_00000.png,Normal,Normal_part134.wav,test,stft,mtf
Normal_part134_00001.png,Normal,Normal_part134.wav,test,stft,mtf
Normal_part134_00002.png,Normal,Normal_part134.wav,test,stft,mtf
Normal_part134_00003.png,Normal,Normal_part134.wav,test,stft,mtf
Normal_part134_00004.png,Normal,Normal_part134.wav,test,stft,mtf
Normal_part134_00005.png,Normal,Normal_part134.wav,test,stft,mtf
Normal_part134_00006.png,Normal,Normal_part134.wav,test,stft,mtf
Normal_part134_00007.png,Normal,Normal_part134.wav,test,stft,mtf
Normal_part134_00008.png,Normal,Normal_part134.wav,test,stft,mtf
Normal_part163_00000.png,Normal,Normal_part163.wav,test,stft,mtf
Normal_part163_00001.png,Normal,Normal_part163.wav,test,stft,mtf
Normal_part163_00002.png,Normal,Normal_part163.wav,test,stft,mtf
Normal_part163_00003.png,Normal,Normal_part163.wav,test,stft,mtf
Normal_part163_00004.png,Normal,Normal_part163.wav,test,stft,mtf
Normal_part163_00005.png,Normal,Normal_part163.wav,test,stft,mtf
Normal_part163_00006.png,Normal,Normal_part163.wav,test,stft,mtf
Normal_part163_00007.png,Normal,Normal_part163.wav,test,stft,mtf
Normal_part163_00008.png,Normal,Normal_part163.wav,test,stft,mtf
Normal_part183_00000.png,Normal,Normal_part183.wav,test,stft,mtf
Normal_part183_00001.png,Normal,Normal_part183.wav,test,stft,mtf
Normal_part183_00002.png,Normal,Normal_part183.wav,test,stft,mtf
Normal_part183_00003.png,Normal,Normal_part183.wav,test,stft,mtf
Normal_part183_00004.png,Normal,Normal_part183.wav,test,stft,mtf
Normal_part183_00005.png,Normal,Normal_part183.wav,test,stft,mtf
Normal_part183_00006.png,Normal,Normal_part183.wav,test,stft,mtf
Normal_part183_00007.png,Normal,Normal_part183.wav,test,stft,mtf
Normal_part183_00008.png,Normal,Normal_part183.wav,test,stft,mtf
Normal_part154_00000.png,Normal,Normal_part154.wav,test,stft,mtf
Normal_part154_00001.png,Normal,Normal_part154.wav,test,stft,mtf
Normal_part154_00002.png,Normal,Normal_part154.wav,test,stft,mtf
Normal_part154_00003.png,Normal,Normal_part154.wav,test,stft,mtf
Normal_part154_00004.png,Normal,Normal_part154.wav,test,stft,mtf
Normal_part154_00005.png,Normal,Normal_part154.wav,test,stft,mtf
Normal_part154_00006.png,Normal,Normal_part154.wav,test,stft,mtf
Normal_part154_00007.png,Normal,Normal_part154.wav,test,stft,mtf
Normal_part154_00008.png,Normal,Normal_part154.wav,test,stft,mtf
Normal_part113_00000.png,Normal,Normal_part113.wav,test,stft,mtf
Normal_part113_00001.png,Normal,Normal_part113.wav,test,stft,mtf
Normal_part113_00002.png,Normal,Normal_part113.wav,test,stft,mtf
Normal_part113_00003.png,Normal,Normal_part113.wav,test,stft,mtf
Normal_part113_00004.png,Normal,Normal_part113.wav,test,stft,mtf
Normal_part113_00005.png,Normal,Normal_part113.wav,test,stft,mtf
Normal_part113_00006.png,Normal,Normal_part113.wav,test,stft,mtf
Normal_part113_00007.png,Normal,Normal_part113.wav,test,stft,mtf
Normal_part113_00008.png,Normal,Normal_part113.wav,test,stft,mtf
Normal_part179_00000.png,Normal,Normal_part179.wav,test,stft,mtf
Normal_part179_00001.png,Normal,Normal_part179.wav,test,stft,mtf
Normal_part179_00002.png,Normal,Normal_part179.wav,test,stft,mtf
Normal_part179_00003.png,Normal,Normal_part179.wav,test,stft,mtf
Normal_part179_00004.png,Normal,Normal_part179.wav,test,stft,mtf
Normal_part179_00005.png,Normal,Normal_part179.wav,test,stft,mtf
Normal_part179_00006.png,Normal,Normal_part179.wav,test,stft,mtf
Normal_part179_00007.png,Normal,Normal_part179.wav,test,stft,mtf
Normal_part179_00008.png,Normal,Normal_part179.wav,test,stft,mtf
Normal_part93_00000.png,Normal,Normal_part93.wav,test,stft,mtf
Normal_part93_00001.png,Normal,Normal_part93.wav,test,stft,mtf
Normal_part93_00002.png,Normal,Normal_part93.wav,test,stft,mtf
Normal_part93_00003.png,Normal,Normal_part93.wav,test,stft,mtf
Normal_part93_00004.png,Normal,Normal_part93.wav,test,stft,mtf
Normal_part93_00005.png,Normal,Normal_part93.wav,test,stft,mtf
Normal_part93_00006.png,Normal,Normal_part93.wav,test,stft,mtf
Normal_part93_00007.png,Normal,Normal_part93.wav,test,stft,mtf
Normal_part93_00008.png,Normal,Normal_part93.wav,test,stft,mtf
Normal_part95_00000.png,Normal,Normal_part95.wav,test,stft,mtf
Normal_part95_00001.png,Normal,Normal_part95.wav,test,stft,mtf
Normal_part95_00002.png,Normal,Normal_part95.wav,test,stft,mtf
Normal_part95_00003.png,Normal,Normal_part95.wav,test,stft,mtf
Normal_part95_00004.png,Normal,Normal_part95.wav,test,stft,mtf
Normal_part95_00005.png,Normal,Normal_part95.wav,test,stft,mtf
Normal_part95_00006.png,Normal,Normal_part95.wav,test,stft,mtf
Normal_part95_00007.png,Normal,Normal_part95.wav,test,stft,mtf
Normal_part95_00008.png,Normal,Normal_part95.wav,test,stft,mtf
Normal_part49_00000.png,Normal,Normal_part49.wav,test,stft,mtf
Normal_part49_00001.png,Normal,Normal_part49.wav,test,stft,mtf
Normal_part49_00002.png,Normal,Normal_part49.wav,test,stft,mtf
Normal_part49_00003.png,Normal,Normal_part49.wav,test,stft,mtf
Normal_part49_00004.png,Normal,Normal_part49.wav,test,stft,mtf
Normal_part49_00005.png,Normal,Normal_part49.wav,test,stft,mtf
Normal_part49_00006.png,Normal,Normal_part49.wav,test,stft,mtf
Normal_part49_00007.png,Normal,Normal_part49.wav,test,stft,mtf
Normal_part49_00008.png,Normal,Normal_part49.wav,test,stft,mtf
Normal_part147_00000.png,Normal,Normal_part147.wav,test,stft,mtf
Normal_part147_00001.png,Normal,Normal_part147.wav,test,stft,mtf
Normal_part147_00002.png,Normal,Normal_part147.wav,test,stft,mtf
Normal_part147_00003.png,Normal,Normal_part147.wav,test,stft,mtf
Normal_part147_00004.png,Normal,Normal_part147.wav,test,stft,mtf
Normal_part147_00005.png,Normal,Normal_part147.wav,test,stft,mtf
Normal_part147_00006.png,Normal,Normal_part147.wav,test,stft,mtf
Normal_part147_00007.png,Normal,Normal_part147.wav,test,stft,mtf
Normal_part147_00008.png,Normal,Normal_part147.wav,test,stft,mtf
Normal_part56_00000.png,Normal,Normal_part56.wav,test,stft,mtf
Normal_part56_00001.png,Normal,Normal_part56.wav,test,stft,mtf
Normal_part56_00002.png,Normal,Normal_part56.wav,test,stft,mtf
Normal_part56_00003.png,Normal,Normal_part56.wav,test,stft,mtf
Normal_part56_00004.png,Normal,Normal_part56.wav,test,stft,mtf
Normal_part56_00005.png,Normal,Normal_part56.wav,test,stft,mtf
Normal_part56_00006.png,Normal,Normal_part56.wav,test,stft,mtf
Normal_part56_00007.png,Normal,Normal_part56.wav,test,stft,mtf
Normal_part56_00008.png,Normal,Normal_part56.wav,test,stft,mtf
Normal_part88_00000.png,Normal,Normal_part88.wav,test,stft,mtf
Normal_part88_00001.png,Normal,Normal_part88.wav,test,stft,mtf
Normal_part88_00002.png,Normal,Normal_part88.wav,test,stft,mtf
Normal_part88_00003.png,Normal,Normal_part88.wav,test,stft,mtf
Normal_part88_00004.png,Normal,Normal_part88.wav,test,stft,mtf
Normal_part88_00005.png,Normal,Normal_part88.wav,test,stft,mtf
Normal_part88_00006.png,Normal,Normal_part88.wav,test,stft,mtf
Normal_part88_00007.png,Normal,Normal_part88.wav,test,stft,mtf
Normal_part88_00008.png,Normal,Normal_part88.wav,test,stft,mtf
Normal_part120_00000.png,Normal,Normal_part120.wav,test,stft,mtf
Normal_part120_00001.png,Normal,Normal_part120.wav,test,stft,mtf
Normal_part120_00002.png,Normal,Normal_part120.wav,test,stft,mtf
Normal_part120_00003.png,Normal,Normal_part120.wav,test,stft,mtf
Normal_part120_00004.png,Normal,Normal_part120.wav,test,stft,mtf
Normal_part120_00005.png,Normal,Normal_part120.wav,test,stft,mtf
Normal_part120_00006.png,Normal,Normal_part120.wav,test,stft,mtf
Normal_part120_00007.png,Normal,Normal_part120.wav,test,stft,mtf
Normal_part120_00008.png,Normal,Normal_part120.wav,test,stft,mtf
Normal_part62_00000.png,Normal,Normal_part62.wav,test,stft,mtf
Normal_part62_00001.png,Normal,Normal_part62.wav,test,stft,mtf
Normal_part62_00002.png,Normal,Normal_part62.wav,test,stft,mtf
Normal_part62_00003.png,Normal,Normal_part62.wav,test,stft,mtf
Normal_part62_00004.png,Normal,Normal_part62.wav,test,stft,mtf
Normal_part62_00005.png,Normal,Normal_part62.wav,test,stft,mtf
Normal_part62_00006.png,Normal,Normal_part62.wav,test,stft,mtf
Normal_part62_00007.png,Normal,Normal_part62.wav,test,stft,mtf
Normal_part62_00008.png,Normal,Normal_part62.wav,test,stft,mtf
Normal_part76_00000.png,Normal,Normal_part76.wav,test,stft,mtf
Normal_part76_00001.png,Normal,Normal_part76.wav,test,stft,mtf
Normal_part76_00002.png,Normal,Normal_part76.wav,test,stft,mtf
Normal_part76_00003.png,Normal,Normal_part76.wav,test,stft,mtf
Normal_part76_00004.png,Normal,Normal_part76.wav,test,stft,mtf
Normal_part76_00005.png,Normal,Normal_part76.wav,test,stft,mtf
Normal_part76_00006.png,Normal,Normal_part76.wav,test,stft,mtf
Normal_part76_00007.png,Normal,Normal_part76.wav,test,stft,mtf
Normal_part76_00008.png,Normal,Normal_part76.wav,test,stft,mtf
Normal_part9_00000.png,Normal,Normal_part9.wav,test,stft,mtf
Normal_part9_00001.png,Normal,Normal_part9.wav,test,stft,mtf
Normal_part9_00002.png,Normal,Normal_part9.wav,test,stft,mtf
Normal_part9_00003.png,Normal,Normal_part9.wav,test,stft,mtf
Normal_part9_00004.png,Normal,Normal_part9.wav,test,stft,mtf
Normal_part9_00005.png,Normal,Normal_part9.wav,test,stft,mtf
Normal_part9_00006.png,Normal,Normal_part9.wav,test,stft,mtf
Normal_part9_00007.png,Normal,Normal_part9.wav,test,stft,mtf
Normal_part9_00008.png,Normal,Normal_part9.wav,test,stft,mtf
Normal_part10_00000.png,Normal,Normal_part10.wav,test,stft,mtf
Normal_part10_00001.png,Normal,Normal_part10.wav,test,stft,mtf
Normal_part10_00002.png,Normal,Normal_part10.wav,test,stft,mtf
Normal_part10_00003.png,Normal,Normal_part10.wav,test,stft,mtf
Normal_part10_00004.png,Normal,Normal_part10.wav,test,stft,mtf
Normal_part10_00005.png,Normal,Normal_part10.wav,test,stft,mtf
Normal_part10_00006.png,Normal,Normal_part10.wav,test,stft,mtf
Normal_part10_00007.png,Normal,Normal_part10.wav,test,stft,mtf
Normal_part10_00008.png,Normal,Normal_part10.wav,test,stft,mtf
Normal_part114_00000.png,Normal,Normal_part114.wav,test,stft,mtf
Normal_part114_00001.png,Normal,Normal_part114.wav,test,stft,mtf
Normal_part114_00002.png,Normal,Normal_part114.wav,test,stft,mtf
Normal_part114_00003.png,Normal,Normal_part114.wav,test,stft,mtf
Normal_part114_00004.png,Normal,Normal_part114.wav,test,stft,mtf
Normal_part114_00005.png,Normal,Normal_part114.wav,test,stft,mtf
Normal_part114_00006.png,Normal,Normal_part114.wav,test,stft,mtf
Normal_part114_00007.png,Normal,Normal_part114.wav,test,stft,mtf
Normal_part114_00008.png,Normal,Normal_part114.wav,test,stft,mtf
Normal_part97_00000.png,Normal,Normal_part97.wav,test,stft,mtf
Normal_part97_00001.png,Normal,Normal_part97.wav,test,stft,mtf
Normal_part97_00002.png,Normal,Normal_part97.wav,test,stft,mtf
Normal_part97_00003.png,Normal,Normal_part97.wav,test,stft,mtf
Normal_part97_00004.png,Normal,Normal_part97.wav,test,stft,mtf
Normal_part97_00005.png,Normal,Normal_part97.wav,test,stft,mtf
Normal_part97_00006.png,Normal,Normal_part97.wav,test,stft,mtf
Normal_part97_00007.png,Normal,Normal_part97.wav,test,stft,mtf
Normal_part97_00008.png,Normal,Normal_part97.wav,test,stft,mtf
Normal_part38_00000.png,Normal,Normal_part38.wav,test,stft,mtf
Normal_part38_00001.png,Normal,Normal_part38.wav,test,stft,mtf
Normal_part38_00002.png,Normal,Normal_part38.wav,test,stft,mtf
Normal_part38_00003.png,Normal,Normal_part38.wav,test,stft,mtf
Normal_part38_00004.png,Normal,Normal_part38.wav,test,stft,mtf
Normal_part38_00005.png,Normal,Normal_part38.wav,test,stft,mtf
Normal_part38_00006.png,Normal,Normal_part38.wav,test,stft,mtf
Normal_part38_00007.png,Normal,Normal_part38.wav,test,stft,mtf
Normal_part38_00008.png,Normal,Normal_part38.wav,test,stft,mtf
Normal_part167_00000.png,Normal,Normal_part167.wav,test,stft,mtf
Normal_part167_00001.png,Normal,Normal_part167.wav,test,stft,mtf
Normal_part167_00002.png,Normal,Normal_part167.wav,test,stft,mtf
Normal_part167_00003.png,Normal,Normal_part167.wav,test,stft,mtf
Normal_part167_00004.png,Normal,Normal_part167.wav,test,stft,mtf
Normal_part167_00005.png,Normal,Normal_part167.wav,test,stft,mtf
Normal_part167_00006.png,Normal,Normal_part167.wav,test,stft,mtf
Normal_part167_00007.png,Normal,Normal_part167.wav,test,stft,mtf
Normal_part167_00008.png,Normal,Normal_part167.wav,test,stft,mtf
Normal_part81_00000.png,Normal,Normal_part81.wav,test,stft,mtf
Normal_part81_00001.png,Normal,Normal_part81.wav,test,stft,mtf
Normal_part81_00002.png,Normal,Normal_part81.wav,test,stft,mtf
Normal_part81_00003.png,Normal,Normal_part81.wav,test,stft,mtf
Normal_part81_00004.png,Normal,Normal_part81.wav,test,stft,mtf
Normal_part81_00005.png,Normal,Normal_part81.wav,test,stft,mtf
Normal_part81_00006.png,Normal,Normal_part81.wav,test,stft,mtf
Normal_part81_00007.png,Normal,Normal_part81.wav,test,stft,mtf
Normal_part81_00008.png,Normal,Normal_part81.wav,test,stft,mtf
Normal_part99_00000.png,Normal,Normal_part99.wav,test,stft,mtf
Normal_part99_00001.png,Normal,Normal_part99.wav,test,stft,mtf
Normal_part99_00002.png,Normal,Normal_part99.wav,test,stft,mtf
Normal_part99_00003.png,Normal,Normal_part99.wav,test,stft,mtf
Normal_part99_00004.png,Normal,Normal_part99.wav,test,stft,mtf
Normal_part99_00005.png,Normal,Normal_part99.wav,test,stft,mtf
Normal_part99_00006.png,Normal,Normal_part99.wav,test,stft,mtf
Normal_part99_00007.png,Normal,Normal_part99.wav,test,stft,mtf
Normal_part99_00008.png,Normal,Normal_part99.wav,test,stft,mtf
Normal_part128_00000.png,Normal,Normal_part128.wav,test,stft,mtf
Normal_part128_00001.png,Normal,Normal_part128.wav,test,stft,mtf
Normal_part128_00002.png,Normal,Normal_part128.wav,test,stft,mtf
Normal_part128_00003.png,Normal,Normal_part128.wav,test,stft,mtf
Normal_part128_00004.png,Normal,Normal_part128.wav,test,stft,mtf
Normal_part128_00005.png,Normal,Normal_part128.wav,test,stft,mtf
Normal_part128_00006.png,Normal,Normal_part128.wav,test,stft,mtf
Normal_part128_00007.png,Normal,Normal_part128.wav,test,stft,mtf
Normal_part128_00008.png,Normal,Normal_part128.wav,test,stft,mtf
Normal_part23_00000.png,Normal,Normal_part23.wav,test,stft,mtf
Normal_part23_00001.png,Normal,Normal_part23.wav,test,stft,mtf
Normal_part23_00002.png,Normal,Normal_part23.wav,test,stft,mtf
Normal_part23_00003.png,Normal,Normal_part23.wav,test,stft,mtf
Normal_part23_00004.png,Normal,Normal_part23.wav,test,stft,mtf
Normal_part23_00005.png,Normal,Normal_part23.wav,test,stft,mtf
Normal_part23_00006.png,Normal,Normal_part23.wav,test,stft,mtf
Normal_part23_00007.png,Normal,Normal_part23.wav,test,stft,mtf
Normal_part23_00008.png,Normal,Normal_part23.wav,test,stft,mtf
Normal_part159_00000.png,Normal,Normal_part159.wav,test,stft,mtf
Normal_part159_00001.png,Normal,Normal_part159.wav,test,stft,mtf
Normal_part159_00002.png,Normal,Normal_part159.wav,test,stft,mtf
Normal_part159_00003.png,Normal,Normal_part159.wav,test,stft,mtf
Normal_part159_00004.png,Normal,Normal_part159.wav,test,stft,mtf
Normal_part159_00005.png,Normal,Normal_part159.wav,test,stft,mtf
Normal_part159_00006.png,Normal,Normal_part159.wav,test,stft,mtf
Normal_part159_00007.png,Normal,Normal_part159.wav,test,stft,mtf
Normal_part159_00008.png,Normal,Normal_part159.wav,test,stft,mtf
Normal_part153_00000.png,Normal,Normal_part153.wav,test,stft,mtf
Normal_part153_00001.png,Normal,Normal_part153.wav,test,stft,mtf
Normal_part153_00002.png,Normal,Normal_part153.wav,test,stft,mtf
Normal_part153_00003.png,Normal,Normal_part153.wav,test,stft,mtf
Normal_part153_00004.png,Normal,Normal_part153.wav,test,stft,mtf
Normal_part153_00005.png,Normal,Normal_part153.wav,test,stft,mtf
Normal_part153_00006.png,Normal,Normal_part153.wav,test,stft,mtf
Normal_part153_00007.png,Normal,Normal_part153.wav,test,stft,mtf
Normal_part153_00008.png,Normal,Normal_part153.wav,test,stft,mtf
Normal_part170_00000.png,Normal,Normal_part170.wav,test,stft,mtf
Normal_part170_00001.png,Normal,Normal_part170.wav,test,stft,mtf
Normal_part170_00002.png,Normal,Normal_part170.wav,test,stft,mtf
Normal_part170_00003.png,Normal,Normal_part170.wav,test,stft,mtf
Normal_part170_00004.png,Normal,Normal_part170.wav,test,stft,mtf
Normal_part170_00005.png,Normal,Normal_part170.wav,test,stft,mtf
Normal_part170_00006.png,Normal,Normal_part170.wav,test,stft,mtf
Normal_part170_00007.png,Normal,Normal_part170.wav,test,stft,mtf
Normal_part170_00008.png,Normal,Normal_part170.wav,test,stft,mtf
Normal_part98_00000.png,Normal,Normal_part98.wav,test,stft,mtf
Normal_part98_00001.png,Normal,Normal_part98.wav,test,stft,mtf
Normal_part98_00002.png,Normal,Normal_part98.wav,test,stft,mtf
Normal_part98_00003.png,Normal,Normal_part98.wav,test,stft,mtf
Normal_part98_00004.png,Normal,Normal_part98.wav,test,stft,mtf
Normal_part98_00005.png,Normal,Normal_part98.wav,test,stft,mtf
Normal_part98_00006.png,Normal,Normal_part98.wav,test,stft,mtf
Normal_part98_00007.png,Normal,Normal_part98.wav,test,stft,mtf
Normal_part98_00008.png,Normal,Normal_part98.wav,test,stft,mtf
Normal_part87_00000.png,Normal,Normal_part87.wav,test,stft,mtf
Normal_part87_00001.png,Normal,Normal_part87.wav,test,stft,mtf
Normal_part87_00002.png,Normal,Normal_part87.wav,test,stft,mtf
Normal_part87_00003.png,Normal,Normal_part87.wav,test,stft,mtf
Normal_part87_00004.png,Normal,Normal_part87.wav,test,stft,mtf
Normal_part87_00005.png,Normal,Normal_part87.wav,test,stft,mtf
Normal_part87_00006.png,Normal,Normal_part87.wav,test,stft,mtf
Normal_part87_00007.png,Normal,Normal_part87.wav,test,stft,mtf
Normal_part87_00008.png,Normal,Normal_part87.wav,test,stft,mtf
PartialDischarge1_79_00000.png,PartialDischarge,PartialDischarge1_79.wav,test,stft,mtf
PartialDischarge1_79_00001.png,PartialDischarge,PartialDischarge1_79.wav,test,stft,mtf
PartialDischarge1_79_00002.png,PartialDischarge,PartialDischarge1_79.wav,test,stft,mtf
PartialDischarge1_79_00003.png,PartialDischarge,PartialDischarge1_79.wav,test,stft,mtf
PartialDischarge1_79_00004.png,PartialDischarge,PartialDischarge1_79.wav,test,stft,mtf
PartialDischarge1_79_00005.png,PartialDischarge,PartialDischarge1_79.wav,test,stft,mtf
PartialDischarge1_79_00006.png,PartialDischarge,PartialDischarge1_79.wav,test,stft,mtf
PartialDischarge1_79_00007.png,PartialDischarge,PartialDischarge1_79.wav,test,stft,mtf
PartialDischarge1_79_00008.png,PartialDischarge,PartialDischarge1_79.wav,test,stft,mtf
PartialDischarge1_42_00000.png,PartialDischarge,PartialDischarge1_42.wav,test,stft,mtf
PartialDischarge1_42_00001.png,PartialDischarge,PartialDischarge1_42.wav,test,stft,mtf
PartialDischarge1_42_00002.png,PartialDischarge,PartialDischarge1_42.wav,test,stft,mtf
PartialDischarge1_42_00003.png,PartialDischarge,PartialDischarge1_42.wav,test,stft,mtf
PartialDischarge1_42_00004.png,PartialDischarge,PartialDischarge1_42.wav,test,stft,mtf
PartialDischarge1_42_00005.png,PartialDischarge,PartialDischarge1_42.wav,test,stft,mtf
PartialDischarge1_42_00006.png,PartialDischarge,PartialDischarge1_42.wav,test,stft,mtf
PartialDischarge1_42_00007.png,PartialDischarge,PartialDischarge1_42.wav,test,stft,mtf
PartialDischarge1_42_00008.png,PartialDischarge,PartialDischarge1_42.wav,test,stft,mtf
PartialDischarge1_45_00000.png,PartialDischarge,PartialDischarge1_45.wav,test,stft,mtf
PartialDischarge1_45_00001.png,PartialDischarge,PartialDischarge1_45.wav,test,stft,mtf
PartialDischarge1_45_00002.png,PartialDischarge,PartialDischarge1_45.wav,test,stft,mtf
PartialDischarge1_45_00003.png,PartialDischarge,PartialDischarge1_45.wav,test,stft,mtf
PartialDischarge1_45_00004.png,PartialDischarge,PartialDischarge1_45.wav,test,stft,mtf
PartialDischarge1_45_00005.png,PartialDischarge,PartialDischarge1_45.wav,test,stft,mtf
PartialDischarge1_45_00006.png,PartialDischarge,PartialDischarge1_45.wav,test,stft,mtf
PartialDischarge1_45_00007.png,PartialDischarge,PartialDischarge1_45.wav,test,stft,mtf
PartialDischarge1_45_00008.png,PartialDischarge,PartialDischarge1_45.wav,test,stft,mtf
PartialDischarge1_29_00000.png,PartialDischarge,PartialDischarge1_29.wav,test,stft,mtf
PartialDischarge1_29_00001.png,PartialDischarge,PartialDischarge1_29.wav,test,stft,mtf
PartialDischarge1_29_00002.png,PartialDischarge,PartialDischarge1_29.wav,test,stft,mtf
PartialDischarge1_29_00003.png,PartialDischarge,PartialDischarge1_29.wav,test,stft,mtf
PartialDischarge1_29_00004.png,PartialDischarge,PartialDischarge1_29.wav,test,stft,mtf
PartialDischarge1_29_00005.png,PartialDischarge,PartialDischarge1_29.wav,test,stft,mtf
PartialDischarge1_29_00006.png,PartialDischarge,PartialDischarge1_29.wav,test,stft,mtf
PartialDischarge1_29_00007.png,PartialDischarge,PartialDischarge1_29.wav,test,stft,mtf
PartialDischarge1_29_00008.png,PartialDischarge,PartialDischarge1_29.wav,test,stft,mtf
PartialDischarge1_67_00000.png,PartialDischarge,PartialDischarge1_67.wav,test,stft,mtf
PartialDischarge1_67_00001.png,PartialDischarge,PartialDischarge1_67.wav,test,stft,mtf
PartialDischarge1_67_00002.png,PartialDischarge,PartialDischarge1_67.wav,test,stft,mtf
PartialDischarge1_67_00003.png,PartialDischarge,PartialDischarge1_67.wav,test,stft,mtf
PartialDischarge1_67_00004.png,PartialDischarge,PartialDischarge1_67.wav,test,stft,mtf
PartialDischarge1_67_00005.png,PartialDischarge,PartialDischarge1_67.wav,test,stft,mtf
PartialDischarge1_67_00006.png,PartialDischarge,PartialDischarge1_67.wav,test,stft,mtf
PartialDischarge1_67_00007.png,PartialDischarge,PartialDischarge1_67.wav,test,stft,mtf
PartialDischarge1_67_00008.png,PartialDischarge,PartialDischarge1_67.wav,test,stft,mtf
PartialDischarge1_61_00000.png,PartialDischarge,PartialDischarge1_61.wav,test,stft,mtf
PartialDischarge1_61_00001.png,PartialDischarge,PartialDischarge1_61.wav,test,stft,mtf
PartialDischarge1_61_00002.png,PartialDischarge,PartialDischarge1_61.wav,test,stft,mtf
PartialDischarge1_61_00003.png,PartialDischarge,PartialDischarge1_61.wav,test,stft,mtf
PartialDischarge1_61_00004.png,PartialDischarge,PartialDischarge1_61.wav,test,stft,mtf
PartialDischarge1_61_00005.png,PartialDischarge,PartialDischarge1_61.wav,test,stft,mtf
PartialDischarge1_61_00006.png,PartialDischarge,PartialDischarge1_61.wav,test,stft,mtf
PartialDischarge1_61_00007.png,PartialDischarge,PartialDischarge1_61.wav,test,stft,mtf
PartialDischarge1_61_00008.png,PartialDischarge,PartialDischarge1_61.wav,test,stft,mtf
PartialDischarge1_59_00000.png,PartialDischarge,PartialDischarge1_59.wav,test,stft,mtf
PartialDischarge1_59_00001.png,PartialDischarge,PartialDischarge1_59.wav,test,stft,mtf
PartialDischarge1_59_00002.png,PartialDischarge,PartialDischarge1_59.wav,test,stft,mtf
PartialDischarge1_59_00003.png,PartialDischarge,PartialDischarge1_59.wav,test,stft,mtf
PartialDischarge1_59_00004.png,PartialDischarge,PartialDischarge1_59.wav,test,stft,mtf
PartialDischarge1_59_00005.png,PartialDischarge,PartialDischarge1_59.wav,test,stft,mtf
PartialDischarge1_59_00006.png,PartialDischarge,PartialDischarge1_59.wav,test,stft,mtf
PartialDischarge1_59_00007.png,PartialDischarge,PartialDischarge1_59.wav,test,stft,mtf
PartialDischarge1_59_00008.png,PartialDischarge,PartialDischarge1_59.wav,test,stft,mtf
PartialDischarge1_82_00000.png,PartialDischarge,PartialDischarge1_82.wav,test,stft,mtf
PartialDischarge1_82_00001.png,PartialDischarge,PartialDischarge1_82.wav,test,stft,mtf
PartialDischarge1_82_00002.png,PartialDischarge,PartialDischarge1_82.wav,test,stft,mtf
PartialDischarge1_82_00003.png,PartialDischarge,PartialDischarge1_82.wav,test,stft,mtf
PartialDischarge1_82_00004.png,PartialDischarge,PartialDischarge1_82.wav,test,stft,mtf
PartialDischarge1_82_00005.png,PartialDischarge,PartialDischarge1_82.wav,test,stft,mtf
PartialDischarge1_82_00006.png,PartialDischarge,PartialDischarge1_82.wav,test,stft,mtf
PartialDischarge1_82_00007.png,PartialDischarge,PartialDischarge1_82.wav,test,stft,mtf
PartialDischarge1_82_00008.png,PartialDischarge,PartialDischarge1_82.wav,test,stft,mtf
PartialDischarge1_41_00000.png,PartialDischarge,PartialDischarge1_41.wav,test,stft,mtf
PartialDischarge1_41_00001.png,PartialDischarge,PartialDischarge1_41.wav,test,stft,mtf
PartialDischarge1_41_00002.png,PartialDischarge,PartialDischarge1_41.wav,test,stft,mtf
PartialDischarge1_41_00003.png,PartialDischarge,PartialDischarge1_41.wav,test,stft,mtf
PartialDischarge1_41_00004.png,PartialDischarge,PartialDischarge1_41.wav,test,stft,mtf
PartialDischarge1_41_00005.png,PartialDischarge,PartialDischarge1_41.wav,test,stft,mtf
PartialDischarge1_41_00006.png,PartialDischarge,PartialDischarge1_41.wav,test,stft,mtf
PartialDischarge1_41_00007.png,PartialDischarge,PartialDischarge1_41.wav,test,stft,mtf
PartialDischarge1_41_00008.png,PartialDischarge,PartialDischarge1_41.wav,test,stft,mtf
PartialDischarge1_15_00000.png,PartialDischarge,PartialDischarge1_15.wav,test,stft,mtf
PartialDischarge1_15_00001.png,PartialDischarge,PartialDischarge1_15.wav,test,stft,mtf
PartialDischarge1_15_00002.png,PartialDischarge,PartialDischarge1_15.wav,test,stft,mtf
PartialDischarge1_15_00003.png,PartialDischarge,PartialDischarge1_15.wav,test,stft,mtf
PartialDischarge1_15_00004.png,PartialDischarge,PartialDischarge1_15.wav,test,stft,mtf
PartialDischarge1_15_00005.png,PartialDischarge,PartialDischarge1_15.wav,test,stft,mtf
PartialDischarge1_15_00006.png,PartialDischarge,PartialDischarge1_15.wav,test,stft,mtf
PartialDischarge1_15_00007.png,PartialDischarge,PartialDischarge1_15.wav,test,stft,mtf
PartialDischarge1_15_00008.png,PartialDischarge,PartialDischarge1_15.wav,test,stft,mtf
PartialDischarge1_24_00000.png,PartialDischarge,PartialDischarge1_24.wav,test,stft,mtf
PartialDischarge1_24_00001.png,PartialDischarge,PartialDischarge1_24.wav,test,stft,mtf
PartialDischarge1_24_00002.png,PartialDischarge,PartialDischarge1_24.wav,test,stft,mtf
PartialDischarge1_24_00003.png,PartialDischarge,PartialDischarge1_24.wav,test,stft,mtf
PartialDischarge1_24_00004.png,PartialDischarge,PartialDischarge1_24.wav,test,stft,mtf
PartialDischarge1_24_00005.png,PartialDischarge,PartialDischarge1_24.wav,test,stft,mtf
PartialDischarge1_24_00006.png,PartialDischarge,PartialDischarge1_24.wav,test,stft,mtf
PartialDischarge1_24_00007.png,PartialDischarge,PartialDischarge1_24.wav,test,stft,mtf
PartialDischarge1_24_00008.png,PartialDischarge,PartialDischarge1_24.wav,test,stft,mtf
PartialDischarge1_92_00000.png,PartialDischarge,PartialDischarge1_92.wav,test,stft,mtf
PartialDischarge1_92_00001.png,PartialDischarge,PartialDischarge1_92.wav,test,stft,mtf
PartialDischarge1_92_00002.png,PartialDischarge,PartialDischarge1_92.wav,test,stft,mtf
PartialDischarge1_92_00003.png,PartialDischarge,PartialDischarge1_92.wav,test,stft,mtf
PartialDischarge1_92_00004.png,PartialDischarge,PartialDischarge1_92.wav,test,stft,mtf
PartialDischarge1_92_00005.png,PartialDischarge,PartialDischarge1_92.wav,test,stft,mtf
PartialDischarge1_92_00006.png,PartialDischarge,PartialDischarge1_92.wav,test,stft,mtf
PartialDischarge1_92_00007.png,PartialDischarge,PartialDischarge1_92.wav,test,stft,mtf
PartialDischarge1_92_00008.png,PartialDischarge,PartialDischarge1_92.wav,test,stft,mtf
PartialDischarge1_1_00000.png,PartialDischarge,PartialDischarge1_1.wav,test,stft,mtf
PartialDischarge1_1_00001.png,PartialDischarge,PartialDischarge1_1.wav,test,stft,mtf
PartialDischarge1_1_00002.png,PartialDischarge,PartialDischarge1_1.wav,test,stft,mtf
PartialDischarge1_1_00003.png,PartialDischarge,PartialDischarge1_1.wav,test,stft,mtf
PartialDischarge1_1_00004.png,PartialDischarge,PartialDischarge1_1.wav,test,stft,mtf
PartialDischarge1_1_00005.png,PartialDischarge,PartialDischarge1_1.wav,test,stft,mtf
PartialDischarge1_1_00006.png,PartialDischarge,PartialDischarge1_1.wav,test,stft,mtf
PartialDischarge1_1_00007.png,PartialDischarge,PartialDischarge1_1.wav,test,stft,mtf
PartialDischarge1_1_00008.png,PartialDischarge,PartialDischarge1_1.wav,test,stft,mtf
PartialDischarge1_88_00000.png,PartialDischarge,PartialDischarge1_88.wav,test,stft,mtf
PartialDischarge1_88_00001.png,PartialDischarge,PartialDischarge1_88.wav,test,stft,mtf
PartialDischarge1_88_00002.png,PartialDischarge,PartialDischarge1_88.wav,test,stft,mtf
PartialDischarge1_88_00003.png,PartialDischarge,PartialDischarge1_88.wav,test,stft,mtf
PartialDischarge1_88_00004.png,PartialDischarge,PartialDischarge1_88.wav,test,stft,mtf
PartialDischarge1_88_00005.png,PartialDischarge,PartialDischarge1_88.wav,test,stft,mtf
PartialDischarge1_88_00006.png,PartialDischarge,PartialDischarge1_88.wav,test,stft,mtf
PartialDischarge1_88_00007.png,PartialDischarge,PartialDischarge1_88.wav,test,stft,mtf
PartialDischarge1_88_00008.png,PartialDischarge,PartialDischarge1_88.wav,test,stft,mtf
PartialDischarge1_55_00000.png,PartialDischarge,PartialDischarge1_55.wav,test,stft,mtf
PartialDischarge1_55_00001.png,PartialDischarge,PartialDischarge1_55.wav,test,stft,mtf
PartialDischarge1_55_00002.png,PartialDischarge,PartialDischarge1_55.wav,test,stft,mtf
PartialDischarge1_55_00003.png,PartialDischarge,PartialDischarge1_55.wav,test,stft,mtf
PartialDischarge1_55_00004.png,PartialDischarge,PartialDischarge1_55.wav,test,stft,mtf
PartialDischarge1_55_00005.png,PartialDischarge,PartialDischarge1_55.wav,test,stft,mtf
PartialDischarge1_55_00006.png,PartialDischarge,PartialDischarge1_55.wav,test,stft,mtf
PartialDischarge1_55_00007.png,PartialDischarge,PartialDischarge1_55.wav,test,stft,mtf
PartialDischarge1_55_00008.png,PartialDischarge,PartialDischarge1_55.wav,test,stft,mtf
PartialDischarge1_38_00000.png,PartialDischarge,PartialDischarge1_38.wav,test,stft,mtf
PartialDischarge1_38_00001.png,PartialDischarge,PartialDischarge1_38.wav,test,stft,mtf
PartialDischarge1_38_00002.png,PartialDischarge,PartialDischarge1_38.wav,test,stft,mtf
PartialDischarge1_38_00003.png,PartialDischarge,PartialDischarge1_38.wav,test,stft,mtf
PartialDischarge1_38_00004.png,PartialDischarge,PartialDischarge1_38.wav,test,stft,mtf
PartialDischarge1_38_00005.png,PartialDischarge,PartialDischarge1_38.wav,test,stft,mtf
PartialDischarge1_38_00006.png,PartialDischarge,PartialDischarge1_38.wav,test,stft,mtf
PartialDischarge1_38_00007.png,PartialDischarge,PartialDischarge1_38.wav,test,stft,mtf
PartialDischarge1_38_00008.png,PartialDischarge,PartialDischarge1_38.wav,test,stft,mtf
PartialDischarge1_26_00000.png,PartialDischarge,PartialDischarge1_26.wav,test,stft,mtf
PartialDischarge1_26_00001.png,PartialDischarge,PartialDischarge1_26.wav,test,stft,mtf
PartialDischarge1_26_00002.png,PartialDischarge,PartialDischarge1_26.wav,test,stft,mtf
PartialDischarge1_26_00003.png,PartialDischarge,PartialDischarge1_26.wav,test,stft,mtf
PartialDischarge1_26_00004.png,PartialDischarge,PartialDischarge1_26.wav,test,stft,mtf
PartialDischarge1_26_00005.png,PartialDischarge,PartialDischarge1_26.wav,test,stft,mtf
PartialDischarge1_26_00006.png,PartialDischarge,PartialDischarge1_26.wav,test,stft,mtf
PartialDischarge1_26_00007.png,PartialDischarge,PartialDischarge1_26.wav,test,stft,mtf
PartialDischarge1_26_00008.png,PartialDischarge,PartialDischarge1_26.wav,test,stft,mtf
PartialDischarge1_57_00000.png,PartialDischarge,PartialDischarge1_57.wav,test,stft,mtf
PartialDischarge1_57_00001.png,PartialDischarge,PartialDischarge1_57.wav,test,stft,mtf
PartialDischarge1_57_00002.png,PartialDischarge,PartialDischarge1_57.wav,test,stft,mtf
PartialDischarge1_57_00003.png,PartialDischarge,PartialDischarge1_57.wav,test,stft,mtf
PartialDischarge1_57_00004.png,PartialDischarge,PartialDischarge1_57.wav,test,stft,mtf
PartialDischarge1_57_00005.png,PartialDischarge,PartialDischarge1_57.wav,test,stft,mtf
PartialDischarge1_57_00006.png,PartialDischarge,PartialDischarge1_57.wav,test,stft,mtf
PartialDischarge1_57_00007.png,PartialDischarge,PartialDischarge1_57.wav,test,stft,mtf
PartialDischarge1_57_00008.png,PartialDischarge,PartialDischarge1_57.wav,test,stft,mtf
PartialDischarge1_62_00000.png,PartialDischarge,PartialDischarge1_62.wav,test,stft,mtf
PartialDischarge1_62_00001.png,PartialDischarge,PartialDischarge1_62.wav,test,stft,mtf
PartialDischarge1_62_00002.png,PartialDischarge,PartialDischarge1_62.wav,test,stft,mtf
PartialDischarge1_62_00003.png,PartialDischarge,PartialDischarge1_62.wav,test,stft,mtf
PartialDischarge1_62_00004.png,PartialDischarge,PartialDischarge1_62.wav,test,stft,mtf
PartialDischarge1_62_00005.png,PartialDischarge,PartialDischarge1_62.wav,test,stft,mtf
PartialDischarge1_62_00006.png,PartialDischarge,PartialDischarge1_62.wav,test,stft,mtf
PartialDischarge1_62_00007.png,PartialDischarge,PartialDischarge1_62.wav,test,stft,mtf
PartialDischarge1_62_00008.png,PartialDischarge,PartialDischarge1_62.wav,test,stft,mtf
PartialDischarge1_119_00000.png,PartialDischarge,PartialDischarge1_119.wav,test,stft,mtf
PartialDischarge1_119_00001.png,PartialDischarge,PartialDischarge1_119.wav,test,stft,mtf
PartialDischarge1_119_00002.png,PartialDischarge,PartialDischarge1_119.wav,test,stft,mtf
PartialDischarge1_119_00003.png,PartialDischarge,PartialDischarge1_119.wav,test,stft,mtf
PartialDischarge1_119_00004.png,PartialDischarge,PartialDischarge1_119.wav,test,stft,mtf
PartialDischarge1_119_00005.png,PartialDischarge,PartialDischarge1_119.wav,test,stft,mtf
PartialDischarge1_119_00006.png,PartialDischarge,PartialDischarge1_119.wav,test,stft,mtf
PartialDischarge1_119_00007.png,PartialDischarge,PartialDischarge1_119.wav,test,stft,mtf
PartialDischarge1_119_00008.png,PartialDischarge,PartialDischarge1_119.wav,test,stft,mtf
PartialDischarge1_78_00000.png,PartialDischarge,PartialDischarge1_78.wav,test,stft,mtf
PartialDischarge1_78_00001.png,PartialDischarge,PartialDischarge1_78.wav,test,stft,mtf
PartialDischarge1_78_00002.png,PartialDischarge,PartialDischarge1_78.wav,test,stft,mtf
PartialDischarge1_78_00003.png,PartialDischarge,PartialDischarge1_78.wav,test,stft,mtf
PartialDischarge1_78_00004.png,PartialDischarge,PartialDischarge1_78.wav,test,stft,mtf
PartialDischarge1_78_00005.png,PartialDischarge,PartialDischarge1_78.wav,test,stft,mtf
PartialDischarge1_78_00006.png,PartialDischarge,PartialDischarge1_78.wav,test,stft,mtf
PartialDischarge1_78_00007.png,PartialDischarge,PartialDischarge1_78.wav,test,stft,mtf
PartialDischarge1_78_00008.png,PartialDischarge,PartialDischarge1_78.wav,test,stft,mtf
PartialDischarge1_7_00000.png,PartialDischarge,PartialDischarge1_7.wav,test,stft,mtf
PartialDischarge1_7_00001.png,PartialDischarge,PartialDischarge1_7.wav,test,stft,mtf
PartialDischarge1_7_00002.png,PartialDischarge,PartialDischarge1_7.wav,test,stft,mtf
PartialDischarge1_7_00003.png,PartialDischarge,PartialDischarge1_7.wav,test,stft,mtf
PartialDischarge1_7_00004.png,PartialDischarge,PartialDischarge1_7.wav,test,stft,mtf
PartialDischarge1_7_00005.png,PartialDischarge,PartialDischarge1_7.wav,test,stft,mtf
PartialDischarge1_7_00006.png,PartialDischarge,PartialDischarge1_7.wav,test,stft,mtf
PartialDischarge1_7_00007.png,PartialDischarge,PartialDischarge1_7.wav,test,stft,mtf
PartialDischarge1_7_00008.png,PartialDischarge,PartialDischarge1_7.wav,test,stft,mtf
PartialDischarge1_35_00000.png,PartialDischarge,PartialDischarge1_35.wav,test,stft,mtf
PartialDischarge1_35_00001.png,PartialDischarge,PartialDischarge1_35.wav,test,stft,mtf
PartialDischarge1_35_00002.png,PartialDischarge,PartialDischarge1_35.wav,test,stft,mtf
PartialDischarge1_35_00003.png,PartialDischarge,PartialDischarge1_35.wav,test,stft,mtf
PartialDischarge1_35_00004.png,PartialDischarge,PartialDischarge1_35.wav,test,stft,mtf
PartialDischarge1_35_00005.png,PartialDischarge,PartialDischarge1_35.wav,test,stft,mtf
PartialDischarge1_35_00006.png,PartialDischarge,PartialDischarge1_35.wav,test,stft,mtf
PartialDischarge1_35_00007.png,PartialDischarge,PartialDischarge1_35.wav,test,stft,mtf
PartialDischarge1_35_00008.png,PartialDischarge,PartialDischarge1_35.wav,test,stft,mtf
PartialDischarge1_69_00000.png,PartialDischarge,PartialDischarge1_69.wav,test,stft,mtf
PartialDischarge1_69_00001.png,PartialDischarge,PartialDischarge1_69.wav,test,stft,mtf
PartialDischarge1_69_00002.png,PartialDischarge,PartialDischarge1_69.wav,test,stft,mtf
PartialDischarge1_69_00003.png,PartialDischarge,PartialDischarge1_69.wav,test,stft,mtf
PartialDischarge1_69_00004.png,PartialDischarge,PartialDischarge1_69.wav,test,stft,mtf
PartialDischarge1_69_00005.png,PartialDischarge,PartialDischarge1_69.wav,test,stft,mtf
PartialDischarge1_69_00006.png,PartialDischarge,PartialDischarge1_69.wav,test,stft,mtf
PartialDischarge1_69_00007.png,PartialDischarge,PartialDischarge1_69.wav,test,stft,mtf
PartialDischarge1_69_00008.png,PartialDischarge,PartialDischarge1_69.wav,test,stft,mtf
