filename,class_label,source_file,split,window_idx,window_start_sample
120_2_00000.png,BF007,120_2.mat,train,0,0
120_2_00001.png,BF007,120_2.mat,train,1,2048
120_2_00002.png,BF007,120_2.mat,train,2,4096
120_2_00003.png,BF007,120_2.mat,train,3,6144
120_2_00004.png,BF007,120_2.mat,train,4,8192
120_2_00005.png,BF007,120_2.mat,train,5,10240
120_2_00006.png,BF007,120_2.mat,train,6,12288
120_2_00007.png,BF007,120_2.mat,train,7,14336
120_2_00008.png,BF007,120_2.mat,train,8,16384
120_2_00009.png,BF007,120_2.mat,train,9,18432
120_2_00010.png,BF007,120_2.mat,train,10,20480
120_2_00011.png,BF007,120_2.mat,train,11,22528
120_2_00012.png,BF007,120_2.mat,train,12,24576
120_2_00013.png,BF007,120_2.mat,train,13,26624
120_2_00014.png,BF007,120_2.mat,train,14,28672
120_2_00015.png,BF007,120_2.mat,train,15,30720
120_2_00016.png,BF007,120_2.mat,train,16,32768
120_2_00017.png,BF007,120_2.mat,train,17,34816
120_2_00018.png,BF007,120_2.mat,train,18,36864
120_2_00019.png,BF007,120_2.mat,train,19,38912
120_2_00020.png,BF007,120_2.mat,train,20,40960
120_2_00021.png,BF007,120_2.mat,train,21,43008
120_2_00022.png,BF007,120_2.mat,train,22,45056
120_2_00023.png,BF007,120_2.mat,train,23,47104
120_2_00024.png,BF007,120_2.mat,train,24,49152
120_2_00025.png,BF007,120_2.mat,train,25,51200
120_2_00026.png,BF007,120_2.mat,train,26,53248
120_2_00027.png,BF007,120_2.mat,train,27,55296
120_2_00028.png,BF007,120_2.mat,train,28,57344
120_2_00029.png,BF007,120_2.mat,train,29,59392
120_2_00030.png,BF007,120_2.mat,train,30,61440
120_2_00031.png,BF007,120_2.mat,train,31,63488
120_2_00032.png,BF007,120_2.mat,train,32,65536
120_2_00033.png,BF007,120_2.mat,train,33,67584
120_2_00034.png,BF007,120_2.mat,train,34,69632
120_2_00035.png,BF007,120_2.mat,train,35,71680
120_2_00036.png,BF007,120_2.mat,train,36,73728
120_2_00037.png,BF007,120_2.mat,train,37,75776
120_2_00038.png,BF007,120_2.mat,train,38,77824
120_2_00039.png,BF007,120_2.mat,train,39,79872
120_2_00040.png,BF007,120_2.mat,train,40,81920
120_2_00041.png,BF007,120_2.mat,train,41,83968
120_2_00042.png,BF007,120_2.mat,train,42,86016
120_2_00043.png,BF007,120_2.mat,train,43,88064
120_2_00044.png,BF007,120_2.mat,train,44,90112
120_2_00045.png,BF007,120_2.mat,train,45,92160
120_2_00046.png,BF007,120_2.mat,train,46,94208
120_2_00047.png,BF007,120_2.mat,train,47,96256
120_2_00048.png,BF007,120_2.mat,train,48,98304
120_2_00049.png,BF007,120_2.mat,train,49,100352
120_2_00050.png,BF007,120_2.mat,train,50,102400
120_2_00051.png,BF007,120_2.mat,train,51,104448
120_2_00052.png,BF007,120_2.mat,train,52,106496
120_2_00053.png,BF007,120_2.mat,train,53,108544
120_2_00054.png,BF007,120_2.mat,train,54,110592
120_2_00055.png,BF007,120_2.mat,train,55,112640
120_2_00056.png,BF007,120_2.mat,train,56,114688
120_2_00057.png,BF007,120_2.mat,train,57,116736
119_1_00000.png,BF007,119_1.mat,train,0,0
119_1_00001.png,BF007,119_1.mat,train,1,2048
119_1_00002.png,BF007,119_1.mat,train,2,4096
119_1_00003.png,BF007,119_1.mat,train,3,6144
119_1_00004.png,BF007,119_1.mat,train,4,8192
119_1_00005.png,BF007,119_1.mat,train,5,10240
119_1_00006.png,BF007,119_1.mat,train,6,12288
119_1_00007.png,BF007,119_1.mat,train,7,14336
119_1_00008.png,BF007,119_1.mat,train,8,16384
119_1_00009.png,BF007,119_1.mat,train,9,18432
119_1_00010.png,BF007,119_1.mat,train,10,20480
119_1_00011.png,BF007,119_1.mat,train,11,22528
119_1_00012.png,BF007,119_1.mat,train,12,24576
119_1_00013.png,BF007,119_1.mat,train,13,26624
119_1_00014.png,BF007,119_1.mat,train,14,28672
119_1_00015.png,BF007,119_1.mat,train,15,30720
119_1_00016.png,BF007,119_1.mat,train,16,32768
119_1_00017.png,BF007,119_1.mat,train,17,34816
119_1_00018.png,BF007,119_1.mat,train,18,36864
119_1_00019.png,BF007,119_1.mat,train,19,38912
119_1_00020.png,BF007,119_1.mat,train,20,40960
119_1_00021.png,BF007,119_1.mat,train,21,43008
119_1_00022.png,BF007,119_1.mat,train,22,45056
119_1_00023.png,BF007,119_1.mat,train,23,47104
119_1_00024.png,BF007,119_1.mat,train,24,49152
119_1_00025.png,BF007,119_1.mat,train,25,51200
119_1_00026.png,BF007,119_1.mat,train,26,53248
119_1_00027.png,BF007,119_1.mat,train,27,55296
119_1_00028.png,BF007,119_1.mat,train,28,57344
119_1_00029.png,BF007,119_1.mat,train,29,59392
119_1_00030.png,BF007,119_1.mat,train,30,61440
119_1_00031.png,BF007,119_1.mat,train,31,63488
119_1_00032.png,BF007,119_1.mat,train,32,65536
119_1_00033.png,BF007,119_1.mat,train,33,67584
119_1_00034.png,BF007,119_1.mat,train,34,69632
119_1_00035.png,BF007,119_1.mat,train,35,71680
119_1_00036.png,BF007,119_1.mat,train,36,73728
119_1_00037.png,BF007,119_1.mat,train,37,75776
119_1_00038.png,BF007,119_1.mat,train,38,77824
119_1_00039.png,BF007,119_1.mat,train,39,79872
119_1_00040.png,BF007,119_1.mat,train,40,81920
119_1_00041.png,BF007,119_1.mat,train,41,83968
119_1_00042.png,BF007,119_1.mat,train,42,86016
119_1_00043.png,BF007,119_1.mat,train,43,88064
119_1_00044.png,BF007,119_1.mat,train,44,90112
119_1_00045.png,BF007,119_1.mat,train,45,92160
119_1_00046.png,BF007,119_1.mat,train,46,94208
119_1_00047.png,BF007,119_1.mat,train,47,96256
119_1_00048.png,BF007,119_1.mat,train,48,98304
119_1_00049.png,BF007,119_1.mat,train,49,100352
119_1_00050.png,BF007,119_1.mat,train,50,102400
119_1_00051.png,BF007,119_1.mat,train,51,104448
119_1_00052.png,BF007,119_1.mat,train,52,106496
119_1_00053.png,BF007,119_1.mat,train,53,108544
119_1_00054.png,BF007,119_1.mat,train,54,110592
119_1_00055.png,BF007,119_1.mat,train,55,112640
119_1_00056.png,BF007,119_1.mat,train,56,114688
119_1_00057.png,BF007,119_1.mat,train,57,116736
188_3_00000.png,BF014,188_3.mat,train,0,0
188_3_00001.png,BF014,188_3.mat,train,1,2048
188_3_00002.png,BF014,188_3.mat,train,2,4096
188_3_00003.png,BF014,188_3.mat,train,3,6144
188_3_00004.png,BF014,188_3.mat,train,4,8192
188_3_00005.png,BF014,188_3.mat,train,5,10240
188_3_00006.png,BF014,188_3.mat,train,6,12288
188_3_00007.png,BF014,188_3.mat,train,7,14336
188_3_00008.png,BF014,188_3.mat,train,8,16384
188_3_00009.png,BF014,188_3.mat,train,9,18432
188_3_00010.png,BF014,188_3.mat,train,10,20480
188_3_00011.png,BF014,188_3.mat,train,11,22528
188_3_00012.png,BF014,188_3.mat,train,12,24576
188_3_00013.png,BF014,188_3.mat,train,13,26624
188_3_00014.png,BF014,188_3.mat,train,14,28672
188_3_00015.png,BF014,188_3.mat,train,15,30720
188_3_00016.png,BF014,188_3.mat,train,16,32768
188_3_00017.png,BF014,188_3.mat,train,17,34816
188_3_00018.png,BF014,188_3.mat,train,18,36864
188_3_00019.png,BF014,188_3.mat,train,19,38912
188_3_00020.png,BF014,188_3.mat,train,20,40960
188_3_00021.png,BF014,188_3.mat,train,21,43008
188_3_00022.png,BF014,188_3.mat,train,22,45056
188_3_00023.png,BF014,188_3.mat,train,23,47104
188_3_00024.png,BF014,188_3.mat,train,24,49152
188_3_00025.png,BF014,188_3.mat,train,25,51200
188_3_00026.png,BF014,188_3.mat,train,26,53248
188_3_00027.png,BF014,188_3.mat,train,27,55296
188_3_00028.png,BF014,188_3.mat,train,28,57344
188_3_00029.png,BF014,188_3.mat,train,29,59392
188_3_00030.png,BF014,188_3.mat,train,30,61440
188_3_00031.png,BF014,188_3.mat,train,31,63488
188_3_00032.png,BF014,188_3.mat,train,32,65536
188_3_00033.png,BF014,188_3.mat,train,33,67584
188_3_00034.png,BF014,188_3.mat,train,34,69632
188_3_00035.png,BF014,188_3.mat,train,35,71680
188_3_00036.png,BF014,188_3.mat,train,36,73728
188_3_00037.png,BF014,188_3.mat,train,37,75776
188_3_00038.png,BF014,188_3.mat,train,38,77824
188_3_00039.png,BF014,188_3.mat,train,39,79872
188_3_00040.png,BF014,188_3.mat,train,40,81920
188_3_00041.png,BF014,188_3.mat,train,41,83968
188_3_00042.png,BF014,188_3.mat,train,42,86016
188_3_00043.png,BF014,188_3.mat,train,43,88064
188_3_00044.png,BF014,188_3.mat,train,44,90112
188_3_00045.png,BF014,188_3.mat,train,45,92160
188_3_00046.png,BF014,188_3.mat,train,46,94208
188_3_00047.png,BF014,188_3.mat,train,47,96256
188_3_00048.png,BF014,188_3.mat,train,48,98304
188_3_00049.png,BF014,188_3.mat,train,49,100352
188_3_00050.png,BF014,188_3.mat,train,50,102400
188_3_00051.png,BF014,188_3.mat,train,51,104448
188_3_00052.png,BF014,188_3.mat,train,52,106496
188_3_00053.png,BF014,188_3.mat,train,53,108544
188_3_00054.png,BF014,188_3.mat,train,54,110592
188_3_00055.png,BF014,188_3.mat,train,55,112640
188_3_00056.png,BF014,188_3.mat,train,56,114688
188_3_00057.png,BF014,188_3.mat,train,57,116736
187_2_00000.png,BF014,187_2.mat,train,0,0
187_2_00001.png,BF014,187_2.mat,train,1,2048
187_2_00002.png,BF014,187_2.mat,train,2,4096
187_2_00003.png,BF014,187_2.mat,train,3,6144
187_2_00004.png,BF014,187_2.mat,train,4,8192
187_2_00005.png,BF014,187_2.mat,train,5,10240
187_2_00006.png,BF014,187_2.mat,train,6,12288
187_2_00007.png,BF014,187_2.mat,train,7,14336
187_2_00008.png,BF014,187_2.mat,train,8,16384
187_2_00009.png,BF014,187_2.mat,train,9,18432
187_2_00010.png,BF014,187_2.mat,train,10,20480
187_2_00011.png,BF014,187_2.mat,train,11,22528
187_2_00012.png,BF014,187_2.mat,train,12,24576
187_2_00013.png,BF014,187_2.mat,train,13,26624
187_2_00014.png,BF014,187_2.mat,train,14,28672
187_2_00015.png,BF014,187_2.mat,train,15,30720
187_2_00016.png,BF014,187_2.mat,train,16,32768
187_2_00017.png,BF014,187_2.mat,train,17,34816
187_2_00018.png,BF014,187_2.mat,train,18,36864
187_2_00019.png,BF014,187_2.mat,train,19,38912
187_2_00020.png,BF014,187_2.mat,train,20,40960
187_2_00021.png,BF014,187_2.mat,train,21,43008
187_2_00022.png,BF014,187_2.mat,train,22,45056
187_2_00023.png,BF014,187_2.mat,train,23,47104
187_2_00024.png,BF014,187_2.mat,train,24,49152
187_2_00025.png,BF014,187_2.mat,train,25,51200
187_2_00026.png,BF014,187_2.mat,train,26,53248
187_2_00027.png,BF014,187_2.mat,train,27,55296
187_2_00028.png,BF014,187_2.mat,train,28,57344
187_2_00029.png,BF014,187_2.mat,train,29,59392
187_2_00030.png,BF014,187_2.mat,train,30,61440
187_2_00031.png,BF014,187_2.mat,train,31,63488
187_2_00032.png,BF014,187_2.mat,train,32,65536
187_2_00033.png,BF014,187_2.mat,train,33,67584
187_2_00034.png,BF014,187_2.mat,train,34,69632
187_2_00035.png,BF014,187_2.mat,train,35,71680
187_2_00036.png,BF014,187_2.mat,train,36,73728
187_2_00037.png,BF014,187_2.mat,train,37,75776
187_2_00038.png,BF014,187_2.mat,train,38,77824
187_2_00039.png,BF014,187_2.mat,train,39,79872
187_2_00040.png,BF014,187_2.mat,train,40,81920
187_2_00041.png,BF014,187_2.mat,train,41,83968
187_2_00042.png,BF014,187_2.mat,train,42,86016
187_2_00043.png,BF014,187_2.mat,train,43,88064
187_2_00044.png,BF014,187_2.mat,train,44,90112
187_2_00045.png,BF014,187_2.mat,train,45,92160
187_2_00046.png,BF014,187_2.mat,train,46,94208
187_2_00047.png,BF014,187_2.mat,train,47,96256
187_2_00048.png,BF014,187_2.mat,train,48,98304
187_2_00049.png,BF014,187_2.mat,train,49,100352
187_2_00050.png,BF014,187_2.mat,train,50,102400
187_2_00051.png,BF014,187_2.mat,train,51,104448
187_2_00052.png,BF014,187_2.mat,train,52,106496
187_2_00053.png,BF014,187_2.mat,train,53,108544
187_2_00054.png,BF014,187_2.mat,train,54,110592
187_2_00055.png,BF014,187_2.mat,train,55,112640
187_2_00056.png,BF014,187_2.mat,train,56,114688
187_2_00057.png,BF014,187_2.mat,train,57,116736
223_1_00000.png,BF021,223_1.mat,train,0,0
223_1_00001.png,BF021,223_1.mat,train,1,2048
223_1_00002.png,BF021,223_1.mat,train,2,4096
223_1_00003.png,BF021,223_1.mat,train,3,6144
223_1_00004.png,BF021,223_1.mat,train,4,8192
223_1_00005.png,BF021,223_1.mat,train,5,10240
223_1_00006.png,BF021,223_1.mat,train,6,12288
223_1_00007.png,BF021,223_1.mat,train,7,14336
223_1_00008.png,BF021,223_1.mat,train,8,16384
223_1_00009.png,BF021,223_1.mat,train,9,18432
223_1_00010.png,BF021,223_1.mat,train,10,20480
223_1_00011.png,BF021,223_1.mat,train,11,22528
223_1_00012.png,BF021,223_1.mat,train,12,24576
223_1_00013.png,BF021,223_1.mat,train,13,26624
223_1_00014.png,BF021,223_1.mat,train,14,28672
223_1_00015.png,BF021,223_1.mat,train,15,30720
223_1_00016.png,BF021,223_1.mat,train,16,32768
223_1_00017.png,BF021,223_1.mat,train,17,34816
223_1_00018.png,BF021,223_1.mat,train,18,36864
223_1_00019.png,BF021,223_1.mat,train,19,38912
223_1_00020.png,BF021,223_1.mat,train,20,40960
223_1_00021.png,BF021,223_1.mat,train,21,43008
223_1_00022.png,BF021,223_1.mat,train,22,45056
223_1_00023.png,BF021,223_1.mat,train,23,47104
223_1_00024.png,BF021,223_1.mat,train,24,49152
223_1_00025.png,BF021,223_1.mat,train,25,51200
223_1_00026.png,BF021,223_1.mat,train,26,53248
223_1_00027.png,BF021,223_1.mat,train,27,55296
223_1_00028.png,BF021,223_1.mat,train,28,57344
223_1_00029.png,BF021,223_1.mat,train,29,59392
223_1_00030.png,BF021,223_1.mat,train,30,61440
223_1_00031.png,BF021,223_1.mat,train,31,63488
223_1_00032.png,BF021,223_1.mat,train,32,65536
223_1_00033.png,BF021,223_1.mat,train,33,67584
223_1_00034.png,BF021,223_1.mat,train,34,69632
223_1_00035.png,BF021,223_1.mat,train,35,71680
223_1_00036.png,BF021,223_1.mat,train,36,73728
223_1_00037.png,BF021,223_1.mat,train,37,75776
223_1_00038.png,BF021,223_1.mat,train,38,77824
223_1_00039.png,BF021,223_1.mat,train,39,79872
223_1_00040.png,BF021,223_1.mat,train,40,81920
223_1_00041.png,BF021,223_1.mat,train,41,83968
223_1_00042.png,BF021,223_1.mat,train,42,86016
223_1_00043.png,BF021,223_1.mat,train,43,88064
223_1_00044.png,BF021,223_1.mat,train,44,90112
223_1_00045.png,BF021,223_1.mat,train,45,92160
223_1_00046.png,BF021,223_1.mat,train,46,94208
223_1_00047.png,BF021,223_1.mat,train,47,96256
223_1_00048.png,BF021,223_1.mat,train,48,98304
223_1_00049.png,BF021,223_1.mat,train,49,100352
223_1_00050.png,BF021,223_1.mat,train,50,102400
223_1_00051.png,BF021,223_1.mat,train,51,104448
223_1_00052.png,BF021,223_1.mat,train,52,106496
223_1_00053.png,BF021,223_1.mat,train,53,108544
223_1_00054.png,BF021,223_1.mat,train,54,110592
223_1_00055.png,BF021,223_1.mat,train,55,112640
223_1_00056.png,BF021,223_1.mat,train,56,114688
223_1_00057.png,BF021,223_1.mat,train,57,116736
225_3_00000.png,BF021,225_3.mat,train,0,0
225_3_00001.png,BF021,225_3.mat,train,1,2048
225_3_00002.png,BF021,225_3.mat,train,2,4096
225_3_00003.png,BF021,225_3.mat,train,3,6144
225_3_00004.png,BF021,225_3.mat,train,4,8192
225_3_00005.png,BF021,225_3.mat,train,5,10240
225_3_00006.png,BF021,225_3.mat,train,6,12288
225_3_00007.png,BF021,225_3.mat,train,7,14336
225_3_00008.png,BF021,225_3.mat,train,8,16384
225_3_00009.png,BF021,225_3.mat,train,9,18432
225_3_00010.png,BF021,225_3.mat,train,10,20480
225_3_00011.png,BF021,225_3.mat,train,11,22528
225_3_00012.png,BF021,225_3.mat,train,12,24576
225_3_00013.png,BF021,225_3.mat,train,13,26624
225_3_00014.png,BF021,225_3.mat,train,14,28672
225_3_00015.png,BF021,225_3.mat,train,15,30720
225_3_00016.png,BF021,225_3.mat,train,16,32768
225_3_00017.png,BF021,225_3.mat,train,17,34816
225_3_00018.png,BF021,225_3.mat,train,18,36864
225_3_00019.png,BF021,225_3.mat,train,19,38912
225_3_00020.png,BF021,225_3.mat,train,20,40960
225_3_00021.png,BF021,225_3.mat,train,21,43008
225_3_00022.png,BF021,225_3.mat,train,22,45056
225_3_00023.png,BF021,225_3.mat,train,23,47104
225_3_00024.png,BF021,225_3.mat,train,24,49152
225_3_00025.png,BF021,225_3.mat,train,25,51200
225_3_00026.png,BF021,225_3.mat,train,26,53248
225_3_00027.png,BF021,225_3.mat,train,27,55296
225_3_00028.png,BF021,225_3.mat,train,28,57344
225_3_00029.png,BF021,225_3.mat,train,29,59392
225_3_00030.png,BF021,225_3.mat,train,30,61440
225_3_00031.png,BF021,225_3.mat,train,31,63488
225_3_00032.png,BF021,225_3.mat,train,32,65536
225_3_00033.png,BF021,225_3.mat,train,33,67584
225_3_00034.png,BF021,225_3.mat,train,34,69632
225_3_00035.png,BF021,225_3.mat,train,35,71680
225_3_00036.png,BF021,225_3.mat,train,36,73728
225_3_00037.png,BF021,225_3.mat,train,37,75776
225_3_00038.png,BF021,225_3.mat,train,38,77824
225_3_00039.png,BF021,225_3.mat,train,39,79872
225_3_00040.png,BF021,225_3.mat,train,40,81920
225_3_00041.png,BF021,225_3.mat,train,41,83968
225_3_00042.png,BF021,225_3.mat,train,42,86016
225_3_00043.png,BF021,225_3.mat,train,43,88064
225_3_00044.png,BF021,225_3.mat,train,44,90112
225_3_00045.png,BF021,225_3.mat,train,45,92160
225_3_00046.png,BF021,225_3.mat,train,46,94208
225_3_00047.png,BF021,225_3.mat,train,47,96256
225_3_00048.png,BF021,225_3.mat,train,48,98304
225_3_00049.png,BF021,225_3.mat,train,49,100352
225_3_00050.png,BF021,225_3.mat,train,50,102400
225_3_00051.png,BF021,225_3.mat,train,51,104448
225_3_00052.png,BF021,225_3.mat,train,52,106496
225_3_00053.png,BF021,225_3.mat,train,53,108544
225_3_00054.png,BF021,225_3.mat,train,54,110592
225_3_00055.png,BF021,225_3.mat,train,55,112640
225_3_00056.png,BF021,225_3.mat,train,56,114688
225_3_00057.png,BF021,225_3.mat,train,57,116736
106_1_00000.png,IF007,106_1.mat,train,0,0
106_1_00001.png,IF007,106_1.mat,train,1,2048
106_1_00002.png,IF007,106_1.mat,train,2,4096
106_1_00003.png,IF007,106_1.mat,train,3,6144
106_1_00004.png,IF007,106_1.mat,train,4,8192
106_1_00005.png,IF007,106_1.mat,train,5,10240
106_1_00006.png,IF007,106_1.mat,train,6,12288
106_1_00007.png,IF007,106_1.mat,train,7,14336
106_1_00008.png,IF007,106_1.mat,train,8,16384
106_1_00009.png,IF007,106_1.mat,train,9,18432
106_1_00010.png,IF007,106_1.mat,train,10,20480
106_1_00011.png,IF007,106_1.mat,train,11,22528
106_1_00012.png,IF007,106_1.mat,train,12,24576
106_1_00013.png,IF007,106_1.mat,train,13,26624
106_1_00014.png,IF007,106_1.mat,train,14,28672
106_1_00015.png,IF007,106_1.mat,train,15,30720
106_1_00016.png,IF007,106_1.mat,train,16,32768
106_1_00017.png,IF007,106_1.mat,train,17,34816
106_1_00018.png,IF007,106_1.mat,train,18,36864
106_1_00019.png,IF007,106_1.mat,train,19,38912
106_1_00020.png,IF007,106_1.mat,train,20,40960
106_1_00021.png,IF007,106_1.mat,train,21,43008
106_1_00022.png,IF007,106_1.mat,train,22,45056
106_1_00023.png,IF007,106_1.mat,train,23,47104
106_1_00024.png,IF007,106_1.mat,train,24,49152
106_1_00025.png,IF007,106_1.mat,train,25,51200
106_1_00026.png,IF007,106_1.mat,train,26,53248
106_1_00027.png,IF007,106_1.mat,train,27,55296
106_1_00028.png,IF007,106_1.mat,train,28,57344
106_1_00029.png,IF007,106_1.mat,train,29,59392
106_1_00030.png,IF007,106_1.mat,train,30,61440
106_1_00031.png,IF007,106_1.mat,train,31,63488
106_1_00032.png,IF007,106_1.mat,train,32,65536
106_1_00033.png,IF007,106_1.mat,train,33,67584
106_1_00034.png,IF007,106_1.mat,train,34,69632
106_1_00035.png,IF007,106_1.mat,train,35,71680
106_1_00036.png,IF007,106_1.mat,train,36,73728
106_1_00037.png,IF007,106_1.mat,train,37,75776
106_1_00038.png,IF007,106_1.mat,train,38,77824
106_1_00039.png,IF007,106_1.mat,train,39,79872
106_1_00040.png,IF007,106_1.mat,train,40,81920
106_1_00041.png,IF007,106_1.mat,train,41,83968
106_1_00042.png,IF007,106_1.mat,train,42,86016
106_1_00043.png,IF007,106_1.mat,train,43,88064
106_1_00044.png,IF007,106_1.mat,train,44,90112
106_1_00045.png,IF007,106_1.mat,train,45,92160
106_1_00046.png,IF007,106_1.mat,train,46,94208
106_1_00047.png,IF007,106_1.mat,train,47,96256
106_1_00048.png,IF007,106_1.mat,train,48,98304
106_1_00049.png,IF007,106_1.mat,train,49,100352
106_1_00050.png,IF007,106_1.mat,train,50,102400
106_1_00051.png,IF007,106_1.mat,train,51,104448
106_1_00052.png,IF007,106_1.mat,train,52,106496
106_1_00053.png,IF007,106_1.mat,train,53,108544
106_1_00054.png,IF007,106_1.mat,train,54,110592
106_1_00055.png,IF007,106_1.mat,train,55,112640
106_1_00056.png,IF007,106_1.mat,train,56,114688
106_1_00057.png,IF007,106_1.mat,train,57,116736
107_2_00000.png,IF007,107_2.mat,train,0,0
107_2_00001.png,IF007,107_2.mat,train,1,2048
107_2_00002.png,IF007,107_2.mat,train,2,4096
107_2_00003.png,IF007,107_2.mat,train,3,6144
107_2_00004.png,IF007,107_2.mat,train,4,8192
107_2_00005.png,IF007,107_2.mat,train,5,10240
107_2_00006.png,IF007,107_2.mat,train,6,12288
107_2_00007.png,IF007,107_2.mat,train,7,14336
107_2_00008.png,IF007,107_2.mat,train,8,16384
107_2_00009.png,IF007,107_2.mat,train,9,18432
107_2_00010.png,IF007,107_2.mat,train,10,20480
107_2_00011.png,IF007,107_2.mat,train,11,22528
107_2_00012.png,IF007,107_2.mat,train,12,24576
107_2_00013.png,IF007,107_2.mat,train,13,26624
107_2_00014.png,IF007,107_2.mat,train,14,28672
107_2_00015.png,IF007,107_2.mat,train,15,30720
107_2_00016.png,IF007,107_2.mat,train,16,32768
107_2_00017.png,IF007,107_2.mat,train,17,34816
107_2_00018.png,IF007,107_2.mat,train,18,36864
107_2_00019.png,IF007,107_2.mat,train,19,38912
107_2_00020.png,IF007,107_2.mat,train,20,40960
107_2_00021.png,IF007,107_2.mat,train,21,43008
107_2_00022.png,IF007,107_2.mat,train,22,45056
107_2_00023.png,IF007,107_2.mat,train,23,47104
107_2_00024.png,IF007,107_2.mat,train,24,49152
107_2_00025.png,IF007,107_2.mat,train,25,51200
107_2_00026.png,IF007,107_2.mat,train,26,53248
107_2_00027.png,IF007,107_2.mat,train,27,55296
107_2_00028.png,IF007,107_2.mat,train,28,57344
107_2_00029.png,IF007,107_2.mat,train,29,59392
107_2_00030.png,IF007,107_2.mat,train,30,61440
107_2_00031.png,IF007,107_2.mat,train,31,63488
107_2_00032.png,IF007,107_2.mat,train,32,65536
107_2_00033.png,IF007,107_2.mat,train,33,67584
107_2_00034.png,IF007,107_2.mat,train,34,69632
107_2_00035.png,IF007,107_2.mat,train,35,71680
107_2_00036.png,IF007,107_2.mat,train,36,73728
107_2_00037.png,IF007,107_2.mat,train,37,75776
107_2_00038.png,IF007,107_2.mat,train,38,77824
107_2_00039.png,IF007,107_2.mat,train,39,79872
107_2_00040.png,IF007,107_2.mat,train,40,81920
107_2_00041.png,IF007,107_2.mat,train,41,83968
107_2_00042.png,IF007,107_2.mat,train,42,86016
107_2_00043.png,IF007,107_2.mat,train,43,88064
107_2_00044.png,IF007,107_2.mat,train,44,90112
107_2_00045.png,IF007,107_2.mat,train,45,92160
107_2_00046.png,IF007,107_2.mat,train,46,94208
107_2_00047.png,IF007,107_2.mat,train,47,96256
107_2_00048.png,IF007,107_2.mat,train,48,98304
107_2_00049.png,IF007,107_2.mat,train,49,100352
107_2_00050.png,IF007,107_2.mat,train,50,102400
107_2_00051.png,IF007,107_2.mat,train,51,104448
107_2_00052.png,IF007,107_2.mat,train,52,106496
107_2_00053.png,IF007,107_2.mat,train,53,108544
107_2_00054.png,IF007,107_2.mat,train,54,110592
107_2_00055.png,IF007,107_2.mat,train,55,112640
107_2_00056.png,IF007,107_2.mat,train,56,114688
107_2_00057.png,IF007,107_2.mat,train,57,116736
170_1_00000.png,IF014,170_1.mat,train,0,0
170_1_00001.png,IF014,170_1.mat,train,1,2048
170_1_00002.png,IF014,170_1.mat,train,2,4096
170_1_00003.png,IF014,170_1.mat,train,3,6144
170_1_00004.png,IF014,170_1.mat,train,4,8192
170_1_00005.png,IF014,170_1.mat,train,5,10240
170_1_00006.png,IF014,170_1.mat,train,6,12288
170_1_00007.png,IF014,170_1.mat,train,7,14336
170_1_00008.png,IF014,170_1.mat,train,8,16384
170_1_00009.png,IF014,170_1.mat,train,9,18432
170_1_00010.png,IF014,170_1.mat,train,10,20480
170_1_00011.png,IF014,170_1.mat,train,11,22528
170_1_00012.png,IF014,170_1.mat,train,12,24576
170_1_00013.png,IF014,170_1.mat,train,13,26624
170_1_00014.png,IF014,170_1.mat,train,14,28672
170_1_00015.png,IF014,170_1.mat,train,15,30720
170_1_00016.png,IF014,170_1.mat,train,16,32768
170_1_00017.png,IF014,170_1.mat,train,17,34816
170_1_00018.png,IF014,170_1.mat,train,18,36864
170_1_00019.png,IF014,170_1.mat,train,19,38912
170_1_00020.png,IF014,170_1.mat,train,20,40960
170_1_00021.png,IF014,170_1.mat,train,21,43008
170_1_00022.png,IF014,170_1.mat,train,22,45056
170_1_00023.png,IF014,170_1.mat,train,23,47104
170_1_00024.png,IF014,170_1.mat,train,24,49152
170_1_00025.png,IF014,170_1.mat,train,25,51200
170_1_00026.png,IF014,170_1.mat,train,26,53248
170_1_00027.png,IF014,170_1.mat,train,27,55296
170_1_00028.png,IF014,170_1.mat,train,28,57344
170_1_00029.png,IF014,170_1.mat,train,29,59392
170_1_00030.png,IF014,170_1.mat,train,30,61440
170_1_00031.png,IF014,170_1.mat,train,31,63488
170_1_00032.png,IF014,170_1.mat,train,32,65536
170_1_00033.png,IF014,170_1.mat,train,33,67584
170_1_00034.png,IF014,170_1.mat,train,34,69632
170_1_00035.png,IF014,170_1.mat,train,35,71680
170_1_00036.png,IF014,170_1.mat,train,36,73728
170_1_00037.png,IF014,170_1.mat,train,37,75776
170_1_00038.png,IF014,170_1.mat,train,38,77824
170_1_00039.png,IF014,170_1.mat,train,39,79872
170_1_00040.png,IF014,170_1.mat,train,40,81920
170_1_00041.png,IF014,170_1.mat,train,41,83968
170_1_00042.png,IF014,170_1.mat,train,42,86016
170_1_00043.png,IF014,170_1.mat,train,43,88064
170_1_00044.png,IF014,170_1.mat,train,44,90112
170_1_00045.png,IF014,170_1.mat,train,45,92160
170_1_00046.png,IF014,170_1.mat,train,46,94208
170_1_00047.png,IF014,170_1.mat,train,47,96256
170_1_00048.png,IF014,170_1.mat,train,48,98304
170_1_00049.png,IF014,170_1.mat,train,49,100352
170_1_00050.png,IF014,170_1.mat,train,50,102400
170_1_00051.png,IF014,170_1.mat,train,51,104448
170_1_00052.png,IF014,170_1.mat,train,52,106496
170_1_00053.png,IF014,170_1.mat,train,53,108544
170_1_00054.png,IF014,170_1.mat,train,54,110592
170_1_00055.png,IF014,170_1.mat,train,55,112640
170_1_00056.png,IF014,170_1.mat,train,56,114688
170_1_00057.png,IF014,170_1.mat,train,57,116736
171_2_00000.png,IF014,171_2.mat,train,0,0
171_2_00001.png,IF014,171_2.mat,train,1,2048
171_2_00002.png,IF014,171_2.mat,train,2,4096
171_2_00003.png,IF014,171_2.mat,train,3,6144
171_2_00004.png,IF014,171_2.mat,train,4,8192
171_2_00005.png,IF014,171_2.mat,train,5,10240
171_2_00006.png,IF014,171_2.mat,train,6,12288
171_2_00007.png,IF014,171_2.mat,train,7,14336
171_2_00008.png,IF014,171_2.mat,train,8,16384
171_2_00009.png,IF014,171_2.mat,train,9,18432
171_2_00010.png,IF014,171_2.mat,train,10,20480
171_2_00011.png,IF014,171_2.mat,train,11,22528
171_2_00012.png,IF014,171_2.mat,train,12,24576
171_2_00013.png,IF014,171_2.mat,train,13,26624
171_2_00014.png,IF014,171_2.mat,train,14,28672
171_2_00015.png,IF014,171_2.mat,train,15,30720
171_2_00016.png,IF014,171_2.mat,train,16,32768
171_2_00017.png,IF014,171_2.mat,train,17,34816
171_2_00018.png,IF014,171_2.mat,train,18,36864
171_2_00019.png,IF014,171_2.mat,train,19,38912
171_2_00020.png,IF014,171_2.mat,train,20,40960
171_2_00021.png,IF014,171_2.mat,train,21,43008
171_2_00022.png,IF014,171_2.mat,train,22,45056
171_2_00023.png,IF014,171_2.mat,train,23,47104
171_2_00024.png,IF014,171_2.mat,train,24,49152
171_2_00025.png,IF014,171_2.mat,train,25,51200
171_2_00026.png,IF014,171_2.mat,train,26,53248
171_2_00027.png,IF014,171_2.mat,train,27,55296
171_2_00028.png,IF014,171_2.mat,train,28,57344
171_2_00029.png,IF014,171_2.mat,train,29,59392
171_2_00030.png,IF014,171_2.mat,train,30,61440
171_2_00031.png,IF014,171_2.mat,train,31,63488
171_2_00032.png,IF014,171_2.mat,train,32,65536
171_2_00033.png,IF014,171_2.mat,train,33,67584
171_2_00034.png,IF014,171_2.mat,train,34,69632
171_2_00035.png,IF014,171_2.mat,train,35,71680
171_2_00036.png,IF014,171_2.mat,train,36,73728
171_2_00037.png,IF014,171_2.mat,train,37,75776
171_2_00038.png,IF014,171_2.mat,train,38,77824
171_2_00039.png,IF014,171_2.mat,train,39,79872
171_2_00040.png,IF014,171_2.mat,train,40,81920
171_2_00041.png,IF014,171_2.mat,train,41,83968
171_2_00042.png,IF014,171_2.mat,train,42,86016
171_2_00043.png,IF014,171_2.mat,train,43,88064
171_2_00044.png,IF014,171_2.mat,train,44,90112
171_2_00045.png,IF014,171_2.mat,train,45,92160
171_2_00046.png,IF014,171_2.mat,train,46,94208
171_2_00047.png,IF014,171_2.mat,train,47,96256
171_2_00048.png,IF014,171_2.mat,train,48,98304
171_2_00049.png,IF014,171_2.mat,train,49,100352
171_2_00050.png,IF014,171_2.mat,train,50,102400
171_2_00051.png,IF014,171_2.mat,train,51,104448
171_2_00052.png,IF014,171_2.mat,train,52,106496
171_2_00053.png,IF014,171_2.mat,train,53,108544
171_2_00054.png,IF014,171_2.mat,train,54,110592
171_2_00055.png,IF014,171_2.mat,train,55,112640
171_2_00056.png,IF014,171_2.mat,train,56,114688
171_2_00057.png,IF014,171_2.mat,train,57,116736
210_1_00000.png,IF021,210_1.mat,train,0,0
210_1_00001.png,IF021,210_1.mat,train,1,2048
210_1_00002.png,IF021,210_1.mat,train,2,4096
210_1_00003.png,IF021,210_1.mat,train,3,6144
210_1_00004.png,IF021,210_1.mat,train,4,8192
210_1_00005.png,IF021,210_1.mat,train,5,10240
210_1_00006.png,IF021,210_1.mat,train,6,12288
210_1_00007.png,IF021,210_1.mat,train,7,14336
210_1_00008.png,IF021,210_1.mat,train,8,16384
210_1_00009.png,IF021,210_1.mat,train,9,18432
210_1_00010.png,IF021,210_1.mat,train,10,20480
210_1_00011.png,IF021,210_1.mat,train,11,22528
210_1_00012.png,IF021,210_1.mat,train,12,24576
210_1_00013.png,IF021,210_1.mat,train,13,26624
210_1_00014.png,IF021,210_1.mat,train,14,28672
210_1_00015.png,IF021,210_1.mat,train,15,30720
210_1_00016.png,IF021,210_1.mat,train,16,32768
210_1_00017.png,IF021,210_1.mat,train,17,34816
210_1_00018.png,IF021,210_1.mat,train,18,36864
210_1_00019.png,IF021,210_1.mat,train,19,38912
210_1_00020.png,IF021,210_1.mat,train,20,40960
210_1_00021.png,IF021,210_1.mat,train,21,43008
210_1_00022.png,IF021,210_1.mat,train,22,45056
210_1_00023.png,IF021,210_1.mat,train,23,47104
210_1_00024.png,IF021,210_1.mat,train,24,49152
210_1_00025.png,IF021,210_1.mat,train,25,51200
210_1_00026.png,IF021,210_1.mat,train,26,53248
210_1_00027.png,IF021,210_1.mat,train,27,55296
210_1_00028.png,IF021,210_1.mat,train,28,57344
210_1_00029.png,IF021,210_1.mat,train,29,59392
210_1_00030.png,IF021,210_1.mat,train,30,61440
210_1_00031.png,IF021,210_1.mat,train,31,63488
210_1_00032.png,IF021,210_1.mat,train,32,65536
210_1_00033.png,IF021,210_1.mat,train,33,67584
210_1_00034.png,IF021,210_1.mat,train,34,69632
210_1_00035.png,IF021,210_1.mat,train,35,71680
210_1_00036.png,IF021,210_1.mat,train,36,73728
210_1_00037.png,IF021,210_1.mat,train,37,75776
210_1_00038.png,IF021,210_1.mat,train,38,77824
210_1_00039.png,IF021,210_1.mat,train,39,79872
210_1_00040.png,IF021,210_1.mat,train,40,81920
210_1_00041.png,IF021,210_1.mat,train,41,83968
210_1_00042.png,IF021,210_1.mat,train,42,86016
210_1_00043.png,IF021,210_1.mat,train,43,88064
210_1_00044.png,IF021,210_1.mat,train,44,90112
210_1_00045.png,IF021,210_1.mat,train,45,92160
210_1_00046.png,IF021,210_1.mat,train,46,94208
210_1_00047.png,IF021,210_1.mat,train,47,96256
210_1_00048.png,IF021,210_1.mat,train,48,98304
210_1_00049.png,IF021,210_1.mat,train,49,100352
210_1_00050.png,IF021,210_1.mat,train,50,102400
210_1_00051.png,IF021,210_1.mat,train,51,104448
210_1_00052.png,IF021,210_1.mat,train,52,106496
210_1_00053.png,IF021,210_1.mat,train,53,108544
210_1_00054.png,IF021,210_1.mat,train,54,110592
210_1_00055.png,IF021,210_1.mat,train,55,112640
210_1_00056.png,IF021,210_1.mat,train,56,114688
210_1_00057.png,IF021,210_1.mat,train,57,116736
212_3_00000.png,IF021,212_3.mat,train,0,0
212_3_00001.png,IF021,212_3.mat,train,1,2048
212_3_00002.png,IF021,212_3.mat,train,2,4096
212_3_00003.png,IF021,212_3.mat,train,3,6144
212_3_00004.png,IF021,212_3.mat,train,4,8192
212_3_00005.png,IF021,212_3.mat,train,5,10240
212_3_00006.png,IF021,212_3.mat,train,6,12288
212_3_00007.png,IF021,212_3.mat,train,7,14336
212_3_00008.png,IF021,212_3.mat,train,8,16384
212_3_00009.png,IF021,212_3.mat,train,9,18432
212_3_00010.png,IF021,212_3.mat,train,10,20480
212_3_00011.png,IF021,212_3.mat,train,11,22528
212_3_00012.png,IF021,212_3.mat,train,12,24576
212_3_00013.png,IF021,212_3.mat,train,13,26624
212_3_00014.png,IF021,212_3.mat,train,14,28672
212_3_00015.png,IF021,212_3.mat,train,15,30720
212_3_00016.png,IF021,212_3.mat,train,16,32768
212_3_00017.png,IF021,212_3.mat,train,17,34816
212_3_00018.png,IF021,212_3.mat,train,18,36864
212_3_00019.png,IF021,212_3.mat,train,19,38912
212_3_00020.png,IF021,212_3.mat,train,20,40960
212_3_00021.png,IF021,212_3.mat,train,21,43008
212_3_00022.png,IF021,212_3.mat,train,22,45056
212_3_00023.png,IF021,212_3.mat,train,23,47104
212_3_00024.png,IF021,212_3.mat,train,24,49152
212_3_00025.png,IF021,212_3.mat,train,25,51200
212_3_00026.png,IF021,212_3.mat,train,26,53248
212_3_00027.png,IF021,212_3.mat,train,27,55296
212_3_00028.png,IF021,212_3.mat,train,28,57344
212_3_00029.png,IF021,212_3.mat,train,29,59392
212_3_00030.png,IF021,212_3.mat,train,30,61440
212_3_00031.png,IF021,212_3.mat,train,31,63488
212_3_00032.png,IF021,212_3.mat,train,32,65536
212_3_00033.png,IF021,212_3.mat,train,33,67584
212_3_00034.png,IF021,212_3.mat,train,34,69632
212_3_00035.png,IF021,212_3.mat,train,35,71680
212_3_00036.png,IF021,212_3.mat,train,36,73728
212_3_00037.png,IF021,212_3.mat,train,37,75776
212_3_00038.png,IF021,212_3.mat,train,38,77824
212_3_00039.png,IF021,212_3.mat,train,39,79872
212_3_00040.png,IF021,212_3.mat,train,40,81920
212_3_00041.png,IF021,212_3.mat,train,41,83968
212_3_00042.png,IF021,212_3.mat,train,42,86016
212_3_00043.png,IF021,212_3.mat,train,43,88064
212_3_00044.png,IF021,212_3.mat,train,44,90112
212_3_00045.png,IF021,212_3.mat,train,45,92160
212_3_00046.png,IF021,212_3.mat,train,46,94208
212_3_00047.png,IF021,212_3.mat,train,47,96256
212_3_00048.png,IF021,212_3.mat,train,48,98304
212_3_00049.png,IF021,212_3.mat,train,49,100352
212_3_00050.png,IF021,212_3.mat,train,50,102400
212_3_00051.png,IF021,212_3.mat,train,51,104448
212_3_00052.png,IF021,212_3.mat,train,52,106496
212_3_00053.png,IF021,212_3.mat,train,53,108544
212_3_00054.png,IF021,212_3.mat,train,54,110592
212_3_00055.png,IF021,212_3.mat,train,55,112640
212_3_00056.png,IF021,212_3.mat,train,56,114688
212_3_00057.png,IF021,212_3.mat,train,57,116736
98_Normal_1_00000.png,Normal,98_Normal_1.mat,train,0,0
98_Normal_1_00001.png,Normal,98_Normal_1.mat,train,1,2048
98_Normal_1_00002.png,Normal,98_Normal_1.mat,train,2,4096
98_Normal_1_00003.png,Normal,98_Normal_1.mat,train,3,6144
98_Normal_1_00004.png,Normal,98_Normal_1.mat,train,4,8192
98_Normal_1_00005.png,Normal,98_Normal_1.mat,train,5,10240
98_Normal_1_00006.png,Normal,98_Normal_1.mat,train,6,12288
98_Normal_1_00007.png,Normal,98_Normal_1.mat,train,7,14336
98_Normal_1_00008.png,Normal,98_Normal_1.mat,train,8,16384
98_Normal_1_00009.png,Normal,98_Normal_1.mat,train,9,18432
98_Normal_1_00010.png,Normal,98_Normal_1.mat,train,10,20480
98_Normal_1_00011.png,Normal,98_Normal_1.mat,train,11,22528
98_Normal_1_00012.png,Normal,98_Normal_1.mat,train,12,24576
98_Normal_1_00013.png,Normal,98_Normal_1.mat,train,13,26624
98_Normal_1_00014.png,Normal,98_Normal_1.mat,train,14,28672
98_Normal_1_00015.png,Normal,98_Normal_1.mat,train,15,30720
98_Normal_1_00016.png,Normal,98_Normal_1.mat,train,16,32768
98_Normal_1_00017.png,Normal,98_Normal_1.mat,train,17,34816
98_Normal_1_00018.png,Normal,98_Normal_1.mat,train,18,36864
98_Normal_1_00019.png,Normal,98_Normal_1.mat,train,19,38912
98_Normal_1_00020.png,Normal,98_Normal_1.mat,train,20,40960
98_Normal_1_00021.png,Normal,98_Normal_1.mat,train,21,43008
98_Normal_1_00022.png,Normal,98_Normal_1.mat,train,22,45056
98_Normal_1_00023.png,Normal,98_Normal_1.mat,train,23,47104
98_Normal_1_00024.png,Normal,98_Normal_1.mat,train,24,49152
98_Normal_1_00025.png,Normal,98_Normal_1.mat,train,25,51200
98_Normal_1_00026.png,Normal,98_Normal_1.mat,train,26,53248
98_Normal_1_00027.png,Normal,98_Normal_1.mat,train,27,55296
98_Normal_1_00028.png,Normal,98_Normal_1.mat,train,28,57344
98_Normal_1_00029.png,Normal,98_Normal_1.mat,train,29,59392
98_Normal_1_00030.png,Normal,98_Normal_1.mat,train,30,61440
98_Normal_1_00031.png,Normal,98_Normal_1.mat,train,31,63488
98_Normal_1_00032.png,Normal,98_Normal_1.mat,train,32,65536
98_Normal_1_00033.png,Normal,98_Normal_1.mat,train,33,67584
98_Normal_1_00034.png,Normal,98_Normal_1.mat,train,34,69632
98_Normal_1_00035.png,Normal,98_Normal_1.mat,train,35,71680
98_Normal_1_00036.png,Normal,98_Normal_1.mat,train,36,73728
98_Normal_1_00037.png,Normal,98_Normal_1.mat,train,37,75776
98_Normal_1_00038.png,Normal,98_Normal_1.mat,train,38,77824
98_Normal_1_00039.png,Normal,98_Normal_1.mat,train,39,79872
98_Normal_1_00040.png,Normal,98_Normal_1.mat,train,40,81920
98_Normal_1_00041.png,Normal,98_Normal_1.mat,train,41,83968
98_Normal_1_00042.png,Normal,98_Normal_1.mat,train,42,86016
98_Normal_1_00043.png,Normal,98_Normal_1.mat,train,43,88064
98_Normal_1_00044.png,Normal,98_Normal_1.mat,train,44,90112
98_Normal_1_00045.png,Normal,98_Normal_1.mat,train,45,92160
98_Normal_1_00046.png,Normal,98_Normal_1.mat,train,46,94208
98_Normal_1_00047.png,Normal,98_Normal_1.mat,train,47,96256
98_Normal_1_00048.png,Normal,98_Normal_1.mat,train,48,98304
98_Normal_1_00049.png,Normal,98_Normal_1.mat,train,49,100352
98_Normal_1_00050.png,Normal,98_Normal_1.mat,train,50,102400
98_Normal_1_00051.png,Normal,98_Normal_1.mat,train,51,104448
98_Normal_1_00052.png,Normal,98_Normal_1.mat,train,52,106496
98_Normal_1_00053.png,Normal,98_Normal_1.mat,train,53,108544
98_Normal_1_00054.png,Normal,98_Normal_1.mat,train,54,110592
98_Normal_1_00055.png,Normal,98_Normal_1.mat,train,55,112640
98_Normal_1_00056.png,Normal,98_Normal_1.mat,train,56,114688
98_Normal_1_00057.png,Normal,98_Normal_1.mat,train,57,116736
98_Normal_1_00058.png,Normal,98_Normal_1.mat,train,58,118784
98_Normal_1_00059.png,Normal,98_Normal_1.mat,train,59,120832
98_Normal_1_00060.png,Normal,98_Normal_1.mat,train,60,122880
98_Normal_1_00061.png,Normal,98_Normal_1.mat,train,61,124928
98_Normal_1_00062.png,Normal,98_Normal_1.mat,train,62,126976
98_Normal_1_00063.png,Normal,98_Normal_1.mat,train,63,129024
98_Normal_1_00064.png,Normal,98_Normal_1.mat,train,64,131072
98_Normal_1_00065.png,Normal,98_Normal_1.mat,train,65,133120
98_Normal_1_00066.png,Normal,98_Normal_1.mat,train,66,135168
98_Normal_1_00067.png,Normal,98_Normal_1.mat,train,67,137216
98_Normal_1_00068.png,Normal,98_Normal_1.mat,train,68,139264
98_Normal_1_00069.png,Normal,98_Normal_1.mat,train,69,141312
98_Normal_1_00070.png,Normal,98_Normal_1.mat,train,70,143360
98_Normal_1_00071.png,Normal,98_Normal_1.mat,train,71,145408
98_Normal_1_00072.png,Normal,98_Normal_1.mat,train,72,147456
98_Normal_1_00073.png,Normal,98_Normal_1.mat,train,73,149504
98_Normal_1_00074.png,Normal,98_Normal_1.mat,train,74,151552
98_Normal_1_00075.png,Normal,98_Normal_1.mat,train,75,153600
98_Normal_1_00076.png,Normal,98_Normal_1.mat,train,76,155648
98_Normal_1_00077.png,Normal,98_Normal_1.mat,train,77,157696
98_Normal_1_00078.png,Normal,98_Normal_1.mat,train,78,159744
98_Normal_1_00079.png,Normal,98_Normal_1.mat,train,79,161792
98_Normal_1_00080.png,Normal,98_Normal_1.mat,train,80,163840
98_Normal_1_00081.png,Normal,98_Normal_1.mat,train,81,165888
98_Normal_1_00082.png,Normal,98_Normal_1.mat,train,82,167936
98_Normal_1_00083.png,Normal,98_Normal_1.mat,train,83,169984
98_Normal_1_00084.png,Normal,98_Normal_1.mat,train,84,172032
98_Normal_1_00085.png,Normal,98_Normal_1.mat,train,85,174080
98_Normal_1_00086.png,Normal,98_Normal_1.mat,train,86,176128
98_Normal_1_00087.png,Normal,98_Normal_1.mat,train,87,178176
98_Normal_1_00088.png,Normal,98_Normal_1.mat,train,88,180224
98_Normal_1_00089.png,Normal,98_Normal_1.mat,train,89,182272
98_Normal_1_00090.png,Normal,98_Normal_1.mat,train,90,184320
98_Normal_1_00091.png,Normal,98_Normal_1.mat,train,91,186368
98_Normal_1_00092.png,Normal,98_Normal_1.mat,train,92,188416
98_Normal_1_00093.png,Normal,98_Normal_1.mat,train,93,190464
98_Normal_1_00094.png,Normal,98_Normal_1.mat,train,94,192512
98_Normal_1_00095.png,Normal,98_Normal_1.mat,train,95,194560
98_Normal_1_00096.png,Normal,98_Normal_1.mat,train,96,196608
98_Normal_1_00097.png,Normal,98_Normal_1.mat,train,97,198656
98_Normal_1_00098.png,Normal,98_Normal_1.mat,train,98,200704
98_Normal_1_00099.png,Normal,98_Normal_1.mat,train,99,202752
98_Normal_1_00100.png,Normal,98_Normal_1.mat,train,100,204800
98_Normal_1_00101.png,Normal,98_Normal_1.mat,train,101,206848
98_Normal_1_00102.png,Normal,98_Normal_1.mat,train,102,208896
98_Normal_1_00103.png,Normal,98_Normal_1.mat,train,103,210944
98_Normal_1_00104.png,Normal,98_Normal_1.mat,train,104,212992
98_Normal_1_00105.png,Normal,98_Normal_1.mat,train,105,215040
98_Normal_1_00106.png,Normal,98_Normal_1.mat,train,106,217088
98_Normal_1_00107.png,Normal,98_Normal_1.mat,train,107,219136
98_Normal_1_00108.png,Normal,98_Normal_1.mat,train,108,221184
98_Normal_1_00109.png,Normal,98_Normal_1.mat,train,109,223232
98_Normal_1_00110.png,Normal,98_Normal_1.mat,train,110,225280
98_Normal_1_00111.png,Normal,98_Normal_1.mat,train,111,227328
98_Normal_1_00112.png,Normal,98_Normal_1.mat,train,112,229376
98_Normal_1_00113.png,Normal,98_Normal_1.mat,train,113,231424
98_Normal_1_00114.png,Normal,98_Normal_1.mat,train,114,233472
98_Normal_1_00115.png,Normal,98_Normal_1.mat,train,115,235520
98_Normal_1_00116.png,Normal,98_Normal_1.mat,train,116,237568
98_Normal_1_00117.png,Normal,98_Normal_1.mat,train,117,239616
98_Normal_1_00118.png,Normal,98_Normal_1.mat,train,118,241664
98_Normal_1_00119.png,Normal,98_Normal_1.mat,train,119,243712
98_Normal_1_00120.png,Normal,98_Normal_1.mat,train,120,245760
98_Normal_1_00121.png,Normal,98_Normal_1.mat,train,121,247808
98_Normal_1_00122.png,Normal,98_Normal_1.mat,train,122,249856
98_Normal_1_00123.png,Normal,98_Normal_1.mat,train,123,251904
98_Normal_1_00124.png,Normal,98_Normal_1.mat,train,124,253952
98_Normal_1_00125.png,Normal,98_Normal_1.mat,train,125,256000
98_Normal_1_00126.png,Normal,98_Normal_1.mat,train,126,258048
98_Normal_1_00127.png,Normal,98_Normal_1.mat,train,127,260096
98_Normal_1_00128.png,Normal,98_Normal_1.mat,train,128,262144
98_Normal_1_00129.png,Normal,98_Normal_1.mat,train,129,264192
98_Normal_1_00130.png,Normal,98_Normal_1.mat,train,130,266240
98_Normal_1_00131.png,Normal,98_Normal_1.mat,train,131,268288
98_Normal_1_00132.png,Normal,98_Normal_1.mat,train,132,270336
98_Normal_1_00133.png,Normal,98_Normal_1.mat,train,133,272384
98_Normal_1_00134.png,Normal,98_Normal_1.mat,train,134,274432
98_Normal_1_00135.png,Normal,98_Normal_1.mat,train,135,276480
98_Normal_1_00136.png,Normal,98_Normal_1.mat,train,136,278528
98_Normal_1_00137.png,Normal,98_Normal_1.mat,train,137,280576
98_Normal_1_00138.png,Normal,98_Normal_1.mat,train,138,282624
98_Normal_1_00139.png,Normal,98_Normal_1.mat,train,139,284672
98_Normal_1_00140.png,Normal,98_Normal_1.mat,train,140,286720
98_Normal_1_00141.png,Normal,98_Normal_1.mat,train,141,288768
98_Normal_1_00142.png,Normal,98_Normal_1.mat,train,142,290816
98_Normal_1_00143.png,Normal,98_Normal_1.mat,train,143,292864
98_Normal_1_00144.png,Normal,98_Normal_1.mat,train,144,294912
98_Normal_1_00145.png,Normal,98_Normal_1.mat,train,145,296960
98_Normal_1_00146.png,Normal,98_Normal_1.mat,train,146,299008
98_Normal_1_00147.png,Normal,98_Normal_1.mat,train,147,301056
98_Normal_1_00148.png,Normal,98_Normal_1.mat,train,148,303104
98_Normal_1_00149.png,Normal,98_Normal_1.mat,train,149,305152
98_Normal_1_00150.png,Normal,98_Normal_1.mat,train,150,307200
98_Normal_1_00151.png,Normal,98_Normal_1.mat,train,151,309248
98_Normal_1_00152.png,Normal,98_Normal_1.mat,train,152,311296
98_Normal_1_00153.png,Normal,98_Normal_1.mat,train,153,313344
98_Normal_1_00154.png,Normal,98_Normal_1.mat,train,154,315392
98_Normal_1_00155.png,Normal,98_Normal_1.mat,train,155,317440
98_Normal_1_00156.png,Normal,98_Normal_1.mat,train,156,319488
98_Normal_1_00157.png,Normal,98_Normal_1.mat,train,157,321536
98_Normal_1_00158.png,Normal,98_Normal_1.mat,train,158,323584
98_Normal_1_00159.png,Normal,98_Normal_1.mat,train,159,325632
98_Normal_1_00160.png,Normal,98_Normal_1.mat,train,160,327680
98_Normal_1_00161.png,Normal,98_Normal_1.mat,train,161,329728
98_Normal_1_00162.png,Normal,98_Normal_1.mat,train,162,331776
98_Normal_1_00163.png,Normal,98_Normal_1.mat,train,163,333824
98_Normal_1_00164.png,Normal,98_Normal_1.mat,train,164,335872
98_Normal_1_00165.png,Normal,98_Normal_1.mat,train,165,337920
98_Normal_1_00166.png,Normal,98_Normal_1.mat,train,166,339968
98_Normal_1_00167.png,Normal,98_Normal_1.mat,train,167,342016
98_Normal_1_00168.png,Normal,98_Normal_1.mat,train,168,344064
98_Normal_1_00169.png,Normal,98_Normal_1.mat,train,169,346112
98_Normal_1_00170.png,Normal,98_Normal_1.mat,train,170,348160
98_Normal_1_00171.png,Normal,98_Normal_1.mat,train,171,350208
98_Normal_1_00172.png,Normal,98_Normal_1.mat,train,172,352256
98_Normal_1_00173.png,Normal,98_Normal_1.mat,train,173,354304
98_Normal_1_00174.png,Normal,98_Normal_1.mat,train,174,356352
98_Normal_1_00175.png,Normal,98_Normal_1.mat,train,175,358400
98_Normal_1_00176.png,Normal,98_Normal_1.mat,train,176,360448
98_Normal_1_00177.png,Normal,98_Normal_1.mat,train,177,362496
98_Normal_1_00178.png,Normal,98_Normal_1.mat,train,178,364544
98_Normal_1_00179.png,Normal,98_Normal_1.mat,train,179,366592
98_Normal_1_00180.png,Normal,98_Normal_1.mat,train,180,368640
98_Normal_1_00181.png,Normal,98_Normal_1.mat,train,181,370688
98_Normal_1_00182.png,Normal,98_Normal_1.mat,train,182,372736
98_Normal_1_00183.png,Normal,98_Normal_1.mat,train,183,374784
98_Normal_1_00184.png,Normal,98_Normal_1.mat,train,184,376832
98_Normal_1_00185.png,Normal,98_Normal_1.mat,train,185,378880
98_Normal_1_00186.png,Normal,98_Normal_1.mat,train,186,380928
98_Normal_1_00187.png,Normal,98_Normal_1.mat,train,187,382976
98_Normal_1_00188.png,Normal,98_Normal_1.mat,train,188,385024
98_Normal_1_00189.png,Normal,98_Normal_1.mat,train,189,387072
98_Normal_1_00190.png,Normal,98_Normal_1.mat,train,190,389120
98_Normal_1_00191.png,Normal,98_Normal_1.mat,train,191,391168
98_Normal_1_00192.png,Normal,98_Normal_1.mat,train,192,393216
98_Normal_1_00193.png,Normal,98_Normal_1.mat,train,193,395264
98_Normal_1_00194.png,Normal,98_Normal_1.mat,train,194,397312
98_Normal_1_00195.png,Normal,98_Normal_1.mat,train,195,399360
98_Normal_1_00196.png,Normal,98_Normal_1.mat,train,196,401408
98_Normal_1_00197.png,Normal,98_Normal_1.mat,train,197,403456
98_Normal_1_00198.png,Normal,98_Normal_1.mat,train,198,405504
98_Normal_1_00199.png,Normal,98_Normal_1.mat,train,199,407552
98_Normal_1_00200.png,Normal,98_Normal_1.mat,train,200,409600
98_Normal_1_00201.png,Normal,98_Normal_1.mat,train,201,411648
98_Normal_1_00202.png,Normal,98_Normal_1.mat,train,202,413696
98_Normal_1_00203.png,Normal,98_Normal_1.mat,train,203,415744
98_Normal_1_00204.png,Normal,98_Normal_1.mat,train,204,417792
98_Normal_1_00205.png,Normal,98_Normal_1.mat,train,205,419840
98_Normal_1_00206.png,Normal,98_Normal_1.mat,train,206,421888
98_Normal_1_00207.png,Normal,98_Normal_1.mat,train,207,423936
98_Normal_1_00208.png,Normal,98_Normal_1.mat,train,208,425984
98_Normal_1_00209.png,Normal,98_Normal_1.mat,train,209,428032
98_Normal_1_00210.png,Normal,98_Normal_1.mat,train,210,430080
98_Normal_1_00211.png,Normal,98_Normal_1.mat,train,211,432128
98_Normal_1_00212.png,Normal,98_Normal_1.mat,train,212,434176
98_Normal_1_00213.png,Normal,98_Normal_1.mat,train,213,436224
98_Normal_1_00214.png,Normal,98_Normal_1.mat,train,214,438272
98_Normal_1_00215.png,Normal,98_Normal_1.mat,train,215,440320
98_Normal_1_00216.png,Normal,98_Normal_1.mat,train,216,442368
98_Normal_1_00217.png,Normal,98_Normal_1.mat,train,217,444416
98_Normal_1_00218.png,Normal,98_Normal_1.mat,train,218,446464
98_Normal_1_00219.png,Normal,98_Normal_1.mat,train,219,448512
98_Normal_1_00220.png,Normal,98_Normal_1.mat,train,220,450560
98_Normal_1_00221.png,Normal,98_Normal_1.mat,train,221,452608
98_Normal_1_00222.png,Normal,98_Normal_1.mat,train,222,454656
98_Normal_1_00223.png,Normal,98_Normal_1.mat,train,223,456704
98_Normal_1_00224.png,Normal,98_Normal_1.mat,train,224,458752
98_Normal_1_00225.png,Normal,98_Normal_1.mat,train,225,460800
98_Normal_1_00226.png,Normal,98_Normal_1.mat,train,226,462848
98_Normal_1_00227.png,Normal,98_Normal_1.mat,train,227,464896
98_Normal_1_00228.png,Normal,98_Normal_1.mat,train,228,466944
98_Normal_1_00229.png,Normal,98_Normal_1.mat,train,229,468992
98_Normal_1_00230.png,Normal,98_Normal_1.mat,train,230,471040
98_Normal_1_00231.png,Normal,98_Normal_1.mat,train,231,473088
98_Normal_1_00232.png,Normal,98_Normal_1.mat,train,232,475136
98_Normal_1_00233.png,Normal,98_Normal_1.mat,train,233,477184
98_Normal_1_00234.png,Normal,98_Normal_1.mat,train,234,479232
97_Normal_0_00000.png,Normal,97_Normal_0.mat,train,0,0
97_Normal_0_00001.png,Normal,97_Normal_0.mat,train,1,2048
97_Normal_0_00002.png,Normal,97_Normal_0.mat,train,2,4096
97_Normal_0_00003.png,Normal,97_Normal_0.mat,train,3,6144
97_Normal_0_00004.png,Normal,97_Normal_0.mat,train,4,8192
97_Normal_0_00005.png,Normal,97_Normal_0.mat,train,5,10240
97_Normal_0_00006.png,Normal,97_Normal_0.mat,train,6,12288
97_Normal_0_00007.png,Normal,97_Normal_0.mat,train,7,14336
97_Normal_0_00008.png,Normal,97_Normal_0.mat,train,8,16384
97_Normal_0_00009.png,Normal,97_Normal_0.mat,train,9,18432
97_Normal_0_00010.png,Normal,97_Normal_0.mat,train,10,20480
97_Normal_0_00011.png,Normal,97_Normal_0.mat,train,11,22528
97_Normal_0_00012.png,Normal,97_Normal_0.mat,train,12,24576
97_Normal_0_00013.png,Normal,97_Normal_0.mat,train,13,26624
97_Normal_0_00014.png,Normal,97_Normal_0.mat,train,14,28672
97_Normal_0_00015.png,Normal,97_Normal_0.mat,train,15,30720
97_Normal_0_00016.png,Normal,97_Normal_0.mat,train,16,32768
97_Normal_0_00017.png,Normal,97_Normal_0.mat,train,17,34816
97_Normal_0_00018.png,Normal,97_Normal_0.mat,train,18,36864
97_Normal_0_00019.png,Normal,97_Normal_0.mat,train,19,38912
97_Normal_0_00020.png,Normal,97_Normal_0.mat,train,20,40960
97_Normal_0_00021.png,Normal,97_Normal_0.mat,train,21,43008
97_Normal_0_00022.png,Normal,97_Normal_0.mat,train,22,45056
97_Normal_0_00023.png,Normal,97_Normal_0.mat,train,23,47104
97_Normal_0_00024.png,Normal,97_Normal_0.mat,train,24,49152
97_Normal_0_00025.png,Normal,97_Normal_0.mat,train,25,51200
97_Normal_0_00026.png,Normal,97_Normal_0.mat,train,26,53248
97_Normal_0_00027.png,Normal,97_Normal_0.mat,train,27,55296
97_Normal_0_00028.png,Normal,97_Normal_0.mat,train,28,57344
97_Normal_0_00029.png,Normal,97_Normal_0.mat,train,29,59392
97_Normal_0_00030.png,Normal,97_Normal_0.mat,train,30,61440
97_Normal_0_00031.png,Normal,97_Normal_0.mat,train,31,63488
97_Normal_0_00032.png,Normal,97_Normal_0.mat,train,32,65536
97_Normal_0_00033.png,Normal,97_Normal_0.mat,train,33,67584
97_Normal_0_00034.png,Normal,97_Normal_0.mat,train,34,69632
97_Normal_0_00035.png,Normal,97_Normal_0.mat,train,35,71680
97_Normal_0_00036.png,Normal,97_Normal_0.mat,train,36,73728
97_Normal_0_00037.png,Normal,97_Normal_0.mat,train,37,75776
97_Normal_0_00038.png,Normal,97_Normal_0.mat,train,38,77824
97_Normal_0_00039.png,Normal,97_Normal_0.mat,train,39,79872
97_Normal_0_00040.png,Normal,97_Normal_0.mat,train,40,81920
97_Normal_0_00041.png,Normal,97_Normal_0.mat,train,41,83968
97_Normal_0_00042.png,Normal,97_Normal_0.mat,train,42,86016
97_Normal_0_00043.png,Normal,97_Normal_0.mat,train,43,88064
97_Normal_0_00044.png,Normal,97_Normal_0.mat,train,44,90112
97_Normal_0_00045.png,Normal,97_Normal_0.mat,train,45,92160
97_Normal_0_00046.png,Normal,97_Normal_0.mat,train,46,94208
97_Normal_0_00047.png,Normal,97_Normal_0.mat,train,47,96256
97_Normal_0_00048.png,Normal,97_Normal_0.mat,train,48,98304
97_Normal_0_00049.png,Normal,97_Normal_0.mat,train,49,100352
97_Normal_0_00050.png,Normal,97_Normal_0.mat,train,50,102400
97_Normal_0_00051.png,Normal,97_Normal_0.mat,train,51,104448
97_Normal_0_00052.png,Normal,97_Normal_0.mat,train,52,106496
97_Normal_0_00053.png,Normal,97_Normal_0.mat,train,53,108544
97_Normal_0_00054.png,Normal,97_Normal_0.mat,train,54,110592
97_Normal_0_00055.png,Normal,97_Normal_0.mat,train,55,112640
97_Normal_0_00056.png,Normal,97_Normal_0.mat,train,56,114688
97_Normal_0_00057.png,Normal,97_Normal_0.mat,train,57,116736
97_Normal_0_00058.png,Normal,97_Normal_0.mat,train,58,118784
97_Normal_0_00059.png,Normal,97_Normal_0.mat,train,59,120832
97_Normal_0_00060.png,Normal,97_Normal_0.mat,train,60,122880
97_Normal_0_00061.png,Normal,97_Normal_0.mat,train,61,124928
97_Normal_0_00062.png,Normal,97_Normal_0.mat,train,62,126976
97_Normal_0_00063.png,Normal,97_Normal_0.mat,train,63,129024
97_Normal_0_00064.png,Normal,97_Normal_0.mat,train,64,131072
97_Normal_0_00065.png,Normal,97_Normal_0.mat,train,65,133120
97_Normal_0_00066.png,Normal,97_Normal_0.mat,train,66,135168
97_Normal_0_00067.png,Normal,97_Normal_0.mat,train,67,137216
97_Normal_0_00068.png,Normal,97_Normal_0.mat,train,68,139264
97_Normal_0_00069.png,Normal,97_Normal_0.mat,train,69,141312
97_Normal_0_00070.png,Normal,97_Normal_0.mat,train,70,143360
97_Normal_0_00071.png,Normal,97_Normal_0.mat,train,71,145408
97_Normal_0_00072.png,Normal,97_Normal_0.mat,train,72,147456
97_Normal_0_00073.png,Normal,97_Normal_0.mat,train,73,149504
97_Normal_0_00074.png,Normal,97_Normal_0.mat,train,74,151552
97_Normal_0_00075.png,Normal,97_Normal_0.mat,train,75,153600
97_Normal_0_00076.png,Normal,97_Normal_0.mat,train,76,155648
97_Normal_0_00077.png,Normal,97_Normal_0.mat,train,77,157696
97_Normal_0_00078.png,Normal,97_Normal_0.mat,train,78,159744
97_Normal_0_00079.png,Normal,97_Normal_0.mat,train,79,161792
97_Normal_0_00080.png,Normal,97_Normal_0.mat,train,80,163840
97_Normal_0_00081.png,Normal,97_Normal_0.mat,train,81,165888
97_Normal_0_00082.png,Normal,97_Normal_0.mat,train,82,167936
97_Normal_0_00083.png,Normal,97_Normal_0.mat,train,83,169984
97_Normal_0_00084.png,Normal,97_Normal_0.mat,train,84,172032
97_Normal_0_00085.png,Normal,97_Normal_0.mat,train,85,174080
97_Normal_0_00086.png,Normal,97_Normal_0.mat,train,86,176128
97_Normal_0_00087.png,Normal,97_Normal_0.mat,train,87,178176
97_Normal_0_00088.png,Normal,97_Normal_0.mat,train,88,180224
97_Normal_0_00089.png,Normal,97_Normal_0.mat,train,89,182272
97_Normal_0_00090.png,Normal,97_Normal_0.mat,train,90,184320
97_Normal_0_00091.png,Normal,97_Normal_0.mat,train,91,186368
97_Normal_0_00092.png,Normal,97_Normal_0.mat,train,92,188416
97_Normal_0_00093.png,Normal,97_Normal_0.mat,train,93,190464
97_Normal_0_00094.png,Normal,97_Normal_0.mat,train,94,192512
97_Normal_0_00095.png,Normal,97_Normal_0.mat,train,95,194560
97_Normal_0_00096.png,Normal,97_Normal_0.mat,train,96,196608
97_Normal_0_00097.png,Normal,97_Normal_0.mat,train,97,198656
97_Normal_0_00098.png,Normal,97_Normal_0.mat,train,98,200704
97_Normal_0_00099.png,Normal,97_Normal_0.mat,train,99,202752
97_Normal_0_00100.png,Normal,97_Normal_0.mat,train,100,204800
97_Normal_0_00101.png,Normal,97_Normal_0.mat,train,101,206848
97_Normal_0_00102.png,Normal,97_Normal_0.mat,train,102,208896
97_Normal_0_00103.png,Normal,97_Normal_0.mat,train,103,210944
97_Normal_0_00104.png,Normal,97_Normal_0.mat,train,104,212992
97_Normal_0_00105.png,Normal,97_Normal_0.mat,train,105,215040
97_Normal_0_00106.png,Normal,97_Normal_0.mat,train,106,217088
97_Normal_0_00107.png,Normal,97_Normal_0.mat,train,107,219136
97_Normal_0_00108.png,Normal,97_Normal_0.mat,train,108,221184
97_Normal_0_00109.png,Normal,97_Normal_0.mat,train,109,223232
97_Normal_0_00110.png,Normal,97_Normal_0.mat,train,110,225280
97_Normal_0_00111.png,Normal,97_Normal_0.mat,train,111,227328
97_Normal_0_00112.png,Normal,97_Normal_0.mat,train,112,229376
97_Normal_0_00113.png,Normal,97_Normal_0.mat,train,113,231424
97_Normal_0_00114.png,Normal,97_Normal_0.mat,train,114,233472
97_Normal_0_00115.png,Normal,97_Normal_0.mat,train,115,235520
97_Normal_0_00116.png,Normal,97_Normal_0.mat,train,116,237568
97_Normal_0_00117.png,Normal,97_Normal_0.mat,train,117,239616
131@6_1_00000.png,OF007,131@6_1.mat,train,0,0
131@6_1_00001.png,OF007,131@6_1.mat,train,1,2048
131@6_1_00002.png,OF007,131@6_1.mat,train,2,4096
131@6_1_00003.png,OF007,131@6_1.mat,train,3,6144
131@6_1_00004.png,OF007,131@6_1.mat,train,4,8192
131@6_1_00005.png,OF007,131@6_1.mat,train,5,10240
131@6_1_00006.png,OF007,131@6_1.mat,train,6,12288
131@6_1_00007.png,OF007,131@6_1.mat,train,7,14336
131@6_1_00008.png,OF007,131@6_1.mat,train,8,16384
131@6_1_00009.png,OF007,131@6_1.mat,train,9,18432
131@6_1_00010.png,OF007,131@6_1.mat,train,10,20480
131@6_1_00011.png,OF007,131@6_1.mat,train,11,22528
131@6_1_00012.png,OF007,131@6_1.mat,train,12,24576
131@6_1_00013.png,OF007,131@6_1.mat,train,13,26624
131@6_1_00014.png,OF007,131@6_1.mat,train,14,28672
131@6_1_00015.png,OF007,131@6_1.mat,train,15,30720
131@6_1_00016.png,OF007,131@6_1.mat,train,16,32768
131@6_1_00017.png,OF007,131@6_1.mat,train,17,34816
131@6_1_00018.png,OF007,131@6_1.mat,train,18,36864
131@6_1_00019.png,OF007,131@6_1.mat,train,19,38912
131@6_1_00020.png,OF007,131@6_1.mat,train,20,40960
131@6_1_00021.png,OF007,131@6_1.mat,train,21,43008
131@6_1_00022.png,OF007,131@6_1.mat,train,22,45056
131@6_1_00023.png,OF007,131@6_1.mat,train,23,47104
131@6_1_00024.png,OF007,131@6_1.mat,train,24,49152
131@6_1_00025.png,OF007,131@6_1.mat,train,25,51200
131@6_1_00026.png,OF007,131@6_1.mat,train,26,53248
131@6_1_00027.png,OF007,131@6_1.mat,train,27,55296
131@6_1_00028.png,OF007,131@6_1.mat,train,28,57344
131@6_1_00029.png,OF007,131@6_1.mat,train,29,59392
131@6_1_00030.png,OF007,131@6_1.mat,train,30,61440
131@6_1_00031.png,OF007,131@6_1.mat,train,31,63488
131@6_1_00032.png,OF007,131@6_1.mat,train,32,65536
131@6_1_00033.png,OF007,131@6_1.mat,train,33,67584
131@6_1_00034.png,OF007,131@6_1.mat,train,34,69632
131@6_1_00035.png,OF007,131@6_1.mat,train,35,71680
131@6_1_00036.png,OF007,131@6_1.mat,train,36,73728
131@6_1_00037.png,OF007,131@6_1.mat,train,37,75776
131@6_1_00038.png,OF007,131@6_1.mat,train,38,77824
131@6_1_00039.png,OF007,131@6_1.mat,train,39,79872
131@6_1_00040.png,OF007,131@6_1.mat,train,40,81920
131@6_1_00041.png,OF007,131@6_1.mat,train,41,83968
131@6_1_00042.png,OF007,131@6_1.mat,train,42,86016
131@6_1_00043.png,OF007,131@6_1.mat,train,43,88064
131@6_1_00044.png,OF007,131@6_1.mat,train,44,90112
131@6_1_00045.png,OF007,131@6_1.mat,train,45,92160
131@6_1_00046.png,OF007,131@6_1.mat,train,46,94208
131@6_1_00047.png,OF007,131@6_1.mat,train,47,96256
131@6_1_00048.png,OF007,131@6_1.mat,train,48,98304
131@6_1_00049.png,OF007,131@6_1.mat,train,49,100352
131@6_1_00050.png,OF007,131@6_1.mat,train,50,102400
131@6_1_00051.png,OF007,131@6_1.mat,train,51,104448
131@6_1_00052.png,OF007,131@6_1.mat,train,52,106496
131@6_1_00053.png,OF007,131@6_1.mat,train,53,108544
131@6_1_00054.png,OF007,131@6_1.mat,train,54,110592
131@6_1_00055.png,OF007,131@6_1.mat,train,55,112640
131@6_1_00056.png,OF007,131@6_1.mat,train,56,114688
131@6_1_00057.png,OF007,131@6_1.mat,train,57,116736
133@6_3_00000.png,OF007,133@6_3.mat,train,0,0
133@6_3_00001.png,OF007,133@6_3.mat,train,1,2048
133@6_3_00002.png,OF007,133@6_3.mat,train,2,4096
133@6_3_00003.png,OF007,133@6_3.mat,train,3,6144
133@6_3_00004.png,OF007,133@6_3.mat,train,4,8192
133@6_3_00005.png,OF007,133@6_3.mat,train,5,10240
133@6_3_00006.png,OF007,133@6_3.mat,train,6,12288
133@6_3_00007.png,OF007,133@6_3.mat,train,7,14336
133@6_3_00008.png,OF007,133@6_3.mat,train,8,16384
133@6_3_00009.png,OF007,133@6_3.mat,train,9,18432
133@6_3_00010.png,OF007,133@6_3.mat,train,10,20480
133@6_3_00011.png,OF007,133@6_3.mat,train,11,22528
133@6_3_00012.png,OF007,133@6_3.mat,train,12,24576
133@6_3_00013.png,OF007,133@6_3.mat,train,13,26624
133@6_3_00014.png,OF007,133@6_3.mat,train,14,28672
133@6_3_00015.png,OF007,133@6_3.mat,train,15,30720
133@6_3_00016.png,OF007,133@6_3.mat,train,16,32768
133@6_3_00017.png,OF007,133@6_3.mat,train,17,34816
133@6_3_00018.png,OF007,133@6_3.mat,train,18,36864
133@6_3_00019.png,OF007,133@6_3.mat,train,19,38912
133@6_3_00020.png,OF007,133@6_3.mat,train,20,40960
133@6_3_00021.png,OF007,133@6_3.mat,train,21,43008
133@6_3_00022.png,OF007,133@6_3.mat,train,22,45056
133@6_3_00023.png,OF007,133@6_3.mat,train,23,47104
133@6_3_00024.png,OF007,133@6_3.mat,train,24,49152
133@6_3_00025.png,OF007,133@6_3.mat,train,25,51200
133@6_3_00026.png,OF007,133@6_3.mat,train,26,53248
133@6_3_00027.png,OF007,133@6_3.mat,train,27,55296
133@6_3_00028.png,OF007,133@6_3.mat,train,28,57344
133@6_3_00029.png,OF007,133@6_3.mat,train,29,59392
133@6_3_00030.png,OF007,133@6_3.mat,train,30,61440
133@6_3_00031.png,OF007,133@6_3.mat,train,31,63488
133@6_3_00032.png,OF007,133@6_3.mat,train,32,65536
133@6_3_00033.png,OF007,133@6_3.mat,train,33,67584
133@6_3_00034.png,OF007,133@6_3.mat,train,34,69632
133@6_3_00035.png,OF007,133@6_3.mat,train,35,71680
133@6_3_00036.png,OF007,133@6_3.mat,train,36,73728
133@6_3_00037.png,OF007,133@6_3.mat,train,37,75776
133@6_3_00038.png,OF007,133@6_3.mat,train,38,77824
133@6_3_00039.png,OF007,133@6_3.mat,train,39,79872
133@6_3_00040.png,OF007,133@6_3.mat,train,40,81920
133@6_3_00041.png,OF007,133@6_3.mat,train,41,83968
133@6_3_00042.png,OF007,133@6_3.mat,train,42,86016
133@6_3_00043.png,OF007,133@6_3.mat,train,43,88064
133@6_3_00044.png,OF007,133@6_3.mat,train,44,90112
133@6_3_00045.png,OF007,133@6_3.mat,train,45,92160
133@6_3_00046.png,OF007,133@6_3.mat,train,46,94208
133@6_3_00047.png,OF007,133@6_3.mat,train,47,96256
133@6_3_00048.png,OF007,133@6_3.mat,train,48,98304
133@6_3_00049.png,OF007,133@6_3.mat,train,49,100352
133@6_3_00050.png,OF007,133@6_3.mat,train,50,102400
133@6_3_00051.png,OF007,133@6_3.mat,train,51,104448
133@6_3_00052.png,OF007,133@6_3.mat,train,52,106496
133@6_3_00053.png,OF007,133@6_3.mat,train,53,108544
133@6_3_00054.png,OF007,133@6_3.mat,train,54,110592
133@6_3_00055.png,OF007,133@6_3.mat,train,55,112640
133@6_3_00056.png,OF007,133@6_3.mat,train,56,114688
133@6_3_00057.png,OF007,133@6_3.mat,train,57,116736
197@6_0_00000.png,OF014,197@6_0.mat,train,0,0
197@6_0_00001.png,OF014,197@6_0.mat,train,1,2048
197@6_0_00002.png,OF014,197@6_0.mat,train,2,4096
197@6_0_00003.png,OF014,197@6_0.mat,train,3,6144
197@6_0_00004.png,OF014,197@6_0.mat,train,4,8192
197@6_0_00005.png,OF014,197@6_0.mat,train,5,10240
197@6_0_00006.png,OF014,197@6_0.mat,train,6,12288
197@6_0_00007.png,OF014,197@6_0.mat,train,7,14336
197@6_0_00008.png,OF014,197@6_0.mat,train,8,16384
197@6_0_00009.png,OF014,197@6_0.mat,train,9,18432
197@6_0_00010.png,OF014,197@6_0.mat,train,10,20480
197@6_0_00011.png,OF014,197@6_0.mat,train,11,22528
197@6_0_00012.png,OF014,197@6_0.mat,train,12,24576
197@6_0_00013.png,OF014,197@6_0.mat,train,13,26624
197@6_0_00014.png,OF014,197@6_0.mat,train,14,28672
197@6_0_00015.png,OF014,197@6_0.mat,train,15,30720
197@6_0_00016.png,OF014,197@6_0.mat,train,16,32768
197@6_0_00017.png,OF014,197@6_0.mat,train,17,34816
197@6_0_00018.png,OF014,197@6_0.mat,train,18,36864
197@6_0_00019.png,OF014,197@6_0.mat,train,19,38912
197@6_0_00020.png,OF014,197@6_0.mat,train,20,40960
197@6_0_00021.png,OF014,197@6_0.mat,train,21,43008
197@6_0_00022.png,OF014,197@6_0.mat,train,22,45056
197@6_0_00023.png,OF014,197@6_0.mat,train,23,47104
197@6_0_00024.png,OF014,197@6_0.mat,train,24,49152
197@6_0_00025.png,OF014,197@6_0.mat,train,25,51200
197@6_0_00026.png,OF014,197@6_0.mat,train,26,53248
197@6_0_00027.png,OF014,197@6_0.mat,train,27,55296
197@6_0_00028.png,OF014,197@6_0.mat,train,28,57344
197@6_0_00029.png,OF014,197@6_0.mat,train,29,59392
197@6_0_00030.png,OF014,197@6_0.mat,train,30,61440
197@6_0_00031.png,OF014,197@6_0.mat,train,31,63488
197@6_0_00032.png,OF014,197@6_0.mat,train,32,65536
197@6_0_00033.png,OF014,197@6_0.mat,train,33,67584
197@6_0_00034.png,OF014,197@6_0.mat,train,34,69632
197@6_0_00035.png,OF014,197@6_0.mat,train,35,71680
197@6_0_00036.png,OF014,197@6_0.mat,train,36,73728
197@6_0_00037.png,OF014,197@6_0.mat,train,37,75776
197@6_0_00038.png,OF014,197@6_0.mat,train,38,77824
197@6_0_00039.png,OF014,197@6_0.mat,train,39,79872
197@6_0_00040.png,OF014,197@6_0.mat,train,40,81920
197@6_0_00041.png,OF014,197@6_0.mat,train,41,83968
197@6_0_00042.png,OF014,197@6_0.mat,train,42,86016
197@6_0_00043.png,OF014,197@6_0.mat,train,43,88064
197@6_0_00044.png,OF014,197@6_0.mat,train,44,90112
197@6_0_00045.png,OF014,197@6_0.mat,train,45,92160
197@6_0_00046.png,OF014,197@6_0.mat,train,46,94208
197@6_0_00047.png,OF014,197@6_0.mat,train,47,96256
197@6_0_00048.png,OF014,197@6_0.mat,train,48,98304
197@6_0_00049.png,OF014,197@6_0.mat,train,49,100352
197@6_0_00050.png,OF014,197@6_0.mat,train,50,102400
197@6_0_00051.png,OF014,197@6_0.mat,train,51,104448
197@6_0_00052.png,OF014,197@6_0.mat,train,52,106496
197@6_0_00053.png,OF014,197@6_0.mat,train,53,108544
197@6_0_00054.png,OF014,197@6_0.mat,train,54,110592
197@6_0_00055.png,OF014,197@6_0.mat,train,55,112640
197@6_0_00056.png,OF014,197@6_0.mat,train,56,114688
197@6_0_00057.png,OF014,197@6_0.mat,train,57,116736
199@6_2_00000.png,OF014,199@6_2.mat,train,0,0
199@6_2_00001.png,OF014,199@6_2.mat,train,1,2048
199@6_2_00002.png,OF014,199@6_2.mat,train,2,4096
199@6_2_00003.png,OF014,199@6_2.mat,train,3,6144
199@6_2_00004.png,OF014,199@6_2.mat,train,4,8192
199@6_2_00005.png,OF014,199@6_2.mat,train,5,10240
199@6_2_00006.png,OF014,199@6_2.mat,train,6,12288
199@6_2_00007.png,OF014,199@6_2.mat,train,7,14336
199@6_2_00008.png,OF014,199@6_2.mat,train,8,16384
199@6_2_00009.png,OF014,199@6_2.mat,train,9,18432
199@6_2_00010.png,OF014,199@6_2.mat,train,10,20480
199@6_2_00011.png,OF014,199@6_2.mat,train,11,22528
199@6_2_00012.png,OF014,199@6_2.mat,train,12,24576
199@6_2_00013.png,OF014,199@6_2.mat,train,13,26624
199@6_2_00014.png,OF014,199@6_2.mat,train,14,28672
199@6_2_00015.png,OF014,199@6_2.mat,train,15,30720
199@6_2_00016.png,OF014,199@6_2.mat,train,16,32768
199@6_2_00017.png,OF014,199@6_2.mat,train,17,34816
199@6_2_00018.png,OF014,199@6_2.mat,train,18,36864
199@6_2_00019.png,OF014,199@6_2.mat,train,19,38912
199@6_2_00020.png,OF014,199@6_2.mat,train,20,40960
199@6_2_00021.png,OF014,199@6_2.mat,train,21,43008
199@6_2_00022.png,OF014,199@6_2.mat,train,22,45056
199@6_2_00023.png,OF014,199@6_2.mat,train,23,47104
199@6_2_00024.png,OF014,199@6_2.mat,train,24,49152
199@6_2_00025.png,OF014,199@6_2.mat,train,25,51200
199@6_2_00026.png,OF014,199@6_2.mat,train,26,53248
199@6_2_00027.png,OF014,199@6_2.mat,train,27,55296
199@6_2_00028.png,OF014,199@6_2.mat,train,28,57344
199@6_2_00029.png,OF014,199@6_2.mat,train,29,59392
199@6_2_00030.png,OF014,199@6_2.mat,train,30,61440
199@6_2_00031.png,OF014,199@6_2.mat,train,31,63488
199@6_2_00032.png,OF014,199@6_2.mat,train,32,65536
199@6_2_00033.png,OF014,199@6_2.mat,train,33,67584
199@6_2_00034.png,OF014,199@6_2.mat,train,34,69632
199@6_2_00035.png,OF014,199@6_2.mat,train,35,71680
199@6_2_00036.png,OF014,199@6_2.mat,train,36,73728
199@6_2_00037.png,OF014,199@6_2.mat,train,37,75776
199@6_2_00038.png,OF014,199@6_2.mat,train,38,77824
199@6_2_00039.png,OF014,199@6_2.mat,train,39,79872
199@6_2_00040.png,OF014,199@6_2.mat,train,40,81920
199@6_2_00041.png,OF014,199@6_2.mat,train,41,83968
199@6_2_00042.png,OF014,199@6_2.mat,train,42,86016
199@6_2_00043.png,OF014,199@6_2.mat,train,43,88064
199@6_2_00044.png,OF014,199@6_2.mat,train,44,90112
199@6_2_00045.png,OF014,199@6_2.mat,train,45,92160
199@6_2_00046.png,OF014,199@6_2.mat,train,46,94208
199@6_2_00047.png,OF014,199@6_2.mat,train,47,96256
199@6_2_00048.png,OF014,199@6_2.mat,train,48,98304
199@6_2_00049.png,OF014,199@6_2.mat,train,49,100352
199@6_2_00050.png,OF014,199@6_2.mat,train,50,102400
199@6_2_00051.png,OF014,199@6_2.mat,train,51,104448
199@6_2_00052.png,OF014,199@6_2.mat,train,52,106496
199@6_2_00053.png,OF014,199@6_2.mat,train,53,108544
199@6_2_00054.png,OF014,199@6_2.mat,train,54,110592
199@6_2_00055.png,OF014,199@6_2.mat,train,55,112640
199@6_2_00056.png,OF014,199@6_2.mat,train,56,114688
199@6_2_00057.png,OF014,199@6_2.mat,train,57,116736
236_2_00000.png,OF021,236_2.mat,train,0,0
236_2_00001.png,OF021,236_2.mat,train,1,2048
236_2_00002.png,OF021,236_2.mat,train,2,4096
236_2_00003.png,OF021,236_2.mat,train,3,6144
236_2_00004.png,OF021,236_2.mat,train,4,8192
236_2_00005.png,OF021,236_2.mat,train,5,10240
236_2_00006.png,OF021,236_2.mat,train,6,12288
236_2_00007.png,OF021,236_2.mat,train,7,14336
236_2_00008.png,OF021,236_2.mat,train,8,16384
236_2_00009.png,OF021,236_2.mat,train,9,18432
236_2_00010.png,OF021,236_2.mat,train,10,20480
236_2_00011.png,OF021,236_2.mat,train,11,22528
236_2_00012.png,OF021,236_2.mat,train,12,24576
236_2_00013.png,OF021,236_2.mat,train,13,26624
236_2_00014.png,OF021,236_2.mat,train,14,28672
236_2_00015.png,OF021,236_2.mat,train,15,30720
236_2_00016.png,OF021,236_2.mat,train,16,32768
236_2_00017.png,OF021,236_2.mat,train,17,34816
236_2_00018.png,OF021,236_2.mat,train,18,36864
236_2_00019.png,OF021,236_2.mat,train,19,38912
236_2_00020.png,OF021,236_2.mat,train,20,40960
236_2_00021.png,OF021,236_2.mat,train,21,43008
236_2_00022.png,OF021,236_2.mat,train,22,45056
236_2_00023.png,OF021,236_2.mat,train,23,47104
236_2_00024.png,OF021,236_2.mat,train,24,49152
236_2_00025.png,OF021,236_2.mat,train,25,51200
236_2_00026.png,OF021,236_2.mat,train,26,53248
236_2_00027.png,OF021,236_2.mat,train,27,55296
236_2_00028.png,OF021,236_2.mat,train,28,57344
236_2_00029.png,OF021,236_2.mat,train,29,59392
236_2_00030.png,OF021,236_2.mat,train,30,61440
236_2_00031.png,OF021,236_2.mat,train,31,63488
236_2_00032.png,OF021,236_2.mat,train,32,65536
236_2_00033.png,OF021,236_2.mat,train,33,67584
236_2_00034.png,OF021,236_2.mat,train,34,69632
236_2_00035.png,OF021,236_2.mat,train,35,71680
236_2_00036.png,OF021,236_2.mat,train,36,73728
236_2_00037.png,OF021,236_2.mat,train,37,75776
236_2_00038.png,OF021,236_2.mat,train,38,77824
236_2_00039.png,OF021,236_2.mat,train,39,79872
236_2_00040.png,OF021,236_2.mat,train,40,81920
236_2_00041.png,OF021,236_2.mat,train,41,83968
236_2_00042.png,OF021,236_2.mat,train,42,86016
236_2_00043.png,OF021,236_2.mat,train,43,88064
236_2_00044.png,OF021,236_2.mat,train,44,90112
236_2_00045.png,OF021,236_2.mat,train,45,92160
236_2_00046.png,OF021,236_2.mat,train,46,94208
236_2_00047.png,OF021,236_2.mat,train,47,96256
236_2_00048.png,OF021,236_2.mat,train,48,98304
236_2_00049.png,OF021,236_2.mat,train,49,100352
236_2_00050.png,OF021,236_2.mat,train,50,102400
236_2_00051.png,OF021,236_2.mat,train,51,104448
236_2_00052.png,OF021,236_2.mat,train,52,106496
236_2_00053.png,OF021,236_2.mat,train,53,108544
236_2_00054.png,OF021,236_2.mat,train,54,110592
236_2_00055.png,OF021,236_2.mat,train,55,112640
236_2_00056.png,OF021,236_2.mat,train,56,114688
236_2_00057.png,OF021,236_2.mat,train,57,116736
237_3_00000.png,OF021,237_3.mat,train,0,0
237_3_00001.png,OF021,237_3.mat,train,1,2048
237_3_00002.png,OF021,237_3.mat,train,2,4096
237_3_00003.png,OF021,237_3.mat,train,3,6144
237_3_00004.png,OF021,237_3.mat,train,4,8192
237_3_00005.png,OF021,237_3.mat,train,5,10240
237_3_00006.png,OF021,237_3.mat,train,6,12288
237_3_00007.png,OF021,237_3.mat,train,7,14336
237_3_00008.png,OF021,237_3.mat,train,8,16384
237_3_00009.png,OF021,237_3.mat,train,9,18432
237_3_00010.png,OF021,237_3.mat,train,10,20480
237_3_00011.png,OF021,237_3.mat,train,11,22528
237_3_00012.png,OF021,237_3.mat,train,12,24576
237_3_00013.png,OF021,237_3.mat,train,13,26624
237_3_00014.png,OF021,237_3.mat,train,14,28672
237_3_00015.png,OF021,237_3.mat,train,15,30720
237_3_00016.png,OF021,237_3.mat,train,16,32768
237_3_00017.png,OF021,237_3.mat,train,17,34816
237_3_00018.png,OF021,237_3.mat,train,18,36864
237_3_00019.png,OF021,237_3.mat,train,19,38912
237_3_00020.png,OF021,237_3.mat,train,20,40960
237_3_00021.png,OF021,237_3.mat,train,21,43008
237_3_00022.png,OF021,237_3.mat,train,22,45056
237_3_00023.png,OF021,237_3.mat,train,23,47104
237_3_00024.png,OF021,237_3.mat,train,24,49152
237_3_00025.png,OF021,237_3.mat,train,25,51200
237_3_00026.png,OF021,237_3.mat,train,26,53248
237_3_00027.png,OF021,237_3.mat,train,27,55296
237_3_00028.png,OF021,237_3.mat,train,28,57344
237_3_00029.png,OF021,237_3.mat,train,29,59392
237_3_00030.png,OF021,237_3.mat,train,30,61440
237_3_00031.png,OF021,237_3.mat,train,31,63488
237_3_00032.png,OF021,237_3.mat,train,32,65536
237_3_00033.png,OF021,237_3.mat,train,33,67584
237_3_00034.png,OF021,237_3.mat,train,34,69632
237_3_00035.png,OF021,237_3.mat,train,35,71680
237_3_00036.png,OF021,237_3.mat,train,36,73728
237_3_00037.png,OF021,237_3.mat,train,37,75776
237_3_00038.png,OF021,237_3.mat,train,38,77824
237_3_00039.png,OF021,237_3.mat,train,39,79872
237_3_00040.png,OF021,237_3.mat,train,40,81920
237_3_00041.png,OF021,237_3.mat,train,41,83968
237_3_00042.png,OF021,237_3.mat,train,42,86016
237_3_00043.png,OF021,237_3.mat,train,43,88064
237_3_00044.png,OF021,237_3.mat,train,44,90112
237_3_00045.png,OF021,237_3.mat,train,45,92160
237_3_00046.png,OF021,237_3.mat,train,46,94208
237_3_00047.png,OF021,237_3.mat,train,47,96256
237_3_00048.png,OF021,237_3.mat,train,48,98304
237_3_00049.png,OF021,237_3.mat,train,49,100352
237_3_00050.png,OF021,237_3.mat,train,50,102400
237_3_00051.png,OF021,237_3.mat,train,51,104448
237_3_00052.png,OF021,237_3.mat,train,52,106496
237_3_00053.png,OF021,237_3.mat,train,53,108544
237_3_00054.png,OF021,237_3.mat,train,54,110592
237_3_00055.png,OF021,237_3.mat,train,55,112640
237_3_00056.png,OF021,237_3.mat,train,56,114688
237_3_00057.png,OF021,237_3.mat,train,57,116736
121_3_00000.png,BF007,121_3.mat,val,0,0
121_3_00001.png,BF007,121_3.mat,val,1,2048
121_3_00002.png,BF007,121_3.mat,val,2,4096
121_3_00003.png,BF007,121_3.mat,val,3,6144
121_3_00004.png,BF007,121_3.mat,val,4,8192
121_3_00005.png,BF007,121_3.mat,val,5,10240
121_3_00006.png,BF007,121_3.mat,val,6,12288
121_3_00007.png,BF007,121_3.mat,val,7,14336
121_3_00008.png,BF007,121_3.mat,val,8,16384
121_3_00009.png,BF007,121_3.mat,val,9,18432
121_3_00010.png,BF007,121_3.mat,val,10,20480
121_3_00011.png,BF007,121_3.mat,val,11,22528
121_3_00012.png,BF007,121_3.mat,val,12,24576
121_3_00013.png,BF007,121_3.mat,val,13,26624
121_3_00014.png,BF007,121_3.mat,val,14,28672
121_3_00015.png,BF007,121_3.mat,val,15,30720
121_3_00016.png,BF007,121_3.mat,val,16,32768
121_3_00017.png,BF007,121_3.mat,val,17,34816
121_3_00018.png,BF007,121_3.mat,val,18,36864
121_3_00019.png,BF007,121_3.mat,val,19,38912
121_3_00020.png,BF007,121_3.mat,val,20,40960
121_3_00021.png,BF007,121_3.mat,val,21,43008
121_3_00022.png,BF007,121_3.mat,val,22,45056
121_3_00023.png,BF007,121_3.mat,val,23,47104
121_3_00024.png,BF007,121_3.mat,val,24,49152
121_3_00025.png,BF007,121_3.mat,val,25,51200
121_3_00026.png,BF007,121_3.mat,val,26,53248
121_3_00027.png,BF007,121_3.mat,val,27,55296
121_3_00028.png,BF007,121_3.mat,val,28,57344
121_3_00029.png,BF007,121_3.mat,val,29,59392
121_3_00030.png,BF007,121_3.mat,val,30,61440
121_3_00031.png,BF007,121_3.mat,val,31,63488
121_3_00032.png,BF007,121_3.mat,val,32,65536
121_3_00033.png,BF007,121_3.mat,val,33,67584
121_3_00034.png,BF007,121_3.mat,val,34,69632
121_3_00035.png,BF007,121_3.mat,val,35,71680
121_3_00036.png,BF007,121_3.mat,val,36,73728
121_3_00037.png,BF007,121_3.mat,val,37,75776
121_3_00038.png,BF007,121_3.mat,val,38,77824
121_3_00039.png,BF007,121_3.mat,val,39,79872
121_3_00040.png,BF007,121_3.mat,val,40,81920
121_3_00041.png,BF007,121_3.mat,val,41,83968
121_3_00042.png,BF007,121_3.mat,val,42,86016
121_3_00043.png,BF007,121_3.mat,val,43,88064
121_3_00044.png,BF007,121_3.mat,val,44,90112
121_3_00045.png,BF007,121_3.mat,val,45,92160
121_3_00046.png,BF007,121_3.mat,val,46,94208
121_3_00047.png,BF007,121_3.mat,val,47,96256
121_3_00048.png,BF007,121_3.mat,val,48,98304
121_3_00049.png,BF007,121_3.mat,val,49,100352
121_3_00050.png,BF007,121_3.mat,val,50,102400
121_3_00051.png,BF007,121_3.mat,val,51,104448
121_3_00052.png,BF007,121_3.mat,val,52,106496
121_3_00053.png,BF007,121_3.mat,val,53,108544
121_3_00054.png,BF007,121_3.mat,val,54,110592
121_3_00055.png,BF007,121_3.mat,val,55,112640
121_3_00056.png,BF007,121_3.mat,val,56,114688
121_3_00057.png,BF007,121_3.mat,val,57,116736
185_0_00000.png,BF014,185_0.mat,val,0,0
185_0_00001.png,BF014,185_0.mat,val,1,2048
185_0_00002.png,BF014,185_0.mat,val,2,4096
185_0_00003.png,BF014,185_0.mat,val,3,6144
185_0_00004.png,BF014,185_0.mat,val,4,8192
185_0_00005.png,BF014,185_0.mat,val,5,10240
185_0_00006.png,BF014,185_0.mat,val,6,12288
185_0_00007.png,BF014,185_0.mat,val,7,14336
185_0_00008.png,BF014,185_0.mat,val,8,16384
185_0_00009.png,BF014,185_0.mat,val,9,18432
185_0_00010.png,BF014,185_0.mat,val,10,20480
185_0_00011.png,BF014,185_0.mat,val,11,22528
185_0_00012.png,BF014,185_0.mat,val,12,24576
185_0_00013.png,BF014,185_0.mat,val,13,26624
185_0_00014.png,BF014,185_0.mat,val,14,28672
185_0_00015.png,BF014,185_0.mat,val,15,30720
185_0_00016.png,BF014,185_0.mat,val,16,32768
185_0_00017.png,BF014,185_0.mat,val,17,34816
185_0_00018.png,BF014,185_0.mat,val,18,36864
185_0_00019.png,BF014,185_0.mat,val,19,38912
185_0_00020.png,BF014,185_0.mat,val,20,40960
185_0_00021.png,BF014,185_0.mat,val,21,43008
185_0_00022.png,BF014,185_0.mat,val,22,45056
185_0_00023.png,BF014,185_0.mat,val,23,47104
185_0_00024.png,BF014,185_0.mat,val,24,49152
185_0_00025.png,BF014,185_0.mat,val,25,51200
185_0_00026.png,BF014,185_0.mat,val,26,53248
185_0_00027.png,BF014,185_0.mat,val,27,55296
185_0_00028.png,BF014,185_0.mat,val,28,57344
185_0_00029.png,BF014,185_0.mat,val,29,59392
185_0_00030.png,BF014,185_0.mat,val,30,61440
185_0_00031.png,BF014,185_0.mat,val,31,63488
185_0_00032.png,BF014,185_0.mat,val,32,65536
185_0_00033.png,BF014,185_0.mat,val,33,67584
185_0_00034.png,BF014,185_0.mat,val,34,69632
185_0_00035.png,BF014,185_0.mat,val,35,71680
185_0_00036.png,BF014,185_0.mat,val,36,73728
185_0_00037.png,BF014,185_0.mat,val,37,75776
185_0_00038.png,BF014,185_0.mat,val,38,77824
185_0_00039.png,BF014,185_0.mat,val,39,79872
185_0_00040.png,BF014,185_0.mat,val,40,81920
185_0_00041.png,BF014,185_0.mat,val,41,83968
185_0_00042.png,BF014,185_0.mat,val,42,86016
185_0_00043.png,BF014,185_0.mat,val,43,88064
185_0_00044.png,BF014,185_0.mat,val,44,90112
185_0_00045.png,BF014,185_0.mat,val,45,92160
185_0_00046.png,BF014,185_0.mat,val,46,94208
185_0_00047.png,BF014,185_0.mat,val,47,96256
185_0_00048.png,BF014,185_0.mat,val,48,98304
185_0_00049.png,BF014,185_0.mat,val,49,100352
185_0_00050.png,BF014,185_0.mat,val,50,102400
185_0_00051.png,BF014,185_0.mat,val,51,104448
185_0_00052.png,BF014,185_0.mat,val,52,106496
185_0_00053.png,BF014,185_0.mat,val,53,108544
185_0_00054.png,BF014,185_0.mat,val,54,110592
185_0_00055.png,BF014,185_0.mat,val,55,112640
185_0_00056.png,BF014,185_0.mat,val,56,114688
185_0_00057.png,BF014,185_0.mat,val,57,116736
224_2_00000.png,BF021,224_2.mat,val,0,0
224_2_00001.png,BF021,224_2.mat,val,1,2048
224_2_00002.png,BF021,224_2.mat,val,2,4096
224_2_00003.png,BF021,224_2.mat,val,3,6144
224_2_00004.png,BF021,224_2.mat,val,4,8192
224_2_00005.png,BF021,224_2.mat,val,5,10240
224_2_00006.png,BF021,224_2.mat,val,6,12288
224_2_00007.png,BF021,224_2.mat,val,7,14336
224_2_00008.png,BF021,224_2.mat,val,8,16384
224_2_00009.png,BF021,224_2.mat,val,9,18432
224_2_00010.png,BF021,224_2.mat,val,10,20480
224_2_00011.png,BF021,224_2.mat,val,11,22528
224_2_00012.png,BF021,224_2.mat,val,12,24576
224_2_00013.png,BF021,224_2.mat,val,13,26624
224_2_00014.png,BF021,224_2.mat,val,14,28672
224_2_00015.png,BF021,224_2.mat,val,15,30720
224_2_00016.png,BF021,224_2.mat,val,16,32768
224_2_00017.png,BF021,224_2.mat,val,17,34816
224_2_00018.png,BF021,224_2.mat,val,18,36864
224_2_00019.png,BF021,224_2.mat,val,19,38912
224_2_00020.png,BF021,224_2.mat,val,20,40960
224_2_00021.png,BF021,224_2.mat,val,21,43008
224_2_00022.png,BF021,224_2.mat,val,22,45056
224_2_00023.png,BF021,224_2.mat,val,23,47104
224_2_00024.png,BF021,224_2.mat,val,24,49152
224_2_00025.png,BF021,224_2.mat,val,25,51200
224_2_00026.png,BF021,224_2.mat,val,26,53248
224_2_00027.png,BF021,224_2.mat,val,27,55296
224_2_00028.png,BF021,224_2.mat,val,28,57344
224_2_00029.png,BF021,224_2.mat,val,29,59392
224_2_00030.png,BF021,224_2.mat,val,30,61440
224_2_00031.png,BF021,224_2.mat,val,31,63488
224_2_00032.png,BF021,224_2.mat,val,32,65536
224_2_00033.png,BF021,224_2.mat,val,33,67584
224_2_00034.png,BF021,224_2.mat,val,34,69632
224_2_00035.png,BF021,224_2.mat,val,35,71680
224_2_00036.png,BF021,224_2.mat,val,36,73728
224_2_00037.png,BF021,224_2.mat,val,37,75776
224_2_00038.png,BF021,224_2.mat,val,38,77824
224_2_00039.png,BF021,224_2.mat,val,39,79872
224_2_00040.png,BF021,224_2.mat,val,40,81920
224_2_00041.png,BF021,224_2.mat,val,41,83968
224_2_00042.png,BF021,224_2.mat,val,42,86016
224_2_00043.png,BF021,224_2.mat,val,43,88064
224_2_00044.png,BF021,224_2.mat,val,44,90112
224_2_00045.png,BF021,224_2.mat,val,45,92160
224_2_00046.png,BF021,224_2.mat,val,46,94208
224_2_00047.png,BF021,224_2.mat,val,47,96256
224_2_00048.png,BF021,224_2.mat,val,48,98304
224_2_00049.png,BF021,224_2.mat,val,49,100352
224_2_00050.png,BF021,224_2.mat,val,50,102400
224_2_00051.png,BF021,224_2.mat,val,51,104448
224_2_00052.png,BF021,224_2.mat,val,52,106496
224_2_00053.png,BF021,224_2.mat,val,53,108544
224_2_00054.png,BF021,224_2.mat,val,54,110592
224_2_00055.png,BF021,224_2.mat,val,55,112640
224_2_00056.png,BF021,224_2.mat,val,56,114688
224_2_00057.png,BF021,224_2.mat,val,57,116736
105_0_00000.png,IF007,105_0.mat,val,0,0
105_0_00001.png,IF007,105_0.mat,val,1,2048
105_0_00002.png,IF007,105_0.mat,val,2,4096
105_0_00003.png,IF007,105_0.mat,val,3,6144
105_0_00004.png,IF007,105_0.mat,val,4,8192
105_0_00005.png,IF007,105_0.mat,val,5,10240
105_0_00006.png,IF007,105_0.mat,val,6,12288
105_0_00007.png,IF007,105_0.mat,val,7,14336
105_0_00008.png,IF007,105_0.mat,val,8,16384
105_0_00009.png,IF007,105_0.mat,val,9,18432
105_0_00010.png,IF007,105_0.mat,val,10,20480
105_0_00011.png,IF007,105_0.mat,val,11,22528
105_0_00012.png,IF007,105_0.mat,val,12,24576
105_0_00013.png,IF007,105_0.mat,val,13,26624
105_0_00014.png,IF007,105_0.mat,val,14,28672
105_0_00015.png,IF007,105_0.mat,val,15,30720
105_0_00016.png,IF007,105_0.mat,val,16,32768
105_0_00017.png,IF007,105_0.mat,val,17,34816
105_0_00018.png,IF007,105_0.mat,val,18,36864
105_0_00019.png,IF007,105_0.mat,val,19,38912
105_0_00020.png,IF007,105_0.mat,val,20,40960
105_0_00021.png,IF007,105_0.mat,val,21,43008
105_0_00022.png,IF007,105_0.mat,val,22,45056
105_0_00023.png,IF007,105_0.mat,val,23,47104
105_0_00024.png,IF007,105_0.mat,val,24,49152
105_0_00025.png,IF007,105_0.mat,val,25,51200
105_0_00026.png,IF007,105_0.mat,val,26,53248
105_0_00027.png,IF007,105_0.mat,val,27,55296
105_0_00028.png,IF007,105_0.mat,val,28,57344
105_0_00029.png,IF007,105_0.mat,val,29,59392
105_0_00030.png,IF007,105_0.mat,val,30,61440
105_0_00031.png,IF007,105_0.mat,val,31,63488
105_0_00032.png,IF007,105_0.mat,val,32,65536
105_0_00033.png,IF007,105_0.mat,val,33,67584
105_0_00034.png,IF007,105_0.mat,val,34,69632
105_0_00035.png,IF007,105_0.mat,val,35,71680
105_0_00036.png,IF007,105_0.mat,val,36,73728
105_0_00037.png,IF007,105_0.mat,val,37,75776
105_0_00038.png,IF007,105_0.mat,val,38,77824
105_0_00039.png,IF007,105_0.mat,val,39,79872
105_0_00040.png,IF007,105_0.mat,val,40,81920
105_0_00041.png,IF007,105_0.mat,val,41,83968
105_0_00042.png,IF007,105_0.mat,val,42,86016
105_0_00043.png,IF007,105_0.mat,val,43,88064
105_0_00044.png,IF007,105_0.mat,val,44,90112
105_0_00045.png,IF007,105_0.mat,val,45,92160
105_0_00046.png,IF007,105_0.mat,val,46,94208
105_0_00047.png,IF007,105_0.mat,val,47,96256
105_0_00048.png,IF007,105_0.mat,val,48,98304
105_0_00049.png,IF007,105_0.mat,val,49,100352
105_0_00050.png,IF007,105_0.mat,val,50,102400
105_0_00051.png,IF007,105_0.mat,val,51,104448
105_0_00052.png,IF007,105_0.mat,val,52,106496
105_0_00053.png,IF007,105_0.mat,val,53,108544
105_0_00054.png,IF007,105_0.mat,val,54,110592
105_0_00055.png,IF007,105_0.mat,val,55,112640
105_0_00056.png,IF007,105_0.mat,val,56,114688
105_0_00057.png,IF007,105_0.mat,val,57,116736
172_3_00000.png,IF014,172_3.mat,val,0,0
172_3_00001.png,IF014,172_3.mat,val,1,2048
172_3_00002.png,IF014,172_3.mat,val,2,4096
172_3_00003.png,IF014,172_3.mat,val,3,6144
172_3_00004.png,IF014,172_3.mat,val,4,8192
172_3_00005.png,IF014,172_3.mat,val,5,10240
172_3_00006.png,IF014,172_3.mat,val,6,12288
172_3_00007.png,IF014,172_3.mat,val,7,14336
172_3_00008.png,IF014,172_3.mat,val,8,16384
172_3_00009.png,IF014,172_3.mat,val,9,18432
172_3_00010.png,IF014,172_3.mat,val,10,20480
172_3_00011.png,IF014,172_3.mat,val,11,22528
172_3_00012.png,IF014,172_3.mat,val,12,24576
172_3_00013.png,IF014,172_3.mat,val,13,26624
172_3_00014.png,IF014,172_3.mat,val,14,28672
172_3_00015.png,IF014,172_3.mat,val,15,30720
172_3_00016.png,IF014,172_3.mat,val,16,32768
172_3_00017.png,IF014,172_3.mat,val,17,34816
172_3_00018.png,IF014,172_3.mat,val,18,36864
172_3_00019.png,IF014,172_3.mat,val,19,38912
172_3_00020.png,IF014,172_3.mat,val,20,40960
172_3_00021.png,IF014,172_3.mat,val,21,43008
172_3_00022.png,IF014,172_3.mat,val,22,45056
172_3_00023.png,IF014,172_3.mat,val,23,47104
172_3_00024.png,IF014,172_3.mat,val,24,49152
172_3_00025.png,IF014,172_3.mat,val,25,51200
172_3_00026.png,IF014,172_3.mat,val,26,53248
172_3_00027.png,IF014,172_3.mat,val,27,55296
172_3_00028.png,IF014,172_3.mat,val,28,57344
172_3_00029.png,IF014,172_3.mat,val,29,59392
172_3_00030.png,IF014,172_3.mat,val,30,61440
172_3_00031.png,IF014,172_3.mat,val,31,63488
172_3_00032.png,IF014,172_3.mat,val,32,65536
172_3_00033.png,IF014,172_3.mat,val,33,67584
172_3_00034.png,IF014,172_3.mat,val,34,69632
172_3_00035.png,IF014,172_3.mat,val,35,71680
172_3_00036.png,IF014,172_3.mat,val,36,73728
172_3_00037.png,IF014,172_3.mat,val,37,75776
172_3_00038.png,IF014,172_3.mat,val,38,77824
172_3_00039.png,IF014,172_3.mat,val,39,79872
172_3_00040.png,IF014,172_3.mat,val,40,81920
172_3_00041.png,IF014,172_3.mat,val,41,83968
172_3_00042.png,IF014,172_3.mat,val,42,86016
172_3_00043.png,IF014,172_3.mat,val,43,88064
172_3_00044.png,IF014,172_3.mat,val,44,90112
172_3_00045.png,IF014,172_3.mat,val,45,92160
172_3_00046.png,IF014,172_3.mat,val,46,94208
172_3_00047.png,IF014,172_3.mat,val,47,96256
172_3_00048.png,IF014,172_3.mat,val,48,98304
172_3_00049.png,IF014,172_3.mat,val,49,100352
172_3_00050.png,IF014,172_3.mat,val,50,102400
172_3_00051.png,IF014,172_3.mat,val,51,104448
172_3_00052.png,IF014,172_3.mat,val,52,106496
172_3_00053.png,IF014,172_3.mat,val,53,108544
172_3_00054.png,IF014,172_3.mat,val,54,110592
172_3_00055.png,IF014,172_3.mat,val,55,112640
172_3_00056.png,IF014,172_3.mat,val,56,114688
172_3_00057.png,IF014,172_3.mat,val,57,116736
211_2_00000.png,IF021,211_2.mat,val,0,0
211_2_00001.png,IF021,211_2.mat,val,1,2048
211_2_00002.png,IF021,211_2.mat,val,2,4096
211_2_00003.png,IF021,211_2.mat,val,3,6144
211_2_00004.png,IF021,211_2.mat,val,4,8192
211_2_00005.png,IF021,211_2.mat,val,5,10240
211_2_00006.png,IF021,211_2.mat,val,6,12288
211_2_00007.png,IF021,211_2.mat,val,7,14336
211_2_00008.png,IF021,211_2.mat,val,8,16384
211_2_00009.png,IF021,211_2.mat,val,9,18432
211_2_00010.png,IF021,211_2.mat,val,10,20480
211_2_00011.png,IF021,211_2.mat,val,11,22528
211_2_00012.png,IF021,211_2.mat,val,12,24576
211_2_00013.png,IF021,211_2.mat,val,13,26624
211_2_00014.png,IF021,211_2.mat,val,14,28672
211_2_00015.png,IF021,211_2.mat,val,15,30720
211_2_00016.png,IF021,211_2.mat,val,16,32768
211_2_00017.png,IF021,211_2.mat,val,17,34816
211_2_00018.png,IF021,211_2.mat,val,18,36864
211_2_00019.png,IF021,211_2.mat,val,19,38912
211_2_00020.png,IF021,211_2.mat,val,20,40960
211_2_00021.png,IF021,211_2.mat,val,21,43008
211_2_00022.png,IF021,211_2.mat,val,22,45056
211_2_00023.png,IF021,211_2.mat,val,23,47104
211_2_00024.png,IF021,211_2.mat,val,24,49152
211_2_00025.png,IF021,211_2.mat,val,25,51200
211_2_00026.png,IF021,211_2.mat,val,26,53248
211_2_00027.png,IF021,211_2.mat,val,27,55296
211_2_00028.png,IF021,211_2.mat,val,28,57344
211_2_00029.png,IF021,211_2.mat,val,29,59392
211_2_00030.png,IF021,211_2.mat,val,30,61440
211_2_00031.png,IF021,211_2.mat,val,31,63488
211_2_00032.png,IF021,211_2.mat,val,32,65536
211_2_00033.png,IF021,211_2.mat,val,33,67584
211_2_00034.png,IF021,211_2.mat,val,34,69632
211_2_00035.png,IF021,211_2.mat,val,35,71680
211_2_00036.png,IF021,211_2.mat,val,36,73728
211_2_00037.png,IF021,211_2.mat,val,37,75776
211_2_00038.png,IF021,211_2.mat,val,38,77824
211_2_00039.png,IF021,211_2.mat,val,39,79872
211_2_00040.png,IF021,211_2.mat,val,40,81920
211_2_00041.png,IF021,211_2.mat,val,41,83968
211_2_00042.png,IF021,211_2.mat,val,42,86016
211_2_00043.png,IF021,211_2.mat,val,43,88064
211_2_00044.png,IF021,211_2.mat,val,44,90112
211_2_00045.png,IF021,211_2.mat,val,45,92160
211_2_00046.png,IF021,211_2.mat,val,46,94208
211_2_00047.png,IF021,211_2.mat,val,47,96256
211_2_00048.png,IF021,211_2.mat,val,48,98304
211_2_00049.png,IF021,211_2.mat,val,49,100352
211_2_00050.png,IF021,211_2.mat,val,50,102400
211_2_00051.png,IF021,211_2.mat,val,51,104448
211_2_00052.png,IF021,211_2.mat,val,52,106496
211_2_00053.png,IF021,211_2.mat,val,53,108544
211_2_00054.png,IF021,211_2.mat,val,54,110592
211_2_00055.png,IF021,211_2.mat,val,55,112640
211_2_00056.png,IF021,211_2.mat,val,56,114688
211_2_00057.png,IF021,211_2.mat,val,57,116736
100_Normal_3_00000.png,Normal,100_Normal_3.mat,val,0,0
100_Normal_3_00001.png,Normal,100_Normal_3.mat,val,1,2048
100_Normal_3_00002.png,Normal,100_Normal_3.mat,val,2,4096
100_Normal_3_00003.png,Normal,100_Normal_3.mat,val,3,6144
100_Normal_3_00004.png,Normal,100_Normal_3.mat,val,4,8192
100_Normal_3_00005.png,Normal,100_Normal_3.mat,val,5,10240
100_Normal_3_00006.png,Normal,100_Normal_3.mat,val,6,12288
100_Normal_3_00007.png,Normal,100_Normal_3.mat,val,7,14336
100_Normal_3_00008.png,Normal,100_Normal_3.mat,val,8,16384
100_Normal_3_00009.png,Normal,100_Normal_3.mat,val,9,18432
100_Normal_3_00010.png,Normal,100_Normal_3.mat,val,10,20480
100_Normal_3_00011.png,Normal,100_Normal_3.mat,val,11,22528
100_Normal_3_00012.png,Normal,100_Normal_3.mat,val,12,24576
100_Normal_3_00013.png,Normal,100_Normal_3.mat,val,13,26624
100_Normal_3_00014.png,Normal,100_Normal_3.mat,val,14,28672
100_Normal_3_00015.png,Normal,100_Normal_3.mat,val,15,30720
100_Normal_3_00016.png,Normal,100_Normal_3.mat,val,16,32768
100_Normal_3_00017.png,Normal,100_Normal_3.mat,val,17,34816
100_Normal_3_00018.png,Normal,100_Normal_3.mat,val,18,36864
100_Normal_3_00019.png,Normal,100_Normal_3.mat,val,19,38912
100_Normal_3_00020.png,Normal,100_Normal_3.mat,val,20,40960
100_Normal_3_00021.png,Normal,100_Normal_3.mat,val,21,43008
100_Normal_3_00022.png,Normal,100_Normal_3.mat,val,22,45056
100_Normal_3_00023.png,Normal,100_Normal_3.mat,val,23,47104
100_Normal_3_00024.png,Normal,100_Normal_3.mat,val,24,49152
100_Normal_3_00025.png,Normal,100_Normal_3.mat,val,25,51200
100_Normal_3_00026.png,Normal,100_Normal_3.mat,val,26,53248
100_Normal_3_00027.png,Normal,100_Normal_3.mat,val,27,55296
100_Normal_3_00028.png,Normal,100_Normal_3.mat,val,28,57344
100_Normal_3_00029.png,Normal,100_Normal_3.mat,val,29,59392
100_Normal_3_00030.png,Normal,100_Normal_3.mat,val,30,61440
100_Normal_3_00031.png,Normal,100_Normal_3.mat,val,31,63488
100_Normal_3_00032.png,Normal,100_Normal_3.mat,val,32,65536
100_Normal_3_00033.png,Normal,100_Normal_3.mat,val,33,67584
100_Normal_3_00034.png,Normal,100_Normal_3.mat,val,34,69632
100_Normal_3_00035.png,Normal,100_Normal_3.mat,val,35,71680
100_Normal_3_00036.png,Normal,100_Normal_3.mat,val,36,73728
100_Normal_3_00037.png,Normal,100_Normal_3.mat,val,37,75776
100_Normal_3_00038.png,Normal,100_Normal_3.mat,val,38,77824
100_Normal_3_00039.png,Normal,100_Normal_3.mat,val,39,79872
100_Normal_3_00040.png,Normal,100_Normal_3.mat,val,40,81920
100_Normal_3_00041.png,Normal,100_Normal_3.mat,val,41,83968
100_Normal_3_00042.png,Normal,100_Normal_3.mat,val,42,86016
100_Normal_3_00043.png,Normal,100_Normal_3.mat,val,43,88064
100_Normal_3_00044.png,Normal,100_Normal_3.mat,val,44,90112
100_Normal_3_00045.png,Normal,100_Normal_3.mat,val,45,92160
100_Normal_3_00046.png,Normal,100_Normal_3.mat,val,46,94208
100_Normal_3_00047.png,Normal,100_Normal_3.mat,val,47,96256
100_Normal_3_00048.png,Normal,100_Normal_3.mat,val,48,98304
100_Normal_3_00049.png,Normal,100_Normal_3.mat,val,49,100352
100_Normal_3_00050.png,Normal,100_Normal_3.mat,val,50,102400
100_Normal_3_00051.png,Normal,100_Normal_3.mat,val,51,104448
100_Normal_3_00052.png,Normal,100_Normal_3.mat,val,52,106496
100_Normal_3_00053.png,Normal,100_Normal_3.mat,val,53,108544
100_Normal_3_00054.png,Normal,100_Normal_3.mat,val,54,110592
100_Normal_3_00055.png,Normal,100_Normal_3.mat,val,55,112640
100_Normal_3_00056.png,Normal,100_Normal_3.mat,val,56,114688
100_Normal_3_00057.png,Normal,100_Normal_3.mat,val,57,116736
100_Normal_3_00058.png,Normal,100_Normal_3.mat,val,58,118784
100_Normal_3_00059.png,Normal,100_Normal_3.mat,val,59,120832
100_Normal_3_00060.png,Normal,100_Normal_3.mat,val,60,122880
100_Normal_3_00061.png,Normal,100_Normal_3.mat,val,61,124928
100_Normal_3_00062.png,Normal,100_Normal_3.mat,val,62,126976
100_Normal_3_00063.png,Normal,100_Normal_3.mat,val,63,129024
100_Normal_3_00064.png,Normal,100_Normal_3.mat,val,64,131072
100_Normal_3_00065.png,Normal,100_Normal_3.mat,val,65,133120
100_Normal_3_00066.png,Normal,100_Normal_3.mat,val,66,135168
100_Normal_3_00067.png,Normal,100_Normal_3.mat,val,67,137216
100_Normal_3_00068.png,Normal,100_Normal_3.mat,val,68,139264
100_Normal_3_00069.png,Normal,100_Normal_3.mat,val,69,141312
100_Normal_3_00070.png,Normal,100_Normal_3.mat,val,70,143360
100_Normal_3_00071.png,Normal,100_Normal_3.mat,val,71,145408
100_Normal_3_00072.png,Normal,100_Normal_3.mat,val,72,147456
100_Normal_3_00073.png,Normal,100_Normal_3.mat,val,73,149504
100_Normal_3_00074.png,Normal,100_Normal_3.mat,val,74,151552
100_Normal_3_00075.png,Normal,100_Normal_3.mat,val,75,153600
100_Normal_3_00076.png,Normal,100_Normal_3.mat,val,76,155648
100_Normal_3_00077.png,Normal,100_Normal_3.mat,val,77,157696
100_Normal_3_00078.png,Normal,100_Normal_3.mat,val,78,159744
100_Normal_3_00079.png,Normal,100_Normal_3.mat,val,79,161792
100_Normal_3_00080.png,Normal,100_Normal_3.mat,val,80,163840
100_Normal_3_00081.png,Normal,100_Normal_3.mat,val,81,165888
100_Normal_3_00082.png,Normal,100_Normal_3.mat,val,82,167936
100_Normal_3_00083.png,Normal,100_Normal_3.mat,val,83,169984
100_Normal_3_00084.png,Normal,100_Normal_3.mat,val,84,172032
100_Normal_3_00085.png,Normal,100_Normal_3.mat,val,85,174080
100_Normal_3_00086.png,Normal,100_Normal_3.mat,val,86,176128
100_Normal_3_00087.png,Normal,100_Normal_3.mat,val,87,178176
100_Normal_3_00088.png,Normal,100_Normal_3.mat,val,88,180224
100_Normal_3_00089.png,Normal,100_Normal_3.mat,val,89,182272
100_Normal_3_00090.png,Normal,100_Normal_3.mat,val,90,184320
100_Normal_3_00091.png,Normal,100_Normal_3.mat,val,91,186368
100_Normal_3_00092.png,Normal,100_Normal_3.mat,val,92,188416
100_Normal_3_00093.png,Normal,100_Normal_3.mat,val,93,190464
100_Normal_3_00094.png,Normal,100_Normal_3.mat,val,94,192512
100_Normal_3_00095.png,Normal,100_Normal_3.mat,val,95,194560
100_Normal_3_00096.png,Normal,100_Normal_3.mat,val,96,196608
100_Normal_3_00097.png,Normal,100_Normal_3.mat,val,97,198656
100_Normal_3_00098.png,Normal,100_Normal_3.mat,val,98,200704
100_Normal_3_00099.png,Normal,100_Normal_3.mat,val,99,202752
100_Normal_3_00100.png,Normal,100_Normal_3.mat,val,100,204800
100_Normal_3_00101.png,Normal,100_Normal_3.mat,val,101,206848
100_Normal_3_00102.png,Normal,100_Normal_3.mat,val,102,208896
100_Normal_3_00103.png,Normal,100_Normal_3.mat,val,103,210944
100_Normal_3_00104.png,Normal,100_Normal_3.mat,val,104,212992
100_Normal_3_00105.png,Normal,100_Normal_3.mat,val,105,215040
100_Normal_3_00106.png,Normal,100_Normal_3.mat,val,106,217088
100_Normal_3_00107.png,Normal,100_Normal_3.mat,val,107,219136
100_Normal_3_00108.png,Normal,100_Normal_3.mat,val,108,221184
100_Normal_3_00109.png,Normal,100_Normal_3.mat,val,109,223232
100_Normal_3_00110.png,Normal,100_Normal_3.mat,val,110,225280
100_Normal_3_00111.png,Normal,100_Normal_3.mat,val,111,227328
100_Normal_3_00112.png,Normal,100_Normal_3.mat,val,112,229376
100_Normal_3_00113.png,Normal,100_Normal_3.mat,val,113,231424
100_Normal_3_00114.png,Normal,100_Normal_3.mat,val,114,233472
100_Normal_3_00115.png,Normal,100_Normal_3.mat,val,115,235520
100_Normal_3_00116.png,Normal,100_Normal_3.mat,val,116,237568
100_Normal_3_00117.png,Normal,100_Normal_3.mat,val,117,239616
100_Normal_3_00118.png,Normal,100_Normal_3.mat,val,118,241664
100_Normal_3_00119.png,Normal,100_Normal_3.mat,val,119,243712
100_Normal_3_00120.png,Normal,100_Normal_3.mat,val,120,245760
100_Normal_3_00121.png,Normal,100_Normal_3.mat,val,121,247808
100_Normal_3_00122.png,Normal,100_Normal_3.mat,val,122,249856
100_Normal_3_00123.png,Normal,100_Normal_3.mat,val,123,251904
100_Normal_3_00124.png,Normal,100_Normal_3.mat,val,124,253952
100_Normal_3_00125.png,Normal,100_Normal_3.mat,val,125,256000
100_Normal_3_00126.png,Normal,100_Normal_3.mat,val,126,258048
100_Normal_3_00127.png,Normal,100_Normal_3.mat,val,127,260096
100_Normal_3_00128.png,Normal,100_Normal_3.mat,val,128,262144
100_Normal_3_00129.png,Normal,100_Normal_3.mat,val,129,264192
100_Normal_3_00130.png,Normal,100_Normal_3.mat,val,130,266240
100_Normal_3_00131.png,Normal,100_Normal_3.mat,val,131,268288
100_Normal_3_00132.png,Normal,100_Normal_3.mat,val,132,270336
100_Normal_3_00133.png,Normal,100_Normal_3.mat,val,133,272384
100_Normal_3_00134.png,Normal,100_Normal_3.mat,val,134,274432
100_Normal_3_00135.png,Normal,100_Normal_3.mat,val,135,276480
100_Normal_3_00136.png,Normal,100_Normal_3.mat,val,136,278528
100_Normal_3_00137.png,Normal,100_Normal_3.mat,val,137,280576
100_Normal_3_00138.png,Normal,100_Normal_3.mat,val,138,282624
100_Normal_3_00139.png,Normal,100_Normal_3.mat,val,139,284672
100_Normal_3_00140.png,Normal,100_Normal_3.mat,val,140,286720
100_Normal_3_00141.png,Normal,100_Normal_3.mat,val,141,288768
100_Normal_3_00142.png,Normal,100_Normal_3.mat,val,142,290816
100_Normal_3_00143.png,Normal,100_Normal_3.mat,val,143,292864
100_Normal_3_00144.png,Normal,100_Normal_3.mat,val,144,294912
100_Normal_3_00145.png,Normal,100_Normal_3.mat,val,145,296960
100_Normal_3_00146.png,Normal,100_Normal_3.mat,val,146,299008
100_Normal_3_00147.png,Normal,100_Normal_3.mat,val,147,301056
100_Normal_3_00148.png,Normal,100_Normal_3.mat,val,148,303104
100_Normal_3_00149.png,Normal,100_Normal_3.mat,val,149,305152
100_Normal_3_00150.png,Normal,100_Normal_3.mat,val,150,307200
100_Normal_3_00151.png,Normal,100_Normal_3.mat,val,151,309248
100_Normal_3_00152.png,Normal,100_Normal_3.mat,val,152,311296
100_Normal_3_00153.png,Normal,100_Normal_3.mat,val,153,313344
100_Normal_3_00154.png,Normal,100_Normal_3.mat,val,154,315392
100_Normal_3_00155.png,Normal,100_Normal_3.mat,val,155,317440
100_Normal_3_00156.png,Normal,100_Normal_3.mat,val,156,319488
100_Normal_3_00157.png,Normal,100_Normal_3.mat,val,157,321536
100_Normal_3_00158.png,Normal,100_Normal_3.mat,val,158,323584
100_Normal_3_00159.png,Normal,100_Normal_3.mat,val,159,325632
100_Normal_3_00160.png,Normal,100_Normal_3.mat,val,160,327680
100_Normal_3_00161.png,Normal,100_Normal_3.mat,val,161,329728
100_Normal_3_00162.png,Normal,100_Normal_3.mat,val,162,331776
100_Normal_3_00163.png,Normal,100_Normal_3.mat,val,163,333824
100_Normal_3_00164.png,Normal,100_Normal_3.mat,val,164,335872
100_Normal_3_00165.png,Normal,100_Normal_3.mat,val,165,337920
100_Normal_3_00166.png,Normal,100_Normal_3.mat,val,166,339968
100_Normal_3_00167.png,Normal,100_Normal_3.mat,val,167,342016
100_Normal_3_00168.png,Normal,100_Normal_3.mat,val,168,344064
100_Normal_3_00169.png,Normal,100_Normal_3.mat,val,169,346112
100_Normal_3_00170.png,Normal,100_Normal_3.mat,val,170,348160
100_Normal_3_00171.png,Normal,100_Normal_3.mat,val,171,350208
100_Normal_3_00172.png,Normal,100_Normal_3.mat,val,172,352256
100_Normal_3_00173.png,Normal,100_Normal_3.mat,val,173,354304
100_Normal_3_00174.png,Normal,100_Normal_3.mat,val,174,356352
100_Normal_3_00175.png,Normal,100_Normal_3.mat,val,175,358400
100_Normal_3_00176.png,Normal,100_Normal_3.mat,val,176,360448
100_Normal_3_00177.png,Normal,100_Normal_3.mat,val,177,362496
100_Normal_3_00178.png,Normal,100_Normal_3.mat,val,178,364544
100_Normal_3_00179.png,Normal,100_Normal_3.mat,val,179,366592
100_Normal_3_00180.png,Normal,100_Normal_3.mat,val,180,368640
100_Normal_3_00181.png,Normal,100_Normal_3.mat,val,181,370688
100_Normal_3_00182.png,Normal,100_Normal_3.mat,val,182,372736
100_Normal_3_00183.png,Normal,100_Normal_3.mat,val,183,374784
100_Normal_3_00184.png,Normal,100_Normal_3.mat,val,184,376832
100_Normal_3_00185.png,Normal,100_Normal_3.mat,val,185,378880
100_Normal_3_00186.png,Normal,100_Normal_3.mat,val,186,380928
100_Normal_3_00187.png,Normal,100_Normal_3.mat,val,187,382976
100_Normal_3_00188.png,Normal,100_Normal_3.mat,val,188,385024
100_Normal_3_00189.png,Normal,100_Normal_3.mat,val,189,387072
100_Normal_3_00190.png,Normal,100_Normal_3.mat,val,190,389120
100_Normal_3_00191.png,Normal,100_Normal_3.mat,val,191,391168
100_Normal_3_00192.png,Normal,100_Normal_3.mat,val,192,393216
100_Normal_3_00193.png,Normal,100_Normal_3.mat,val,193,395264
100_Normal_3_00194.png,Normal,100_Normal_3.mat,val,194,397312
100_Normal_3_00195.png,Normal,100_Normal_3.mat,val,195,399360
100_Normal_3_00196.png,Normal,100_Normal_3.mat,val,196,401408
100_Normal_3_00197.png,Normal,100_Normal_3.mat,val,197,403456
100_Normal_3_00198.png,Normal,100_Normal_3.mat,val,198,405504
100_Normal_3_00199.png,Normal,100_Normal_3.mat,val,199,407552
100_Normal_3_00200.png,Normal,100_Normal_3.mat,val,200,409600
100_Normal_3_00201.png,Normal,100_Normal_3.mat,val,201,411648
100_Normal_3_00202.png,Normal,100_Normal_3.mat,val,202,413696
100_Normal_3_00203.png,Normal,100_Normal_3.mat,val,203,415744
100_Normal_3_00204.png,Normal,100_Normal_3.mat,val,204,417792
100_Normal_3_00205.png,Normal,100_Normal_3.mat,val,205,419840
100_Normal_3_00206.png,Normal,100_Normal_3.mat,val,206,421888
100_Normal_3_00207.png,Normal,100_Normal_3.mat,val,207,423936
100_Normal_3_00208.png,Normal,100_Normal_3.mat,val,208,425984
100_Normal_3_00209.png,Normal,100_Normal_3.mat,val,209,428032
100_Normal_3_00210.png,Normal,100_Normal_3.mat,val,210,430080
100_Normal_3_00211.png,Normal,100_Normal_3.mat,val,211,432128
100_Normal_3_00212.png,Normal,100_Normal_3.mat,val,212,434176
100_Normal_3_00213.png,Normal,100_Normal_3.mat,val,213,436224
100_Normal_3_00214.png,Normal,100_Normal_3.mat,val,214,438272
100_Normal_3_00215.png,Normal,100_Normal_3.mat,val,215,440320
100_Normal_3_00216.png,Normal,100_Normal_3.mat,val,216,442368
100_Normal_3_00217.png,Normal,100_Normal_3.mat,val,217,444416
100_Normal_3_00218.png,Normal,100_Normal_3.mat,val,218,446464
100_Normal_3_00219.png,Normal,100_Normal_3.mat,val,219,448512
100_Normal_3_00220.png,Normal,100_Normal_3.mat,val,220,450560
100_Normal_3_00221.png,Normal,100_Normal_3.mat,val,221,452608
100_Normal_3_00222.png,Normal,100_Normal_3.mat,val,222,454656
100_Normal_3_00223.png,Normal,100_Normal_3.mat,val,223,456704
100_Normal_3_00224.png,Normal,100_Normal_3.mat,val,224,458752
100_Normal_3_00225.png,Normal,100_Normal_3.mat,val,225,460800
100_Normal_3_00226.png,Normal,100_Normal_3.mat,val,226,462848
100_Normal_3_00227.png,Normal,100_Normal_3.mat,val,227,464896
100_Normal_3_00228.png,Normal,100_Normal_3.mat,val,228,466944
100_Normal_3_00229.png,Normal,100_Normal_3.mat,val,229,468992
100_Normal_3_00230.png,Normal,100_Normal_3.mat,val,230,471040
100_Normal_3_00231.png,Normal,100_Normal_3.mat,val,231,473088
100_Normal_3_00232.png,Normal,100_Normal_3.mat,val,232,475136
100_Normal_3_00233.png,Normal,100_Normal_3.mat,val,233,477184
100_Normal_3_00234.png,Normal,100_Normal_3.mat,val,234,479232
100_Normal_3_00235.png,Normal,100_Normal_3.mat,val,235,481280
130@6_0_00000.png,OF007,130@6_0.mat,val,0,0
130@6_0_00001.png,OF007,130@6_0.mat,val,1,2048
130@6_0_00002.png,OF007,130@6_0.mat,val,2,4096
130@6_0_00003.png,OF007,130@6_0.mat,val,3,6144
130@6_0_00004.png,OF007,130@6_0.mat,val,4,8192
130@6_0_00005.png,OF007,130@6_0.mat,val,5,10240
130@6_0_00006.png,OF007,130@6_0.mat,val,6,12288
130@6_0_00007.png,OF007,130@6_0.mat,val,7,14336
130@6_0_00008.png,OF007,130@6_0.mat,val,8,16384
130@6_0_00009.png,OF007,130@6_0.mat,val,9,18432
130@6_0_00010.png,OF007,130@6_0.mat,val,10,20480
130@6_0_00011.png,OF007,130@6_0.mat,val,11,22528
130@6_0_00012.png,OF007,130@6_0.mat,val,12,24576
130@6_0_00013.png,OF007,130@6_0.mat,val,13,26624
130@6_0_00014.png,OF007,130@6_0.mat,val,14,28672
130@6_0_00015.png,OF007,130@6_0.mat,val,15,30720
130@6_0_00016.png,OF007,130@6_0.mat,val,16,32768
130@6_0_00017.png,OF007,130@6_0.mat,val,17,34816
130@6_0_00018.png,OF007,130@6_0.mat,val,18,36864
130@6_0_00019.png,OF007,130@6_0.mat,val,19,38912
130@6_0_00020.png,OF007,130@6_0.mat,val,20,40960
130@6_0_00021.png,OF007,130@6_0.mat,val,21,43008
130@6_0_00022.png,OF007,130@6_0.mat,val,22,45056
130@6_0_00023.png,OF007,130@6_0.mat,val,23,47104
130@6_0_00024.png,OF007,130@6_0.mat,val,24,49152
130@6_0_00025.png,OF007,130@6_0.mat,val,25,51200
130@6_0_00026.png,OF007,130@6_0.mat,val,26,53248
130@6_0_00027.png,OF007,130@6_0.mat,val,27,55296
130@6_0_00028.png,OF007,130@6_0.mat,val,28,57344
130@6_0_00029.png,OF007,130@6_0.mat,val,29,59392
130@6_0_00030.png,OF007,130@6_0.mat,val,30,61440
130@6_0_00031.png,OF007,130@6_0.mat,val,31,63488
130@6_0_00032.png,OF007,130@6_0.mat,val,32,65536
130@6_0_00033.png,OF007,130@6_0.mat,val,33,67584
130@6_0_00034.png,OF007,130@6_0.mat,val,34,69632
130@6_0_00035.png,OF007,130@6_0.mat,val,35,71680
130@6_0_00036.png,OF007,130@6_0.mat,val,36,73728
130@6_0_00037.png,OF007,130@6_0.mat,val,37,75776
130@6_0_00038.png,OF007,130@6_0.mat,val,38,77824
130@6_0_00039.png,OF007,130@6_0.mat,val,39,79872
130@6_0_00040.png,OF007,130@6_0.mat,val,40,81920
130@6_0_00041.png,OF007,130@6_0.mat,val,41,83968
130@6_0_00042.png,OF007,130@6_0.mat,val,42,86016
130@6_0_00043.png,OF007,130@6_0.mat,val,43,88064
130@6_0_00044.png,OF007,130@6_0.mat,val,44,90112
130@6_0_00045.png,OF007,130@6_0.mat,val,45,92160
130@6_0_00046.png,OF007,130@6_0.mat,val,46,94208
130@6_0_00047.png,OF007,130@6_0.mat,val,47,96256
130@6_0_00048.png,OF007,130@6_0.mat,val,48,98304
130@6_0_00049.png,OF007,130@6_0.mat,val,49,100352
130@6_0_00050.png,OF007,130@6_0.mat,val,50,102400
130@6_0_00051.png,OF007,130@6_0.mat,val,51,104448
130@6_0_00052.png,OF007,130@6_0.mat,val,52,106496
130@6_0_00053.png,OF007,130@6_0.mat,val,53,108544
130@6_0_00054.png,OF007,130@6_0.mat,val,54,110592
130@6_0_00055.png,OF007,130@6_0.mat,val,55,112640
130@6_0_00056.png,OF007,130@6_0.mat,val,56,114688
130@6_0_00057.png,OF007,130@6_0.mat,val,57,116736
198@6_1_00000.png,OF014,198@6_1.mat,val,0,0
198@6_1_00001.png,OF014,198@6_1.mat,val,1,2048
198@6_1_00002.png,OF014,198@6_1.mat,val,2,4096
198@6_1_00003.png,OF014,198@6_1.mat,val,3,6144
198@6_1_00004.png,OF014,198@6_1.mat,val,4,8192
198@6_1_00005.png,OF014,198@6_1.mat,val,5,10240
198@6_1_00006.png,OF014,198@6_1.mat,val,6,12288
198@6_1_00007.png,OF014,198@6_1.mat,val,7,14336
198@6_1_00008.png,OF014,198@6_1.mat,val,8,16384
198@6_1_00009.png,OF014,198@6_1.mat,val,9,18432
198@6_1_00010.png,OF014,198@6_1.mat,val,10,20480
198@6_1_00011.png,OF014,198@6_1.mat,val,11,22528
198@6_1_00012.png,OF014,198@6_1.mat,val,12,24576
198@6_1_00013.png,OF014,198@6_1.mat,val,13,26624
198@6_1_00014.png,OF014,198@6_1.mat,val,14,28672
198@6_1_00015.png,OF014,198@6_1.mat,val,15,30720
198@6_1_00016.png,OF014,198@6_1.mat,val,16,32768
198@6_1_00017.png,OF014,198@6_1.mat,val,17,34816
198@6_1_00018.png,OF014,198@6_1.mat,val,18,36864
198@6_1_00019.png,OF014,198@6_1.mat,val,19,38912
198@6_1_00020.png,OF014,198@6_1.mat,val,20,40960
198@6_1_00021.png,OF014,198@6_1.mat,val,21,43008
198@6_1_00022.png,OF014,198@6_1.mat,val,22,45056
198@6_1_00023.png,OF014,198@6_1.mat,val,23,47104
198@6_1_00024.png,OF014,198@6_1.mat,val,24,49152
198@6_1_00025.png,OF014,198@6_1.mat,val,25,51200
198@6_1_00026.png,OF014,198@6_1.mat,val,26,53248
198@6_1_00027.png,OF014,198@6_1.mat,val,27,55296
198@6_1_00028.png,OF014,198@6_1.mat,val,28,57344
198@6_1_00029.png,OF014,198@6_1.mat,val,29,59392
198@6_1_00030.png,OF014,198@6_1.mat,val,30,61440
198@6_1_00031.png,OF014,198@6_1.mat,val,31,63488
198@6_1_00032.png,OF014,198@6_1.mat,val,32,65536
198@6_1_00033.png,OF014,198@6_1.mat,val,33,67584
198@6_1_00034.png,OF014,198@6_1.mat,val,34,69632
198@6_1_00035.png,OF014,198@6_1.mat,val,35,71680
198@6_1_00036.png,OF014,198@6_1.mat,val,36,73728
198@6_1_00037.png,OF014,198@6_1.mat,val,37,75776
198@6_1_00038.png,OF014,198@6_1.mat,val,38,77824
198@6_1_00039.png,OF014,198@6_1.mat,val,39,79872
198@6_1_00040.png,OF014,198@6_1.mat,val,40,81920
198@6_1_00041.png,OF014,198@6_1.mat,val,41,83968
198@6_1_00042.png,OF014,198@6_1.mat,val,42,86016
198@6_1_00043.png,OF014,198@6_1.mat,val,43,88064
198@6_1_00044.png,OF014,198@6_1.mat,val,44,90112
198@6_1_00045.png,OF014,198@6_1.mat,val,45,92160
198@6_1_00046.png,OF014,198@6_1.mat,val,46,94208
198@6_1_00047.png,OF014,198@6_1.mat,val,47,96256
198@6_1_00048.png,OF014,198@6_1.mat,val,48,98304
198@6_1_00049.png,OF014,198@6_1.mat,val,49,100352
198@6_1_00050.png,OF014,198@6_1.mat,val,50,102400
198@6_1_00051.png,OF014,198@6_1.mat,val,51,104448
198@6_1_00052.png,OF014,198@6_1.mat,val,52,106496
198@6_1_00053.png,OF014,198@6_1.mat,val,53,108544
198@6_1_00054.png,OF014,198@6_1.mat,val,54,110592
198@6_1_00055.png,OF014,198@6_1.mat,val,55,112640
198@6_1_00056.png,OF014,198@6_1.mat,val,56,114688
198@6_1_00057.png,OF014,198@6_1.mat,val,57,116736
234_0_00000.png,OF021,234_0.mat,val,0,0
234_0_00001.png,OF021,234_0.mat,val,1,2048
234_0_00002.png,OF021,234_0.mat,val,2,4096
234_0_00003.png,OF021,234_0.mat,val,3,6144
234_0_00004.png,OF021,234_0.mat,val,4,8192
234_0_00005.png,OF021,234_0.mat,val,5,10240
234_0_00006.png,OF021,234_0.mat,val,6,12288
234_0_00007.png,OF021,234_0.mat,val,7,14336
234_0_00008.png,OF021,234_0.mat,val,8,16384
234_0_00009.png,OF021,234_0.mat,val,9,18432
234_0_00010.png,OF021,234_0.mat,val,10,20480
234_0_00011.png,OF021,234_0.mat,val,11,22528
234_0_00012.png,OF021,234_0.mat,val,12,24576
234_0_00013.png,OF021,234_0.mat,val,13,26624
234_0_00014.png,OF021,234_0.mat,val,14,28672
234_0_00015.png,OF021,234_0.mat,val,15,30720
234_0_00016.png,OF021,234_0.mat,val,16,32768
234_0_00017.png,OF021,234_0.mat,val,17,34816
234_0_00018.png,OF021,234_0.mat,val,18,36864
234_0_00019.png,OF021,234_0.mat,val,19,38912
234_0_00020.png,OF021,234_0.mat,val,20,40960
234_0_00021.png,OF021,234_0.mat,val,21,43008
234_0_00022.png,OF021,234_0.mat,val,22,45056
234_0_00023.png,OF021,234_0.mat,val,23,47104
234_0_00024.png,OF021,234_0.mat,val,24,49152
234_0_00025.png,OF021,234_0.mat,val,25,51200
234_0_00026.png,OF021,234_0.mat,val,26,53248
234_0_00027.png,OF021,234_0.mat,val,27,55296
234_0_00028.png,OF021,234_0.mat,val,28,57344
234_0_00029.png,OF021,234_0.mat,val,29,59392
234_0_00030.png,OF021,234_0.mat,val,30,61440
234_0_00031.png,OF021,234_0.mat,val,31,63488
234_0_00032.png,OF021,234_0.mat,val,32,65536
234_0_00033.png,OF021,234_0.mat,val,33,67584
234_0_00034.png,OF021,234_0.mat,val,34,69632
234_0_00035.png,OF021,234_0.mat,val,35,71680
234_0_00036.png,OF021,234_0.mat,val,36,73728
234_0_00037.png,OF021,234_0.mat,val,37,75776
234_0_00038.png,OF021,234_0.mat,val,38,77824
234_0_00039.png,OF021,234_0.mat,val,39,79872
234_0_00040.png,OF021,234_0.mat,val,40,81920
234_0_00041.png,OF021,234_0.mat,val,41,83968
234_0_00042.png,OF021,234_0.mat,val,42,86016
234_0_00043.png,OF021,234_0.mat,val,43,88064
234_0_00044.png,OF021,234_0.mat,val,44,90112
234_0_00045.png,OF021,234_0.mat,val,45,92160
234_0_00046.png,OF021,234_0.mat,val,46,94208
234_0_00047.png,OF021,234_0.mat,val,47,96256
234_0_00048.png,OF021,234_0.mat,val,48,98304
234_0_00049.png,OF021,234_0.mat,val,49,100352
234_0_00050.png,OF021,234_0.mat,val,50,102400
234_0_00051.png,OF021,234_0.mat,val,51,104448
234_0_00052.png,OF021,234_0.mat,val,52,106496
234_0_00053.png,OF021,234_0.mat,val,53,108544
234_0_00054.png,OF021,234_0.mat,val,54,110592
234_0_00055.png,OF021,234_0.mat,val,55,112640
234_0_00056.png,OF021,234_0.mat,val,56,114688
234_0_00057.png,OF021,234_0.mat,val,57,116736
118_0_00000.png,BF007,118_0.mat,test,0,0
118_0_00001.png,BF007,118_0.mat,test,1,2048
118_0_00002.png,BF007,118_0.mat,test,2,4096
118_0_00003.png,BF007,118_0.mat,test,3,6144
118_0_00004.png,BF007,118_0.mat,test,4,8192
118_0_00005.png,BF007,118_0.mat,test,5,10240
118_0_00006.png,BF007,118_0.mat,test,6,12288
118_0_00007.png,BF007,118_0.mat,test,7,14336
118_0_00008.png,BF007,118_0.mat,test,8,16384
118_0_00009.png,BF007,118_0.mat,test,9,18432
118_0_00010.png,BF007,118_0.mat,test,10,20480
118_0_00011.png,BF007,118_0.mat,test,11,22528
118_0_00012.png,BF007,118_0.mat,test,12,24576
118_0_00013.png,BF007,118_0.mat,test,13,26624
118_0_00014.png,BF007,118_0.mat,test,14,28672
118_0_00015.png,BF007,118_0.mat,test,15,30720
118_0_00016.png,BF007,118_0.mat,test,16,32768
118_0_00017.png,BF007,118_0.mat,test,17,34816
118_0_00018.png,BF007,118_0.mat,test,18,36864
118_0_00019.png,BF007,118_0.mat,test,19,38912
118_0_00020.png,BF007,118_0.mat,test,20,40960
118_0_00021.png,BF007,118_0.mat,test,21,43008
118_0_00022.png,BF007,118_0.mat,test,22,45056
118_0_00023.png,BF007,118_0.mat,test,23,47104
118_0_00024.png,BF007,118_0.mat,test,24,49152
118_0_00025.png,BF007,118_0.mat,test,25,51200
118_0_00026.png,BF007,118_0.mat,test,26,53248
118_0_00027.png,BF007,118_0.mat,test,27,55296
118_0_00028.png,BF007,118_0.mat,test,28,57344
118_0_00029.png,BF007,118_0.mat,test,29,59392
118_0_00030.png,BF007,118_0.mat,test,30,61440
118_0_00031.png,BF007,118_0.mat,test,31,63488
118_0_00032.png,BF007,118_0.mat,test,32,65536
118_0_00033.png,BF007,118_0.mat,test,33,67584
118_0_00034.png,BF007,118_0.mat,test,34,69632
118_0_00035.png,BF007,118_0.mat,test,35,71680
118_0_00036.png,BF007,118_0.mat,test,36,73728
118_0_00037.png,BF007,118_0.mat,test,37,75776
118_0_00038.png,BF007,118_0.mat,test,38,77824
118_0_00039.png,BF007,118_0.mat,test,39,79872
118_0_00040.png,BF007,118_0.mat,test,40,81920
118_0_00041.png,BF007,118_0.mat,test,41,83968
118_0_00042.png,BF007,118_0.mat,test,42,86016
118_0_00043.png,BF007,118_0.mat,test,43,88064
118_0_00044.png,BF007,118_0.mat,test,44,90112
118_0_00045.png,BF007,118_0.mat,test,45,92160
118_0_00046.png,BF007,118_0.mat,test,46,94208
118_0_00047.png,BF007,118_0.mat,test,47,96256
118_0_00048.png,BF007,118_0.mat,test,48,98304
118_0_00049.png,BF007,118_0.mat,test,49,100352
118_0_00050.png,BF007,118_0.mat,test,50,102400
118_0_00051.png,BF007,118_0.mat,test,51,104448
118_0_00052.png,BF007,118_0.mat,test,52,106496
118_0_00053.png,BF007,118_0.mat,test,53,108544
118_0_00054.png,BF007,118_0.mat,test,54,110592
118_0_00055.png,BF007,118_0.mat,test,55,112640
118_0_00056.png,BF007,118_0.mat,test,56,114688
118_0_00057.png,BF007,118_0.mat,test,57,116736
186_1_00000.png,BF014,186_1.mat,test,0,0
186_1_00001.png,BF014,186_1.mat,test,1,2048
186_1_00002.png,BF014,186_1.mat,test,2,4096
186_1_00003.png,BF014,186_1.mat,test,3,6144
186_1_00004.png,BF014,186_1.mat,test,4,8192
186_1_00005.png,BF014,186_1.mat,test,5,10240
186_1_00006.png,BF014,186_1.mat,test,6,12288
186_1_00007.png,BF014,186_1.mat,test,7,14336
186_1_00008.png,BF014,186_1.mat,test,8,16384
186_1_00009.png,BF014,186_1.mat,test,9,18432
186_1_00010.png,BF014,186_1.mat,test,10,20480
186_1_00011.png,BF014,186_1.mat,test,11,22528
186_1_00012.png,BF014,186_1.mat,test,12,24576
186_1_00013.png,BF014,186_1.mat,test,13,26624
186_1_00014.png,BF014,186_1.mat,test,14,28672
186_1_00015.png,BF014,186_1.mat,test,15,30720
186_1_00016.png,BF014,186_1.mat,test,16,32768
186_1_00017.png,BF014,186_1.mat,test,17,34816
186_1_00018.png,BF014,186_1.mat,test,18,36864
186_1_00019.png,BF014,186_1.mat,test,19,38912
186_1_00020.png,BF014,186_1.mat,test,20,40960
186_1_00021.png,BF014,186_1.mat,test,21,43008
186_1_00022.png,BF014,186_1.mat,test,22,45056
186_1_00023.png,BF014,186_1.mat,test,23,47104
186_1_00024.png,BF014,186_1.mat,test,24,49152
186_1_00025.png,BF014,186_1.mat,test,25,51200
186_1_00026.png,BF014,186_1.mat,test,26,53248
186_1_00027.png,BF014,186_1.mat,test,27,55296
186_1_00028.png,BF014,186_1.mat,test,28,57344
186_1_00029.png,BF014,186_1.mat,test,29,59392
186_1_00030.png,BF014,186_1.mat,test,30,61440
186_1_00031.png,BF014,186_1.mat,test,31,63488
186_1_00032.png,BF014,186_1.mat,test,32,65536
186_1_00033.png,BF014,186_1.mat,test,33,67584
186_1_00034.png,BF014,186_1.mat,test,34,69632
186_1_00035.png,BF014,186_1.mat,test,35,71680
186_1_00036.png,BF014,186_1.mat,test,36,73728
186_1_00037.png,BF014,186_1.mat,test,37,75776
186_1_00038.png,BF014,186_1.mat,test,38,77824
186_1_00039.png,BF014,186_1.mat,test,39,79872
186_1_00040.png,BF014,186_1.mat,test,40,81920
186_1_00041.png,BF014,186_1.mat,test,41,83968
186_1_00042.png,BF014,186_1.mat,test,42,86016
186_1_00043.png,BF014,186_1.mat,test,43,88064
186_1_00044.png,BF014,186_1.mat,test,44,90112
186_1_00045.png,BF014,186_1.mat,test,45,92160
186_1_00046.png,BF014,186_1.mat,test,46,94208
186_1_00047.png,BF014,186_1.mat,test,47,96256
186_1_00048.png,BF014,186_1.mat,test,48,98304
186_1_00049.png,BF014,186_1.mat,test,49,100352
186_1_00050.png,BF014,186_1.mat,test,50,102400
186_1_00051.png,BF014,186_1.mat,test,51,104448
186_1_00052.png,BF014,186_1.mat,test,52,106496
186_1_00053.png,BF014,186_1.mat,test,53,108544
186_1_00054.png,BF014,186_1.mat,test,54,110592
186_1_00055.png,BF014,186_1.mat,test,55,112640
186_1_00056.png,BF014,186_1.mat,test,56,114688
186_1_00057.png,BF014,186_1.mat,test,57,116736
222_0_00000.png,BF021,222_0.mat,test,0,0
222_0_00001.png,BF021,222_0.mat,test,1,2048
222_0_00002.png,BF021,222_0.mat,test,2,4096
222_0_00003.png,BF021,222_0.mat,test,3,6144
222_0_00004.png,BF021,222_0.mat,test,4,8192
222_0_00005.png,BF021,222_0.mat,test,5,10240
222_0_00006.png,BF021,222_0.mat,test,6,12288
222_0_00007.png,BF021,222_0.mat,test,7,14336
222_0_00008.png,BF021,222_0.mat,test,8,16384
222_0_00009.png,BF021,222_0.mat,test,9,18432
222_0_00010.png,BF021,222_0.mat,test,10,20480
222_0_00011.png,BF021,222_0.mat,test,11,22528
222_0_00012.png,BF021,222_0.mat,test,12,24576
222_0_00013.png,BF021,222_0.mat,test,13,26624
222_0_00014.png,BF021,222_0.mat,test,14,28672
222_0_00015.png,BF021,222_0.mat,test,15,30720
222_0_00016.png,BF021,222_0.mat,test,16,32768
222_0_00017.png,BF021,222_0.mat,test,17,34816
222_0_00018.png,BF021,222_0.mat,test,18,36864
222_0_00019.png,BF021,222_0.mat,test,19,38912
222_0_00020.png,BF021,222_0.mat,test,20,40960
222_0_00021.png,BF021,222_0.mat,test,21,43008
222_0_00022.png,BF021,222_0.mat,test,22,45056
222_0_00023.png,BF021,222_0.mat,test,23,47104
222_0_00024.png,BF021,222_0.mat,test,24,49152
222_0_00025.png,BF021,222_0.mat,test,25,51200
222_0_00026.png,BF021,222_0.mat,test,26,53248
222_0_00027.png,BF021,222_0.mat,test,27,55296
222_0_00028.png,BF021,222_0.mat,test,28,57344
222_0_00029.png,BF021,222_0.mat,test,29,59392
222_0_00030.png,BF021,222_0.mat,test,30,61440
222_0_00031.png,BF021,222_0.mat,test,31,63488
222_0_00032.png,BF021,222_0.mat,test,32,65536
222_0_00033.png,BF021,222_0.mat,test,33,67584
222_0_00034.png,BF021,222_0.mat,test,34,69632
222_0_00035.png,BF021,222_0.mat,test,35,71680
222_0_00036.png,BF021,222_0.mat,test,36,73728
222_0_00037.png,BF021,222_0.mat,test,37,75776
222_0_00038.png,BF021,222_0.mat,test,38,77824
222_0_00039.png,BF021,222_0.mat,test,39,79872
222_0_00040.png,BF021,222_0.mat,test,40,81920
222_0_00041.png,BF021,222_0.mat,test,41,83968
222_0_00042.png,BF021,222_0.mat,test,42,86016
222_0_00043.png,BF021,222_0.mat,test,43,88064
222_0_00044.png,BF021,222_0.mat,test,44,90112
222_0_00045.png,BF021,222_0.mat,test,45,92160
222_0_00046.png,BF021,222_0.mat,test,46,94208
222_0_00047.png,BF021,222_0.mat,test,47,96256
222_0_00048.png,BF021,222_0.mat,test,48,98304
222_0_00049.png,BF021,222_0.mat,test,49,100352
222_0_00050.png,BF021,222_0.mat,test,50,102400
222_0_00051.png,BF021,222_0.mat,test,51,104448
222_0_00052.png,BF021,222_0.mat,test,52,106496
222_0_00053.png,BF021,222_0.mat,test,53,108544
222_0_00054.png,BF021,222_0.mat,test,54,110592
222_0_00055.png,BF021,222_0.mat,test,55,112640
222_0_00056.png,BF021,222_0.mat,test,56,114688
222_0_00057.png,BF021,222_0.mat,test,57,116736
108_3_00000.png,IF007,108_3.mat,test,0,0
108_3_00001.png,IF007,108_3.mat,test,1,2048
108_3_00002.png,IF007,108_3.mat,test,2,4096
108_3_00003.png,IF007,108_3.mat,test,3,6144
108_3_00004.png,IF007,108_3.mat,test,4,8192
108_3_00005.png,IF007,108_3.mat,test,5,10240
108_3_00006.png,IF007,108_3.mat,test,6,12288
108_3_00007.png,IF007,108_3.mat,test,7,14336
108_3_00008.png,IF007,108_3.mat,test,8,16384
108_3_00009.png,IF007,108_3.mat,test,9,18432
108_3_00010.png,IF007,108_3.mat,test,10,20480
108_3_00011.png,IF007,108_3.mat,test,11,22528
108_3_00012.png,IF007,108_3.mat,test,12,24576
108_3_00013.png,IF007,108_3.mat,test,13,26624
108_3_00014.png,IF007,108_3.mat,test,14,28672
108_3_00015.png,IF007,108_3.mat,test,15,30720
108_3_00016.png,IF007,108_3.mat,test,16,32768
108_3_00017.png,IF007,108_3.mat,test,17,34816
108_3_00018.png,IF007,108_3.mat,test,18,36864
108_3_00019.png,IF007,108_3.mat,test,19,38912
108_3_00020.png,IF007,108_3.mat,test,20,40960
108_3_00021.png,IF007,108_3.mat,test,21,43008
108_3_00022.png,IF007,108_3.mat,test,22,45056
108_3_00023.png,IF007,108_3.mat,test,23,47104
108_3_00024.png,IF007,108_3.mat,test,24,49152
108_3_00025.png,IF007,108_3.mat,test,25,51200
108_3_00026.png,IF007,108_3.mat,test,26,53248
108_3_00027.png,IF007,108_3.mat,test,27,55296
108_3_00028.png,IF007,108_3.mat,test,28,57344
108_3_00029.png,IF007,108_3.mat,test,29,59392
108_3_00030.png,IF007,108_3.mat,test,30,61440
108_3_00031.png,IF007,108_3.mat,test,31,63488
108_3_00032.png,IF007,108_3.mat,test,32,65536
108_3_00033.png,IF007,108_3.mat,test,33,67584
108_3_00034.png,IF007,108_3.mat,test,34,69632
108_3_00035.png,IF007,108_3.mat,test,35,71680
108_3_00036.png,IF007,108_3.mat,test,36,73728
108_3_00037.png,IF007,108_3.mat,test,37,75776
108_3_00038.png,IF007,108_3.mat,test,38,77824
108_3_00039.png,IF007,108_3.mat,test,39,79872
108_3_00040.png,IF007,108_3.mat,test,40,81920
108_3_00041.png,IF007,108_3.mat,test,41,83968
108_3_00042.png,IF007,108_3.mat,test,42,86016
108_3_00043.png,IF007,108_3.mat,test,43,88064
108_3_00044.png,IF007,108_3.mat,test,44,90112
108_3_00045.png,IF007,108_3.mat,test,45,92160
108_3_00046.png,IF007,108_3.mat,test,46,94208
108_3_00047.png,IF007,108_3.mat,test,47,96256
108_3_00048.png,IF007,108_3.mat,test,48,98304
108_3_00049.png,IF007,108_3.mat,test,49,100352
108_3_00050.png,IF007,108_3.mat,test,50,102400
108_3_00051.png,IF007,108_3.mat,test,51,104448
108_3_00052.png,IF007,108_3.mat,test,52,106496
108_3_00053.png,IF007,108_3.mat,test,53,108544
108_3_00054.png,IF007,108_3.mat,test,54,110592
108_3_00055.png,IF007,108_3.mat,test,55,112640
108_3_00056.png,IF007,108_3.mat,test,56,114688
108_3_00057.png,IF007,108_3.mat,test,57,116736
108_3_00058.png,IF007,108_3.mat,test,58,118784
169_0_00000.png,IF014,169_0.mat,test,0,0
169_0_00001.png,IF014,169_0.mat,test,1,2048
169_0_00002.png,IF014,169_0.mat,test,2,4096
169_0_00003.png,IF014,169_0.mat,test,3,6144
169_0_00004.png,IF014,169_0.mat,test,4,8192
169_0_00005.png,IF014,169_0.mat,test,5,10240
169_0_00006.png,IF014,169_0.mat,test,6,12288
169_0_00007.png,IF014,169_0.mat,test,7,14336
169_0_00008.png,IF014,169_0.mat,test,8,16384
169_0_00009.png,IF014,169_0.mat,test,9,18432
169_0_00010.png,IF014,169_0.mat,test,10,20480
169_0_00011.png,IF014,169_0.mat,test,11,22528
169_0_00012.png,IF014,169_0.mat,test,12,24576
169_0_00013.png,IF014,169_0.mat,test,13,26624
169_0_00014.png,IF014,169_0.mat,test,14,28672
169_0_00015.png,IF014,169_0.mat,test,15,30720
169_0_00016.png,IF014,169_0.mat,test,16,32768
169_0_00017.png,IF014,169_0.mat,test,17,34816
169_0_00018.png,IF014,169_0.mat,test,18,36864
169_0_00019.png,IF014,169_0.mat,test,19,38912
169_0_00020.png,IF014,169_0.mat,test,20,40960
169_0_00021.png,IF014,169_0.mat,test,21,43008
169_0_00022.png,IF014,169_0.mat,test,22,45056
169_0_00023.png,IF014,169_0.mat,test,23,47104
169_0_00024.png,IF014,169_0.mat,test,24,49152
169_0_00025.png,IF014,169_0.mat,test,25,51200
169_0_00026.png,IF014,169_0.mat,test,26,53248
169_0_00027.png,IF014,169_0.mat,test,27,55296
169_0_00028.png,IF014,169_0.mat,test,28,57344
169_0_00029.png,IF014,169_0.mat,test,29,59392
169_0_00030.png,IF014,169_0.mat,test,30,61440
169_0_00031.png,IF014,169_0.mat,test,31,63488
169_0_00032.png,IF014,169_0.mat,test,32,65536
169_0_00033.png,IF014,169_0.mat,test,33,67584
169_0_00034.png,IF014,169_0.mat,test,34,69632
169_0_00035.png,IF014,169_0.mat,test,35,71680
169_0_00036.png,IF014,169_0.mat,test,36,73728
169_0_00037.png,IF014,169_0.mat,test,37,75776
169_0_00038.png,IF014,169_0.mat,test,38,77824
169_0_00039.png,IF014,169_0.mat,test,39,79872
169_0_00040.png,IF014,169_0.mat,test,40,81920
169_0_00041.png,IF014,169_0.mat,test,41,83968
169_0_00042.png,IF014,169_0.mat,test,42,86016
169_0_00043.png,IF014,169_0.mat,test,43,88064
169_0_00044.png,IF014,169_0.mat,test,44,90112
169_0_00045.png,IF014,169_0.mat,test,45,92160
169_0_00046.png,IF014,169_0.mat,test,46,94208
169_0_00047.png,IF014,169_0.mat,test,47,96256
169_0_00048.png,IF014,169_0.mat,test,48,98304
169_0_00049.png,IF014,169_0.mat,test,49,100352
169_0_00050.png,IF014,169_0.mat,test,50,102400
169_0_00051.png,IF014,169_0.mat,test,51,104448
169_0_00052.png,IF014,169_0.mat,test,52,106496
169_0_00053.png,IF014,169_0.mat,test,53,108544
169_0_00054.png,IF014,169_0.mat,test,54,110592
169_0_00055.png,IF014,169_0.mat,test,55,112640
169_0_00056.png,IF014,169_0.mat,test,56,114688
169_0_00057.png,IF014,169_0.mat,test,57,116736
209_0_00000.png,IF021,209_0.mat,test,0,0
209_0_00001.png,IF021,209_0.mat,test,1,2048
209_0_00002.png,IF021,209_0.mat,test,2,4096
209_0_00003.png,IF021,209_0.mat,test,3,6144
209_0_00004.png,IF021,209_0.mat,test,4,8192
209_0_00005.png,IF021,209_0.mat,test,5,10240
209_0_00006.png,IF021,209_0.mat,test,6,12288
209_0_00007.png,IF021,209_0.mat,test,7,14336
209_0_00008.png,IF021,209_0.mat,test,8,16384
209_0_00009.png,IF021,209_0.mat,test,9,18432
209_0_00010.png,IF021,209_0.mat,test,10,20480
209_0_00011.png,IF021,209_0.mat,test,11,22528
209_0_00012.png,IF021,209_0.mat,test,12,24576
209_0_00013.png,IF021,209_0.mat,test,13,26624
209_0_00014.png,IF021,209_0.mat,test,14,28672
209_0_00015.png,IF021,209_0.mat,test,15,30720
209_0_00016.png,IF021,209_0.mat,test,16,32768
209_0_00017.png,IF021,209_0.mat,test,17,34816
209_0_00018.png,IF021,209_0.mat,test,18,36864
209_0_00019.png,IF021,209_0.mat,test,19,38912
209_0_00020.png,IF021,209_0.mat,test,20,40960
209_0_00021.png,IF021,209_0.mat,test,21,43008
209_0_00022.png,IF021,209_0.mat,test,22,45056
209_0_00023.png,IF021,209_0.mat,test,23,47104
209_0_00024.png,IF021,209_0.mat,test,24,49152
209_0_00025.png,IF021,209_0.mat,test,25,51200
209_0_00026.png,IF021,209_0.mat,test,26,53248
209_0_00027.png,IF021,209_0.mat,test,27,55296
209_0_00028.png,IF021,209_0.mat,test,28,57344
209_0_00029.png,IF021,209_0.mat,test,29,59392
209_0_00030.png,IF021,209_0.mat,test,30,61440
209_0_00031.png,IF021,209_0.mat,test,31,63488
209_0_00032.png,IF021,209_0.mat,test,32,65536
209_0_00033.png,IF021,209_0.mat,test,33,67584
209_0_00034.png,IF021,209_0.mat,test,34,69632
209_0_00035.png,IF021,209_0.mat,test,35,71680
209_0_00036.png,IF021,209_0.mat,test,36,73728
209_0_00037.png,IF021,209_0.mat,test,37,75776
209_0_00038.png,IF021,209_0.mat,test,38,77824
209_0_00039.png,IF021,209_0.mat,test,39,79872
209_0_00040.png,IF021,209_0.mat,test,40,81920
209_0_00041.png,IF021,209_0.mat,test,41,83968
209_0_00042.png,IF021,209_0.mat,test,42,86016
209_0_00043.png,IF021,209_0.mat,test,43,88064
209_0_00044.png,IF021,209_0.mat,test,44,90112
209_0_00045.png,IF021,209_0.mat,test,45,92160
209_0_00046.png,IF021,209_0.mat,test,46,94208
209_0_00047.png,IF021,209_0.mat,test,47,96256
209_0_00048.png,IF021,209_0.mat,test,48,98304
209_0_00049.png,IF021,209_0.mat,test,49,100352
209_0_00050.png,IF021,209_0.mat,test,50,102400
209_0_00051.png,IF021,209_0.mat,test,51,104448
209_0_00052.png,IF021,209_0.mat,test,52,106496
209_0_00053.png,IF021,209_0.mat,test,53,108544
209_0_00054.png,IF021,209_0.mat,test,54,110592
209_0_00055.png,IF021,209_0.mat,test,55,112640
209_0_00056.png,IF021,209_0.mat,test,56,114688
209_0_00057.png,IF021,209_0.mat,test,57,116736
99_Normal_2_00000.png,Normal,99_Normal_2.mat,test,0,0
99_Normal_2_00001.png,Normal,99_Normal_2.mat,test,1,2048
99_Normal_2_00002.png,Normal,99_Normal_2.mat,test,2,4096
99_Normal_2_00003.png,Normal,99_Normal_2.mat,test,3,6144
99_Normal_2_00004.png,Normal,99_Normal_2.mat,test,4,8192
99_Normal_2_00005.png,Normal,99_Normal_2.mat,test,5,10240
99_Normal_2_00006.png,Normal,99_Normal_2.mat,test,6,12288
99_Normal_2_00007.png,Normal,99_Normal_2.mat,test,7,14336
99_Normal_2_00008.png,Normal,99_Normal_2.mat,test,8,16384
99_Normal_2_00009.png,Normal,99_Normal_2.mat,test,9,18432
99_Normal_2_00010.png,Normal,99_Normal_2.mat,test,10,20480
99_Normal_2_00011.png,Normal,99_Normal_2.mat,test,11,22528
99_Normal_2_00012.png,Normal,99_Normal_2.mat,test,12,24576
99_Normal_2_00013.png,Normal,99_Normal_2.mat,test,13,26624
99_Normal_2_00014.png,Normal,99_Normal_2.mat,test,14,28672
99_Normal_2_00015.png,Normal,99_Normal_2.mat,test,15,30720
99_Normal_2_00016.png,Normal,99_Normal_2.mat,test,16,32768
99_Normal_2_00017.png,Normal,99_Normal_2.mat,test,17,34816
99_Normal_2_00018.png,Normal,99_Normal_2.mat,test,18,36864
99_Normal_2_00019.png,Normal,99_Normal_2.mat,test,19,38912
99_Normal_2_00020.png,Normal,99_Normal_2.mat,test,20,40960
99_Normal_2_00021.png,Normal,99_Normal_2.mat,test,21,43008
99_Normal_2_00022.png,Normal,99_Normal_2.mat,test,22,45056
99_Normal_2_00023.png,Normal,99_Normal_2.mat,test,23,47104
99_Normal_2_00024.png,Normal,99_Normal_2.mat,test,24,49152
99_Normal_2_00025.png,Normal,99_Normal_2.mat,test,25,51200
99_Normal_2_00026.png,Normal,99_Normal_2.mat,test,26,53248
99_Normal_2_00027.png,Normal,99_Normal_2.mat,test,27,55296
99_Normal_2_00028.png,Normal,99_Normal_2.mat,test,28,57344
99_Normal_2_00029.png,Normal,99_Normal_2.mat,test,29,59392
99_Normal_2_00030.png,Normal,99_Normal_2.mat,test,30,61440
99_Normal_2_00031.png,Normal,99_Normal_2.mat,test,31,63488
99_Normal_2_00032.png,Normal,99_Normal_2.mat,test,32,65536
99_Normal_2_00033.png,Normal,99_Normal_2.mat,test,33,67584
99_Normal_2_00034.png,Normal,99_Normal_2.mat,test,34,69632
99_Normal_2_00035.png,Normal,99_Normal_2.mat,test,35,71680
99_Normal_2_00036.png,Normal,99_Normal_2.mat,test,36,73728
99_Normal_2_00037.png,Normal,99_Normal_2.mat,test,37,75776
99_Normal_2_00038.png,Normal,99_Normal_2.mat,test,38,77824
99_Normal_2_00039.png,Normal,99_Normal_2.mat,test,39,79872
99_Normal_2_00040.png,Normal,99_Normal_2.mat,test,40,81920
99_Normal_2_00041.png,Normal,99_Normal_2.mat,test,41,83968
99_Normal_2_00042.png,Normal,99_Normal_2.mat,test,42,86016
99_Normal_2_00043.png,Normal,99_Normal_2.mat,test,43,88064
99_Normal_2_00044.png,Normal,99_Normal_2.mat,test,44,90112
99_Normal_2_00045.png,Normal,99_Normal_2.mat,test,45,92160
99_Normal_2_00046.png,Normal,99_Normal_2.mat,test,46,94208
99_Normal_2_00047.png,Normal,99_Normal_2.mat,test,47,96256
99_Normal_2_00048.png,Normal,99_Normal_2.mat,test,48,98304
99_Normal_2_00049.png,Normal,99_Normal_2.mat,test,49,100352
99_Normal_2_00050.png,Normal,99_Normal_2.mat,test,50,102400
99_Normal_2_00051.png,Normal,99_Normal_2.mat,test,51,104448
99_Normal_2_00052.png,Normal,99_Normal_2.mat,test,52,106496
99_Normal_2_00053.png,Normal,99_Normal_2.mat,test,53,108544
99_Normal_2_00054.png,Normal,99_Normal_2.mat,test,54,110592
99_Normal_2_00055.png,Normal,99_Normal_2.mat,test,55,112640
99_Normal_2_00056.png,Normal,99_Normal_2.mat,test,56,114688
99_Normal_2_00057.png,Normal,99_Normal_2.mat,test,57,116736
99_Normal_2_00058.png,Normal,99_Normal_2.mat,test,58,118784
99_Normal_2_00059.png,Normal,99_Normal_2.mat,test,59,120832
99_Normal_2_00060.png,Normal,99_Normal_2.mat,test,60,122880
99_Normal_2_00061.png,Normal,99_Normal_2.mat,test,61,124928
99_Normal_2_00062.png,Normal,99_Normal_2.mat,test,62,126976
99_Normal_2_00063.png,Normal,99_Normal_2.mat,test,63,129024
99_Normal_2_00064.png,Normal,99_Normal_2.mat,test,64,131072
99_Normal_2_00065.png,Normal,99_Normal_2.mat,test,65,133120
99_Normal_2_00066.png,Normal,99_Normal_2.mat,test,66,135168
99_Normal_2_00067.png,Normal,99_Normal_2.mat,test,67,137216
99_Normal_2_00068.png,Normal,99_Normal_2.mat,test,68,139264
99_Normal_2_00069.png,Normal,99_Normal_2.mat,test,69,141312
99_Normal_2_00070.png,Normal,99_Normal_2.mat,test,70,143360
99_Normal_2_00071.png,Normal,99_Normal_2.mat,test,71,145408
99_Normal_2_00072.png,Normal,99_Normal_2.mat,test,72,147456
99_Normal_2_00073.png,Normal,99_Normal_2.mat,test,73,149504
99_Normal_2_00074.png,Normal,99_Normal_2.mat,test,74,151552
99_Normal_2_00075.png,Normal,99_Normal_2.mat,test,75,153600
99_Normal_2_00076.png,Normal,99_Normal_2.mat,test,76,155648
99_Normal_2_00077.png,Normal,99_Normal_2.mat,test,77,157696
99_Normal_2_00078.png,Normal,99_Normal_2.mat,test,78,159744
99_Normal_2_00079.png,Normal,99_Normal_2.mat,test,79,161792
99_Normal_2_00080.png,Normal,99_Normal_2.mat,test,80,163840
99_Normal_2_00081.png,Normal,99_Normal_2.mat,test,81,165888
99_Normal_2_00082.png,Normal,99_Normal_2.mat,test,82,167936
99_Normal_2_00083.png,Normal,99_Normal_2.mat,test,83,169984
99_Normal_2_00084.png,Normal,99_Normal_2.mat,test,84,172032
99_Normal_2_00085.png,Normal,99_Normal_2.mat,test,85,174080
99_Normal_2_00086.png,Normal,99_Normal_2.mat,test,86,176128
99_Normal_2_00087.png,Normal,99_Normal_2.mat,test,87,178176
99_Normal_2_00088.png,Normal,99_Normal_2.mat,test,88,180224
99_Normal_2_00089.png,Normal,99_Normal_2.mat,test,89,182272
99_Normal_2_00090.png,Normal,99_Normal_2.mat,test,90,184320
99_Normal_2_00091.png,Normal,99_Normal_2.mat,test,91,186368
99_Normal_2_00092.png,Normal,99_Normal_2.mat,test,92,188416
99_Normal_2_00093.png,Normal,99_Normal_2.mat,test,93,190464
99_Normal_2_00094.png,Normal,99_Normal_2.mat,test,94,192512
99_Normal_2_00095.png,Normal,99_Normal_2.mat,test,95,194560
99_Normal_2_00096.png,Normal,99_Normal_2.mat,test,96,196608
99_Normal_2_00097.png,Normal,99_Normal_2.mat,test,97,198656
99_Normal_2_00098.png,Normal,99_Normal_2.mat,test,98,200704
99_Normal_2_00099.png,Normal,99_Normal_2.mat,test,99,202752
99_Normal_2_00100.png,Normal,99_Normal_2.mat,test,100,204800
99_Normal_2_00101.png,Normal,99_Normal_2.mat,test,101,206848
99_Normal_2_00102.png,Normal,99_Normal_2.mat,test,102,208896
99_Normal_2_00103.png,Normal,99_Normal_2.mat,test,103,210944
99_Normal_2_00104.png,Normal,99_Normal_2.mat,test,104,212992
99_Normal_2_00105.png,Normal,99_Normal_2.mat,test,105,215040
99_Normal_2_00106.png,Normal,99_Normal_2.mat,test,106,217088
99_Normal_2_00107.png,Normal,99_Normal_2.mat,test,107,219136
99_Normal_2_00108.png,Normal,99_Normal_2.mat,test,108,221184
99_Normal_2_00109.png,Normal,99_Normal_2.mat,test,109,223232
99_Normal_2_00110.png,Normal,99_Normal_2.mat,test,110,225280
99_Normal_2_00111.png,Normal,99_Normal_2.mat,test,111,227328
99_Normal_2_00112.png,Normal,99_Normal_2.mat,test,112,229376
99_Normal_2_00113.png,Normal,99_Normal_2.mat,test,113,231424
99_Normal_2_00114.png,Normal,99_Normal_2.mat,test,114,233472
99_Normal_2_00115.png,Normal,99_Normal_2.mat,test,115,235520
99_Normal_2_00116.png,Normal,99_Normal_2.mat,test,116,237568
99_Normal_2_00117.png,Normal,99_Normal_2.mat,test,117,239616
99_Normal_2_00118.png,Normal,99_Normal_2.mat,test,118,241664
99_Normal_2_00119.png,Normal,99_Normal_2.mat,test,119,243712
99_Normal_2_00120.png,Normal,99_Normal_2.mat,test,120,245760
99_Normal_2_00121.png,Normal,99_Normal_2.mat,test,121,247808
99_Normal_2_00122.png,Normal,99_Normal_2.mat,test,122,249856
99_Normal_2_00123.png,Normal,99_Normal_2.mat,test,123,251904
99_Normal_2_00124.png,Normal,99_Normal_2.mat,test,124,253952
99_Normal_2_00125.png,Normal,99_Normal_2.mat,test,125,256000
99_Normal_2_00126.png,Normal,99_Normal_2.mat,test,126,258048
99_Normal_2_00127.png,Normal,99_Normal_2.mat,test,127,260096
99_Normal_2_00128.png,Normal,99_Normal_2.mat,test,128,262144
99_Normal_2_00129.png,Normal,99_Normal_2.mat,test,129,264192
99_Normal_2_00130.png,Normal,99_Normal_2.mat,test,130,266240
99_Normal_2_00131.png,Normal,99_Normal_2.mat,test,131,268288
99_Normal_2_00132.png,Normal,99_Normal_2.mat,test,132,270336
99_Normal_2_00133.png,Normal,99_Normal_2.mat,test,133,272384
99_Normal_2_00134.png,Normal,99_Normal_2.mat,test,134,274432
99_Normal_2_00135.png,Normal,99_Normal_2.mat,test,135,276480
99_Normal_2_00136.png,Normal,99_Normal_2.mat,test,136,278528
99_Normal_2_00137.png,Normal,99_Normal_2.mat,test,137,280576
99_Normal_2_00138.png,Normal,99_Normal_2.mat,test,138,282624
99_Normal_2_00139.png,Normal,99_Normal_2.mat,test,139,284672
99_Normal_2_00140.png,Normal,99_Normal_2.mat,test,140,286720
99_Normal_2_00141.png,Normal,99_Normal_2.mat,test,141,288768
99_Normal_2_00142.png,Normal,99_Normal_2.mat,test,142,290816
99_Normal_2_00143.png,Normal,99_Normal_2.mat,test,143,292864
99_Normal_2_00144.png,Normal,99_Normal_2.mat,test,144,294912
99_Normal_2_00145.png,Normal,99_Normal_2.mat,test,145,296960
99_Normal_2_00146.png,Normal,99_Normal_2.mat,test,146,299008
99_Normal_2_00147.png,Normal,99_Normal_2.mat,test,147,301056
99_Normal_2_00148.png,Normal,99_Normal_2.mat,test,148,303104
99_Normal_2_00149.png,Normal,99_Normal_2.mat,test,149,305152
99_Normal_2_00150.png,Normal,99_Normal_2.mat,test,150,307200
99_Normal_2_00151.png,Normal,99_Normal_2.mat,test,151,309248
99_Normal_2_00152.png,Normal,99_Normal_2.mat,test,152,311296
99_Normal_2_00153.png,Normal,99_Normal_2.mat,test,153,313344
99_Normal_2_00154.png,Normal,99_Normal_2.mat,test,154,315392
99_Normal_2_00155.png,Normal,99_Normal_2.mat,test,155,317440
99_Normal_2_00156.png,Normal,99_Normal_2.mat,test,156,319488
99_Normal_2_00157.png,Normal,99_Normal_2.mat,test,157,321536
99_Normal_2_00158.png,Normal,99_Normal_2.mat,test,158,323584
99_Normal_2_00159.png,Normal,99_Normal_2.mat,test,159,325632
99_Normal_2_00160.png,Normal,99_Normal_2.mat,test,160,327680
99_Normal_2_00161.png,Normal,99_Normal_2.mat,test,161,329728
99_Normal_2_00162.png,Normal,99_Normal_2.mat,test,162,331776
99_Normal_2_00163.png,Normal,99_Normal_2.mat,test,163,333824
99_Normal_2_00164.png,Normal,99_Normal_2.mat,test,164,335872
99_Normal_2_00165.png,Normal,99_Normal_2.mat,test,165,337920
99_Normal_2_00166.png,Normal,99_Normal_2.mat,test,166,339968
99_Normal_2_00167.png,Normal,99_Normal_2.mat,test,167,342016
99_Normal_2_00168.png,Normal,99_Normal_2.mat,test,168,344064
99_Normal_2_00169.png,Normal,99_Normal_2.mat,test,169,346112
99_Normal_2_00170.png,Normal,99_Normal_2.mat,test,170,348160
99_Normal_2_00171.png,Normal,99_Normal_2.mat,test,171,350208
99_Normal_2_00172.png,Normal,99_Normal_2.mat,test,172,352256
99_Normal_2_00173.png,Normal,99_Normal_2.mat,test,173,354304
99_Normal_2_00174.png,Normal,99_Normal_2.mat,test,174,356352
99_Normal_2_00175.png,Normal,99_Normal_2.mat,test,175,358400
99_Normal_2_00176.png,Normal,99_Normal_2.mat,test,176,360448
99_Normal_2_00177.png,Normal,99_Normal_2.mat,test,177,362496
99_Normal_2_00178.png,Normal,99_Normal_2.mat,test,178,364544
99_Normal_2_00179.png,Normal,99_Normal_2.mat,test,179,366592
99_Normal_2_00180.png,Normal,99_Normal_2.mat,test,180,368640
99_Normal_2_00181.png,Normal,99_Normal_2.mat,test,181,370688
99_Normal_2_00182.png,Normal,99_Normal_2.mat,test,182,372736
99_Normal_2_00183.png,Normal,99_Normal_2.mat,test,183,374784
99_Normal_2_00184.png,Normal,99_Normal_2.mat,test,184,376832
99_Normal_2_00185.png,Normal,99_Normal_2.mat,test,185,378880
99_Normal_2_00186.png,Normal,99_Normal_2.mat,test,186,380928
99_Normal_2_00187.png,Normal,99_Normal_2.mat,test,187,382976
99_Normal_2_00188.png,Normal,99_Normal_2.mat,test,188,385024
99_Normal_2_00189.png,Normal,99_Normal_2.mat,test,189,387072
99_Normal_2_00190.png,Normal,99_Normal_2.mat,test,190,389120
99_Normal_2_00191.png,Normal,99_Normal_2.mat,test,191,391168
99_Normal_2_00192.png,Normal,99_Normal_2.mat,test,192,393216
99_Normal_2_00193.png,Normal,99_Normal_2.mat,test,193,395264
99_Normal_2_00194.png,Normal,99_Normal_2.mat,test,194,397312
99_Normal_2_00195.png,Normal,99_Normal_2.mat,test,195,399360
99_Normal_2_00196.png,Normal,99_Normal_2.mat,test,196,401408
99_Normal_2_00197.png,Normal,99_Normal_2.mat,test,197,403456
99_Normal_2_00198.png,Normal,99_Normal_2.mat,test,198,405504
99_Normal_2_00199.png,Normal,99_Normal_2.mat,test,199,407552
99_Normal_2_00200.png,Normal,99_Normal_2.mat,test,200,409600
99_Normal_2_00201.png,Normal,99_Normal_2.mat,test,201,411648
99_Normal_2_00202.png,Normal,99_Normal_2.mat,test,202,413696
99_Normal_2_00203.png,Normal,99_Normal_2.mat,test,203,415744
99_Normal_2_00204.png,Normal,99_Normal_2.mat,test,204,417792
99_Normal_2_00205.png,Normal,99_Normal_2.mat,test,205,419840
99_Normal_2_00206.png,Normal,99_Normal_2.mat,test,206,421888
99_Normal_2_00207.png,Normal,99_Normal_2.mat,test,207,423936
99_Normal_2_00208.png,Normal,99_Normal_2.mat,test,208,425984
99_Normal_2_00209.png,Normal,99_Normal_2.mat,test,209,428032
99_Normal_2_00210.png,Normal,99_Normal_2.mat,test,210,430080
99_Normal_2_00211.png,Normal,99_Normal_2.mat,test,211,432128
99_Normal_2_00212.png,Normal,99_Normal_2.mat,test,212,434176
99_Normal_2_00213.png,Normal,99_Normal_2.mat,test,213,436224
99_Normal_2_00214.png,Normal,99_Normal_2.mat,test,214,438272
99_Normal_2_00215.png,Normal,99_Normal_2.mat,test,215,440320
99_Normal_2_00216.png,Normal,99_Normal_2.mat,test,216,442368
99_Normal_2_00217.png,Normal,99_Normal_2.mat,test,217,444416
99_Normal_2_00218.png,Normal,99_Normal_2.mat,test,218,446464
99_Normal_2_00219.png,Normal,99_Normal_2.mat,test,219,448512
99_Normal_2_00220.png,Normal,99_Normal_2.mat,test,220,450560
99_Normal_2_00221.png,Normal,99_Normal_2.mat,test,221,452608
99_Normal_2_00222.png,Normal,99_Normal_2.mat,test,222,454656
99_Normal_2_00223.png,Normal,99_Normal_2.mat,test,223,456704
99_Normal_2_00224.png,Normal,99_Normal_2.mat,test,224,458752
99_Normal_2_00225.png,Normal,99_Normal_2.mat,test,225,460800
99_Normal_2_00226.png,Normal,99_Normal_2.mat,test,226,462848
99_Normal_2_00227.png,Normal,99_Normal_2.mat,test,227,464896
99_Normal_2_00228.png,Normal,99_Normal_2.mat,test,228,466944
99_Normal_2_00229.png,Normal,99_Normal_2.mat,test,229,468992
99_Normal_2_00230.png,Normal,99_Normal_2.mat,test,230,471040
99_Normal_2_00231.png,Normal,99_Normal_2.mat,test,231,473088
99_Normal_2_00232.png,Normal,99_Normal_2.mat,test,232,475136
99_Normal_2_00233.png,Normal,99_Normal_2.mat,test,233,477184
99_Normal_2_00234.png,Normal,99_Normal_2.mat,test,234,479232
132@6_2_00000.png,OF007,132@6_2.mat,test,0,0
132@6_2_00001.png,OF007,132@6_2.mat,test,1,2048
132@6_2_00002.png,OF007,132@6_2.mat,test,2,4096
132@6_2_00003.png,OF007,132@6_2.mat,test,3,6144
132@6_2_00004.png,OF007,132@6_2.mat,test,4,8192
132@6_2_00005.png,OF007,132@6_2.mat,test,5,10240
132@6_2_00006.png,OF007,132@6_2.mat,test,6,12288
132@6_2_00007.png,OF007,132@6_2.mat,test,7,14336
132@6_2_00008.png,OF007,132@6_2.mat,test,8,16384
132@6_2_00009.png,OF007,132@6_2.mat,test,9,18432
132@6_2_00010.png,OF007,132@6_2.mat,test,10,20480
132@6_2_00011.png,OF007,132@6_2.mat,test,11,22528
132@6_2_00012.png,OF007,132@6_2.mat,test,12,24576
132@6_2_00013.png,OF007,132@6_2.mat,test,13,26624
132@6_2_00014.png,OF007,132@6_2.mat,test,14,28672
132@6_2_00015.png,OF007,132@6_2.mat,test,15,30720
132@6_2_00016.png,OF007,132@6_2.mat,test,16,32768
132@6_2_00017.png,OF007,132@6_2.mat,test,17,34816
132@6_2_00018.png,OF007,132@6_2.mat,test,18,36864
132@6_2_00019.png,OF007,132@6_2.mat,test,19,38912
132@6_2_00020.png,OF007,132@6_2.mat,test,20,40960
132@6_2_00021.png,OF007,132@6_2.mat,test,21,43008
132@6_2_00022.png,OF007,132@6_2.mat,test,22,45056
132@6_2_00023.png,OF007,132@6_2.mat,test,23,47104
132@6_2_00024.png,OF007,132@6_2.mat,test,24,49152
132@6_2_00025.png,OF007,132@6_2.mat,test,25,51200
132@6_2_00026.png,OF007,132@6_2.mat,test,26,53248
132@6_2_00027.png,OF007,132@6_2.mat,test,27,55296
132@6_2_00028.png,OF007,132@6_2.mat,test,28,57344
132@6_2_00029.png,OF007,132@6_2.mat,test,29,59392
132@6_2_00030.png,OF007,132@6_2.mat,test,30,61440
132@6_2_00031.png,OF007,132@6_2.mat,test,31,63488
132@6_2_00032.png,OF007,132@6_2.mat,test,32,65536
132@6_2_00033.png,OF007,132@6_2.mat,test,33,67584
132@6_2_00034.png,OF007,132@6_2.mat,test,34,69632
132@6_2_00035.png,OF007,132@6_2.mat,test,35,71680
132@6_2_00036.png,OF007,132@6_2.mat,test,36,73728
132@6_2_00037.png,OF007,132@6_2.mat,test,37,75776
132@6_2_00038.png,OF007,132@6_2.mat,test,38,77824
132@6_2_00039.png,OF007,132@6_2.mat,test,39,79872
132@6_2_00040.png,OF007,132@6_2.mat,test,40,81920
132@6_2_00041.png,OF007,132@6_2.mat,test,41,83968
132@6_2_00042.png,OF007,132@6_2.mat,test,42,86016
132@6_2_00043.png,OF007,132@6_2.mat,test,43,88064
132@6_2_00044.png,OF007,132@6_2.mat,test,44,90112
132@6_2_00045.png,OF007,132@6_2.mat,test,45,92160
132@6_2_00046.png,OF007,132@6_2.mat,test,46,94208
132@6_2_00047.png,OF007,132@6_2.mat,test,47,96256
132@6_2_00048.png,OF007,132@6_2.mat,test,48,98304
132@6_2_00049.png,OF007,132@6_2.mat,test,49,100352
132@6_2_00050.png,OF007,132@6_2.mat,test,50,102400
132@6_2_00051.png,OF007,132@6_2.mat,test,51,104448
132@6_2_00052.png,OF007,132@6_2.mat,test,52,106496
132@6_2_00053.png,OF007,132@6_2.mat,test,53,108544
132@6_2_00054.png,OF007,132@6_2.mat,test,54,110592
132@6_2_00055.png,OF007,132@6_2.mat,test,55,112640
132@6_2_00056.png,OF007,132@6_2.mat,test,56,114688
132@6_2_00057.png,OF007,132@6_2.mat,test,57,116736
200@6_3_00000.png,OF014,200@6_3.mat,test,0,0
200@6_3_00001.png,OF014,200@6_3.mat,test,1,2048
200@6_3_00002.png,OF014,200@6_3.mat,test,2,4096
200@6_3_00003.png,OF014,200@6_3.mat,test,3,6144
200@6_3_00004.png,OF014,200@6_3.mat,test,4,8192
200@6_3_00005.png,OF014,200@6_3.mat,test,5,10240
200@6_3_00006.png,OF014,200@6_3.mat,test,6,12288
200@6_3_00007.png,OF014,200@6_3.mat,test,7,14336
200@6_3_00008.png,OF014,200@6_3.mat,test,8,16384
200@6_3_00009.png,OF014,200@6_3.mat,test,9,18432
200@6_3_00010.png,OF014,200@6_3.mat,test,10,20480
200@6_3_00011.png,OF014,200@6_3.mat,test,11,22528
200@6_3_00012.png,OF014,200@6_3.mat,test,12,24576
200@6_3_00013.png,OF014,200@6_3.mat,test,13,26624
200@6_3_00014.png,OF014,200@6_3.mat,test,14,28672
200@6_3_00015.png,OF014,200@6_3.mat,test,15,30720
200@6_3_00016.png,OF014,200@6_3.mat,test,16,32768
200@6_3_00017.png,OF014,200@6_3.mat,test,17,34816
200@6_3_00018.png,OF014,200@6_3.mat,test,18,36864
200@6_3_00019.png,OF014,200@6_3.mat,test,19,38912
200@6_3_00020.png,OF014,200@6_3.mat,test,20,40960
200@6_3_00021.png,OF014,200@6_3.mat,test,21,43008
200@6_3_00022.png,OF014,200@6_3.mat,test,22,45056
200@6_3_00023.png,OF014,200@6_3.mat,test,23,47104
200@6_3_00024.png,OF014,200@6_3.mat,test,24,49152
200@6_3_00025.png,OF014,200@6_3.mat,test,25,51200
200@6_3_00026.png,OF014,200@6_3.mat,test,26,53248
200@6_3_00027.png,OF014,200@6_3.mat,test,27,55296
200@6_3_00028.png,OF014,200@6_3.mat,test,28,57344
200@6_3_00029.png,OF014,200@6_3.mat,test,29,59392
200@6_3_00030.png,OF014,200@6_3.mat,test,30,61440
200@6_3_00031.png,OF014,200@6_3.mat,test,31,63488
200@6_3_00032.png,OF014,200@6_3.mat,test,32,65536
200@6_3_00033.png,OF014,200@6_3.mat,test,33,67584
200@6_3_00034.png,OF014,200@6_3.mat,test,34,69632
200@6_3_00035.png,OF014,200@6_3.mat,test,35,71680
200@6_3_00036.png,OF014,200@6_3.mat,test,36,73728
200@6_3_00037.png,OF014,200@6_3.mat,test,37,75776
200@6_3_00038.png,OF014,200@6_3.mat,test,38,77824
200@6_3_00039.png,OF014,200@6_3.mat,test,39,79872
200@6_3_00040.png,OF014,200@6_3.mat,test,40,81920
200@6_3_00041.png,OF014,200@6_3.mat,test,41,83968
200@6_3_00042.png,OF014,200@6_3.mat,test,42,86016
200@6_3_00043.png,OF014,200@6_3.mat,test,43,88064
200@6_3_00044.png,OF014,200@6_3.mat,test,44,90112
200@6_3_00045.png,OF014,200@6_3.mat,test,45,92160
200@6_3_00046.png,OF014,200@6_3.mat,test,46,94208
200@6_3_00047.png,OF014,200@6_3.mat,test,47,96256
200@6_3_00048.png,OF014,200@6_3.mat,test,48,98304
200@6_3_00049.png,OF014,200@6_3.mat,test,49,100352
200@6_3_00050.png,OF014,200@6_3.mat,test,50,102400
200@6_3_00051.png,OF014,200@6_3.mat,test,51,104448
200@6_3_00052.png,OF014,200@6_3.mat,test,52,106496
200@6_3_00053.png,OF014,200@6_3.mat,test,53,108544
200@6_3_00054.png,OF014,200@6_3.mat,test,54,110592
200@6_3_00055.png,OF014,200@6_3.mat,test,55,112640
200@6_3_00056.png,OF014,200@6_3.mat,test,56,114688
200@6_3_00057.png,OF014,200@6_3.mat,test,57,116736
235_1_00000.png,OF021,235_1.mat,test,0,0
235_1_00001.png,OF021,235_1.mat,test,1,2048
235_1_00002.png,OF021,235_1.mat,test,2,4096
235_1_00003.png,OF021,235_1.mat,test,3,6144
235_1_00004.png,OF021,235_1.mat,test,4,8192
235_1_00005.png,OF021,235_1.mat,test,5,10240
235_1_00006.png,OF021,235_1.mat,test,6,12288
235_1_00007.png,OF021,235_1.mat,test,7,14336
235_1_00008.png,OF021,235_1.mat,test,8,16384
235_1_00009.png,OF021,235_1.mat,test,9,18432
235_1_00010.png,OF021,235_1.mat,test,10,20480
235_1_00011.png,OF021,235_1.mat,test,11,22528
235_1_00012.png,OF021,235_1.mat,test,12,24576
235_1_00013.png,OF021,235_1.mat,test,13,26624
235_1_00014.png,OF021,235_1.mat,test,14,28672
235_1_00015.png,OF021,235_1.mat,test,15,30720
235_1_00016.png,OF021,235_1.mat,test,16,32768
235_1_00017.png,OF021,235_1.mat,test,17,34816
235_1_00018.png,OF021,235_1.mat,test,18,36864
235_1_00019.png,OF021,235_1.mat,test,19,38912
235_1_00020.png,OF021,235_1.mat,test,20,40960
235_1_00021.png,OF021,235_1.mat,test,21,43008
235_1_00022.png,OF021,235_1.mat,test,22,45056
235_1_00023.png,OF021,235_1.mat,test,23,47104
235_1_00024.png,OF021,235_1.mat,test,24,49152
235_1_00025.png,OF021,235_1.mat,test,25,51200
235_1_00026.png,OF021,235_1.mat,test,26,53248
235_1_00027.png,OF021,235_1.mat,test,27,55296
235_1_00028.png,OF021,235_1.mat,test,28,57344
235_1_00029.png,OF021,235_1.mat,test,29,59392
235_1_00030.png,OF021,235_1.mat,test,30,61440
235_1_00031.png,OF021,235_1.mat,test,31,63488
235_1_00032.png,OF021,235_1.mat,test,32,65536
235_1_00033.png,OF021,235_1.mat,test,33,67584
235_1_00034.png,OF021,235_1.mat,test,34,69632
235_1_00035.png,OF021,235_1.mat,test,35,71680
235_1_00036.png,OF021,235_1.mat,test,36,73728
235_1_00037.png,OF021,235_1.mat,test,37,75776
235_1_00038.png,OF021,235_1.mat,test,38,77824
235_1_00039.png,OF021,235_1.mat,test,39,79872
235_1_00040.png,OF021,235_1.mat,test,40,81920
235_1_00041.png,OF021,235_1.mat,test,41,83968
235_1_00042.png,OF021,235_1.mat,test,42,86016
235_1_00043.png,OF021,235_1.mat,test,43,88064
235_1_00044.png,OF021,235_1.mat,test,44,90112
235_1_00045.png,OF021,235_1.mat,test,45,92160
235_1_00046.png,OF021,235_1.mat,test,46,94208
235_1_00047.png,OF021,235_1.mat,test,47,96256
235_1_00048.png,OF021,235_1.mat,test,48,98304
235_1_00049.png,OF021,235_1.mat,test,49,100352
235_1_00050.png,OF021,235_1.mat,test,50,102400
235_1_00051.png,OF021,235_1.mat,test,51,104448
235_1_00052.png,OF021,235_1.mat,test,52,106496
235_1_00053.png,OF021,235_1.mat,test,53,108544
235_1_00054.png,OF021,235_1.mat,test,54,110592
235_1_00055.png,OF021,235_1.mat,test,55,112640
235_1_00056.png,OF021,235_1.mat,test,56,114688
235_1_00057.png,OF021,235_1.mat,test,57,116736
